solid 
 facet normal -1.000000e+00  0.000000e+00  0.000000e+00
   outer loop
     vertex -4.440892e-16  3.000000e+00  1.500000e+00
     vertex -4.440892e-16  3.100000e+01  0.000000e+00
     vertex -4.440892e-16  3.000000e+00  0.000000e+00
   endloop
 endfacet
 facet normal -1.000000e+00  0.000000e+00  0.000000e+00
   outer loop
     vertex -4.440892e-16  3.000000e+00  1.500000e+00
     vertex -4.440892e-16  3.100000e+01  1.500000e+00
     vertex -4.440892e-16  3.100000e+01  0.000000e+00
   endloop
 endfacet
 facet normal  0.000000e+00  0.000000e+00  1.000000e+00
   outer loop
     vertex  9.369016e-01  8.220135e-01  1.500000e+00
     vertex  8.220135e-01  9.369016e-01  1.500000e+00
     vertex  8.786797e-01  8.786797e-01  1.500000e+00
   endloop
 endfacet
 facet normal  0.000000e+00  0.000000e+00  1.000000e+00
   outer loop
     vertex  1.184477e+00  6.117208e-01  1.500000e+00
     vertex  9.369016e-01  8.220135e-01  1.500000e+00
     vertex  9.966367e-01  7.669448e-01  1.500000e+00
   endloop
 endfacet
 facet normal  0.000000e+00  0.000000e+00  1.000000e+00
   outer loop
     vertex  1.184477e+00  6.117208e-01  1.500000e+00
     vertex  9.966367e-01  7.669448e-01  1.500000e+00
     vertex  1.057841e+00  7.135138e-01  1.500000e+00
   endloop
 endfacet
 facet normal  0.000000e+00  0.000000e+00  1.000000e+00
   outer loop
     vertex  1.184477e+00  6.117208e-01  1.500000e+00
     vertex  1.057841e+00  7.135138e-01  1.500000e+00
     vertex  1.120470e+00  6.617599e-01  1.500000e+00
   endloop
 endfacet
 facet normal  0.000000e+00  0.000000e+00  1.000000e+00
   outer loop
     vertex  5.634334e-01  1.249816e+00  1.500000e+00
     vertex  6.117208e-01  1.184477e+00  1.500000e+00
     vertex  6.617599e-01  1.120470e+00  1.500000e+00
   endloop
 endfacet
 facet normal  0.000000e+00  0.000000e+00  1.000000e+00
   outer loop
     vertex  5.634334e-01  1.249816e+00  1.500000e+00
     vertex  6.617599e-01  1.120470e+00  1.500000e+00
     vertex  7.135138e-01  1.057841e+00  1.500000e+00
   endloop
 endfacet
 facet normal  0.000000e+00  0.000000e+00  1.000000e+00
   outer loop
     vertex  5.634334e-01  1.249816e+00  1.500000e+00
     vertex  7.135138e-01  1.057841e+00  1.500000e+00
     vertex  7.669448e-01  9.966367e-01  1.500000e+00
   endloop
 endfacet
 facet normal  0.000000e+00  0.000000e+00  1.000000e+00
   outer loop
     vertex  5.634334e-01  1.249816e+00  1.500000e+00
     vertex  7.669448e-01  9.966367e-01  1.500000e+00
     vertex  8.220135e-01  9.369016e-01  1.500000e+00
   endloop
 endfacet
 facet normal  0.000000e+00  0.000000e+00  1.000000e+00
   outer loop
     vertex  4.722538e-01  1.384296e+00  1.500000e+00
     vertex  5.169330e-01  1.316439e+00  1.500000e+00
     vertex  5.634334e-01  1.249816e+00  1.500000e+00
   endloop
 endfacet
 facet normal  0.000000e+00  0.000000e+00  1.000000e+00
   outer loop
     vertex  1.384296e+00  4.722538e-01  1.500000e+00
     vertex  1.184477e+00  6.117208e-01  1.500000e+00
     vertex  1.249816e+00  5.634334e-01  1.500000e+00
   endloop
 endfacet
 facet normal  0.000000e+00  0.000000e+00  1.000000e+00
   outer loop
     vertex  1.384296e+00  4.722538e-01  1.500000e+00
     vertex  1.249816e+00  5.634334e-01  1.500000e+00
     vertex  1.316439e+00  5.169330e-01  1.500000e+00
   endloop
 endfacet
 facet normal  0.000000e+00  0.000000e+00  1.000000e+00
   outer loop
     vertex  3.123832e-01  1.667065e+00  1.500000e+00
     vertex  3.494639e-01  1.594775e+00  1.500000e+00
     vertex  3.884885e-01  1.523515e+00  1.500000e+00
   endloop
 endfacet
 facet normal  0.000000e+00  0.000000e+00  1.000000e+00
   outer loop
     vertex  3.123832e-01  1.667065e+00  1.500000e+00
     vertex  3.884885e-01  1.523515e+00  1.500000e+00
     vertex  4.294285e-01  1.453338e+00  1.500000e+00
   endloop
 endfacet
 facet normal  0.000000e+00  0.000000e+00  1.000000e+00
   outer loop
     vertex  1.814524e+00  2.441612e-01  1.500000e+00
     vertex  1.667065e+00  3.123832e-01  1.500000e+00
     vertex  1.740333e+00  2.772737e-01  1.500000e+00
   endloop
 endfacet
 facet normal  0.000000e+00  0.000000e+00  1.000000e+00
   outer loop
     vertex  1.889586e+00  2.130698e-01  1.500000e+00
     vertex  1.384296e+00  4.722538e-01  1.500000e+00
     vertex  1.453338e+00  4.294285e-01  1.500000e+00
   endloop
 endfacet
 facet normal  0.000000e+00  0.000000e+00  1.000000e+00
   outer loop
     vertex  1.889586e+00  2.130698e-01  1.500000e+00
     vertex  1.453338e+00  4.294285e-01  1.500000e+00
     vertex  1.523515e+00  3.884885e-01  1.500000e+00
   endloop
 endfacet
 facet normal  0.000000e+00  0.000000e+00  1.000000e+00
   outer loop
     vertex  1.889586e+00  2.130698e-01  1.500000e+00
     vertex  1.523515e+00  3.884885e-01  1.500000e+00
     vertex  1.594775e+00  3.494639e-01  1.500000e+00
   endloop
 endfacet
 facet normal  0.000000e+00  0.000000e+00  1.000000e+00
   outer loop
     vertex  1.889586e+00  2.130698e-01  1.500000e+00
     vertex  1.594775e+00  3.494639e-01  1.500000e+00
     vertex  1.667065e+00  3.123832e-01  1.500000e+00
   endloop
 endfacet
 facet normal  0.000000e+00  0.000000e+00  1.000000e+00
   outer loop
     vertex  1.889586e+00  2.130698e-01  1.500000e+00
     vertex  1.667065e+00  3.123832e-01  1.500000e+00
     vertex  1.814524e+00  2.441612e-01  1.500000e+00
   endloop
 endfacet
 facet normal  0.000000e+00  0.000000e+00  1.000000e+00
   outer loop
     vertex  1.840225e-01  1.965461e+00  1.500000e+00
     vertex  2.130698e-01  1.889586e+00  1.500000e+00
     vertex  2.441612e-01  1.814524e+00  1.500000e+00
   endloop
 endfacet
 facet normal  0.000000e+00  0.000000e+00  1.000000e+00
   outer loop
     vertex  1.570405e-01  2.042095e+00  1.500000e+00
     vertex  1.840225e-01  1.965461e+00  1.500000e+00
     vertex  2.441612e-01  1.814524e+00  1.500000e+00
   endloop
 endfacet
 facet normal  0.000000e+00  0.000000e+00  1.000000e+00
   outer loop
     vertex  8.867656e-02  2.275986e+00  1.500000e+00
     vertex  8.220135e-01  9.369016e-01  1.500000e+00
     vertex  9.369016e-01  8.220135e-01  1.500000e+00
   endloop
 endfacet
 facet normal  0.000000e+00  0.000000e+00  1.000000e+00
   outer loop
     vertex  8.867656e-02  2.275986e+00  1.500000e+00
     vertex  1.093500e-01  2.197415e+00  1.500000e+00
     vertex  1.321436e-01  2.119432e+00  1.500000e+00
   endloop
 endfacet
 facet normal  0.000000e+00  0.000000e+00  1.000000e+00
   outer loop
     vertex  8.867656e-02  2.275986e+00  1.500000e+00
     vertex  1.321436e-01  2.119432e+00  1.500000e+00
     vertex  1.570405e-01  2.042095e+00  1.500000e+00
   endloop
 endfacet
 facet normal  0.000000e+00  0.000000e+00  1.000000e+00
   outer loop
     vertex  8.867656e-02  2.275986e+00  1.500000e+00
     vertex  2.441612e-01  1.814524e+00  1.500000e+00
     vertex  2.772737e-01  1.740333e+00  1.500000e+00
   endloop
 endfacet
 facet normal  0.000000e+00  0.000000e+00  1.000000e+00
   outer loop
     vertex  8.867656e-02  2.275986e+00  1.500000e+00
     vertex  2.772737e-01  1.740333e+00  1.500000e+00
     vertex  3.123832e-01  1.667065e+00  1.500000e+00
   endloop
 endfacet
 facet normal  0.000000e+00  0.000000e+00  1.000000e+00
   outer loop
     vertex  8.867656e-02  2.275986e+00  1.500000e+00
     vertex  5.634334e-01  1.249816e+00  1.500000e+00
     vertex  8.220135e-01  9.369016e-01  1.500000e+00
   endloop
 endfacet
 facet normal  0.000000e+00  0.000000e+00  1.000000e+00
   outer loop
     vertex  8.867656e-02  2.275986e+00  1.500000e+00
     vertex  4.294285e-01  1.453338e+00  1.500000e+00
     vertex  4.722538e-01  1.384296e+00  1.500000e+00
   endloop
 endfacet
 facet normal  0.000000e+00  0.000000e+00  1.000000e+00
   outer loop
     vertex  8.867656e-02  2.275986e+00  1.500000e+00
     vertex  1.570405e-01  2.042095e+00  1.500000e+00
     vertex  2.441612e-01  1.814524e+00  1.500000e+00
   endloop
 endfacet
 facet normal  0.000000e+00  0.000000e+00  1.000000e+00
   outer loop
     vertex  8.867656e-02  2.275986e+00  1.500000e+00
     vertex  4.722538e-01  1.384296e+00  1.500000e+00
     vertex  5.634334e-01  1.249816e+00  1.500000e+00
   endloop
 endfacet
 facet normal  0.000000e+00  0.000000e+00  1.000000e+00
   outer loop
     vertex  8.867656e-02  2.275986e+00  1.500000e+00
     vertex  3.123832e-01  1.667065e+00  1.500000e+00
     vertex  4.294285e-01  1.453338e+00  1.500000e+00
   endloop
 endfacet
 facet normal  0.000000e+00  0.000000e+00  1.000000e+00
   outer loop
     vertex  2.275986e+00  8.867656e-02  1.500000e+00
     vertex  2.119432e+00  1.321436e-01  1.500000e+00
     vertex  2.197415e+00  1.093500e-01  1.500000e+00
   endloop
 endfacet
 facet normal  0.000000e+00  0.000000e+00  1.000000e+00
   outer loop
     vertex  5.374895e-02  2.434664e+00  1.500000e+00
     vertex  7.013833e-02  2.355089e+00  1.500000e+00
     vertex  8.867656e-02  2.275986e+00  1.500000e+00
   endloop
 endfacet
 facet normal  0.000000e+00  0.000000e+00  1.000000e+00
   outer loop
     vertex  3.952043e-02  2.514654e+00  1.500000e+00
     vertex  9.369016e-01  8.220135e-01  1.500000e+00
     vertex  1.184477e+00  6.117208e-01  1.500000e+00
   endloop
 endfacet
 facet normal  0.000000e+00  0.000000e+00  1.000000e+00
   outer loop
     vertex  3.952043e-02  2.514654e+00  1.500000e+00
     vertex  1.184477e+00  6.117208e-01  1.500000e+00
     vertex  1.384296e+00  4.722538e-01  1.500000e+00
   endloop
 endfacet
 facet normal  0.000000e+00  0.000000e+00  1.000000e+00
   outer loop
     vertex  3.952043e-02  2.514654e+00  1.500000e+00
     vertex  8.867656e-02  2.275986e+00  1.500000e+00
     vertex  9.369016e-01  8.220135e-01  1.500000e+00
   endloop
 endfacet
 facet normal  0.000000e+00  0.000000e+00  1.000000e+00
   outer loop
     vertex  3.952043e-02  2.514654e+00  1.500000e+00
     vertex  5.374895e-02  2.434664e+00  1.500000e+00
     vertex  8.867656e-02  2.275986e+00  1.500000e+00
   endloop
 endfacet
 facet normal  0.000000e+00  0.000000e+00  1.000000e+00
   outer loop
     vertex  2.514654e+00  3.952043e-02  1.500000e+00
     vertex  2.355089e+00  7.013833e-02  1.500000e+00
     vertex  2.434664e+00  5.374895e-02  1.500000e+00
   endloop
 endfacet
 facet normal  0.000000e+00  0.000000e+00  1.000000e+00
   outer loop
     vertex  2.595000e+00  2.746321e-02  1.500000e+00
     vertex  2.275986e+00  8.867656e-02  1.500000e+00
     vertex  2.355089e+00  7.013833e-02  1.500000e+00
   endloop
 endfacet
 facet normal  0.000000e+00  0.000000e+00  1.000000e+00
   outer loop
     vertex  2.595000e+00  2.746321e-02  1.500000e+00
     vertex  2.355089e+00  7.013833e-02  1.500000e+00
     vertex  2.514654e+00  3.952043e-02  1.500000e+00
   endloop
 endfacet
 facet normal  0.000000e+00  0.000000e+00  1.000000e+00
   outer loop
     vertex  9.896431e-03  2.756524e+00  1.500000e+00
     vertex  1.758613e-02  2.675643e+00  1.500000e+00
     vertex  2.746321e-02  2.595000e+00  1.500000e+00
   endloop
 endfacet
 facet normal  0.000000e+00  0.000000e+00  1.000000e+00
   outer loop
     vertex  2.918762e+00  1.100141e-03  1.500000e+00
     vertex  2.756524e+00  9.896431e-03  1.500000e+00
     vertex  2.837583e+00  4.399758e-03  1.500000e+00
   endloop
 endfacet
 facet normal  0.000000e+00  0.000000e+00  1.000000e+00
   outer loop
     vertex  3.000000e+00 -4.440892e-16  1.500000e+00
     vertex  2.275986e+00  8.867656e-02  1.500000e+00
     vertex  2.595000e+00  2.746321e-02  1.500000e+00
   endloop
 endfacet
 facet normal  0.000000e+00  0.000000e+00  1.000000e+00
   outer loop
     vertex  3.000000e+00 -4.440892e-16  1.500000e+00
     vertex  2.756524e+00  9.896431e-03  1.500000e+00
     vertex  2.918762e+00  1.100141e-03  1.500000e+00
   endloop
 endfacet
 facet normal  0.000000e+00  0.000000e+00  1.000000e+00
   outer loop
     vertex  3.000000e+00 -4.440892e-16  1.500000e+00
     vertex  1.889586e+00  2.130698e-01  1.500000e+00
     vertex  1.965461e+00  1.840225e-01  1.500000e+00
   endloop
 endfacet
 facet normal  0.000000e+00  0.000000e+00  1.000000e+00
   outer loop
     vertex  3.000000e+00 -4.440892e-16  1.500000e+00
     vertex  1.965461e+00  1.840225e-01  1.500000e+00
     vertex  2.042095e+00  1.570405e-01  1.500000e+00
   endloop
 endfacet
 facet normal  0.000000e+00  0.000000e+00  1.000000e+00
   outer loop
     vertex  3.000000e+00 -4.440892e-16  1.500000e+00
     vertex  2.042095e+00  1.570405e-01  1.500000e+00
     vertex  2.119432e+00  1.321436e-01  1.500000e+00
   endloop
 endfacet
 facet normal  0.000000e+00  0.000000e+00  1.000000e+00
   outer loop
     vertex  3.000000e+00 -4.440892e-16  1.500000e+00
     vertex  2.595000e+00  2.746321e-02  1.500000e+00
     vertex  2.675643e+00  1.758613e-02  1.500000e+00
   endloop
 endfacet
 facet normal  0.000000e+00  0.000000e+00  1.000000e+00
   outer loop
     vertex  3.000000e+00 -4.440892e-16  1.500000e+00
     vertex  2.675643e+00  1.758613e-02  1.500000e+00
     vertex  2.756524e+00  9.896431e-03  1.500000e+00
   endloop
 endfacet
 facet normal  0.000000e+00  0.000000e+00  1.000000e+00
   outer loop
     vertex  3.000000e+00 -4.440892e-16  1.500000e+00
     vertex  1.384296e+00  4.722538e-01  1.500000e+00
     vertex  1.889586e+00  2.130698e-01  1.500000e+00
   endloop
 endfacet
 facet normal  0.000000e+00  0.000000e+00  1.000000e+00
   outer loop
     vertex  3.000000e+00 -4.440892e-16  1.500000e+00
     vertex  2.119432e+00  1.321436e-01  1.500000e+00
     vertex  2.275986e+00  8.867656e-02  1.500000e+00
   endloop
 endfacet
 facet normal  0.000000e+00  0.000000e+00  1.000000e+00
   outer loop
     vertex -4.440892e-16  3.000000e+00  1.500000e+00
     vertex  1.100141e-03  2.918762e+00  1.500000e+00
     vertex  4.399758e-03  2.837583e+00  1.500000e+00
   endloop
 endfacet
 facet normal  0.000000e+00  0.000000e+00  1.000000e+00
   outer loop
     vertex -4.440892e-16  3.000000e+00  1.500000e+00
     vertex  4.399758e-03  2.837583e+00  1.500000e+00
     vertex  9.896431e-03  2.756524e+00  1.500000e+00
   endloop
 endfacet
 facet normal  0.000000e+00  0.000000e+00  1.000000e+00
   outer loop
     vertex -4.440892e-16  3.000000e+00  1.500000e+00
     vertex  9.896431e-03  2.756524e+00  1.500000e+00
     vertex  2.746321e-02  2.595000e+00  1.500000e+00
   endloop
 endfacet
 facet normal  0.000000e+00  0.000000e+00  1.000000e+00
   outer loop
     vertex -4.440892e-16  3.000000e+00  1.500000e+00
     vertex  2.746321e-02  2.595000e+00  1.500000e+00
     vertex  3.952043e-02  2.514654e+00  1.500000e+00
   endloop
 endfacet
 facet normal  0.000000e+00  0.000000e+00  1.000000e+00
   outer loop
     vertex -4.440892e-16  3.000000e+00  1.500000e+00
     vertex  1.384296e+00  4.722538e-01  1.500000e+00
     vertex  3.000000e+00 -4.440892e-16  1.500000e+00
   endloop
 endfacet
 facet normal  0.000000e+00  0.000000e+00  1.000000e+00
   outer loop
     vertex -4.440892e-16  3.000000e+00  1.500000e+00
     vertex  3.952043e-02  2.514654e+00  1.500000e+00
     vertex  1.384296e+00  4.722538e-01  1.500000e+00
   endloop
 endfacet
 facet normal  0.000000e+00  0.000000e+00  1.000000e+00
   outer loop
     vertex  9.156150e+00  1.013700e+01  1.500000e+00
     vertex  9.146447e+00  1.014645e+01  1.500000e+00
     vertex -4.440892e-16  3.000000e+00  1.500000e+00
   endloop
 endfacet
 facet normal  0.000000e+00  0.000000e+00  1.000000e+00
   outer loop
     vertex  9.137002e+00  1.015615e+01  1.500000e+00
     vertex -4.440892e-16  3.000000e+00  1.500000e+00
     vertex  9.146447e+00  1.014645e+01  1.500000e+00
   endloop
 endfacet
 facet normal  0.000000e+00  0.000000e+00  1.000000e+00
   outer loop
     vertex  9.127824e+00  1.016611e+01  1.500000e+00
     vertex -4.440892e-16  3.000000e+00  1.500000e+00
     vertex  9.137002e+00  1.015615e+01  1.500000e+00
   endloop
 endfacet
 facet normal  0.000000e+00  0.000000e+00  1.000000e+00
   outer loop
     vertex  9.166106e+00  1.012782e+01  1.500000e+00
     vertex  9.156150e+00  1.013700e+01  1.500000e+00
     vertex -4.440892e-16  3.000000e+00  1.500000e+00
   endloop
 endfacet
 facet normal  0.000000e+00  0.000000e+00  1.000000e+00
   outer loop
     vertex  9.176307e+00  1.011892e+01  1.500000e+00
     vertex  9.166106e+00  1.012782e+01  1.500000e+00
     vertex -4.440892e-16  3.000000e+00  1.500000e+00
   endloop
 endfacet
 facet normal  0.000000e+00  0.000000e+00  1.000000e+00
   outer loop
     vertex  9.118919e+00  1.017631e+01  1.500000e+00
     vertex -4.440892e-16  3.000000e+00  1.500000e+00
     vertex  9.127824e+00  1.016611e+01  1.500000e+00
   endloop
 endfacet
 facet normal  0.000000e+00  0.000000e+00  1.000000e+00
   outer loop
     vertex  9.186745e+00  1.011029e+01  1.500000e+00
     vertex -4.440892e-16  3.000000e+00  1.500000e+00
     vertex  3.000000e+00 -4.440892e-16  1.500000e+00
   endloop
 endfacet
 facet normal  0.000000e+00  0.000000e+00  1.000000e+00
   outer loop
     vertex  9.186745e+00  1.011029e+01  1.500000e+00
     vertex  9.176307e+00  1.011892e+01  1.500000e+00
     vertex -4.440892e-16  3.000000e+00  1.500000e+00
   endloop
 endfacet
 facet normal  0.000000e+00  0.000000e+00  1.000000e+00
   outer loop
     vertex  9.110293e+00  1.018675e+01  1.500000e+00
     vertex -4.440892e-16  3.000000e+00  1.500000e+00
     vertex  9.118919e+00  1.017631e+01  1.500000e+00
   endloop
 endfacet
 facet normal  0.000000e+00  0.000000e+00  1.000000e+00
   outer loop
     vertex  9.197413e+00  1.010195e+01  1.500000e+00
     vertex  9.186745e+00  1.011029e+01  1.500000e+00
     vertex  3.000000e+00 -4.440892e-16  1.500000e+00
   endloop
 endfacet
 facet normal  0.000000e+00  0.000000e+00  1.000000e+00
   outer loop
     vertex  9.101953e+00  1.019741e+01  1.500000e+00
     vertex -4.440892e-16  3.000000e+00  1.500000e+00
     vertex  9.110293e+00  1.018675e+01  1.500000e+00
   endloop
 endfacet
 facet normal  0.000000e+00  0.000000e+00  1.000000e+00
   outer loop
     vertex  9.208303e+00  1.009391e+01  1.500000e+00
     vertex  9.197413e+00  1.010195e+01  1.500000e+00
     vertex  3.000000e+00 -4.440892e-16  1.500000e+00
   endloop
 endfacet
 facet normal  0.000000e+00  0.000000e+00  1.000000e+00
   outer loop
     vertex  9.093906e+00  1.020830e+01  1.500000e+00
     vertex -4.440892e-16  3.000000e+00  1.500000e+00
     vertex  9.101953e+00  1.019741e+01  1.500000e+00
   endloop
 endfacet
 facet normal  0.000000e+00  0.000000e+00  1.000000e+00
   outer loop
     vertex  9.086156e+00  1.021941e+01  1.500000e+00
     vertex -4.440892e-16  3.000000e+00  1.500000e+00
     vertex  9.093906e+00  1.020830e+01  1.500000e+00
   endloop
 endfacet
 facet normal  0.000000e+00  0.000000e+00  1.000000e+00
   outer loop
     vertex  9.219406e+00  1.008616e+01  1.500000e+00
     vertex  9.208303e+00  1.009391e+01  1.500000e+00
     vertex  3.000000e+00 -4.440892e-16  1.500000e+00
   endloop
 endfacet
 facet normal  0.000000e+00  0.000000e+00  1.000000e+00
   outer loop
     vertex  9.078709e+00  1.023072e+01  1.500000e+00
     vertex -4.440892e-16  3.000000e+00  1.500000e+00
     vertex  9.086156e+00  1.021941e+01  1.500000e+00
   endloop
 endfacet
 facet normal  0.000000e+00  0.000000e+00  1.000000e+00
   outer loop
     vertex  9.230716e+00  1.007871e+01  1.500000e+00
     vertex  9.219406e+00  1.008616e+01  1.500000e+00
     vertex  3.000000e+00 -4.440892e-16  1.500000e+00
   endloop
 endfacet
 facet normal  0.000000e+00  0.000000e+00  1.000000e+00
   outer loop
     vertex  9.071571e+00  1.024222e+01  1.500000e+00
     vertex -4.440892e-16  3.000000e+00  1.500000e+00
     vertex  9.078709e+00  1.023072e+01  1.500000e+00
   endloop
 endfacet
 facet normal  0.000000e+00  0.000000e+00  1.000000e+00
   outer loop
     vertex  9.242223e+00  1.007157e+01  1.500000e+00
     vertex  9.230716e+00  1.007871e+01  1.500000e+00
     vertex  3.000000e+00 -4.440892e-16  1.500000e+00
   endloop
 endfacet
 facet normal  0.000000e+00  0.000000e+00  1.000000e+00
   outer loop
     vertex  9.064748e+00  1.025392e+01  1.500000e+00
     vertex -4.440892e-16  3.000000e+00  1.500000e+00
     vertex  9.071571e+00  1.024222e+01  1.500000e+00
   endloop
 endfacet
 facet normal  0.000000e+00  0.000000e+00  1.000000e+00
   outer loop
     vertex  9.253919e+00  1.006475e+01  1.500000e+00
     vertex  9.242223e+00  1.007157e+01  1.500000e+00
     vertex  3.000000e+00 -4.440892e-16  1.500000e+00
   endloop
 endfacet
 facet normal  0.000000e+00  0.000000e+00  1.000000e+00
   outer loop
     vertex  9.265796e+00  1.005824e+01  1.500000e+00
     vertex  9.253919e+00  1.006475e+01  1.500000e+00
     vertex  3.000000e+00 -4.440892e-16  1.500000e+00
   endloop
 endfacet
 facet normal  0.000000e+00  0.000000e+00  1.000000e+00
   outer loop
     vertex  9.058244e+00  1.026580e+01  1.500000e+00
     vertex -4.440892e-16  3.000000e+00  1.500000e+00
     vertex  9.064748e+00  1.025392e+01  1.500000e+00
   endloop
 endfacet
 facet normal  0.000000e+00  0.000000e+00  1.000000e+00
   outer loop
     vertex  9.052064e+00  1.027784e+01  1.500000e+00
     vertex -4.440892e-16  3.000000e+00  1.500000e+00
     vertex  9.058244e+00  1.026580e+01  1.500000e+00
   endloop
 endfacet
 facet normal  0.000000e+00  0.000000e+00  1.000000e+00
   outer loop
     vertex  9.277844e+00  1.005206e+01  1.500000e+00
     vertex  9.265796e+00  1.005824e+01  1.500000e+00
     vertex  3.000000e+00 -4.440892e-16  1.500000e+00
   endloop
 endfacet
 facet normal  0.000000e+00  0.000000e+00  1.000000e+00
   outer loop
     vertex  9.290055e+00  1.004621e+01  1.500000e+00
     vertex  9.277844e+00  1.005206e+01  1.500000e+00
     vertex  3.000000e+00 -4.440892e-16  1.500000e+00
   endloop
 endfacet
 facet normal  0.000000e+00  0.000000e+00  1.000000e+00
   outer loop
     vertex  9.046212e+00  1.029006e+01  1.500000e+00
     vertex -4.440892e-16  3.000000e+00  1.500000e+00
     vertex  9.052064e+00  1.027784e+01  1.500000e+00
   endloop
 endfacet
 facet normal  0.000000e+00  0.000000e+00  1.000000e+00
   outer loop
     vertex  9.302421e+00  1.004069e+01  1.500000e+00
     vertex  9.290055e+00  1.004621e+01  1.500000e+00
     vertex  3.000000e+00 -4.440892e-16  1.500000e+00
   endloop
 endfacet
 facet normal  0.000000e+00  0.000000e+00  1.000000e+00
   outer loop
     vertex  9.040694e+00  1.030242e+01  1.500000e+00
     vertex -4.440892e-16  3.000000e+00  1.500000e+00
     vertex  9.046212e+00  1.029006e+01  1.500000e+00
   endloop
 endfacet
 facet normal  0.000000e+00  0.000000e+00  1.000000e+00
   outer loop
     vertex  9.035512e+00  1.031493e+01  1.500000e+00
     vertex -4.440892e-16  3.000000e+00  1.500000e+00
     vertex  9.040694e+00  1.030242e+01  1.500000e+00
   endloop
 endfacet
 facet normal  0.000000e+00  0.000000e+00  1.000000e+00
   outer loop
     vertex  9.314931e+00  1.003551e+01  1.500000e+00
     vertex  9.302421e+00  1.004069e+01  1.500000e+00
     vertex  3.000000e+00 -4.440892e-16  1.500000e+00
   endloop
 endfacet
 facet normal  0.000000e+00  0.000000e+00  1.000000e+00
   outer loop
     vertex  9.327577e+00  1.003067e+01  1.500000e+00
     vertex  9.314931e+00  1.003551e+01  1.500000e+00
     vertex  3.000000e+00 -4.440892e-16  1.500000e+00
   endloop
 endfacet
 facet normal  0.000000e+00  0.000000e+00  1.000000e+00
   outer loop
     vertex  9.030670e+00  1.032758e+01  1.500000e+00
     vertex -4.440892e-16  3.000000e+00  1.500000e+00
     vertex  9.035512e+00  1.031493e+01  1.500000e+00
   endloop
 endfacet
 facet normal  0.000000e+00  0.000000e+00  1.000000e+00
   outer loop
     vertex  9.340349e+00  1.002617e+01  1.500000e+00
     vertex  9.327577e+00  1.003067e+01  1.500000e+00
     vertex  3.000000e+00 -4.440892e-16  1.500000e+00
   endloop
 endfacet
 facet normal  0.000000e+00  0.000000e+00  1.000000e+00
   outer loop
     vertex  9.026173e+00  1.034035e+01  1.500000e+00
     vertex -4.440892e-16  3.000000e+00  1.500000e+00
     vertex  9.030670e+00  1.032758e+01  1.500000e+00
   endloop
 endfacet
 facet normal  0.000000e+00  0.000000e+00  1.000000e+00
   outer loop
     vertex  9.353239e+00  1.002202e+01  1.500000e+00
     vertex  9.340349e+00  1.002617e+01  1.500000e+00
     vertex  3.000000e+00 -4.440892e-16  1.500000e+00
   endloop
 endfacet
 facet normal  0.000000e+00  0.000000e+00  1.000000e+00
   outer loop
     vertex  9.022024e+00  1.035324e+01  1.500000e+00
     vertex -4.440892e-16  3.000000e+00  1.500000e+00
     vertex  9.026173e+00  1.034035e+01  1.500000e+00
   endloop
 endfacet
 facet normal  0.000000e+00  0.000000e+00  1.000000e+00
   outer loop
     vertex  9.366236e+00  1.001823e+01  1.500000e+00
     vertex  9.353239e+00  1.002202e+01  1.500000e+00
     vertex  3.000000e+00 -4.440892e-16  1.500000e+00
   endloop
 endfacet
 facet normal  0.000000e+00  0.000000e+00  1.000000e+00
   outer loop
     vertex  9.018225e+00  1.036624e+01  1.500000e+00
     vertex -4.440892e-16  3.000000e+00  1.500000e+00
     vertex  9.022024e+00  1.035324e+01  1.500000e+00
   endloop
 endfacet
 facet normal  0.000000e+00  0.000000e+00  1.000000e+00
   outer loop
     vertex  9.379331e+00  1.001478e+01  1.500000e+00
     vertex  9.366236e+00  1.001823e+01  1.500000e+00
     vertex  3.000000e+00 -4.440892e-16  1.500000e+00
   endloop
 endfacet
 facet normal  0.000000e+00  0.000000e+00  1.000000e+00
   outer loop
     vertex  9.014779e+00  1.037933e+01  1.500000e+00
     vertex -4.440892e-16  3.000000e+00  1.500000e+00
     vertex  9.018225e+00  1.036624e+01  1.500000e+00
   endloop
 endfacet
 facet normal  0.000000e+00  0.000000e+00  1.000000e+00
   outer loop
     vertex  9.011690e+00  1.039251e+01  1.500000e+00
     vertex -4.440892e-16  3.000000e+00  1.500000e+00
     vertex  9.014779e+00  1.037933e+01  1.500000e+00
   endloop
 endfacet
 facet normal  0.000000e+00  0.000000e+00  1.000000e+00
   outer loop
     vertex  9.392515e+00  1.001169e+01  1.500000e+00
     vertex  9.379331e+00  1.001478e+01  1.500000e+00
     vertex  3.000000e+00 -4.440892e-16  1.500000e+00
   endloop
 endfacet
 facet normal  0.000000e+00  0.000000e+00  1.000000e+00
   outer loop
     vertex  9.405777e+00  1.000896e+01  1.500000e+00
     vertex  9.392515e+00  1.001169e+01  1.500000e+00
     vertex  3.000000e+00 -4.440892e-16  1.500000e+00
   endloop
 endfacet
 facet normal  0.000000e+00  0.000000e+00  1.000000e+00
   outer loop
     vertex  9.008958e+00  1.040578e+01  1.500000e+00
     vertex -4.440892e-16  3.000000e+00  1.500000e+00
     vertex  9.011690e+00  1.039251e+01  1.500000e+00
   endloop
 endfacet
 facet normal  0.000000e+00  0.000000e+00  1.000000e+00
   outer loop
     vertex  9.006587e+00  1.041911e+01  1.500000e+00
     vertex -4.440892e-16  3.000000e+00  1.500000e+00
     vertex  9.008958e+00  1.040578e+01  1.500000e+00
   endloop
 endfacet
 facet normal  0.000000e+00  0.000000e+00  1.000000e+00
   outer loop
     vertex  9.419109e+00  1.000659e+01  1.500000e+00
     vertex  9.405777e+00  1.000896e+01  1.500000e+00
     vertex  3.000000e+00 -4.440892e-16  1.500000e+00
   endloop
 endfacet
 facet normal  0.000000e+00  0.000000e+00  1.000000e+00
   outer loop
     vertex  9.004577e+00  1.043250e+01  1.500000e+00
     vertex -4.440892e-16  3.000000e+00  1.500000e+00
     vertex  9.006587e+00  1.041911e+01  1.500000e+00
   endloop
 endfacet
 facet normal  0.000000e+00  0.000000e+00  1.000000e+00
   outer loop
     vertex  9.432500e+00  1.000458e+01  1.500000e+00
     vertex  9.419109e+00  1.000659e+01  1.500000e+00
     vertex  3.000000e+00 -4.440892e-16  1.500000e+00
   endloop
 endfacet
 facet normal  0.000000e+00  0.000000e+00  1.000000e+00
   outer loop
     vertex  9.445940e+00  1.000293e+01  1.500000e+00
     vertex  9.432500e+00  1.000458e+01  1.500000e+00
     vertex  3.000000e+00 -4.440892e-16  1.500000e+00
   endloop
 endfacet
 facet normal  0.000000e+00  0.000000e+00  1.000000e+00
   outer loop
     vertex  9.002931e+00  1.044594e+01  1.500000e+00
     vertex -4.440892e-16  3.000000e+00  1.500000e+00
     vertex  9.004577e+00  1.043250e+01  1.500000e+00
   endloop
 endfacet
 facet normal  0.000000e+00  0.000000e+00  1.000000e+00
   outer loop
     vertex  9.459421e+00  1.000165e+01  1.500000e+00
     vertex  9.445940e+00  1.000293e+01  1.500000e+00
     vertex  3.000000e+00 -4.440892e-16  1.500000e+00
   endloop
 endfacet
 facet normal  0.000000e+00  0.000000e+00  1.000000e+00
   outer loop
     vertex  9.001649e+00  1.045942e+01  1.500000e+00
     vertex -4.440892e-16  3.000000e+00  1.500000e+00
     vertex  9.002931e+00  1.044594e+01  1.500000e+00
   endloop
 endfacet
 facet normal  0.000000e+00  0.000000e+00  1.000000e+00
   outer loop
     vertex  9.472931e+00  1.000073e+01  1.500000e+00
     vertex  9.459421e+00  1.000165e+01  1.500000e+00
     vertex  3.000000e+00 -4.440892e-16  1.500000e+00
   endloop
 endfacet
 facet normal  0.000000e+00  0.000000e+00  1.000000e+00
   outer loop
     vertex  9.000733e+00  1.047293e+01  1.500000e+00
     vertex -4.440892e-16  3.000000e+00  1.500000e+00
     vertex  9.001649e+00  1.045942e+01  1.500000e+00
   endloop
 endfacet
 facet normal  0.000000e+00  0.000000e+00  1.000000e+00
   outer loop
     vertex  9.486460e+00  1.000018e+01  1.500000e+00
     vertex  9.472931e+00  1.000073e+01  1.500000e+00
     vertex  3.000000e+00 -4.440892e-16  1.500000e+00
   endloop
 endfacet
 facet normal  0.000000e+00  0.000000e+00  1.000000e+00
   outer loop
     vertex  9.000183e+00  1.048646e+01  1.500000e+00
     vertex -4.440892e-16  3.000000e+00  1.500000e+00
     vertex  9.000733e+00  1.047293e+01  1.500000e+00
   endloop
 endfacet
 facet normal  0.000000e+00  0.000000e+00  1.000000e+00
   outer loop
     vertex  9.500000e+00  1.000000e+01  1.500000e+00
     vertex  9.486460e+00  1.000018e+01  1.500000e+00
     vertex  3.000000e+00 -4.440892e-16  1.500000e+00
   endloop
 endfacet
 facet normal  0.000000e+00  0.000000e+00  1.000000e+00
   outer loop
     vertex  9.000000e+00  1.050000e+01  1.500000e+00
     vertex -4.440892e-16  3.000000e+00  1.500000e+00
     vertex  9.000183e+00  1.048646e+01  1.500000e+00
   endloop
 endfacet
 facet normal  0.000000e+00  0.000000e+00  1.000000e+00
   outer loop
     vertex  2.090000e+01  1.000000e+01  1.500000e+00
     vertex  9.500000e+00  1.000000e+01  1.500000e+00
     vertex  3.000000e+00 -4.440892e-16  1.500000e+00
   endloop
 endfacet
 facet normal  0.000000e+00  0.000000e+00  1.000000e+00
   outer loop
     vertex  9.000000e+00  2.190000e+01  1.500000e+00
     vertex -4.440892e-16  3.000000e+00  1.500000e+00
     vertex  9.000000e+00  1.050000e+01  1.500000e+00
   endloop
 endfacet
 facet normal  0.000000e+00  0.000000e+00  1.000000e+00
   outer loop
     vertex  2.091354e+01  1.000018e+01  1.500000e+00
     vertex  2.090000e+01  1.000000e+01  1.500000e+00
     vertex  3.000000e+00 -4.440892e-16  1.500000e+00
   endloop
 endfacet
 facet normal  0.000000e+00  0.000000e+00  1.000000e+00
   outer loop
     vertex  2.092707e+01  1.000073e+01  1.500000e+00
     vertex  2.091354e+01  1.000018e+01  1.500000e+00
     vertex  3.000000e+00 -4.440892e-16  1.500000e+00
   endloop
 endfacet
 facet normal  0.000000e+00  0.000000e+00  1.000000e+00
   outer loop
     vertex  2.094058e+01  1.000165e+01  1.500000e+00
     vertex  2.092707e+01  1.000073e+01  1.500000e+00
     vertex  3.000000e+00 -4.440892e-16  1.500000e+00
   endloop
 endfacet
 facet normal  0.000000e+00  0.000000e+00  1.000000e+00
   outer loop
     vertex -4.440892e-16  3.100000e+01  1.500000e+00
     vertex -4.440892e-16  3.000000e+00  1.500000e+00
     vertex  9.000000e+00  2.190000e+01  1.500000e+00
   endloop
 endfacet
 facet normal  0.000000e+00  0.000000e+00  1.000000e+00
   outer loop
     vertex -4.440892e-16  3.100000e+01  1.500000e+00
     vertex  9.004577e+00  2.196750e+01  1.500000e+00
     vertex  9.006587e+00  2.198089e+01  1.500000e+00
   endloop
 endfacet
 facet normal  0.000000e+00  0.000000e+00  1.000000e+00
   outer loop
     vertex -4.440892e-16  3.100000e+01  1.500000e+00
     vertex  9.002931e+00  2.195406e+01  1.500000e+00
     vertex  9.004577e+00  2.196750e+01  1.500000e+00
   endloop
 endfacet
 facet normal  0.000000e+00  0.000000e+00  1.000000e+00
   outer loop
     vertex -4.440892e-16  3.100000e+01  1.500000e+00
     vertex  9.001649e+00  2.194058e+01  1.500000e+00
     vertex  9.002931e+00  2.195406e+01  1.500000e+00
   endloop
 endfacet
 facet normal  0.000000e+00  0.000000e+00  1.000000e+00
   outer loop
     vertex -4.440892e-16  3.100000e+01  1.500000e+00
     vertex  9.000733e+00  2.192707e+01  1.500000e+00
     vertex  9.001649e+00  2.194058e+01  1.500000e+00
   endloop
 endfacet
 facet normal  0.000000e+00  0.000000e+00  1.000000e+00
   outer loop
     vertex -4.440892e-16  3.100000e+01  1.500000e+00
     vertex  9.000183e+00  2.191354e+01  1.500000e+00
     vertex  9.000733e+00  2.192707e+01  1.500000e+00
   endloop
 endfacet
 facet normal  0.000000e+00  0.000000e+00  1.000000e+00
   outer loop
     vertex -4.440892e-16  3.100000e+01  1.500000e+00
     vertex  9.000000e+00  2.190000e+01  1.500000e+00
     vertex  9.000183e+00  2.191354e+01  1.500000e+00
   endloop
 endfacet
 facet normal  0.000000e+00  0.000000e+00  1.000000e+00
   outer loop
     vertex  9.008958e+00  2.199422e+01  1.500000e+00
     vertex -4.440892e-16  3.100000e+01  1.500000e+00
     vertex  9.006587e+00  2.198089e+01  1.500000e+00
   endloop
 endfacet
 facet normal  0.000000e+00  0.000000e+00  1.000000e+00
   outer loop
     vertex  9.011690e+00  2.200749e+01  1.500000e+00
     vertex -4.440892e-16  3.100000e+01  1.500000e+00
     vertex  9.008958e+00  2.199422e+01  1.500000e+00
   endloop
 endfacet
 facet normal  0.000000e+00  0.000000e+00  1.000000e+00
   outer loop
     vertex  9.014779e+00  2.202067e+01  1.500000e+00
     vertex -4.440892e-16  3.100000e+01  1.500000e+00
     vertex  9.011690e+00  2.200749e+01  1.500000e+00
   endloop
 endfacet
 facet normal  0.000000e+00  0.000000e+00  1.000000e+00
   outer loop
     vertex  9.018225e+00  2.203376e+01  1.500000e+00
     vertex -4.440892e-16  3.100000e+01  1.500000e+00
     vertex  9.014779e+00  2.202067e+01  1.500000e+00
   endloop
 endfacet
 facet normal  0.000000e+00  0.000000e+00  1.000000e+00
   outer loop
     vertex  9.022024e+00  2.204676e+01  1.500000e+00
     vertex -4.440892e-16  3.100000e+01  1.500000e+00
     vertex  9.018225e+00  2.203376e+01  1.500000e+00
   endloop
 endfacet
 facet normal  0.000000e+00  0.000000e+00  1.000000e+00
   outer loop
     vertex  9.026173e+00  2.205965e+01  1.500000e+00
     vertex -4.440892e-16  3.100000e+01  1.500000e+00
     vertex  9.022024e+00  2.204676e+01  1.500000e+00
   endloop
 endfacet
 facet normal  0.000000e+00  0.000000e+00  1.000000e+00
   outer loop
     vertex  9.030670e+00  2.207242e+01  1.500000e+00
     vertex -4.440892e-16  3.100000e+01  1.500000e+00
     vertex  9.026173e+00  2.205965e+01  1.500000e+00
   endloop
 endfacet
 facet normal  0.000000e+00  0.000000e+00  1.000000e+00
   outer loop
     vertex  9.035512e+00  2.208507e+01  1.500000e+00
     vertex -4.440892e-16  3.100000e+01  1.500000e+00
     vertex  9.030670e+00  2.207242e+01  1.500000e+00
   endloop
 endfacet
 facet normal  0.000000e+00  0.000000e+00  1.000000e+00
   outer loop
     vertex  9.040694e+00  2.209758e+01  1.500000e+00
     vertex -4.440892e-16  3.100000e+01  1.500000e+00
     vertex  9.035512e+00  2.208507e+01  1.500000e+00
   endloop
 endfacet
 facet normal  0.000000e+00  0.000000e+00  1.000000e+00
   outer loop
     vertex  9.046212e+00  2.210994e+01  1.500000e+00
     vertex -4.440892e-16  3.100000e+01  1.500000e+00
     vertex  9.040694e+00  2.209758e+01  1.500000e+00
   endloop
 endfacet
 facet normal  0.000000e+00  0.000000e+00  1.000000e+00
   outer loop
     vertex  4.399758e-03  3.116242e+01  1.500000e+00
     vertex  1.100141e-03  3.108124e+01  1.500000e+00
     vertex -4.440892e-16  3.100000e+01  1.500000e+00
   endloop
 endfacet
 facet normal  0.000000e+00  0.000000e+00  1.000000e+00
   outer loop
     vertex  9.052064e+00  2.212216e+01  1.500000e+00
     vertex -4.440892e-16  3.100000e+01  1.500000e+00
     vertex  9.046212e+00  2.210994e+01  1.500000e+00
   endloop
 endfacet
 facet normal  0.000000e+00  0.000000e+00  1.000000e+00
   outer loop
     vertex  9.058244e+00  2.213420e+01  1.500000e+00
     vertex -4.440892e-16  3.100000e+01  1.500000e+00
     vertex  9.052064e+00  2.212216e+01  1.500000e+00
   endloop
 endfacet
 facet normal  0.000000e+00  0.000000e+00  1.000000e+00
   outer loop
     vertex  9.064748e+00  2.214608e+01  1.500000e+00
     vertex -4.440892e-16  3.100000e+01  1.500000e+00
     vertex  9.058244e+00  2.213420e+01  1.500000e+00
   endloop
 endfacet
 facet normal  0.000000e+00  0.000000e+00  1.000000e+00
   outer loop
     vertex  9.071571e+00  2.215778e+01  1.500000e+00
     vertex -4.440892e-16  3.100000e+01  1.500000e+00
     vertex  9.064748e+00  2.214608e+01  1.500000e+00
   endloop
 endfacet
 facet normal  0.000000e+00  0.000000e+00  1.000000e+00
   outer loop
     vertex  9.078709e+00  2.216928e+01  1.500000e+00
     vertex -4.440892e-16  3.100000e+01  1.500000e+00
     vertex  9.071571e+00  2.215778e+01  1.500000e+00
   endloop
 endfacet
 facet normal  0.000000e+00  0.000000e+00  1.000000e+00
   outer loop
     vertex  9.086156e+00  2.218059e+01  1.500000e+00
     vertex -4.440892e-16  3.100000e+01  1.500000e+00
     vertex  9.078709e+00  2.216928e+01  1.500000e+00
   endloop
 endfacet
 facet normal  0.000000e+00  0.000000e+00  1.000000e+00
   outer loop
     vertex  9.093906e+00  2.219170e+01  1.500000e+00
     vertex -4.440892e-16  3.100000e+01  1.500000e+00
     vertex  9.086156e+00  2.218059e+01  1.500000e+00
   endloop
 endfacet
 facet normal  0.000000e+00  0.000000e+00  1.000000e+00
   outer loop
     vertex  9.101953e+00  2.220259e+01  1.500000e+00
     vertex -4.440892e-16  3.100000e+01  1.500000e+00
     vertex  9.093906e+00  2.219170e+01  1.500000e+00
   endloop
 endfacet
 facet normal  0.000000e+00  0.000000e+00  1.000000e+00
   outer loop
     vertex  9.110293e+00  2.221325e+01  1.500000e+00
     vertex -4.440892e-16  3.100000e+01  1.500000e+00
     vertex  9.101953e+00  2.220259e+01  1.500000e+00
   endloop
 endfacet
 facet normal  0.000000e+00  0.000000e+00  1.000000e+00
   outer loop
     vertex  9.118919e+00  2.222369e+01  1.500000e+00
     vertex -4.440892e-16  3.100000e+01  1.500000e+00
     vertex  9.110293e+00  2.221325e+01  1.500000e+00
   endloop
 endfacet
 facet normal  0.000000e+00  0.000000e+00  1.000000e+00
   outer loop
     vertex  9.127824e+00  2.223389e+01  1.500000e+00
     vertex -4.440892e-16  3.100000e+01  1.500000e+00
     vertex  9.118919e+00  2.222369e+01  1.500000e+00
   endloop
 endfacet
 facet normal  0.000000e+00  0.000000e+00  1.000000e+00
   outer loop
     vertex  9.137002e+00  2.224385e+01  1.500000e+00
     vertex -4.440892e-16  3.100000e+01  1.500000e+00
     vertex  9.127824e+00  2.223389e+01  1.500000e+00
   endloop
 endfacet
 facet normal  0.000000e+00  0.000000e+00  1.000000e+00
   outer loop
     vertex  9.146447e+00  2.225355e+01  1.500000e+00
     vertex -4.440892e-16  3.100000e+01  1.500000e+00
     vertex  9.137002e+00  2.224385e+01  1.500000e+00
   endloop
 endfacet
 facet normal  0.000000e+00  0.000000e+00  1.000000e+00
   outer loop
     vertex  9.156150e+00  2.226300e+01  1.500000e+00
     vertex -4.440892e-16  3.100000e+01  1.500000e+00
     vertex  9.146447e+00  2.225355e+01  1.500000e+00
   endloop
 endfacet
 facet normal  0.000000e+00  0.000000e+00  1.000000e+00
   outer loop
     vertex  2.746321e-02  3.140500e+01  1.500000e+00
     vertex  9.896431e-03  3.124348e+01  1.500000e+00
     vertex  4.399758e-03  3.116242e+01  1.500000e+00
   endloop
 endfacet
 facet normal  0.000000e+00  0.000000e+00  1.000000e+00
   outer loop
     vertex  2.746321e-02  3.140500e+01  1.500000e+00
     vertex  1.758613e-02  3.132436e+01  1.500000e+00
     vertex  9.896431e-03  3.124348e+01  1.500000e+00
   endloop
 endfacet
 facet normal  0.000000e+00  0.000000e+00  1.000000e+00
   outer loop
     vertex  9.166106e+00  2.227218e+01  1.500000e+00
     vertex -4.440892e-16  3.100000e+01  1.500000e+00
     vertex  9.156150e+00  2.226300e+01  1.500000e+00
   endloop
 endfacet
 facet normal  0.000000e+00  0.000000e+00  1.000000e+00
   outer loop
     vertex  9.176307e+00  2.228108e+01  1.500000e+00
     vertex -4.440892e-16  3.100000e+01  1.500000e+00
     vertex  9.166106e+00  2.227218e+01  1.500000e+00
   endloop
 endfacet
 facet normal  0.000000e+00  0.000000e+00  1.000000e+00
   outer loop
     vertex  9.186745e+00  2.228971e+01  1.500000e+00
     vertex -4.440892e-16  3.100000e+01  1.500000e+00
     vertex  9.176307e+00  2.228108e+01  1.500000e+00
   endloop
 endfacet
 facet normal  0.000000e+00  0.000000e+00  1.000000e+00
   outer loop
     vertex  9.197413e+00  2.229805e+01  1.500000e+00
     vertex -4.440892e-16  3.100000e+01  1.500000e+00
     vertex  9.186745e+00  2.228971e+01  1.500000e+00
   endloop
 endfacet
 facet normal  0.000000e+00  0.000000e+00  1.000000e+00
   outer loop
     vertex  9.208303e+00  2.230609e+01  1.500000e+00
     vertex -4.440892e-16  3.100000e+01  1.500000e+00
     vertex  9.197413e+00  2.229805e+01  1.500000e+00
   endloop
 endfacet
 facet normal  0.000000e+00  0.000000e+00  1.000000e+00
   outer loop
     vertex  9.219406e+00  2.231384e+01  1.500000e+00
     vertex -4.440892e-16  3.100000e+01  1.500000e+00
     vertex  9.208303e+00  2.230609e+01  1.500000e+00
   endloop
 endfacet
 facet normal  0.000000e+00  0.000000e+00  1.000000e+00
   outer loop
     vertex  9.230716e+00  2.232129e+01  1.500000e+00
     vertex -4.440892e-16  3.100000e+01  1.500000e+00
     vertex  9.219406e+00  2.231384e+01  1.500000e+00
   endloop
 endfacet
 facet normal  0.000000e+00  0.000000e+00  1.000000e+00
   outer loop
     vertex  9.242223e+00  2.232843e+01  1.500000e+00
     vertex -4.440892e-16  3.100000e+01  1.500000e+00
     vertex  9.230716e+00  2.232129e+01  1.500000e+00
   endloop
 endfacet
 facet normal  0.000000e+00  0.000000e+00  1.000000e+00
   outer loop
     vertex  9.253919e+00  2.233525e+01  1.500000e+00
     vertex -4.440892e-16  3.100000e+01  1.500000e+00
     vertex  9.242223e+00  2.232843e+01  1.500000e+00
   endloop
 endfacet
 facet normal  0.000000e+00  0.000000e+00  1.000000e+00
   outer loop
     vertex  5.374895e-02  3.156534e+01  1.500000e+00
     vertex  4.399758e-03  3.116242e+01  1.500000e+00
     vertex -4.440892e-16  3.100000e+01  1.500000e+00
   endloop
 endfacet
 facet normal  0.000000e+00  0.000000e+00  1.000000e+00
   outer loop
     vertex  5.374895e-02  3.156534e+01  1.500000e+00
     vertex  2.746321e-02  3.140500e+01  1.500000e+00
     vertex  4.399758e-03  3.116242e+01  1.500000e+00
   endloop
 endfacet
 facet normal  0.000000e+00  0.000000e+00  1.000000e+00
   outer loop
     vertex  5.374895e-02  3.156534e+01  1.500000e+00
     vertex  3.952043e-02  3.148535e+01  1.500000e+00
     vertex  2.746321e-02  3.140500e+01  1.500000e+00
   endloop
 endfacet
 facet normal  0.000000e+00  0.000000e+00  1.000000e+00
   outer loop
     vertex  7.013833e-02  3.164491e+01  1.500000e+00
     vertex  5.374895e-02  3.156534e+01  1.500000e+00
     vertex -4.440892e-16  3.100000e+01  1.500000e+00
   endloop
 endfacet
 facet normal  0.000000e+00  0.000000e+00  1.000000e+00
   outer loop
     vertex  1.321436e-01  3.188057e+01  1.500000e+00
     vertex  1.093500e-01  3.180259e+01  1.500000e+00
     vertex  8.867656e-02  3.172401e+01  1.500000e+00
   endloop
 endfacet
 facet normal  0.000000e+00  0.000000e+00  1.000000e+00
   outer loop
     vertex  1.570405e-01  3.195790e+01  1.500000e+00
     vertex  1.321436e-01  3.188057e+01  1.500000e+00
     vertex  8.867656e-02  3.172401e+01  1.500000e+00
   endloop
 endfacet
 facet normal  0.000000e+00  0.000000e+00  1.000000e+00
   outer loop
     vertex  1.840225e-01  3.203454e+01  1.500000e+00
     vertex  7.013833e-02  3.164491e+01  1.500000e+00
     vertex -4.440892e-16  3.100000e+01  1.500000e+00
   endloop
 endfacet
 facet normal  0.000000e+00  0.000000e+00  1.000000e+00
   outer loop
     vertex  1.840225e-01  3.203454e+01  1.500000e+00
     vertex  1.570405e-01  3.195790e+01  1.500000e+00
     vertex  8.867656e-02  3.172401e+01  1.500000e+00
   endloop
 endfacet
 facet normal  0.000000e+00  0.000000e+00  1.000000e+00
   outer loop
     vertex  1.840225e-01  3.203454e+01  1.500000e+00
     vertex  8.867656e-02  3.172401e+01  1.500000e+00
     vertex  7.013833e-02  3.164491e+01  1.500000e+00
   endloop
 endfacet
 facet normal  0.000000e+00  0.000000e+00  1.000000e+00
   outer loop
     vertex  2.130698e-01  3.211041e+01  1.500000e+00
     vertex  1.840225e-01  3.203454e+01  1.500000e+00
     vertex -4.440892e-16  3.100000e+01  1.500000e+00
   endloop
 endfacet
 facet normal  0.000000e+00  0.000000e+00  1.000000e+00
   outer loop
     vertex  2.441612e-01  3.218548e+01  1.500000e+00
     vertex  2.130698e-01  3.211041e+01  1.500000e+00
     vertex -4.440892e-16  3.100000e+01  1.500000e+00
   endloop
 endfacet
 facet normal  0.000000e+00  0.000000e+00  1.000000e+00
   outer loop
     vertex  2.772737e-01  3.225967e+01  1.500000e+00
     vertex  2.441612e-01  3.218548e+01  1.500000e+00
     vertex -4.440892e-16  3.100000e+01  1.500000e+00
   endloop
 endfacet
 facet normal  0.000000e+00  0.000000e+00  1.000000e+00
   outer loop
     vertex  3.123832e-01  3.233294e+01  1.500000e+00
     vertex  2.772737e-01  3.225967e+01  1.500000e+00
     vertex -4.440892e-16  3.100000e+01  1.500000e+00
   endloop
 endfacet
 facet normal  0.000000e+00  0.000000e+00  1.000000e+00
   outer loop
     vertex  3.494639e-01  3.240523e+01  1.500000e+00
     vertex  3.123832e-01  3.233294e+01  1.500000e+00
     vertex -4.440892e-16  3.100000e+01  1.500000e+00
   endloop
 endfacet
 facet normal  0.000000e+00  0.000000e+00  1.000000e+00
   outer loop
     vertex  3.884885e-01  3.247648e+01  1.500000e+00
     vertex  3.494639e-01  3.240523e+01  1.500000e+00
     vertex -4.440892e-16  3.100000e+01  1.500000e+00
   endloop
 endfacet
 facet normal  0.000000e+00  0.000000e+00  1.000000e+00
   outer loop
     vertex  4.722538e-01  3.261570e+01  1.500000e+00
     vertex  3.884885e-01  3.247648e+01  1.500000e+00
     vertex -4.440892e-16  3.100000e+01  1.500000e+00
   endloop
 endfacet
 facet normal  0.000000e+00  0.000000e+00  1.000000e+00
   outer loop
     vertex  4.722538e-01  3.261570e+01  1.500000e+00
     vertex  4.294285e-01  3.254666e+01  1.500000e+00
     vertex  3.884885e-01  3.247648e+01  1.500000e+00
   endloop
 endfacet
 facet normal  0.000000e+00  0.000000e+00  1.000000e+00
   outer loop
     vertex  5.169330e-01  3.268356e+01  1.500000e+00
     vertex  4.722538e-01  3.261570e+01  1.500000e+00
     vertex -4.440892e-16  3.100000e+01  1.500000e+00
   endloop
 endfacet
 facet normal  0.000000e+00  0.000000e+00  1.000000e+00
   outer loop
     vertex  5.634334e-01  3.275018e+01  1.500000e+00
     vertex  5.169330e-01  3.268356e+01  1.500000e+00
     vertex -4.440892e-16  3.100000e+01  1.500000e+00
   endloop
 endfacet
 facet normal  0.000000e+00  0.000000e+00  1.000000e+00
   outer loop
     vertex  7.135138e-01  3.294216e+01  1.500000e+00
     vertex  6.117208e-01  3.281552e+01  1.500000e+00
     vertex  5.634334e-01  3.275018e+01  1.500000e+00
   endloop
 endfacet
 facet normal  0.000000e+00  0.000000e+00  1.000000e+00
   outer loop
     vertex  7.135138e-01  3.294216e+01  1.500000e+00
     vertex  6.617599e-01  3.287953e+01  1.500000e+00
     vertex  6.117208e-01  3.281552e+01  1.500000e+00
   endloop
 endfacet
 facet normal  0.000000e+00  0.000000e+00  1.000000e+00
   outer loop
     vertex  7.669448e-01  3.300336e+01  1.500000e+00
     vertex  5.634334e-01  3.275018e+01  1.500000e+00
     vertex -4.440892e-16  3.100000e+01  1.500000e+00
   endloop
 endfacet
 facet normal  0.000000e+00  0.000000e+00  1.000000e+00
   outer loop
     vertex  7.669448e-01  3.300336e+01  1.500000e+00
     vertex  7.135138e-01  3.294216e+01  1.500000e+00
     vertex  5.634334e-01  3.275018e+01  1.500000e+00
   endloop
 endfacet
 facet normal  0.000000e+00  0.000000e+00  1.000000e+00
   outer loop
     vertex  8.786797e-01  3.312132e+01  1.500000e+00
     vertex  8.220135e-01  3.306310e+01  1.500000e+00
     vertex  7.669448e-01  3.300336e+01  1.500000e+00
   endloop
 endfacet
 facet normal  0.000000e+00  0.000000e+00  1.000000e+00
   outer loop
     vertex  9.369016e-01  3.317799e+01  1.500000e+00
     vertex  7.669448e-01  3.300336e+01  1.500000e+00
     vertex -4.440892e-16  3.100000e+01  1.500000e+00
   endloop
 endfacet
 facet normal  0.000000e+00  0.000000e+00  1.000000e+00
   outer loop
     vertex  9.369016e-01  3.317799e+01  1.500000e+00
     vertex  8.786797e-01  3.312132e+01  1.500000e+00
     vertex  7.669448e-01  3.300336e+01  1.500000e+00
   endloop
 endfacet
 facet normal  0.000000e+00  0.000000e+00  1.000000e+00
   outer loop
     vertex  1.057841e+00  3.328649e+01  1.500000e+00
     vertex  9.369016e-01  3.317799e+01  1.500000e+00
     vertex -4.440892e-16  3.100000e+01  1.500000e+00
   endloop
 endfacet
 facet normal  0.000000e+00  0.000000e+00  1.000000e+00
   outer loop
     vertex  1.057841e+00  3.328649e+01  1.500000e+00
     vertex  9.966367e-01  3.323306e+01  1.500000e+00
     vertex  9.369016e-01  3.317799e+01  1.500000e+00
   endloop
 endfacet
 facet normal  0.000000e+00  0.000000e+00  1.000000e+00
   outer loop
     vertex  1.184477e+00  3.338828e+01  1.500000e+00
     vertex  1.120470e+00  3.333824e+01  1.500000e+00
     vertex  1.057841e+00  3.328649e+01  1.500000e+00
   endloop
 endfacet
 facet normal  0.000000e+00  0.000000e+00  1.000000e+00
   outer loop
     vertex  1.184477e+00  3.338828e+01  1.500000e+00
     vertex  1.057841e+00  3.328649e+01  1.500000e+00
     vertex -4.440892e-16  3.100000e+01  1.500000e+00
   endloop
 endfacet
 facet normal  0.000000e+00  0.000000e+00  1.000000e+00
   outer loop
     vertex  1.384296e+00  3.352775e+01  1.500000e+00
     vertex  1.249816e+00  3.343657e+01  1.500000e+00
     vertex  1.184477e+00  3.338828e+01  1.500000e+00
   endloop
 endfacet
 facet normal  0.000000e+00  0.000000e+00  1.000000e+00
   outer loop
     vertex  1.384296e+00  3.352775e+01  1.500000e+00
     vertex  1.316439e+00  3.348307e+01  1.500000e+00
     vertex  1.249816e+00  3.343657e+01  1.500000e+00
   endloop
 endfacet
 facet normal  0.000000e+00  0.000000e+00  1.000000e+00
   outer loop
     vertex  1.453338e+00  3.357057e+01  1.500000e+00
     vertex  1.384296e+00  3.352775e+01  1.500000e+00
     vertex  1.184477e+00  3.338828e+01  1.500000e+00
   endloop
 endfacet
 facet normal  0.000000e+00  0.000000e+00  1.000000e+00
   outer loop
     vertex  1.594775e+00  3.365054e+01  1.500000e+00
     vertex  1.523515e+00  3.361151e+01  1.500000e+00
     vertex  1.453338e+00  3.357057e+01  1.500000e+00
   endloop
 endfacet
 facet normal  0.000000e+00  0.000000e+00  1.000000e+00
   outer loop
     vertex  1.594775e+00  3.365054e+01  1.500000e+00
     vertex  1.453338e+00  3.357057e+01  1.500000e+00
     vertex  1.184477e+00  3.338828e+01  1.500000e+00
   endloop
 endfacet
 facet normal  0.000000e+00  0.000000e+00  1.000000e+00
   outer loop
     vertex  1.667065e+00  3.368762e+01  1.500000e+00
     vertex  1.594775e+00  3.365054e+01  1.500000e+00
     vertex  1.184477e+00  3.338828e+01  1.500000e+00
   endloop
 endfacet
 facet normal  0.000000e+00  0.000000e+00  1.000000e+00
   outer loop
     vertex  1.740333e+00  3.372273e+01  1.500000e+00
     vertex  1.667065e+00  3.368762e+01  1.500000e+00
     vertex  1.184477e+00  3.338828e+01  1.500000e+00
   endloop
 endfacet
 facet normal  0.000000e+00  0.000000e+00  1.000000e+00
   outer loop
     vertex  1.814524e+00  3.375584e+01  1.500000e+00
     vertex  1.740333e+00  3.372273e+01  1.500000e+00
     vertex  1.184477e+00  3.338828e+01  1.500000e+00
   endloop
 endfacet
 facet normal  0.000000e+00  0.000000e+00  1.000000e+00
   outer loop
     vertex  1.814524e+00  3.375584e+01  1.500000e+00
     vertex  1.184477e+00  3.338828e+01  1.500000e+00
     vertex -4.440892e-16  3.100000e+01  1.500000e+00
   endloop
 endfacet
 facet normal  0.000000e+00  0.000000e+00  1.000000e+00
   outer loop
     vertex  1.965461e+00  3.381598e+01  1.500000e+00
     vertex  1.889586e+00  3.378693e+01  1.500000e+00
     vertex  1.814524e+00  3.375584e+01  1.500000e+00
   endloop
 endfacet
 facet normal  0.000000e+00  0.000000e+00  1.000000e+00
   outer loop
     vertex  2.119432e+00  3.386786e+01  1.500000e+00
     vertex  2.042095e+00  3.384296e+01  1.500000e+00
     vertex  1.965461e+00  3.381598e+01  1.500000e+00
   endloop
 endfacet
 facet normal  0.000000e+00  0.000000e+00  1.000000e+00
   outer loop
     vertex  2.119432e+00  3.386786e+01  1.500000e+00
     vertex  1.814524e+00  3.375584e+01  1.500000e+00
     vertex -4.440892e-16  3.100000e+01  1.500000e+00
   endloop
 endfacet
 facet normal  0.000000e+00  0.000000e+00  1.000000e+00
   outer loop
     vertex  2.119432e+00  3.386786e+01  1.500000e+00
     vertex  1.965461e+00  3.381598e+01  1.500000e+00
     vertex  1.814524e+00  3.375584e+01  1.500000e+00
   endloop
 endfacet
 facet normal  0.000000e+00  0.000000e+00  1.000000e+00
   outer loop
     vertex  2.355089e+00  3.392986e+01  1.500000e+00
     vertex  2.197415e+00  3.389065e+01  1.500000e+00
     vertex  2.119432e+00  3.386786e+01  1.500000e+00
   endloop
 endfacet
 facet normal  0.000000e+00  0.000000e+00  1.000000e+00
   outer loop
     vertex  2.355089e+00  3.392986e+01  1.500000e+00
     vertex  2.275986e+00  3.391132e+01  1.500000e+00
     vertex  2.197415e+00  3.389065e+01  1.500000e+00
   endloop
 endfacet
 facet normal  0.000000e+00  0.000000e+00  1.000000e+00
   outer loop
     vertex  2.355089e+00  3.392986e+01  1.500000e+00
     vertex  2.119432e+00  3.386786e+01  1.500000e+00
     vertex -4.440892e-16  3.100000e+01  1.500000e+00
   endloop
 endfacet
 facet normal  0.000000e+00  0.000000e+00  1.000000e+00
   outer loop
     vertex  2.514654e+00  3.396048e+01  1.500000e+00
     vertex  2.355089e+00  3.392986e+01  1.500000e+00
     vertex -4.440892e-16  3.100000e+01  1.500000e+00
   endloop
 endfacet
 facet normal  0.000000e+00  0.000000e+00  1.000000e+00
   outer loop
     vertex  2.514654e+00  3.396048e+01  1.500000e+00
     vertex  2.434664e+00  3.394625e+01  1.500000e+00
     vertex  2.355089e+00  3.392986e+01  1.500000e+00
   endloop
 endfacet
 facet normal  0.000000e+00  0.000000e+00  1.000000e+00
   outer loop
     vertex  2.595000e+00  3.397254e+01  1.500000e+00
     vertex  2.514654e+00  3.396048e+01  1.500000e+00
     vertex -4.440892e-16  3.100000e+01  1.500000e+00
   endloop
 endfacet
 facet normal  0.000000e+00  0.000000e+00  1.000000e+00
   outer loop
     vertex  3.000000e+00  3.400000e+01  1.500000e+00
     vertex  9.392515e+00  2.238831e+01  1.500000e+00
     vertex  9.405777e+00  2.239104e+01  1.500000e+00
   endloop
 endfacet
 facet normal  0.000000e+00  0.000000e+00  1.000000e+00
   outer loop
     vertex  3.000000e+00  3.400000e+01  1.500000e+00
     vertex  9.379331e+00  2.238522e+01  1.500000e+00
     vertex  9.392515e+00  2.238831e+01  1.500000e+00
   endloop
 endfacet
 facet normal  0.000000e+00  0.000000e+00  1.000000e+00
   outer loop
     vertex  3.000000e+00  3.400000e+01  1.500000e+00
     vertex  9.366236e+00  2.238177e+01  1.500000e+00
     vertex  9.379331e+00  2.238522e+01  1.500000e+00
   endloop
 endfacet
 facet normal  0.000000e+00  0.000000e+00  1.000000e+00
   outer loop
     vertex  3.000000e+00  3.400000e+01  1.500000e+00
     vertex  9.353239e+00  2.237798e+01  1.500000e+00
     vertex  9.366236e+00  2.238177e+01  1.500000e+00
   endloop
 endfacet
 facet normal  0.000000e+00  0.000000e+00  1.000000e+00
   outer loop
     vertex  3.000000e+00  3.400000e+01  1.500000e+00
     vertex  9.340349e+00  2.237383e+01  1.500000e+00
     vertex  9.353239e+00  2.237798e+01  1.500000e+00
   endloop
 endfacet
 facet normal  0.000000e+00  0.000000e+00  1.000000e+00
   outer loop
     vertex  3.000000e+00  3.400000e+01  1.500000e+00
     vertex  9.327577e+00  2.236933e+01  1.500000e+00
     vertex  9.340349e+00  2.237383e+01  1.500000e+00
   endloop
 endfacet
 facet normal  0.000000e+00  0.000000e+00  1.000000e+00
   outer loop
     vertex  3.000000e+00  3.400000e+01  1.500000e+00
     vertex -4.440892e-16  3.100000e+01  1.500000e+00
     vertex  9.253919e+00  2.233525e+01  1.500000e+00
   endloop
 endfacet
 facet normal  0.000000e+00  0.000000e+00  1.000000e+00
   outer loop
     vertex  3.000000e+00  3.400000e+01  1.500000e+00
     vertex  9.314931e+00  2.236449e+01  1.500000e+00
     vertex  9.327577e+00  2.236933e+01  1.500000e+00
   endloop
 endfacet
 facet normal  0.000000e+00  0.000000e+00  1.000000e+00
   outer loop
     vertex  3.000000e+00  3.400000e+01  1.500000e+00
     vertex  9.302421e+00  2.235931e+01  1.500000e+00
     vertex  9.314931e+00  2.236449e+01  1.500000e+00
   endloop
 endfacet
 facet normal  0.000000e+00  0.000000e+00  1.000000e+00
   outer loop
     vertex  3.000000e+00  3.400000e+01  1.500000e+00
     vertex  9.290055e+00  2.235379e+01  1.500000e+00
     vertex  9.302421e+00  2.235931e+01  1.500000e+00
   endloop
 endfacet
 facet normal  0.000000e+00  0.000000e+00  1.000000e+00
   outer loop
     vertex  3.000000e+00  3.400000e+01  1.500000e+00
     vertex  9.277844e+00  2.234794e+01  1.500000e+00
     vertex  9.290055e+00  2.235379e+01  1.500000e+00
   endloop
 endfacet
 facet normal  0.000000e+00  0.000000e+00  1.000000e+00
   outer loop
     vertex  3.000000e+00  3.400000e+01  1.500000e+00
     vertex  9.265796e+00  2.234176e+01  1.500000e+00
     vertex  9.277844e+00  2.234794e+01  1.500000e+00
   endloop
 endfacet
 facet normal  0.000000e+00  0.000000e+00  1.000000e+00
   outer loop
     vertex  3.000000e+00  3.400000e+01  1.500000e+00
     vertex  9.253919e+00  2.233525e+01  1.500000e+00
     vertex  9.265796e+00  2.234176e+01  1.500000e+00
   endloop
 endfacet
 facet normal  0.000000e+00  0.000000e+00  1.000000e+00
   outer loop
     vertex  3.000000e+00  3.400000e+01  1.500000e+00
     vertex  2.675643e+00  3.398241e+01  1.500000e+00
     vertex  2.595000e+00  3.397254e+01  1.500000e+00
   endloop
 endfacet
 facet normal  0.000000e+00  0.000000e+00  1.000000e+00
   outer loop
     vertex  3.000000e+00  3.400000e+01  1.500000e+00
     vertex  2.756524e+00  3.399010e+01  1.500000e+00
     vertex  2.675643e+00  3.398241e+01  1.500000e+00
   endloop
 endfacet
 facet normal  0.000000e+00  0.000000e+00  1.000000e+00
   outer loop
     vertex  3.000000e+00  3.400000e+01  1.500000e+00
     vertex  2.837583e+00  3.399560e+01  1.500000e+00
     vertex  2.756524e+00  3.399010e+01  1.500000e+00
   endloop
 endfacet
 facet normal  0.000000e+00  0.000000e+00  1.000000e+00
   outer loop
     vertex  3.000000e+00  3.400000e+01  1.500000e+00
     vertex  2.918762e+00  3.399890e+01  1.500000e+00
     vertex  2.837583e+00  3.399560e+01  1.500000e+00
   endloop
 endfacet
 facet normal  0.000000e+00  0.000000e+00  1.000000e+00
   outer loop
     vertex  3.000000e+00  3.400000e+01  1.500000e+00
     vertex  2.595000e+00  3.397254e+01  1.500000e+00
     vertex -4.440892e-16  3.100000e+01  1.500000e+00
   endloop
 endfacet
 facet normal  0.000000e+00  0.000000e+00  1.000000e+00
   outer loop
     vertex  3.000000e+00  3.400000e+01  1.500000e+00
     vertex  9.486460e+00  2.239982e+01  1.500000e+00
     vertex  9.500000e+00  2.240000e+01  1.500000e+00
   endloop
 endfacet
 facet normal  0.000000e+00  0.000000e+00  1.000000e+00
   outer loop
     vertex  3.000000e+00  3.400000e+01  1.500000e+00
     vertex  9.472931e+00  2.239927e+01  1.500000e+00
     vertex  9.486460e+00  2.239982e+01  1.500000e+00
   endloop
 endfacet
 facet normal  0.000000e+00  0.000000e+00  1.000000e+00
   outer loop
     vertex  3.000000e+00  3.400000e+01  1.500000e+00
     vertex  9.459421e+00  2.239835e+01  1.500000e+00
     vertex  9.472931e+00  2.239927e+01  1.500000e+00
   endloop
 endfacet
 facet normal  0.000000e+00  0.000000e+00  1.000000e+00
   outer loop
     vertex  3.000000e+00  3.400000e+01  1.500000e+00
     vertex  9.445940e+00  2.239707e+01  1.500000e+00
     vertex  9.459421e+00  2.239835e+01  1.500000e+00
   endloop
 endfacet
 facet normal  0.000000e+00  0.000000e+00  1.000000e+00
   outer loop
     vertex  3.000000e+00  3.400000e+01  1.500000e+00
     vertex  9.432500e+00  2.239542e+01  1.500000e+00
     vertex  9.445940e+00  2.239707e+01  1.500000e+00
   endloop
 endfacet
 facet normal  0.000000e+00  0.000000e+00  1.000000e+00
   outer loop
     vertex  3.000000e+00  3.400000e+01  1.500000e+00
     vertex  9.419109e+00  2.239341e+01  1.500000e+00
     vertex  9.432500e+00  2.239542e+01  1.500000e+00
   endloop
 endfacet
 facet normal  0.000000e+00  0.000000e+00  1.000000e+00
   outer loop
     vertex  3.000000e+00  3.400000e+01  1.500000e+00
     vertex  9.405777e+00  2.239104e+01  1.500000e+00
     vertex  9.419109e+00  2.239341e+01  1.500000e+00
   endloop
 endfacet
 facet normal  0.000000e+00  0.000000e+00  1.000000e+00
   outer loop
     vertex  3.711716e+01  5.617157e+00  1.500000e+00
     vertex  2.103376e+01  1.001823e+01  1.500000e+00
     vertex  2.102067e+01  1.001478e+01  1.500000e+00
   endloop
 endfacet
 facet normal  0.000000e+00  0.000000e+00  1.000000e+00
   outer loop
     vertex  3.710960e+01  5.624920e+00  1.500000e+00
     vertex  2.104676e+01  1.002202e+01  1.500000e+00
     vertex  2.103376e+01  1.001823e+01  1.500000e+00
   endloop
 endfacet
 facet normal  0.000000e+00  0.000000e+00  1.000000e+00
   outer loop
     vertex  3.710960e+01  5.624920e+00  1.500000e+00
     vertex  2.103376e+01  1.001823e+01  1.500000e+00
     vertex  3.711716e+01  5.617157e+00  1.500000e+00
   endloop
 endfacet
 facet normal  0.000000e+00  0.000000e+00  1.000000e+00
   outer loop
     vertex  3.712492e+01  5.609602e+00  1.500000e+00
     vertex  2.102067e+01  1.001478e+01  1.500000e+00
     vertex  2.100749e+01  1.001169e+01  1.500000e+00
   endloop
 endfacet
 facet normal  0.000000e+00  0.000000e+00  1.000000e+00
   outer loop
     vertex  3.712492e+01  5.609602e+00  1.500000e+00
     vertex  3.711716e+01  5.617157e+00  1.500000e+00
     vertex  2.102067e+01  1.001478e+01  1.500000e+00
   endloop
 endfacet
 facet normal  0.000000e+00  0.000000e+00  1.000000e+00
   outer loop
     vertex  3.713288e+01  5.602259e+00  1.500000e+00
     vertex  2.100749e+01  1.001169e+01  1.500000e+00
     vertex  2.099422e+01  1.000896e+01  1.500000e+00
   endloop
 endfacet
 facet normal  0.000000e+00  0.000000e+00  1.000000e+00
   outer loop
     vertex  3.713288e+01  5.602259e+00  1.500000e+00
     vertex  3.712492e+01  5.609602e+00  1.500000e+00
     vertex  2.100749e+01  1.001169e+01  1.500000e+00
   endloop
 endfacet
 facet normal  0.000000e+00  0.000000e+00  1.000000e+00
   outer loop
     vertex  3.710226e+01  5.632885e+00  1.500000e+00
     vertex  2.104676e+01  1.002202e+01  1.500000e+00
     vertex  3.710960e+01  5.624920e+00  1.500000e+00
   endloop
 endfacet
 facet normal  0.000000e+00  0.000000e+00  1.000000e+00
   outer loop
     vertex  3.710226e+01  5.632885e+00  1.500000e+00
     vertex  2.105965e+01  1.002617e+01  1.500000e+00
     vertex  2.104676e+01  1.002202e+01  1.500000e+00
   endloop
 endfacet
 facet normal  0.000000e+00  0.000000e+00  1.000000e+00
   outer loop
     vertex  3.714105e+01  5.595135e+00  1.500000e+00
     vertex  2.099422e+01  1.000896e+01  1.500000e+00
     vertex  2.098089e+01  1.000659e+01  1.500000e+00
   endloop
 endfacet
 facet normal  0.000000e+00  0.000000e+00  1.000000e+00
   outer loop
     vertex  3.714105e+01  5.595135e+00  1.500000e+00
     vertex  3.713288e+01  5.602259e+00  1.500000e+00
     vertex  2.099422e+01  1.000896e+01  1.500000e+00
   endloop
 endfacet
 facet normal  0.000000e+00  0.000000e+00  1.000000e+00
   outer loop
     vertex  3.709514e+01  5.641045e+00  1.500000e+00
     vertex  2.107242e+01  1.003067e+01  1.500000e+00
     vertex  2.105965e+01  1.002617e+01  1.500000e+00
   endloop
 endfacet
 facet normal  0.000000e+00  0.000000e+00  1.000000e+00
   outer loop
     vertex  3.709514e+01  5.641045e+00  1.500000e+00
     vertex  2.105965e+01  1.002617e+01  1.500000e+00
     vertex  3.710226e+01  5.632885e+00  1.500000e+00
   endloop
 endfacet
 facet normal  0.000000e+00  0.000000e+00  1.000000e+00
   outer loop
     vertex  3.708823e+01  5.649396e+00  1.500000e+00
     vertex  2.107242e+01  1.003067e+01  1.500000e+00
     vertex  3.709514e+01  5.641045e+00  1.500000e+00
   endloop
 endfacet
 facet normal  0.000000e+00  0.000000e+00  1.000000e+00
   outer loop
     vertex  3.708823e+01  5.649396e+00  1.500000e+00
     vertex  2.108507e+01  1.003551e+01  1.500000e+00
     vertex  2.107242e+01  1.003067e+01  1.500000e+00
   endloop
 endfacet
 facet normal  0.000000e+00  0.000000e+00  1.000000e+00
   outer loop
     vertex  3.714940e+01  5.588235e+00  1.500000e+00
     vertex  2.098089e+01  1.000659e+01  1.500000e+00
     vertex  2.096750e+01  1.000458e+01  1.500000e+00
   endloop
 endfacet
 facet normal  0.000000e+00  0.000000e+00  1.000000e+00
   outer loop
     vertex  3.714940e+01  5.588235e+00  1.500000e+00
     vertex  3.714105e+01  5.595135e+00  1.500000e+00
     vertex  2.098089e+01  1.000659e+01  1.500000e+00
   endloop
 endfacet
 facet normal  0.000000e+00  0.000000e+00  1.000000e+00
   outer loop
     vertex  3.708156e+01  5.657930e+00  1.500000e+00
     vertex  2.109758e+01  1.004069e+01  1.500000e+00
     vertex  2.108507e+01  1.003551e+01  1.500000e+00
   endloop
 endfacet
 facet normal  0.000000e+00  0.000000e+00  1.000000e+00
   outer loop
     vertex  3.708156e+01  5.657930e+00  1.500000e+00
     vertex  2.108507e+01  1.003551e+01  1.500000e+00
     vertex  3.708823e+01  5.649396e+00  1.500000e+00
   endloop
 endfacet
 facet normal  0.000000e+00  0.000000e+00  1.000000e+00
   outer loop
     vertex  3.715793e+01  5.581563e+00  1.500000e+00
     vertex  2.096750e+01  1.000458e+01  1.500000e+00
     vertex  2.095406e+01  1.000293e+01  1.500000e+00
   endloop
 endfacet
 facet normal  0.000000e+00  0.000000e+00  1.000000e+00
   outer loop
     vertex  3.715793e+01  5.581563e+00  1.500000e+00
     vertex  3.714940e+01  5.588235e+00  1.500000e+00
     vertex  2.096750e+01  1.000458e+01  1.500000e+00
   endloop
 endfacet
 facet normal  0.000000e+00  0.000000e+00  1.000000e+00
   outer loop
     vertex  3.716664e+01  5.575124e+00  1.500000e+00
     vertex  2.095406e+01  1.000293e+01  1.500000e+00
     vertex  2.094058e+01  1.000165e+01  1.500000e+00
   endloop
 endfacet
 facet normal  0.000000e+00  0.000000e+00  1.000000e+00
   outer loop
     vertex  3.716664e+01  5.575124e+00  1.500000e+00
     vertex  2.094058e+01  1.000165e+01  1.500000e+00
     vertex  3.000000e+00 -4.440892e-16  1.500000e+00
   endloop
 endfacet
 facet normal  0.000000e+00  0.000000e+00  1.000000e+00
   outer loop
     vertex  3.716664e+01  5.575124e+00  1.500000e+00
     vertex  3.715793e+01  5.581563e+00  1.500000e+00
     vertex  2.095406e+01  1.000293e+01  1.500000e+00
   endloop
 endfacet
 facet normal  0.000000e+00  0.000000e+00  1.000000e+00
   outer loop
     vertex  3.707512e+01  5.666642e+00  1.500000e+00
     vertex  2.109758e+01  1.004069e+01  1.500000e+00
     vertex  3.708156e+01  5.657930e+00  1.500000e+00
   endloop
 endfacet
 facet normal  0.000000e+00  0.000000e+00  1.000000e+00
   outer loop
     vertex  3.707512e+01  5.666642e+00  1.500000e+00
     vertex  2.110994e+01  1.004621e+01  1.500000e+00
     vertex  2.109758e+01  1.004069e+01  1.500000e+00
   endloop
 endfacet
 facet normal  0.000000e+00  0.000000e+00  1.000000e+00
   outer loop
     vertex  3.706892e+01  5.675525e+00  1.500000e+00
     vertex  2.112216e+01  1.005206e+01  1.500000e+00
     vertex  2.110994e+01  1.004621e+01  1.500000e+00
   endloop
 endfacet
 facet normal  0.000000e+00  0.000000e+00  1.000000e+00
   outer loop
     vertex  3.706892e+01  5.675525e+00  1.500000e+00
     vertex  2.110994e+01  1.004621e+01  1.500000e+00
     vertex  3.707512e+01  5.666642e+00  1.500000e+00
   endloop
 endfacet
 facet normal  0.000000e+00  0.000000e+00  1.000000e+00
   outer loop
     vertex  3.717553e+01  5.568924e+00  1.500000e+00
     vertex  3.716664e+01  5.575124e+00  1.500000e+00
     vertex  3.000000e+00 -4.440892e-16  1.500000e+00
   endloop
 endfacet
 facet normal  0.000000e+00  0.000000e+00  1.000000e+00
   outer loop
     vertex  3.706297e+01  5.684573e+00  1.500000e+00
     vertex  2.112216e+01  1.005206e+01  1.500000e+00
     vertex  3.706892e+01  5.675525e+00  1.500000e+00
   endloop
 endfacet
 facet normal  0.000000e+00  0.000000e+00  1.000000e+00
   outer loop
     vertex  3.706297e+01  5.684573e+00  1.500000e+00
     vertex  2.113420e+01  1.005824e+01  1.500000e+00
     vertex  2.112216e+01  1.005206e+01  1.500000e+00
   endloop
 endfacet
 facet normal  0.000000e+00  0.000000e+00  1.000000e+00
   outer loop
     vertex  3.718457e+01  5.562967e+00  1.500000e+00
     vertex  3.717553e+01  5.568924e+00  1.500000e+00
     vertex  3.000000e+00 -4.440892e-16  1.500000e+00
   endloop
 endfacet
 facet normal  0.000000e+00  0.000000e+00  1.000000e+00
   outer loop
     vertex  3.705726e+01  5.693778e+00  1.500000e+00
     vertex  2.113420e+01  1.005824e+01  1.500000e+00
     vertex  3.706297e+01  5.684573e+00  1.500000e+00
   endloop
 endfacet
 facet normal  0.000000e+00  0.000000e+00  1.000000e+00
   outer loop
     vertex  3.705726e+01  5.693778e+00  1.500000e+00
     vertex  2.114608e+01  1.006475e+01  1.500000e+00
     vertex  2.113420e+01  1.005824e+01  1.500000e+00
   endloop
 endfacet
 facet normal  0.000000e+00  0.000000e+00  1.000000e+00
   outer loop
     vertex  3.719378e+01  5.557257e+00  1.500000e+00
     vertex  3.718457e+01  5.562967e+00  1.500000e+00
     vertex  3.000000e+00 -4.440892e-16  1.500000e+00
   endloop
 endfacet
 facet normal  0.000000e+00  0.000000e+00  1.000000e+00
   outer loop
     vertex  3.720314e+01  5.551798e+00  1.500000e+00
     vertex  3.719378e+01  5.557257e+00  1.500000e+00
     vertex  3.000000e+00 -4.440892e-16  1.500000e+00
   endloop
 endfacet
 facet normal  0.000000e+00  0.000000e+00  1.000000e+00
   outer loop
     vertex  3.705180e+01  5.703135e+00  1.500000e+00
     vertex  2.114608e+01  1.006475e+01  1.500000e+00
     vertex  3.705726e+01  5.693778e+00  1.500000e+00
   endloop
 endfacet
 facet normal  0.000000e+00  0.000000e+00  1.000000e+00
   outer loop
     vertex  3.705180e+01  5.703135e+00  1.500000e+00
     vertex  2.115778e+01  1.007157e+01  1.500000e+00
     vertex  2.114608e+01  1.006475e+01  1.500000e+00
   endloop
 endfacet
 facet normal  0.000000e+00  0.000000e+00  1.000000e+00
   outer loop
     vertex  3.721264e+01  5.546595e+00  1.500000e+00
     vertex  3.720314e+01  5.551798e+00  1.500000e+00
     vertex  3.000000e+00 -4.440892e-16  1.500000e+00
   endloop
 endfacet
 facet normal  0.000000e+00  0.000000e+00  1.000000e+00
   outer loop
     vertex  3.704660e+01  5.712637e+00  1.500000e+00
     vertex  2.115778e+01  1.007157e+01  1.500000e+00
     vertex  3.705180e+01  5.703135e+00  1.500000e+00
   endloop
 endfacet
 facet normal  0.000000e+00  0.000000e+00  1.000000e+00
   outer loop
     vertex  3.704660e+01  5.712637e+00  1.500000e+00
     vertex  2.116928e+01  1.007871e+01  1.500000e+00
     vertex  2.115778e+01  1.007157e+01  1.500000e+00
   endloop
 endfacet
 facet normal  0.000000e+00  0.000000e+00  1.000000e+00
   outer loop
     vertex  3.704165e+01  5.722275e+00  1.500000e+00
     vertex  2.116928e+01  1.007871e+01  1.500000e+00
     vertex  3.704660e+01  5.712637e+00  1.500000e+00
   endloop
 endfacet
 facet normal  0.000000e+00  0.000000e+00  1.000000e+00
   outer loop
     vertex  3.704165e+01  5.722275e+00  1.500000e+00
     vertex  2.118059e+01  1.008616e+01  1.500000e+00
     vertex  2.116928e+01  1.007871e+01  1.500000e+00
   endloop
 endfacet
 facet normal  0.000000e+00  0.000000e+00  1.000000e+00
   outer loop
     vertex  3.722228e+01  5.541651e+00  1.500000e+00
     vertex  3.721264e+01  5.546595e+00  1.500000e+00
     vertex  3.000000e+00 -4.440892e-16  1.500000e+00
   endloop
 endfacet
 facet normal  0.000000e+00  0.000000e+00  1.000000e+00
   outer loop
     vertex  3.723204e+01  5.536970e+00  1.500000e+00
     vertex  3.722228e+01  5.541651e+00  1.500000e+00
     vertex  3.000000e+00 -4.440892e-16  1.500000e+00
   endloop
 endfacet
 facet normal  0.000000e+00  0.000000e+00  1.000000e+00
   outer loop
     vertex  3.703697e+01  5.732044e+00  1.500000e+00
     vertex  2.119170e+01  1.009391e+01  1.500000e+00
     vertex  2.118059e+01  1.008616e+01  1.500000e+00
   endloop
 endfacet
 facet normal  0.000000e+00  0.000000e+00  1.000000e+00
   outer loop
     vertex  3.703697e+01  5.732044e+00  1.500000e+00
     vertex  2.118059e+01  1.008616e+01  1.500000e+00
     vertex  3.704165e+01  5.722275e+00  1.500000e+00
   endloop
 endfacet
 facet normal  0.000000e+00  0.000000e+00  1.000000e+00
   outer loop
     vertex  3.703255e+01  5.741937e+00  1.500000e+00
     vertex  2.120259e+01  1.010195e+01  1.500000e+00
     vertex  2.119170e+01  1.009391e+01  1.500000e+00
   endloop
 endfacet
 facet normal  0.000000e+00  0.000000e+00  1.000000e+00
   outer loop
     vertex  3.703255e+01  5.741937e+00  1.500000e+00
     vertex  2.119170e+01  1.009391e+01  1.500000e+00
     vertex  3.703697e+01  5.732044e+00  1.500000e+00
   endloop
 endfacet
 facet normal  0.000000e+00  0.000000e+00  1.000000e+00
   outer loop
     vertex  3.724194e+01  5.532555e+00  1.500000e+00
     vertex  3.723204e+01  5.536970e+00  1.500000e+00
     vertex  3.000000e+00 -4.440892e-16  1.500000e+00
   endloop
 endfacet
 facet normal  0.000000e+00  0.000000e+00  1.000000e+00
   outer loop
     vertex  3.725194e+01  5.528409e+00  1.500000e+00
     vertex  3.724194e+01  5.532555e+00  1.500000e+00
     vertex  3.000000e+00 -4.440892e-16  1.500000e+00
   endloop
 endfacet
 facet normal  0.000000e+00  0.000000e+00  1.000000e+00
   outer loop
     vertex  3.702841e+01  5.751945e+00  1.500000e+00
     vertex  2.121325e+01  1.011029e+01  1.500000e+00
     vertex  2.120259e+01  1.010195e+01  1.500000e+00
   endloop
 endfacet
 facet normal  0.000000e+00  0.000000e+00  1.000000e+00
   outer loop
     vertex  3.702841e+01  5.751945e+00  1.500000e+00
     vertex  2.120259e+01  1.010195e+01  1.500000e+00
     vertex  3.703255e+01  5.741937e+00  1.500000e+00
   endloop
 endfacet
 facet normal  0.000000e+00  0.000000e+00  1.000000e+00
   outer loop
     vertex  3.726206e+01  5.524536e+00  1.500000e+00
     vertex  3.725194e+01  5.528409e+00  1.500000e+00
     vertex  3.000000e+00 -4.440892e-16  1.500000e+00
   endloop
 endfacet
 facet normal  0.000000e+00  0.000000e+00  1.000000e+00
   outer loop
     vertex  3.702454e+01  5.762061e+00  1.500000e+00
     vertex  2.122369e+01  1.011892e+01  1.500000e+00
     vertex  2.121325e+01  1.011029e+01  1.500000e+00
   endloop
 endfacet
 facet normal  0.000000e+00  0.000000e+00  1.000000e+00
   outer loop
     vertex  3.702454e+01  5.762061e+00  1.500000e+00
     vertex  2.121325e+01  1.011029e+01  1.500000e+00
     vertex  3.702841e+01  5.751945e+00  1.500000e+00
   endloop
 endfacet
 facet normal  0.000000e+00  0.000000e+00  1.000000e+00
   outer loop
     vertex  3.702094e+01  5.772279e+00  1.500000e+00
     vertex  2.123389e+01  1.012782e+01  1.500000e+00
     vertex  2.122369e+01  1.011892e+01  1.500000e+00
   endloop
 endfacet
 facet normal  0.000000e+00  0.000000e+00  1.000000e+00
   outer loop
     vertex  3.702094e+01  5.772279e+00  1.500000e+00
     vertex  2.122369e+01  1.011892e+01  1.500000e+00
     vertex  3.702454e+01  5.762061e+00  1.500000e+00
   endloop
 endfacet
 facet normal  0.000000e+00  0.000000e+00  1.000000e+00
   outer loop
     vertex  3.727228e+01  5.520939e+00  1.500000e+00
     vertex  3.726206e+01  5.524536e+00  1.500000e+00
     vertex  3.000000e+00 -4.440892e-16  1.500000e+00
   endloop
 endfacet
 facet normal  0.000000e+00  0.000000e+00  1.000000e+00
   outer loop
     vertex  3.728259e+01  5.517619e+00  1.500000e+00
     vertex  3.727228e+01  5.520939e+00  1.500000e+00
     vertex  3.000000e+00 -4.440892e-16  1.500000e+00
   endloop
 endfacet
 facet normal  0.000000e+00  0.000000e+00  1.000000e+00
   outer loop
     vertex  3.701762e+01  5.782591e+00  1.500000e+00
     vertex  2.124385e+01  1.013700e+01  1.500000e+00
     vertex  2.123389e+01  1.012782e+01  1.500000e+00
   endloop
 endfacet
 facet normal  0.000000e+00  0.000000e+00  1.000000e+00
   outer loop
     vertex  3.701762e+01  5.782591e+00  1.500000e+00
     vertex  2.123389e+01  1.012782e+01  1.500000e+00
     vertex  3.702094e+01  5.772279e+00  1.500000e+00
   endloop
 endfacet
 facet normal  0.000000e+00  0.000000e+00  1.000000e+00
   outer loop
     vertex  3.729299e+01  5.514580e+00  1.500000e+00
     vertex  3.728259e+01  5.517619e+00  1.500000e+00
     vertex  3.000000e+00 -4.440892e-16  1.500000e+00
   endloop
 endfacet
 facet normal  0.000000e+00  0.000000e+00  1.000000e+00
   outer loop
     vertex  3.701458e+01  5.792989e+00  1.500000e+00
     vertex  2.125355e+01  1.014645e+01  1.500000e+00
     vertex  2.124385e+01  1.013700e+01  1.500000e+00
   endloop
 endfacet
 facet normal  0.000000e+00  0.000000e+00  1.000000e+00
   outer loop
     vertex  3.701458e+01  5.792989e+00  1.500000e+00
     vertex  2.124385e+01  1.013700e+01  1.500000e+00
     vertex  3.701762e+01  5.782591e+00  1.500000e+00
   endloop
 endfacet
 facet normal  0.000000e+00  0.000000e+00  1.000000e+00
   outer loop
     vertex  3.730346e+01  5.511824e+00  1.500000e+00
     vertex  3.729299e+01  5.514580e+00  1.500000e+00
     vertex  3.000000e+00 -4.440892e-16  1.500000e+00
   endloop
 endfacet
 facet normal  0.000000e+00  0.000000e+00  1.000000e+00
   outer loop
     vertex  3.701182e+01  5.803465e+00  1.500000e+00
     vertex  2.126300e+01  1.015615e+01  1.500000e+00
     vertex  2.125355e+01  1.014645e+01  1.500000e+00
   endloop
 endfacet
 facet normal  0.000000e+00  0.000000e+00  1.000000e+00
   outer loop
     vertex  3.701182e+01  5.803465e+00  1.500000e+00
     vertex  2.125355e+01  1.014645e+01  1.500000e+00
     vertex  3.701458e+01  5.792989e+00  1.500000e+00
   endloop
 endfacet
 facet normal  0.000000e+00  0.000000e+00  1.000000e+00
   outer loop
     vertex  3.731401e+01  5.509352e+00  1.500000e+00
     vertex  3.730346e+01  5.511824e+00  1.500000e+00
     vertex  3.000000e+00 -4.440892e-16  1.500000e+00
   endloop
 endfacet
 facet normal  0.000000e+00  0.000000e+00  1.000000e+00
   outer loop
     vertex  3.700935e+01  5.814012e+00  1.500000e+00
     vertex  2.126300e+01  1.015615e+01  1.500000e+00
     vertex  3.701182e+01  5.803465e+00  1.500000e+00
   endloop
 endfacet
 facet normal  0.000000e+00  0.000000e+00  1.000000e+00
   outer loop
     vertex  3.700935e+01  5.814012e+00  1.500000e+00
     vertex  2.127218e+01  1.016611e+01  1.500000e+00
     vertex  2.126300e+01  1.015615e+01  1.500000e+00
   endloop
 endfacet
 facet normal  0.000000e+00  0.000000e+00  1.000000e+00
   outer loop
     vertex  3.732462e+01  5.507167e+00  1.500000e+00
     vertex  3.731401e+01  5.509352e+00  1.500000e+00
     vertex  3.000000e+00 -4.440892e-16  1.500000e+00
   endloop
 endfacet
 facet normal  0.000000e+00  0.000000e+00  1.000000e+00
   outer loop
     vertex  3.700717e+01  5.824622e+00  1.500000e+00
     vertex  2.128108e+01  1.017631e+01  1.500000e+00
     vertex  2.127218e+01  1.016611e+01  1.500000e+00
   endloop
 endfacet
 facet normal  0.000000e+00  0.000000e+00  1.000000e+00
   outer loop
     vertex  3.700717e+01  5.824622e+00  1.500000e+00
     vertex  2.127218e+01  1.016611e+01  1.500000e+00
     vertex  3.700935e+01  5.814012e+00  1.500000e+00
   endloop
 endfacet
 facet normal  0.000000e+00  0.000000e+00  1.000000e+00
   outer loop
     vertex  3.733529e+01  5.505269e+00  1.500000e+00
     vertex  3.732462e+01  5.507167e+00  1.500000e+00
     vertex  3.000000e+00 -4.440892e-16  1.500000e+00
   endloop
 endfacet
 facet normal  0.000000e+00  0.000000e+00  1.000000e+00
   outer loop
     vertex  3.700527e+01  5.835287e+00  1.500000e+00
     vertex  2.128971e+01  1.018675e+01  1.500000e+00
     vertex  2.128108e+01  1.017631e+01  1.500000e+00
   endloop
 endfacet
 facet normal  0.000000e+00  0.000000e+00  1.000000e+00
   outer loop
     vertex  3.700527e+01  5.835287e+00  1.500000e+00
     vertex  2.128108e+01  1.017631e+01  1.500000e+00
     vertex  3.700717e+01  5.824622e+00  1.500000e+00
   endloop
 endfacet
 facet normal  0.000000e+00  0.000000e+00  1.000000e+00
   outer loop
     vertex  3.734600e+01  5.503662e+00  1.500000e+00
     vertex  3.733529e+01  5.505269e+00  1.500000e+00
     vertex  3.000000e+00 -4.440892e-16  1.500000e+00
   endloop
 endfacet
 facet normal  0.000000e+00  0.000000e+00  1.000000e+00
   outer loop
     vertex  3.700366e+01  5.846000e+00  1.500000e+00
     vertex  2.129805e+01  1.019741e+01  1.500000e+00
     vertex  2.128971e+01  1.018675e+01  1.500000e+00
   endloop
 endfacet
 facet normal  0.000000e+00  0.000000e+00  1.000000e+00
   outer loop
     vertex  3.700366e+01  5.846000e+00  1.500000e+00
     vertex  2.128971e+01  1.018675e+01  1.500000e+00
     vertex  3.700527e+01  5.835287e+00  1.500000e+00
   endloop
 endfacet
 facet normal  0.000000e+00  0.000000e+00  1.000000e+00
   outer loop
     vertex  3.735675e+01  5.502345e+00  1.500000e+00
     vertex  3.734600e+01  5.503662e+00  1.500000e+00
     vertex  3.000000e+00 -4.440892e-16  1.500000e+00
   endloop
 endfacet
 facet normal  0.000000e+00  0.000000e+00  1.000000e+00
   outer loop
     vertex  3.700234e+01  5.856752e+00  1.500000e+00
     vertex  2.130609e+01  1.020830e+01  1.500000e+00
     vertex  2.129805e+01  1.019741e+01  1.500000e+00
   endloop
 endfacet
 facet normal  0.000000e+00  0.000000e+00  1.000000e+00
   outer loop
     vertex  3.700234e+01  5.856752e+00  1.500000e+00
     vertex  2.129805e+01  1.019741e+01  1.500000e+00
     vertex  3.700366e+01  5.846000e+00  1.500000e+00
   endloop
 endfacet
 facet normal  0.000000e+00  0.000000e+00  1.000000e+00
   outer loop
     vertex  3.736754e+01  5.501320e+00  1.500000e+00
     vertex  3.735675e+01  5.502345e+00  1.500000e+00
     vertex  3.000000e+00 -4.440892e-16  1.500000e+00
   endloop
 endfacet
 facet normal  0.000000e+00  0.000000e+00  1.000000e+00
   outer loop
     vertex  3.700132e+01  5.867537e+00  1.500000e+00
     vertex  2.131384e+01  1.021941e+01  1.500000e+00
     vertex  2.130609e+01  1.020830e+01  1.500000e+00
   endloop
 endfacet
 facet normal  0.000000e+00  0.000000e+00  1.000000e+00
   outer loop
     vertex  3.700132e+01  5.867537e+00  1.500000e+00
     vertex  2.130609e+01  1.020830e+01  1.500000e+00
     vertex  3.700234e+01  5.856752e+00  1.500000e+00
   endloop
 endfacet
 facet normal  0.000000e+00  0.000000e+00  1.000000e+00
   outer loop
     vertex  3.737834e+01  5.500587e+00  1.500000e+00
     vertex  3.736754e+01  5.501320e+00  1.500000e+00
     vertex  3.000000e+00 -4.440892e-16  1.500000e+00
   endloop
 endfacet
 facet normal  0.000000e+00  0.000000e+00  1.000000e+00
   outer loop
     vertex  3.700059e+01  5.878344e+00  1.500000e+00
     vertex  2.132129e+01  1.023072e+01  1.500000e+00
     vertex  2.131384e+01  1.021941e+01  1.500000e+00
   endloop
 endfacet
 facet normal  0.000000e+00  0.000000e+00  1.000000e+00
   outer loop
     vertex  3.700059e+01  5.878344e+00  1.500000e+00
     vertex  2.131384e+01  1.021941e+01  1.500000e+00
     vertex  3.700132e+01  5.867537e+00  1.500000e+00
   endloop
 endfacet
 facet normal  0.000000e+00  0.000000e+00  1.000000e+00
   outer loop
     vertex  3.700015e+01  5.889168e+00  1.500000e+00
     vertex  2.132843e+01  1.024222e+01  1.500000e+00
     vertex  2.132129e+01  1.023072e+01  1.500000e+00
   endloop
 endfacet
 facet normal  0.000000e+00  0.000000e+00  1.000000e+00
   outer loop
     vertex  3.700015e+01  5.889168e+00  1.500000e+00
     vertex  2.132129e+01  1.023072e+01  1.500000e+00
     vertex  3.700059e+01  5.878344e+00  1.500000e+00
   endloop
 endfacet
 facet normal  0.000000e+00  0.000000e+00  1.000000e+00
   outer loop
     vertex  3.700000e+01  5.900000e+00  1.500000e+00
     vertex  2.132843e+01  1.024222e+01  1.500000e+00
     vertex  3.700015e+01  5.889168e+00  1.500000e+00
   endloop
 endfacet
 facet normal  0.000000e+00  0.000000e+00  1.000000e+00
   outer loop
     vertex  3.700000e+01  5.900000e+00  1.500000e+00
     vertex  2.133525e+01  1.025392e+01  1.500000e+00
     vertex  2.132843e+01  1.024222e+01  1.500000e+00
   endloop
 endfacet
 facet normal  0.000000e+00  0.000000e+00  1.000000e+00
   outer loop
     vertex  3.700000e+01  5.900000e+00  1.500000e+00
     vertex  2.134176e+01  1.026580e+01  1.500000e+00
     vertex  2.133525e+01  1.025392e+01  1.500000e+00
   endloop
 endfacet
 facet normal  0.000000e+00  0.000000e+00  1.000000e+00
   outer loop
     vertex  3.700000e+01  5.900000e+00  1.500000e+00
     vertex  2.134794e+01  1.027784e+01  1.500000e+00
     vertex  2.134176e+01  1.026580e+01  1.500000e+00
   endloop
 endfacet
 facet normal  0.000000e+00  0.000000e+00  1.000000e+00
   outer loop
     vertex  3.700000e+01  5.900000e+00  1.500000e+00
     vertex  2.135379e+01  1.029006e+01  1.500000e+00
     vertex  2.134794e+01  1.027784e+01  1.500000e+00
   endloop
 endfacet
 facet normal  0.000000e+00  0.000000e+00  1.000000e+00
   outer loop
     vertex  3.700000e+01  5.900000e+00  1.500000e+00
     vertex  2.135931e+01  1.030242e+01  1.500000e+00
     vertex  2.135379e+01  1.029006e+01  1.500000e+00
   endloop
 endfacet
 facet normal  0.000000e+00  0.000000e+00  1.000000e+00
   outer loop
     vertex  3.700000e+01  5.900000e+00  1.500000e+00
     vertex  2.136449e+01  1.031493e+01  1.500000e+00
     vertex  2.135931e+01  1.030242e+01  1.500000e+00
   endloop
 endfacet
 facet normal  0.000000e+00  0.000000e+00  1.000000e+00
   outer loop
     vertex  3.700000e+01  5.900000e+00  1.500000e+00
     vertex  2.136933e+01  1.032758e+01  1.500000e+00
     vertex  2.136449e+01  1.031493e+01  1.500000e+00
   endloop
 endfacet
 facet normal  0.000000e+00  0.000000e+00  1.000000e+00
   outer loop
     vertex  3.700000e+01  5.900000e+00  1.500000e+00
     vertex  2.137383e+01  1.034035e+01  1.500000e+00
     vertex  2.136933e+01  1.032758e+01  1.500000e+00
   endloop
 endfacet
 facet normal  0.000000e+00  0.000000e+00  1.000000e+00
   outer loop
     vertex  3.700000e+01  5.900000e+00  1.500000e+00
     vertex  2.137798e+01  1.035324e+01  1.500000e+00
     vertex  2.137383e+01  1.034035e+01  1.500000e+00
   endloop
 endfacet
 facet normal  0.000000e+00  0.000000e+00  1.000000e+00
   outer loop
     vertex  3.700000e+01  5.900000e+00  1.500000e+00
     vertex  2.138177e+01  1.036624e+01  1.500000e+00
     vertex  2.137798e+01  1.035324e+01  1.500000e+00
   endloop
 endfacet
 facet normal  0.000000e+00  0.000000e+00  1.000000e+00
   outer loop
     vertex  3.700000e+01  5.900000e+00  1.500000e+00
     vertex  2.138522e+01  1.037933e+01  1.500000e+00
     vertex  2.138177e+01  1.036624e+01  1.500000e+00
   endloop
 endfacet
 facet normal  0.000000e+00  0.000000e+00  1.000000e+00
   outer loop
     vertex  3.700000e+01  5.900000e+00  1.500000e+00
     vertex  2.138831e+01  1.039251e+01  1.500000e+00
     vertex  2.138522e+01  1.037933e+01  1.500000e+00
   endloop
 endfacet
 facet normal  0.000000e+00  0.000000e+00  1.000000e+00
   outer loop
     vertex  3.700000e+01  5.900000e+00  1.500000e+00
     vertex  2.139104e+01  1.040578e+01  1.500000e+00
     vertex  2.138831e+01  1.039251e+01  1.500000e+00
   endloop
 endfacet
 facet normal  0.000000e+00  0.000000e+00  1.000000e+00
   outer loop
     vertex  3.700000e+01  5.900000e+00  1.500000e+00
     vertex  2.139341e+01  1.041911e+01  1.500000e+00
     vertex  2.139104e+01  1.040578e+01  1.500000e+00
   endloop
 endfacet
 facet normal  0.000000e+00  0.000000e+00  1.000000e+00
   outer loop
     vertex  3.700000e+01  5.900000e+00  1.500000e+00
     vertex  2.139542e+01  1.043250e+01  1.500000e+00
     vertex  2.139341e+01  1.041911e+01  1.500000e+00
   endloop
 endfacet
 facet normal  0.000000e+00  0.000000e+00  1.000000e+00
   outer loop
     vertex  3.700000e+01  5.900000e+00  1.500000e+00
     vertex  2.139707e+01  1.044594e+01  1.500000e+00
     vertex  2.139542e+01  1.043250e+01  1.500000e+00
   endloop
 endfacet
 facet normal  0.000000e+00  0.000000e+00  1.000000e+00
   outer loop
     vertex  3.700000e+01  5.900000e+00  1.500000e+00
     vertex  2.139835e+01  1.045942e+01  1.500000e+00
     vertex  2.139707e+01  1.044594e+01  1.500000e+00
   endloop
 endfacet
 facet normal  0.000000e+00  0.000000e+00  1.000000e+00
   outer loop
     vertex  3.700000e+01  5.900000e+00  1.500000e+00
     vertex  2.139927e+01  1.047293e+01  1.500000e+00
     vertex  2.139835e+01  1.045942e+01  1.500000e+00
   endloop
 endfacet
 facet normal  0.000000e+00  0.000000e+00  1.000000e+00
   outer loop
     vertex  3.700000e+01  5.900000e+00  1.500000e+00
     vertex  2.139982e+01  1.048646e+01  1.500000e+00
     vertex  2.139927e+01  1.047293e+01  1.500000e+00
   endloop
 endfacet
 facet normal  0.000000e+00  0.000000e+00  1.000000e+00
   outer loop
     vertex  3.700000e+01  5.900000e+00  1.500000e+00
     vertex  2.140000e+01  1.050000e+01  1.500000e+00
     vertex  2.139982e+01  1.048646e+01  1.500000e+00
   endloop
 endfacet
 facet normal  0.000000e+00  0.000000e+00  1.000000e+00
   outer loop
     vertex  2.090000e+01  2.240000e+01  1.500000e+00
     vertex  3.000000e+00  3.400000e+01  1.500000e+00
     vertex  9.500000e+00  2.240000e+01  1.500000e+00
   endloop
 endfacet
 facet normal  0.000000e+00  0.000000e+00  1.000000e+00
   outer loop
     vertex  2.140000e+01  2.190000e+01  1.500000e+00
     vertex  2.140000e+01  1.050000e+01  1.500000e+00
     vertex  3.700000e+01  5.900000e+00  1.500000e+00
   endloop
 endfacet
 facet normal  0.000000e+00  0.000000e+00  1.000000e+00
   outer loop
     vertex  2.091354e+01  2.239982e+01  1.500000e+00
     vertex  3.000000e+00  3.400000e+01  1.500000e+00
     vertex  2.090000e+01  2.240000e+01  1.500000e+00
   endloop
 endfacet
 facet normal  0.000000e+00  0.000000e+00  1.000000e+00
   outer loop
     vertex  2.092707e+01  2.239927e+01  1.500000e+00
     vertex  3.000000e+00  3.400000e+01  1.500000e+00
     vertex  2.091354e+01  2.239982e+01  1.500000e+00
   endloop
 endfacet
 facet normal  0.000000e+00  0.000000e+00  1.000000e+00
   outer loop
     vertex  2.094058e+01  2.239835e+01  1.500000e+00
     vertex  3.000000e+00  3.400000e+01  1.500000e+00
     vertex  2.092707e+01  2.239927e+01  1.500000e+00
   endloop
 endfacet
 facet normal  0.000000e+00  0.000000e+00  1.000000e+00
   outer loop
     vertex  6.300000e+01 -4.440892e-16  1.500000e+00
     vertex  5.520000e+01  5.500000e+00  1.500000e+00
     vertex  3.740000e+01  5.500000e+00  1.500000e+00
   endloop
 endfacet
 facet normal  0.000000e+00  0.000000e+00  1.000000e+00
   outer loop
     vertex  6.300000e+01 -4.440892e-16  1.500000e+00
     vertex  3.738917e+01  5.500147e+00  1.500000e+00
     vertex  3.737834e+01  5.500587e+00  1.500000e+00
   endloop
 endfacet
 facet normal  0.000000e+00  0.000000e+00  1.000000e+00
   outer loop
     vertex  6.300000e+01 -4.440892e-16  1.500000e+00
     vertex  3.740000e+01  5.500000e+00  1.500000e+00
     vertex  3.738917e+01  5.500147e+00  1.500000e+00
   endloop
 endfacet
 facet normal  0.000000e+00  0.000000e+00  1.000000e+00
   outer loop
     vertex  6.300000e+01 -4.440892e-16  1.500000e+00
     vertex  5.521083e+01  5.500147e+00  1.500000e+00
     vertex  5.520000e+01  5.500000e+00  1.500000e+00
   endloop
 endfacet
 facet normal  0.000000e+00  0.000000e+00  1.000000e+00
   outer loop
     vertex  6.300000e+01 -4.440892e-16  1.500000e+00
     vertex  5.522166e+01  5.500587e+00  1.500000e+00
     vertex  5.521083e+01  5.500147e+00  1.500000e+00
   endloop
 endfacet
 facet normal  0.000000e+00  0.000000e+00  1.000000e+00
   outer loop
     vertex  6.300000e+01 -4.440892e-16  1.500000e+00
     vertex  5.523246e+01  5.501320e+00  1.500000e+00
     vertex  5.522166e+01  5.500587e+00  1.500000e+00
   endloop
 endfacet
 facet normal  0.000000e+00  0.000000e+00  1.000000e+00
   outer loop
     vertex  6.300000e+01 -4.440892e-16  1.500000e+00
     vertex  5.524325e+01  5.502345e+00  1.500000e+00
     vertex  5.523246e+01  5.501320e+00  1.500000e+00
   endloop
 endfacet
 facet normal  0.000000e+00  0.000000e+00  1.000000e+00
   outer loop
     vertex  6.300000e+01 -4.440892e-16  1.500000e+00
     vertex  5.525400e+01  5.503662e+00  1.500000e+00
     vertex  5.524325e+01  5.502345e+00  1.500000e+00
   endloop
 endfacet
 facet normal  0.000000e+00  0.000000e+00  1.000000e+00
   outer loop
     vertex  6.300000e+01 -4.440892e-16  1.500000e+00
     vertex  5.526471e+01  5.505269e+00  1.500000e+00
     vertex  5.525400e+01  5.503662e+00  1.500000e+00
   endloop
 endfacet
 facet normal  0.000000e+00  0.000000e+00  1.000000e+00
   outer loop
     vertex  6.300000e+01 -4.440892e-16  1.500000e+00
     vertex  5.527538e+01  5.507167e+00  1.500000e+00
     vertex  5.526471e+01  5.505269e+00  1.500000e+00
   endloop
 endfacet
 facet normal  0.000000e+00  0.000000e+00  1.000000e+00
   outer loop
     vertex  6.300000e+01 -4.440892e-16  1.500000e+00
     vertex  5.528599e+01  5.509352e+00  1.500000e+00
     vertex  5.527538e+01  5.507167e+00  1.500000e+00
   endloop
 endfacet
 facet normal  0.000000e+00  0.000000e+00  1.000000e+00
   outer loop
     vertex  6.300000e+01 -4.440892e-16  1.500000e+00
     vertex  3.737834e+01  5.500587e+00  1.500000e+00
     vertex  3.000000e+00 -4.440892e-16  1.500000e+00
   endloop
 endfacet
 facet normal  0.000000e+00  0.000000e+00  1.000000e+00
   outer loop
     vertex  6.300000e+01 -4.440892e-16  1.500000e+00
     vertex  5.529654e+01  5.511824e+00  1.500000e+00
     vertex  5.528599e+01  5.509352e+00  1.500000e+00
   endloop
 endfacet
 facet normal  0.000000e+00  0.000000e+00  1.000000e+00
   outer loop
     vertex  6.300000e+01 -4.440892e-16  1.500000e+00
     vertex  5.530701e+01  5.514580e+00  1.500000e+00
     vertex  5.529654e+01  5.511824e+00  1.500000e+00
   endloop
 endfacet
 facet normal  0.000000e+00  0.000000e+00  1.000000e+00
   outer loop
     vertex  6.300000e+01 -4.440892e-16  1.500000e+00
     vertex  5.531741e+01  5.517619e+00  1.500000e+00
     vertex  5.530701e+01  5.514580e+00  1.500000e+00
   endloop
 endfacet
 facet normal  0.000000e+00  0.000000e+00  1.000000e+00
   outer loop
     vertex  6.300000e+01 -4.440892e-16  1.500000e+00
     vertex  5.532772e+01  5.520939e+00  1.500000e+00
     vertex  5.531741e+01  5.517619e+00  1.500000e+00
   endloop
 endfacet
 facet normal  0.000000e+00  0.000000e+00  1.000000e+00
   outer loop
     vertex  6.300000e+01 -4.440892e-16  1.500000e+00
     vertex  5.533794e+01  5.524536e+00  1.500000e+00
     vertex  5.532772e+01  5.520939e+00  1.500000e+00
   endloop
 endfacet
 facet normal  0.000000e+00  0.000000e+00  1.000000e+00
   outer loop
     vertex  6.300000e+01 -4.440892e-16  1.500000e+00
     vertex  5.534806e+01  5.528409e+00  1.500000e+00
     vertex  5.533794e+01  5.524536e+00  1.500000e+00
   endloop
 endfacet
 facet normal  0.000000e+00  0.000000e+00  1.000000e+00
   outer loop
     vertex  6.300000e+01 -4.440892e-16  1.500000e+00
     vertex  5.535806e+01  5.532555e+00  1.500000e+00
     vertex  5.534806e+01  5.528409e+00  1.500000e+00
   endloop
 endfacet
 facet normal  0.000000e+00  0.000000e+00  1.000000e+00
   outer loop
     vertex  6.300000e+01 -4.440892e-16  1.500000e+00
     vertex  5.536796e+01  5.536970e+00  1.500000e+00
     vertex  5.535806e+01  5.532555e+00  1.500000e+00
   endloop
 endfacet
 facet normal  0.000000e+00  0.000000e+00  1.000000e+00
   outer loop
     vertex  6.300000e+01 -4.440892e-16  1.500000e+00
     vertex  5.537772e+01  5.541651e+00  1.500000e+00
     vertex  5.536796e+01  5.536970e+00  1.500000e+00
   endloop
 endfacet
 facet normal  0.000000e+00  0.000000e+00  1.000000e+00
   outer loop
     vertex  6.300000e+01 -4.440892e-16  1.500000e+00
     vertex  5.538736e+01  5.546595e+00  1.500000e+00
     vertex  5.537772e+01  5.541651e+00  1.500000e+00
   endloop
 endfacet
 facet normal  0.000000e+00  0.000000e+00  1.000000e+00
   outer loop
     vertex  6.300000e+01 -4.440892e-16  1.500000e+00
     vertex  5.539686e+01  5.551798e+00  1.500000e+00
     vertex  5.538736e+01  5.546595e+00  1.500000e+00
   endloop
 endfacet
 facet normal  0.000000e+00  0.000000e+00  1.000000e+00
   outer loop
     vertex  6.300000e+01 -4.440892e-16  1.500000e+00
     vertex  5.540622e+01  5.557257e+00  1.500000e+00
     vertex  5.539686e+01  5.551798e+00  1.500000e+00
   endloop
 endfacet
 facet normal  0.000000e+00  0.000000e+00  1.000000e+00
   outer loop
     vertex  6.300000e+01 -4.440892e-16  1.500000e+00
     vertex  5.541543e+01  5.562967e+00  1.500000e+00
     vertex  5.540622e+01  5.557257e+00  1.500000e+00
   endloop
 endfacet
 facet normal  0.000000e+00  0.000000e+00  1.000000e+00
   outer loop
     vertex  6.300000e+01 -4.440892e-16  1.500000e+00
     vertex  5.542447e+01  5.568924e+00  1.500000e+00
     vertex  5.541543e+01  5.562967e+00  1.500000e+00
   endloop
 endfacet
 facet normal  0.000000e+00  0.000000e+00  1.000000e+00
   outer loop
     vertex  6.300000e+01 -4.440892e-16  1.500000e+00
     vertex  5.543336e+01  5.575124e+00  1.500000e+00
     vertex  5.542447e+01  5.568924e+00  1.500000e+00
   endloop
 endfacet
 facet normal  0.000000e+00  0.000000e+00  1.000000e+00
   outer loop
     vertex  6.300000e+01 -4.440892e-16  1.500000e+00
     vertex  5.544207e+01  5.581563e+00  1.500000e+00
     vertex  5.543336e+01  5.575124e+00  1.500000e+00
   endloop
 endfacet
 facet normal  0.000000e+00  0.000000e+00  1.000000e+00
   outer loop
     vertex  6.300000e+01 -4.440892e-16  1.500000e+00
     vertex  5.545060e+01  5.588235e+00  1.500000e+00
     vertex  5.544207e+01  5.581563e+00  1.500000e+00
   endloop
 endfacet
 facet normal  0.000000e+00  0.000000e+00  1.000000e+00
   outer loop
     vertex  6.300000e+01 -4.440892e-16  1.500000e+00
     vertex  5.545895e+01  5.595135e+00  1.500000e+00
     vertex  5.545060e+01  5.588235e+00  1.500000e+00
   endloop
 endfacet
 facet normal  0.000000e+00  0.000000e+00  1.000000e+00
   outer loop
     vertex  6.300000e+01 -4.440892e-16  1.500000e+00
     vertex  5.546712e+01  5.602259e+00  1.500000e+00
     vertex  5.545895e+01  5.595135e+00  1.500000e+00
   endloop
 endfacet
 facet normal  0.000000e+00  0.000000e+00  1.000000e+00
   outer loop
     vertex  6.300000e+01 -4.440892e-16  1.500000e+00
     vertex  5.547508e+01  5.609602e+00  1.500000e+00
     vertex  5.546712e+01  5.602259e+00  1.500000e+00
   endloop
 endfacet
 facet normal  0.000000e+00  0.000000e+00  1.000000e+00
   outer loop
     vertex  6.300000e+01 -4.440892e-16  1.500000e+00
     vertex  5.548284e+01  5.617157e+00  1.500000e+00
     vertex  5.547508e+01  5.609602e+00  1.500000e+00
   endloop
 endfacet
 facet normal  0.000000e+00  0.000000e+00  1.000000e+00
   outer loop
     vertex  6.300000e+01 -4.440892e-16  1.500000e+00
     vertex  5.549040e+01  5.624920e+00  1.500000e+00
     vertex  5.548284e+01  5.617157e+00  1.500000e+00
   endloop
 endfacet
 facet normal  0.000000e+00  0.000000e+00  1.000000e+00
   outer loop
     vertex  6.300000e+01 -4.440892e-16  1.500000e+00
     vertex  5.549774e+01  5.632885e+00  1.500000e+00
     vertex  5.549040e+01  5.624920e+00  1.500000e+00
   endloop
 endfacet
 facet normal  0.000000e+00  0.000000e+00  1.000000e+00
   outer loop
     vertex  6.300000e+01 -4.440892e-16  1.500000e+00
     vertex  5.550486e+01  5.641045e+00  1.500000e+00
     vertex  5.549774e+01  5.632885e+00  1.500000e+00
   endloop
 endfacet
 facet normal  0.000000e+00  0.000000e+00  1.000000e+00
   outer loop
     vertex  6.300000e+01 -4.440892e-16  1.500000e+00
     vertex  5.551177e+01  5.649396e+00  1.500000e+00
     vertex  5.550486e+01  5.641045e+00  1.500000e+00
   endloop
 endfacet
 facet normal  0.000000e+00  0.000000e+00  1.000000e+00
   outer loop
     vertex  6.300000e+01 -4.440892e-16  1.500000e+00
     vertex  5.551844e+01  5.657930e+00  1.500000e+00
     vertex  5.551177e+01  5.649396e+00  1.500000e+00
   endloop
 endfacet
 facet normal  0.000000e+00  0.000000e+00  1.000000e+00
   outer loop
     vertex  6.300000e+01 -4.440892e-16  1.500000e+00
     vertex  5.552488e+01  5.666642e+00  1.500000e+00
     vertex  5.551844e+01  5.657930e+00  1.500000e+00
   endloop
 endfacet
 facet normal  0.000000e+00  0.000000e+00  1.000000e+00
   outer loop
     vertex  6.300000e+01 -4.440892e-16  1.500000e+00
     vertex  5.553108e+01  5.675525e+00  1.500000e+00
     vertex  5.552488e+01  5.666642e+00  1.500000e+00
   endloop
 endfacet
 facet normal  0.000000e+00  0.000000e+00  1.000000e+00
   outer loop
     vertex  6.300000e+01 -4.440892e-16  1.500000e+00
     vertex  5.553703e+01  5.684573e+00  1.500000e+00
     vertex  5.553108e+01  5.675525e+00  1.500000e+00
   endloop
 endfacet
 facet normal  0.000000e+00  0.000000e+00  1.000000e+00
   outer loop
     vertex  6.300000e+01 -4.440892e-16  1.500000e+00
     vertex  5.554274e+01  5.693778e+00  1.500000e+00
     vertex  5.553703e+01  5.684573e+00  1.500000e+00
   endloop
 endfacet
 facet normal  0.000000e+00  0.000000e+00  1.000000e+00
   outer loop
     vertex  6.300000e+01 -4.440892e-16  1.500000e+00
     vertex  5.554820e+01  5.703135e+00  1.500000e+00
     vertex  5.554274e+01  5.693778e+00  1.500000e+00
   endloop
 endfacet
 facet normal  0.000000e+00  0.000000e+00  1.000000e+00
   outer loop
     vertex  6.300000e+01 -4.440892e-16  1.500000e+00
     vertex  5.555340e+01  5.712637e+00  1.500000e+00
     vertex  5.554820e+01  5.703135e+00  1.500000e+00
   endloop
 endfacet
 facet normal  0.000000e+00  0.000000e+00  1.000000e+00
   outer loop
     vertex  6.300000e+01 -4.440892e-16  1.500000e+00
     vertex  5.555835e+01  5.722275e+00  1.500000e+00
     vertex  5.555340e+01  5.712637e+00  1.500000e+00
   endloop
 endfacet
 facet normal  0.000000e+00  0.000000e+00  1.000000e+00
   outer loop
     vertex  6.300000e+01 -4.440892e-16  1.500000e+00
     vertex  5.556303e+01  5.732044e+00  1.500000e+00
     vertex  5.555835e+01  5.722275e+00  1.500000e+00
   endloop
 endfacet
 facet normal  0.000000e+00  0.000000e+00  1.000000e+00
   outer loop
     vertex  6.300000e+01 -4.440892e-16  1.500000e+00
     vertex  5.556745e+01  5.741937e+00  1.500000e+00
     vertex  5.556303e+01  5.732044e+00  1.500000e+00
   endloop
 endfacet
 facet normal  0.000000e+00  0.000000e+00  1.000000e+00
   outer loop
     vertex  6.300000e+01 -4.440892e-16  1.500000e+00
     vertex  5.557159e+01  5.751945e+00  1.500000e+00
     vertex  5.556745e+01  5.741937e+00  1.500000e+00
   endloop
 endfacet
 facet normal  0.000000e+00  0.000000e+00  1.000000e+00
   outer loop
     vertex  6.300000e+01 -4.440892e-16  1.500000e+00
     vertex  5.557546e+01  5.762061e+00  1.500000e+00
     vertex  5.557159e+01  5.751945e+00  1.500000e+00
   endloop
 endfacet
 facet normal  0.000000e+00  0.000000e+00  1.000000e+00
   outer loop
     vertex  6.300000e+01 -4.440892e-16  1.500000e+00
     vertex  5.557906e+01  5.772279e+00  1.500000e+00
     vertex  5.557546e+01  5.762061e+00  1.500000e+00
   endloop
 endfacet
 facet normal  0.000000e+00  0.000000e+00  1.000000e+00
   outer loop
     vertex  6.300000e+01 -4.440892e-16  1.500000e+00
     vertex  5.558238e+01  5.782591e+00  1.500000e+00
     vertex  5.557906e+01  5.772279e+00  1.500000e+00
   endloop
 endfacet
 facet normal  0.000000e+00  0.000000e+00  1.000000e+00
   outer loop
     vertex  6.300000e+01 -4.440892e-16  1.500000e+00
     vertex  5.558542e+01  5.792989e+00  1.500000e+00
     vertex  5.558238e+01  5.782591e+00  1.500000e+00
   endloop
 endfacet
 facet normal  0.000000e+00  0.000000e+00  1.000000e+00
   outer loop
     vertex  6.300000e+01 -4.440892e-16  1.500000e+00
     vertex  5.558818e+01  5.803465e+00  1.500000e+00
     vertex  5.558542e+01  5.792989e+00  1.500000e+00
   endloop
 endfacet
 facet normal  0.000000e+00  0.000000e+00  1.000000e+00
   outer loop
     vertex  6.300000e+01 -4.440892e-16  1.500000e+00
     vertex  5.559065e+01  5.814012e+00  1.500000e+00
     vertex  5.558818e+01  5.803465e+00  1.500000e+00
   endloop
 endfacet
 facet normal  0.000000e+00  0.000000e+00  1.000000e+00
   outer loop
     vertex  6.300000e+01 -4.440892e-16  1.500000e+00
     vertex  5.559283e+01  5.824622e+00  1.500000e+00
     vertex  5.559065e+01  5.814012e+00  1.500000e+00
   endloop
 endfacet
 facet normal  0.000000e+00  0.000000e+00  1.000000e+00
   outer loop
     vertex  6.300000e+01 -4.440892e-16  1.500000e+00
     vertex  5.559473e+01  5.835287e+00  1.500000e+00
     vertex  5.559283e+01  5.824622e+00  1.500000e+00
   endloop
 endfacet
 facet normal  0.000000e+00  0.000000e+00  1.000000e+00
   outer loop
     vertex  6.316242e+01  4.399758e-03  1.500000e+00
     vertex  6.300000e+01 -4.440892e-16  1.500000e+00
     vertex  6.308124e+01  1.100141e-03  1.500000e+00
   endloop
 endfacet
 facet normal  0.000000e+00  0.000000e+00  1.000000e+00
   outer loop
     vertex  6.332436e+01  1.758613e-02  1.500000e+00
     vertex  6.316242e+01  4.399758e-03  1.500000e+00
     vertex  6.324348e+01  9.896431e-03  1.500000e+00
   endloop
 endfacet
 facet normal  0.000000e+00  0.000000e+00  1.000000e+00
   outer loop
     vertex  6.340500e+01  2.746321e-02  1.500000e+00
     vertex  6.300000e+01 -4.440892e-16  1.500000e+00
     vertex  6.316242e+01  4.399758e-03  1.500000e+00
   endloop
 endfacet
 facet normal  0.000000e+00  0.000000e+00  1.000000e+00
   outer loop
     vertex  6.340500e+01  2.746321e-02  1.500000e+00
     vertex  6.316242e+01  4.399758e-03  1.500000e+00
     vertex  6.332436e+01  1.758613e-02  1.500000e+00
   endloop
 endfacet
 facet normal  0.000000e+00  0.000000e+00  1.000000e+00
   outer loop
     vertex  6.356534e+01  5.374895e-02  1.500000e+00
     vertex  6.340500e+01  2.746321e-02  1.500000e+00
     vertex  6.348535e+01  3.952043e-02  1.500000e+00
   endloop
 endfacet
 facet normal  0.000000e+00  0.000000e+00  1.000000e+00
   outer loop
     vertex  6.356534e+01  5.374895e-02  1.500000e+00
     vertex  6.300000e+01 -4.440892e-16  1.500000e+00
     vertex  6.340500e+01  2.746321e-02  1.500000e+00
   endloop
 endfacet
 facet normal  0.000000e+00  0.000000e+00  1.000000e+00
   outer loop
     vertex  6.364491e+01  7.013833e-02  1.500000e+00
     vertex  6.300000e+01 -4.440892e-16  1.500000e+00
     vertex  6.356534e+01  5.374895e-02  1.500000e+00
   endloop
 endfacet
 facet normal  0.000000e+00  0.000000e+00  1.000000e+00
   outer loop
     vertex  6.380259e+01  1.093500e-01  1.500000e+00
     vertex  6.364491e+01  7.013833e-02  1.500000e+00
     vertex  6.372401e+01  8.867656e-02  1.500000e+00
   endloop
 endfacet
 facet normal  0.000000e+00  0.000000e+00  1.000000e+00
   outer loop
     vertex  6.395790e+01  1.570405e-01  1.500000e+00
     vertex  6.380259e+01  1.093500e-01  1.500000e+00
     vertex  6.388057e+01  1.321436e-01  1.500000e+00
   endloop
 endfacet
 facet normal  0.000000e+00  0.000000e+00  1.000000e+00
   outer loop
     vertex  3.700000e+01  2.720000e+01  1.500000e+00
     vertex  2.140000e+01  2.190000e+01  1.500000e+00
     vertex  3.700000e+01  5.900000e+00  1.500000e+00
   endloop
 endfacet
 facet normal  0.000000e+00  0.000000e+00  1.000000e+00
   outer loop
     vertex  3.700000e+01  2.720000e+01  1.500000e+00
     vertex  2.139982e+01  2.191354e+01  1.500000e+00
     vertex  2.140000e+01  2.190000e+01  1.500000e+00
   endloop
 endfacet
 facet normal  0.000000e+00  0.000000e+00  1.000000e+00
   outer loop
     vertex  3.700000e+01  2.720000e+01  1.500000e+00
     vertex  2.139927e+01  2.192707e+01  1.500000e+00
     vertex  2.139982e+01  2.191354e+01  1.500000e+00
   endloop
 endfacet
 facet normal  0.000000e+00  0.000000e+00  1.000000e+00
   outer loop
     vertex  3.700000e+01  2.720000e+01  1.500000e+00
     vertex  2.139835e+01  2.194058e+01  1.500000e+00
     vertex  2.139927e+01  2.192707e+01  1.500000e+00
   endloop
 endfacet
 facet normal  0.000000e+00  0.000000e+00  1.000000e+00
   outer loop
     vertex  3.700000e+01  2.720000e+01  1.500000e+00
     vertex  2.139707e+01  2.195406e+01  1.500000e+00
     vertex  2.139835e+01  2.194058e+01  1.500000e+00
   endloop
 endfacet
 facet normal  0.000000e+00  0.000000e+00  1.000000e+00
   outer loop
     vertex  3.700000e+01  2.720000e+01  1.500000e+00
     vertex  2.139542e+01  2.196750e+01  1.500000e+00
     vertex  2.139707e+01  2.195406e+01  1.500000e+00
   endloop
 endfacet
 facet normal  0.000000e+00  0.000000e+00  1.000000e+00
   outer loop
     vertex  3.700000e+01  2.720000e+01  1.500000e+00
     vertex  2.139341e+01  2.198089e+01  1.500000e+00
     vertex  2.139542e+01  2.196750e+01  1.500000e+00
   endloop
 endfacet
 facet normal  0.000000e+00  0.000000e+00  1.000000e+00
   outer loop
     vertex  3.700000e+01  2.720000e+01  1.500000e+00
     vertex  2.139104e+01  2.199422e+01  1.500000e+00
     vertex  2.139341e+01  2.198089e+01  1.500000e+00
   endloop
 endfacet
 facet normal  0.000000e+00  0.000000e+00  1.000000e+00
   outer loop
     vertex  3.700000e+01  2.720000e+01  1.500000e+00
     vertex  2.138831e+01  2.200749e+01  1.500000e+00
     vertex  2.139104e+01  2.199422e+01  1.500000e+00
   endloop
 endfacet
 facet normal  0.000000e+00  0.000000e+00  1.000000e+00
   outer loop
     vertex  3.700000e+01  2.720000e+01  1.500000e+00
     vertex  2.138522e+01  2.202067e+01  1.500000e+00
     vertex  2.138831e+01  2.200749e+01  1.500000e+00
   endloop
 endfacet
 facet normal  0.000000e+00  0.000000e+00  1.000000e+00
   outer loop
     vertex  3.700000e+01  2.720000e+01  1.500000e+00
     vertex  2.138177e+01  2.203376e+01  1.500000e+00
     vertex  2.138522e+01  2.202067e+01  1.500000e+00
   endloop
 endfacet
 facet normal  0.000000e+00  0.000000e+00  1.000000e+00
   outer loop
     vertex  3.700000e+01  2.720000e+01  1.500000e+00
     vertex  2.137798e+01  2.204676e+01  1.500000e+00
     vertex  2.138177e+01  2.203376e+01  1.500000e+00
   endloop
 endfacet
 facet normal  0.000000e+00  0.000000e+00  1.000000e+00
   outer loop
     vertex  3.700000e+01  2.720000e+01  1.500000e+00
     vertex  2.137383e+01  2.205965e+01  1.500000e+00
     vertex  2.137798e+01  2.204676e+01  1.500000e+00
   endloop
 endfacet
 facet normal  0.000000e+00  0.000000e+00  1.000000e+00
   outer loop
     vertex  3.700000e+01  2.720000e+01  1.500000e+00
     vertex  2.136933e+01  2.207242e+01  1.500000e+00
     vertex  2.137383e+01  2.205965e+01  1.500000e+00
   endloop
 endfacet
 facet normal  0.000000e+00  0.000000e+00  1.000000e+00
   outer loop
     vertex  3.700000e+01  2.720000e+01  1.500000e+00
     vertex  2.136449e+01  2.208507e+01  1.500000e+00
     vertex  2.136933e+01  2.207242e+01  1.500000e+00
   endloop
 endfacet
 facet normal  0.000000e+00  0.000000e+00  1.000000e+00
   outer loop
     vertex  3.700000e+01  2.720000e+01  1.500000e+00
     vertex  2.135931e+01  2.209758e+01  1.500000e+00
     vertex  2.136449e+01  2.208507e+01  1.500000e+00
   endloop
 endfacet
 facet normal  0.000000e+00  0.000000e+00  1.000000e+00
   outer loop
     vertex  3.700000e+01  2.720000e+01  1.500000e+00
     vertex  2.135379e+01  2.210994e+01  1.500000e+00
     vertex  2.135931e+01  2.209758e+01  1.500000e+00
   endloop
 endfacet
 facet normal  0.000000e+00  0.000000e+00  1.000000e+00
   outer loop
     vertex  3.700000e+01  2.720000e+01  1.500000e+00
     vertex  2.134794e+01  2.212216e+01  1.500000e+00
     vertex  2.135379e+01  2.210994e+01  1.500000e+00
   endloop
 endfacet
 facet normal  0.000000e+00  0.000000e+00  1.000000e+00
   outer loop
     vertex  3.700000e+01  2.720000e+01  1.500000e+00
     vertex  2.134176e+01  2.213420e+01  1.500000e+00
     vertex  2.134794e+01  2.212216e+01  1.500000e+00
   endloop
 endfacet
 facet normal  0.000000e+00  0.000000e+00  1.000000e+00
   outer loop
     vertex  3.700000e+01  2.720000e+01  1.500000e+00
     vertex  2.133525e+01  2.214608e+01  1.500000e+00
     vertex  2.134176e+01  2.213420e+01  1.500000e+00
   endloop
 endfacet
 facet normal  0.000000e+00  0.000000e+00  1.000000e+00
   outer loop
     vertex  3.700000e+01  2.720000e+01  1.500000e+00
     vertex  2.132843e+01  2.215778e+01  1.500000e+00
     vertex  2.133525e+01  2.214608e+01  1.500000e+00
   endloop
 endfacet
 facet normal  0.000000e+00  0.000000e+00  1.000000e+00
   outer loop
     vertex  3.700000e+01  2.720000e+01  1.500000e+00
     vertex  2.132129e+01  2.216928e+01  1.500000e+00
     vertex  2.132843e+01  2.215778e+01  1.500000e+00
   endloop
 endfacet
 facet normal  0.000000e+00  0.000000e+00  1.000000e+00
   outer loop
     vertex  3.700000e+01  2.720000e+01  1.500000e+00
     vertex  2.131384e+01  2.218059e+01  1.500000e+00
     vertex  2.132129e+01  2.216928e+01  1.500000e+00
   endloop
 endfacet
 facet normal  0.000000e+00  0.000000e+00  1.000000e+00
   outer loop
     vertex  3.700000e+01  2.720000e+01  1.500000e+00
     vertex  2.130609e+01  2.219170e+01  1.500000e+00
     vertex  2.131384e+01  2.218059e+01  1.500000e+00
   endloop
 endfacet
 facet normal  0.000000e+00  0.000000e+00  1.000000e+00
   outer loop
     vertex  3.700015e+01  2.721083e+01  1.500000e+00
     vertex  2.130609e+01  2.219170e+01  1.500000e+00
     vertex  3.700000e+01  2.720000e+01  1.500000e+00
   endloop
 endfacet
 facet normal  0.000000e+00  0.000000e+00  1.000000e+00
   outer loop
     vertex  3.700015e+01  2.721083e+01  1.500000e+00
     vertex  2.129805e+01  2.220259e+01  1.500000e+00
     vertex  2.130609e+01  2.219170e+01  1.500000e+00
   endloop
 endfacet
 facet normal  0.000000e+00  0.000000e+00  1.000000e+00
   outer loop
     vertex  6.403454e+01  1.840225e-01  1.500000e+00
     vertex  6.364491e+01  7.013833e-02  1.500000e+00
     vertex  6.380259e+01  1.093500e-01  1.500000e+00
   endloop
 endfacet
 facet normal  0.000000e+00  0.000000e+00  1.000000e+00
   outer loop
     vertex  6.403454e+01  1.840225e-01  1.500000e+00
     vertex  6.380259e+01  1.093500e-01  1.500000e+00
     vertex  6.395790e+01  1.570405e-01  1.500000e+00
   endloop
 endfacet
 facet normal  0.000000e+00  0.000000e+00  1.000000e+00
   outer loop
     vertex  3.700059e+01  2.722166e+01  1.500000e+00
     vertex  2.129805e+01  2.220259e+01  1.500000e+00
     vertex  3.700015e+01  2.721083e+01  1.500000e+00
   endloop
 endfacet
 facet normal  0.000000e+00  0.000000e+00  1.000000e+00
   outer loop
     vertex  3.700059e+01  2.722166e+01  1.500000e+00
     vertex  2.128971e+01  2.221325e+01  1.500000e+00
     vertex  2.129805e+01  2.220259e+01  1.500000e+00
   endloop
 endfacet
 facet normal  0.000000e+00  0.000000e+00  1.000000e+00
   outer loop
     vertex  3.700132e+01  2.723246e+01  1.500000e+00
     vertex  2.128971e+01  2.221325e+01  1.500000e+00
     vertex  3.700059e+01  2.722166e+01  1.500000e+00
   endloop
 endfacet
 facet normal  0.000000e+00  0.000000e+00  1.000000e+00
   outer loop
     vertex  3.700132e+01  2.723246e+01  1.500000e+00
     vertex  2.128108e+01  2.222369e+01  1.500000e+00
     vertex  2.128971e+01  2.221325e+01  1.500000e+00
   endloop
 endfacet
 facet normal  0.000000e+00  0.000000e+00  1.000000e+00
   outer loop
     vertex  3.700234e+01  2.724325e+01  1.500000e+00
     vertex  2.128108e+01  2.222369e+01  1.500000e+00
     vertex  3.700132e+01  2.723246e+01  1.500000e+00
   endloop
 endfacet
 facet normal  0.000000e+00  0.000000e+00  1.000000e+00
   outer loop
     vertex  3.700234e+01  2.724325e+01  1.500000e+00
     vertex  2.127218e+01  2.223389e+01  1.500000e+00
     vertex  2.128108e+01  2.222369e+01  1.500000e+00
   endloop
 endfacet
 facet normal  0.000000e+00  0.000000e+00  1.000000e+00
   outer loop
     vertex  3.700366e+01  2.725400e+01  1.500000e+00
     vertex  2.127218e+01  2.223389e+01  1.500000e+00
     vertex  3.700234e+01  2.724325e+01  1.500000e+00
   endloop
 endfacet
 facet normal  0.000000e+00  0.000000e+00  1.000000e+00
   outer loop
     vertex  3.700366e+01  2.725400e+01  1.500000e+00
     vertex  2.126300e+01  2.224385e+01  1.500000e+00
     vertex  2.127218e+01  2.223389e+01  1.500000e+00
   endloop
 endfacet
 facet normal  0.000000e+00  0.000000e+00  1.000000e+00
   outer loop
     vertex  3.700527e+01  2.726471e+01  1.500000e+00
     vertex  2.126300e+01  2.224385e+01  1.500000e+00
     vertex  3.700366e+01  2.725400e+01  1.500000e+00
   endloop
 endfacet
 facet normal  0.000000e+00  0.000000e+00  1.000000e+00
   outer loop
     vertex  3.700527e+01  2.726471e+01  1.500000e+00
     vertex  2.125355e+01  2.225355e+01  1.500000e+00
     vertex  2.126300e+01  2.224385e+01  1.500000e+00
   endloop
 endfacet
 facet normal  0.000000e+00  0.000000e+00  1.000000e+00
   outer loop
     vertex  3.700717e+01  2.727538e+01  1.500000e+00
     vertex  2.125355e+01  2.225355e+01  1.500000e+00
     vertex  3.700527e+01  2.726471e+01  1.500000e+00
   endloop
 endfacet
 facet normal  0.000000e+00  0.000000e+00  1.000000e+00
   outer loop
     vertex  3.700717e+01  2.727538e+01  1.500000e+00
     vertex  2.124385e+01  2.226300e+01  1.500000e+00
     vertex  2.125355e+01  2.225355e+01  1.500000e+00
   endloop
 endfacet
 facet normal  0.000000e+00  0.000000e+00  1.000000e+00
   outer loop
     vertex  3.700935e+01  2.728599e+01  1.500000e+00
     vertex  2.124385e+01  2.226300e+01  1.500000e+00
     vertex  3.700717e+01  2.727538e+01  1.500000e+00
   endloop
 endfacet
 facet normal  0.000000e+00  0.000000e+00  1.000000e+00
   outer loop
     vertex  3.700935e+01  2.728599e+01  1.500000e+00
     vertex  2.123389e+01  2.227218e+01  1.500000e+00
     vertex  2.124385e+01  2.226300e+01  1.500000e+00
   endloop
 endfacet
 facet normal  0.000000e+00  0.000000e+00  1.000000e+00
   outer loop
     vertex  3.701182e+01  2.729654e+01  1.500000e+00
     vertex  2.123389e+01  2.227218e+01  1.500000e+00
     vertex  3.700935e+01  2.728599e+01  1.500000e+00
   endloop
 endfacet
 facet normal  0.000000e+00  0.000000e+00  1.000000e+00
   outer loop
     vertex  3.701182e+01  2.729654e+01  1.500000e+00
     vertex  2.122369e+01  2.228108e+01  1.500000e+00
     vertex  2.123389e+01  2.227218e+01  1.500000e+00
   endloop
 endfacet
 facet normal  0.000000e+00  0.000000e+00  1.000000e+00
   outer loop
     vertex  3.701458e+01  2.730701e+01  1.500000e+00
     vertex  2.122369e+01  2.228108e+01  1.500000e+00
     vertex  3.701182e+01  2.729654e+01  1.500000e+00
   endloop
 endfacet
 facet normal  0.000000e+00  0.000000e+00  1.000000e+00
   outer loop
     vertex  3.701458e+01  2.730701e+01  1.500000e+00
     vertex  2.121325e+01  2.228971e+01  1.500000e+00
     vertex  2.122369e+01  2.228108e+01  1.500000e+00
   endloop
 endfacet
 facet normal  0.000000e+00  0.000000e+00  1.000000e+00
   outer loop
     vertex  6.411041e+01  2.130698e-01  1.500000e+00
     vertex  6.300000e+01 -4.440892e-16  1.500000e+00
     vertex  6.364491e+01  7.013833e-02  1.500000e+00
   endloop
 endfacet
 facet normal  0.000000e+00  0.000000e+00  1.000000e+00
   outer loop
     vertex  6.411041e+01  2.130698e-01  1.500000e+00
     vertex  6.364491e+01  7.013833e-02  1.500000e+00
     vertex  6.403454e+01  1.840225e-01  1.500000e+00
   endloop
 endfacet
 facet normal  0.000000e+00  0.000000e+00  1.000000e+00
   outer loop
     vertex  3.701762e+01  2.731741e+01  1.500000e+00
     vertex  2.121325e+01  2.228971e+01  1.500000e+00
     vertex  3.701458e+01  2.730701e+01  1.500000e+00
   endloop
 endfacet
 facet normal  0.000000e+00  0.000000e+00  1.000000e+00
   outer loop
     vertex  3.701762e+01  2.731741e+01  1.500000e+00
     vertex  2.120259e+01  2.229805e+01  1.500000e+00
     vertex  2.121325e+01  2.228971e+01  1.500000e+00
   endloop
 endfacet
 facet normal  0.000000e+00  0.000000e+00  1.000000e+00
   outer loop
     vertex  3.702094e+01  2.732772e+01  1.500000e+00
     vertex  2.120259e+01  2.229805e+01  1.500000e+00
     vertex  3.701762e+01  2.731741e+01  1.500000e+00
   endloop
 endfacet
 facet normal  0.000000e+00  0.000000e+00  1.000000e+00
   outer loop
     vertex  3.702094e+01  2.732772e+01  1.500000e+00
     vertex  2.119170e+01  2.230609e+01  1.500000e+00
     vertex  2.120259e+01  2.229805e+01  1.500000e+00
   endloop
 endfacet
 facet normal  0.000000e+00  0.000000e+00  1.000000e+00
   outer loop
     vertex  3.702454e+01  2.733794e+01  1.500000e+00
     vertex  2.119170e+01  2.230609e+01  1.500000e+00
     vertex  3.702094e+01  2.732772e+01  1.500000e+00
   endloop
 endfacet
 facet normal  0.000000e+00  0.000000e+00  1.000000e+00
   outer loop
     vertex  3.702454e+01  2.733794e+01  1.500000e+00
     vertex  2.118059e+01  2.231384e+01  1.500000e+00
     vertex  2.119170e+01  2.230609e+01  1.500000e+00
   endloop
 endfacet
 facet normal  0.000000e+00  0.000000e+00  1.000000e+00
   outer loop
     vertex  3.702841e+01  2.734806e+01  1.500000e+00
     vertex  2.118059e+01  2.231384e+01  1.500000e+00
     vertex  3.702454e+01  2.733794e+01  1.500000e+00
   endloop
 endfacet
 facet normal  0.000000e+00  0.000000e+00  1.000000e+00
   outer loop
     vertex  3.702841e+01  2.734806e+01  1.500000e+00
     vertex  2.116928e+01  2.232129e+01  1.500000e+00
     vertex  2.118059e+01  2.231384e+01  1.500000e+00
   endloop
 endfacet
 facet normal  0.000000e+00  0.000000e+00  1.000000e+00
   outer loop
     vertex  3.703255e+01  2.735806e+01  1.500000e+00
     vertex  2.116928e+01  2.232129e+01  1.500000e+00
     vertex  3.702841e+01  2.734806e+01  1.500000e+00
   endloop
 endfacet
 facet normal  0.000000e+00  0.000000e+00  1.000000e+00
   outer loop
     vertex  3.703255e+01  2.735806e+01  1.500000e+00
     vertex  2.115778e+01  2.232843e+01  1.500000e+00
     vertex  2.116928e+01  2.232129e+01  1.500000e+00
   endloop
 endfacet
 facet normal  0.000000e+00  0.000000e+00  1.000000e+00
   outer loop
     vertex  3.703697e+01  2.736796e+01  1.500000e+00
     vertex  2.115778e+01  2.232843e+01  1.500000e+00
     vertex  3.703255e+01  2.735806e+01  1.500000e+00
   endloop
 endfacet
 facet normal  0.000000e+00  0.000000e+00  1.000000e+00
   outer loop
     vertex  3.703697e+01  2.736796e+01  1.500000e+00
     vertex  2.114608e+01  2.233525e+01  1.500000e+00
     vertex  2.115778e+01  2.232843e+01  1.500000e+00
   endloop
 endfacet
 facet normal  0.000000e+00  0.000000e+00  1.000000e+00
   outer loop
     vertex  3.704165e+01  2.737772e+01  1.500000e+00
     vertex  2.114608e+01  2.233525e+01  1.500000e+00
     vertex  3.703697e+01  2.736796e+01  1.500000e+00
   endloop
 endfacet
 facet normal  0.000000e+00  0.000000e+00  1.000000e+00
   outer loop
     vertex  3.704165e+01  2.737772e+01  1.500000e+00
     vertex  2.113420e+01  2.234176e+01  1.500000e+00
     vertex  2.114608e+01  2.233525e+01  1.500000e+00
   endloop
 endfacet
 facet normal  0.000000e+00  0.000000e+00  1.000000e+00
   outer loop
     vertex  3.704660e+01  2.738736e+01  1.500000e+00
     vertex  2.113420e+01  2.234176e+01  1.500000e+00
     vertex  3.704165e+01  2.737772e+01  1.500000e+00
   endloop
 endfacet
 facet normal  0.000000e+00  0.000000e+00  1.000000e+00
   outer loop
     vertex  3.704660e+01  2.738736e+01  1.500000e+00
     vertex  2.112216e+01  2.234794e+01  1.500000e+00
     vertex  2.113420e+01  2.234176e+01  1.500000e+00
   endloop
 endfacet
 facet normal  0.000000e+00  0.000000e+00  1.000000e+00
   outer loop
     vertex  3.705180e+01  2.739686e+01  1.500000e+00
     vertex  2.112216e+01  2.234794e+01  1.500000e+00
     vertex  3.704660e+01  2.738736e+01  1.500000e+00
   endloop
 endfacet
 facet normal  0.000000e+00  0.000000e+00  1.000000e+00
   outer loop
     vertex  3.705180e+01  2.739686e+01  1.500000e+00
     vertex  2.110994e+01  2.235379e+01  1.500000e+00
     vertex  2.112216e+01  2.234794e+01  1.500000e+00
   endloop
 endfacet
 facet normal  0.000000e+00  0.000000e+00  1.000000e+00
   outer loop
     vertex  3.705726e+01  2.740622e+01  1.500000e+00
     vertex  2.110994e+01  2.235379e+01  1.500000e+00
     vertex  3.705180e+01  2.739686e+01  1.500000e+00
   endloop
 endfacet
 facet normal  0.000000e+00  0.000000e+00  1.000000e+00
   outer loop
     vertex  3.705726e+01  2.740622e+01  1.500000e+00
     vertex  2.109758e+01  2.235931e+01  1.500000e+00
     vertex  2.110994e+01  2.235379e+01  1.500000e+00
   endloop
 endfacet
 facet normal  0.000000e+00  0.000000e+00  1.000000e+00
   outer loop
     vertex  3.706297e+01  2.741543e+01  1.500000e+00
     vertex  2.109758e+01  2.235931e+01  1.500000e+00
     vertex  3.705726e+01  2.740622e+01  1.500000e+00
   endloop
 endfacet
 facet normal  0.000000e+00  0.000000e+00  1.000000e+00
   outer loop
     vertex  3.706297e+01  2.741543e+01  1.500000e+00
     vertex  2.108507e+01  2.236449e+01  1.500000e+00
     vertex  2.109758e+01  2.235931e+01  1.500000e+00
   endloop
 endfacet
 facet normal  0.000000e+00  0.000000e+00  1.000000e+00
   outer loop
     vertex  3.706892e+01  2.742447e+01  1.500000e+00
     vertex  2.108507e+01  2.236449e+01  1.500000e+00
     vertex  3.706297e+01  2.741543e+01  1.500000e+00
   endloop
 endfacet
 facet normal  0.000000e+00  0.000000e+00  1.000000e+00
   outer loop
     vertex  3.706892e+01  2.742447e+01  1.500000e+00
     vertex  2.107242e+01  2.236933e+01  1.500000e+00
     vertex  2.108507e+01  2.236449e+01  1.500000e+00
   endloop
 endfacet
 facet normal  0.000000e+00  0.000000e+00  1.000000e+00
   outer loop
     vertex  3.707512e+01  2.743336e+01  1.500000e+00
     vertex  2.107242e+01  2.236933e+01  1.500000e+00
     vertex  3.706892e+01  2.742447e+01  1.500000e+00
   endloop
 endfacet
 facet normal  0.000000e+00  0.000000e+00  1.000000e+00
   outer loop
     vertex  3.707512e+01  2.743336e+01  1.500000e+00
     vertex  2.105965e+01  2.237383e+01  1.500000e+00
     vertex  2.107242e+01  2.236933e+01  1.500000e+00
   endloop
 endfacet
 facet normal  0.000000e+00  0.000000e+00  1.000000e+00
   outer loop
     vertex  3.708156e+01  2.744207e+01  1.500000e+00
     vertex  2.105965e+01  2.237383e+01  1.500000e+00
     vertex  3.707512e+01  2.743336e+01  1.500000e+00
   endloop
 endfacet
 facet normal  0.000000e+00  0.000000e+00  1.000000e+00
   outer loop
     vertex  3.708156e+01  2.744207e+01  1.500000e+00
     vertex  2.104676e+01  2.237798e+01  1.500000e+00
     vertex  2.105965e+01  2.237383e+01  1.500000e+00
   endloop
 endfacet
 facet normal  0.000000e+00  0.000000e+00  1.000000e+00
   outer loop
     vertex  6.425967e+01  2.772737e-01  1.500000e+00
     vertex  6.411041e+01  2.130698e-01  1.500000e+00
     vertex  6.418548e+01  2.441612e-01  1.500000e+00
   endloop
 endfacet
 facet normal  0.000000e+00  0.000000e+00  1.000000e+00
   outer loop
     vertex  3.708823e+01  2.745060e+01  1.500000e+00
     vertex  2.104676e+01  2.237798e+01  1.500000e+00
     vertex  3.708156e+01  2.744207e+01  1.500000e+00
   endloop
 endfacet
 facet normal  0.000000e+00  0.000000e+00  1.000000e+00
   outer loop
     vertex  3.708823e+01  2.745060e+01  1.500000e+00
     vertex  2.103376e+01  2.238177e+01  1.500000e+00
     vertex  2.104676e+01  2.237798e+01  1.500000e+00
   endloop
 endfacet
 facet normal  0.000000e+00  0.000000e+00  1.000000e+00
   outer loop
     vertex  3.709514e+01  2.745895e+01  1.500000e+00
     vertex  2.103376e+01  2.238177e+01  1.500000e+00
     vertex  3.708823e+01  2.745060e+01  1.500000e+00
   endloop
 endfacet
 facet normal  0.000000e+00  0.000000e+00  1.000000e+00
   outer loop
     vertex  3.709514e+01  2.745895e+01  1.500000e+00
     vertex  2.102067e+01  2.238522e+01  1.500000e+00
     vertex  2.103376e+01  2.238177e+01  1.500000e+00
   endloop
 endfacet
 facet normal  0.000000e+00  0.000000e+00  1.000000e+00
   outer loop
     vertex  3.710226e+01  2.746712e+01  1.500000e+00
     vertex  2.100749e+01  2.238831e+01  1.500000e+00
     vertex  2.102067e+01  2.238522e+01  1.500000e+00
   endloop
 endfacet
 facet normal  0.000000e+00  0.000000e+00  1.000000e+00
   outer loop
     vertex  3.710226e+01  2.746712e+01  1.500000e+00
     vertex  2.102067e+01  2.238522e+01  1.500000e+00
     vertex  3.709514e+01  2.745895e+01  1.500000e+00
   endloop
 endfacet
 facet normal  0.000000e+00  0.000000e+00  1.000000e+00
   outer loop
     vertex  3.710960e+01  2.747508e+01  1.500000e+00
     vertex  2.099422e+01  2.239104e+01  1.500000e+00
     vertex  2.100749e+01  2.238831e+01  1.500000e+00
   endloop
 endfacet
 facet normal  0.000000e+00  0.000000e+00  1.000000e+00
   outer loop
     vertex  3.710960e+01  2.747508e+01  1.500000e+00
     vertex  2.100749e+01  2.238831e+01  1.500000e+00
     vertex  3.710226e+01  2.746712e+01  1.500000e+00
   endloop
 endfacet
 facet normal  0.000000e+00  0.000000e+00  1.000000e+00
   outer loop
     vertex  3.711716e+01  2.748284e+01  1.500000e+00
     vertex  2.098089e+01  2.239341e+01  1.500000e+00
     vertex  2.099422e+01  2.239104e+01  1.500000e+00
   endloop
 endfacet
 facet normal  0.000000e+00  0.000000e+00  1.000000e+00
   outer loop
     vertex  3.711716e+01  2.748284e+01  1.500000e+00
     vertex  2.099422e+01  2.239104e+01  1.500000e+00
     vertex  3.710960e+01  2.747508e+01  1.500000e+00
   endloop
 endfacet
 facet normal  0.000000e+00  0.000000e+00  1.000000e+00
   outer loop
     vertex  3.712492e+01  2.749040e+01  1.500000e+00
     vertex  2.096750e+01  2.239542e+01  1.500000e+00
     vertex  2.098089e+01  2.239341e+01  1.500000e+00
   endloop
 endfacet
 facet normal  0.000000e+00  0.000000e+00  1.000000e+00
   outer loop
     vertex  3.712492e+01  2.749040e+01  1.500000e+00
     vertex  2.098089e+01  2.239341e+01  1.500000e+00
     vertex  3.711716e+01  2.748284e+01  1.500000e+00
   endloop
 endfacet
 facet normal  0.000000e+00  0.000000e+00  1.000000e+00
   outer loop
     vertex  3.713288e+01  2.749774e+01  1.500000e+00
     vertex  2.095406e+01  2.239707e+01  1.500000e+00
     vertex  2.096750e+01  2.239542e+01  1.500000e+00
   endloop
 endfacet
 facet normal  0.000000e+00  0.000000e+00  1.000000e+00
   outer loop
     vertex  3.713288e+01  2.749774e+01  1.500000e+00
     vertex  2.096750e+01  2.239542e+01  1.500000e+00
     vertex  3.712492e+01  2.749040e+01  1.500000e+00
   endloop
 endfacet
 facet normal  0.000000e+00  0.000000e+00  1.000000e+00
   outer loop
     vertex  6.433294e+01  3.123832e-01  1.500000e+00
     vertex  6.411041e+01  2.130698e-01  1.500000e+00
     vertex  6.425967e+01  2.772737e-01  1.500000e+00
   endloop
 endfacet
 facet normal  0.000000e+00  0.000000e+00  1.000000e+00
   outer loop
     vertex  6.433294e+01  3.123832e-01  1.500000e+00
     vertex  6.300000e+01 -4.440892e-16  1.500000e+00
     vertex  6.411041e+01  2.130698e-01  1.500000e+00
   endloop
 endfacet
 facet normal  0.000000e+00  0.000000e+00  1.000000e+00
   outer loop
     vertex  3.714105e+01  2.750486e+01  1.500000e+00
     vertex  2.094058e+01  2.239835e+01  1.500000e+00
     vertex  2.095406e+01  2.239707e+01  1.500000e+00
   endloop
 endfacet
 facet normal  0.000000e+00  0.000000e+00  1.000000e+00
   outer loop
     vertex  3.714105e+01  2.750486e+01  1.500000e+00
     vertex  3.000000e+00  3.400000e+01  1.500000e+00
     vertex  2.094058e+01  2.239835e+01  1.500000e+00
   endloop
 endfacet
 facet normal  0.000000e+00  0.000000e+00  1.000000e+00
   outer loop
     vertex  3.714105e+01  2.750486e+01  1.500000e+00
     vertex  2.095406e+01  2.239707e+01  1.500000e+00
     vertex  3.713288e+01  2.749774e+01  1.500000e+00
   endloop
 endfacet
 facet normal  0.000000e+00  0.000000e+00  1.000000e+00
   outer loop
     vertex  3.714940e+01  2.751177e+01  1.500000e+00
     vertex  3.000000e+00  3.400000e+01  1.500000e+00
     vertex  3.714105e+01  2.750486e+01  1.500000e+00
   endloop
 endfacet
 facet normal  0.000000e+00  0.000000e+00  1.000000e+00
   outer loop
     vertex  3.715793e+01  2.751844e+01  1.500000e+00
     vertex  3.000000e+00  3.400000e+01  1.500000e+00
     vertex  3.714940e+01  2.751177e+01  1.500000e+00
   endloop
 endfacet
 facet normal  0.000000e+00  0.000000e+00  1.000000e+00
   outer loop
     vertex  3.716664e+01  2.752488e+01  1.500000e+00
     vertex  3.000000e+00  3.400000e+01  1.500000e+00
     vertex  3.715793e+01  2.751844e+01  1.500000e+00
   endloop
 endfacet
 facet normal  0.000000e+00  0.000000e+00  1.000000e+00
   outer loop
     vertex  3.717553e+01  2.753108e+01  1.500000e+00
     vertex  3.000000e+00  3.400000e+01  1.500000e+00
     vertex  3.716664e+01  2.752488e+01  1.500000e+00
   endloop
 endfacet
 facet normal  0.000000e+00  0.000000e+00  1.000000e+00
   outer loop
     vertex  3.718457e+01  2.753703e+01  1.500000e+00
     vertex  3.000000e+00  3.400000e+01  1.500000e+00
     vertex  3.717553e+01  2.753108e+01  1.500000e+00
   endloop
 endfacet
 facet normal  0.000000e+00  0.000000e+00  1.000000e+00
   outer loop
     vertex  3.719378e+01  2.754274e+01  1.500000e+00
     vertex  3.000000e+00  3.400000e+01  1.500000e+00
     vertex  3.718457e+01  2.753703e+01  1.500000e+00
   endloop
 endfacet
 facet normal  0.000000e+00  0.000000e+00  1.000000e+00
   outer loop
     vertex  3.720314e+01  2.754820e+01  1.500000e+00
     vertex  3.000000e+00  3.400000e+01  1.500000e+00
     vertex  3.719378e+01  2.754274e+01  1.500000e+00
   endloop
 endfacet
 facet normal  0.000000e+00  0.000000e+00  1.000000e+00
   outer loop
     vertex  3.721264e+01  2.755340e+01  1.500000e+00
     vertex  3.000000e+00  3.400000e+01  1.500000e+00
     vertex  3.720314e+01  2.754820e+01  1.500000e+00
   endloop
 endfacet
 facet normal  0.000000e+00  0.000000e+00  1.000000e+00
   outer loop
     vertex  3.722228e+01  2.755835e+01  1.500000e+00
     vertex  3.000000e+00  3.400000e+01  1.500000e+00
     vertex  3.721264e+01  2.755340e+01  1.500000e+00
   endloop
 endfacet
 facet normal  0.000000e+00  0.000000e+00  1.000000e+00
   outer loop
     vertex  3.723204e+01  2.756303e+01  1.500000e+00
     vertex  3.000000e+00  3.400000e+01  1.500000e+00
     vertex  3.722228e+01  2.755835e+01  1.500000e+00
   endloop
 endfacet
 facet normal  0.000000e+00  0.000000e+00  1.000000e+00
   outer loop
     vertex  3.724194e+01  2.756745e+01  1.500000e+00
     vertex  3.000000e+00  3.400000e+01  1.500000e+00
     vertex  3.723204e+01  2.756303e+01  1.500000e+00
   endloop
 endfacet
 facet normal  0.000000e+00  0.000000e+00  1.000000e+00
   outer loop
     vertex  3.725194e+01  2.757159e+01  1.500000e+00
     vertex  3.000000e+00  3.400000e+01  1.500000e+00
     vertex  3.724194e+01  2.756745e+01  1.500000e+00
   endloop
 endfacet
 facet normal  0.000000e+00  0.000000e+00  1.000000e+00
   outer loop
     vertex  3.726206e+01  2.757546e+01  1.500000e+00
     vertex  3.000000e+00  3.400000e+01  1.500000e+00
     vertex  3.725194e+01  2.757159e+01  1.500000e+00
   endloop
 endfacet
 facet normal  0.000000e+00  0.000000e+00  1.000000e+00
   outer loop
     vertex  3.727228e+01  2.757906e+01  1.500000e+00
     vertex  3.000000e+00  3.400000e+01  1.500000e+00
     vertex  3.726206e+01  2.757546e+01  1.500000e+00
   endloop
 endfacet
 facet normal  0.000000e+00  0.000000e+00  1.000000e+00
   outer loop
     vertex  3.728259e+01  2.758238e+01  1.500000e+00
     vertex  3.000000e+00  3.400000e+01  1.500000e+00
     vertex  3.727228e+01  2.757906e+01  1.500000e+00
   endloop
 endfacet
 facet normal  0.000000e+00  0.000000e+00  1.000000e+00
   outer loop
     vertex  6.454666e+01  4.294285e-01  1.500000e+00
     vertex  6.433294e+01  3.123832e-01  1.500000e+00
     vertex  6.440523e+01  3.494639e-01  1.500000e+00
   endloop
 endfacet
 facet normal  0.000000e+00  0.000000e+00  1.000000e+00
   outer loop
     vertex  6.454666e+01  4.294285e-01  1.500000e+00
     vertex  6.440523e+01  3.494639e-01  1.500000e+00
     vertex  6.447648e+01  3.884885e-01  1.500000e+00
   endloop
 endfacet
 facet normal  0.000000e+00  0.000000e+00  1.000000e+00
   outer loop
     vertex  6.461570e+01  4.722538e-01  1.500000e+00
     vertex  6.300000e+01 -4.440892e-16  1.500000e+00
     vertex  6.433294e+01  3.123832e-01  1.500000e+00
   endloop
 endfacet
 facet normal  0.000000e+00  0.000000e+00  1.000000e+00
   outer loop
     vertex  6.461570e+01  4.722538e-01  1.500000e+00
     vertex  6.433294e+01  3.123832e-01  1.500000e+00
     vertex  6.454666e+01  4.294285e-01  1.500000e+00
   endloop
 endfacet
 facet normal  0.000000e+00  0.000000e+00  1.000000e+00
   outer loop
     vertex  6.468356e+01  5.169330e-01  1.500000e+00
     vertex  6.300000e+01 -4.440892e-16  1.500000e+00
     vertex  6.461570e+01  4.722538e-01  1.500000e+00
   endloop
 endfacet
 facet normal  0.000000e+00  0.000000e+00  1.000000e+00
   outer loop
     vertex  6.481552e+01  6.117208e-01  1.500000e+00
     vertex  6.468356e+01  5.169330e-01  1.500000e+00
     vertex  6.475018e+01  5.634334e-01  1.500000e+00
   endloop
 endfacet
 facet normal  0.000000e+00  0.000000e+00  1.000000e+00
   outer loop
     vertex  6.487953e+01  6.617599e-01  1.500000e+00
     vertex  6.468356e+01  5.169330e-01  1.500000e+00
     vertex  6.481552e+01  6.117208e-01  1.500000e+00
   endloop
 endfacet
 facet normal  0.000000e+00  0.000000e+00  1.000000e+00
   outer loop
     vertex  6.500336e+01  7.669448e-01  1.500000e+00
     vertex  6.468356e+01  5.169330e-01  1.500000e+00
     vertex  6.487953e+01  6.617599e-01  1.500000e+00
   endloop
 endfacet
 facet normal  0.000000e+00  0.000000e+00  1.000000e+00
   outer loop
     vertex  6.500336e+01  7.669448e-01  1.500000e+00
     vertex  6.487953e+01  6.617599e-01  1.500000e+00
     vertex  6.494216e+01  7.135138e-01  1.500000e+00
   endloop
 endfacet
 facet normal  0.000000e+00  0.000000e+00  1.000000e+00
   outer loop
     vertex  6.500336e+01  7.669448e-01  1.500000e+00
     vertex  6.300000e+01 -4.440892e-16  1.500000e+00
     vertex  6.468356e+01  5.169330e-01  1.500000e+00
   endloop
 endfacet
 facet normal  0.000000e+00  0.000000e+00  1.000000e+00
   outer loop
     vertex  6.512132e+01  8.786797e-01  1.500000e+00
     vertex  6.300000e+01 -4.440892e-16  1.500000e+00
     vertex  6.500336e+01  7.669448e-01  1.500000e+00
   endloop
 endfacet
 facet normal  0.000000e+00  0.000000e+00  1.000000e+00
   outer loop
     vertex  6.512132e+01  8.786797e-01  1.500000e+00
     vertex  6.500336e+01  7.669448e-01  1.500000e+00
     vertex  6.506310e+01  8.220135e-01  1.500000e+00
   endloop
 endfacet
 facet normal  0.000000e+00  0.000000e+00  1.000000e+00
   outer loop
     vertex  6.528649e+01  1.057841e+00  1.500000e+00
     vertex  6.517799e+01  9.369016e-01  1.500000e+00
     vertex  6.523306e+01  9.966367e-01  1.500000e+00
   endloop
 endfacet
 facet normal  0.000000e+00  0.000000e+00  1.000000e+00
   outer loop
     vertex  6.528649e+01  1.057841e+00  1.500000e+00
     vertex  6.512132e+01  8.786797e-01  1.500000e+00
     vertex  6.517799e+01  9.369016e-01  1.500000e+00
   endloop
 endfacet
 facet normal  0.000000e+00  0.000000e+00  1.000000e+00
   outer loop
     vertex  6.533824e+01  1.120470e+00  1.500000e+00
     vertex  6.512132e+01  8.786797e-01  1.500000e+00
     vertex  6.528649e+01  1.057841e+00  1.500000e+00
   endloop
 endfacet
 facet normal  0.000000e+00  0.000000e+00  1.000000e+00
   outer loop
     vertex  6.543657e+01  1.249816e+00  1.500000e+00
     vertex  6.533824e+01  1.120470e+00  1.500000e+00
     vertex  6.538828e+01  1.184477e+00  1.500000e+00
   endloop
 endfacet
 facet normal  0.000000e+00  0.000000e+00  1.000000e+00
   outer loop
     vertex  6.548307e+01  1.316439e+00  1.500000e+00
     vertex  6.300000e+01 -4.440892e-16  1.500000e+00
     vertex  6.512132e+01  8.786797e-01  1.500000e+00
   endloop
 endfacet
 facet normal  0.000000e+00  0.000000e+00  1.000000e+00
   outer loop
     vertex  6.548307e+01  1.316439e+00  1.500000e+00
     vertex  6.512132e+01  8.786797e-01  1.500000e+00
     vertex  6.533824e+01  1.120470e+00  1.500000e+00
   endloop
 endfacet
 facet normal  0.000000e+00  0.000000e+00  1.000000e+00
   outer loop
     vertex  6.548307e+01  1.316439e+00  1.500000e+00
     vertex  6.533824e+01  1.120470e+00  1.500000e+00
     vertex  6.543657e+01  1.249816e+00  1.500000e+00
   endloop
 endfacet
 facet normal  0.000000e+00  0.000000e+00  1.000000e+00
   outer loop
     vertex  6.557057e+01  1.453338e+00  1.500000e+00
     vertex  6.300000e+01 -4.440892e-16  1.500000e+00
     vertex  6.548307e+01  1.316439e+00  1.500000e+00
   endloop
 endfacet
 facet normal  0.000000e+00  0.000000e+00  1.000000e+00
   outer loop
     vertex  6.557057e+01  1.453338e+00  1.500000e+00
     vertex  6.548307e+01  1.316439e+00  1.500000e+00
     vertex  6.552775e+01  1.384296e+00  1.500000e+00
   endloop
 endfacet
 facet normal  0.000000e+00  0.000000e+00  1.000000e+00
   outer loop
     vertex  6.568762e+01  1.667065e+00  1.500000e+00
     vertex  6.300000e+01 -4.440892e-16  1.500000e+00
     vertex  6.557057e+01  1.453338e+00  1.500000e+00
   endloop
 endfacet
 facet normal  0.000000e+00  0.000000e+00  1.000000e+00
   outer loop
     vertex  6.568762e+01  1.667065e+00  1.500000e+00
     vertex  6.561151e+01  1.523515e+00  1.500000e+00
     vertex  6.565054e+01  1.594775e+00  1.500000e+00
   endloop
 endfacet
 facet normal  0.000000e+00  0.000000e+00  1.000000e+00
   outer loop
     vertex  6.568762e+01  1.667065e+00  1.500000e+00
     vertex  6.557057e+01  1.453338e+00  1.500000e+00
     vertex  6.561151e+01  1.523515e+00  1.500000e+00
   endloop
 endfacet
 facet normal  0.000000e+00  0.000000e+00  1.000000e+00
   outer loop
     vertex  6.575584e+01  1.814524e+00  1.500000e+00
     vertex  6.300000e+01 -4.440892e-16  1.500000e+00
     vertex  6.568762e+01  1.667065e+00  1.500000e+00
   endloop
 endfacet
 facet normal  0.000000e+00  0.000000e+00  1.000000e+00
   outer loop
     vertex  6.575584e+01  1.814524e+00  1.500000e+00
     vertex  6.568762e+01  1.667065e+00  1.500000e+00
     vertex  6.572273e+01  1.740333e+00  1.500000e+00
   endloop
 endfacet
 facet normal  0.000000e+00  0.000000e+00  1.000000e+00
   outer loop
     vertex  6.586786e+01  2.119432e+00  1.500000e+00
     vertex  6.581598e+01  1.965461e+00  1.500000e+00
     vertex  6.584296e+01  2.042095e+00  1.500000e+00
   endloop
 endfacet
 facet normal  0.000000e+00  0.000000e+00  1.000000e+00
   outer loop
     vertex  6.586786e+01  2.119432e+00  1.500000e+00
     vertex  6.578693e+01  1.889586e+00  1.500000e+00
     vertex  6.581598e+01  1.965461e+00  1.500000e+00
   endloop
 endfacet
 facet normal  0.000000e+00  0.000000e+00  1.000000e+00
   outer loop
     vertex  6.589065e+01  2.197415e+00  1.500000e+00
     vertex  6.578693e+01  1.889586e+00  1.500000e+00
     vertex  6.586786e+01  2.119432e+00  1.500000e+00
   endloop
 endfacet
 facet normal  0.000000e+00  0.000000e+00  1.000000e+00
   outer loop
     vertex  6.589065e+01  2.197415e+00  1.500000e+00
     vertex  6.575584e+01  1.814524e+00  1.500000e+00
     vertex  6.578693e+01  1.889586e+00  1.500000e+00
   endloop
 endfacet
 facet normal  0.000000e+00  0.000000e+00  1.000000e+00
   outer loop
     vertex  6.591132e+01  2.275986e+00  1.500000e+00
     vertex  6.575584e+01  1.814524e+00  1.500000e+00
     vertex  6.589065e+01  2.197415e+00  1.500000e+00
   endloop
 endfacet
 facet normal  0.000000e+00  0.000000e+00  1.000000e+00
   outer loop
     vertex  6.592986e+01  2.355089e+00  1.500000e+00
     vertex  6.575584e+01  1.814524e+00  1.500000e+00
     vertex  6.591132e+01  2.275986e+00  1.500000e+00
   endloop
 endfacet
 facet normal  0.000000e+00  0.000000e+00  1.000000e+00
   outer loop
     vertex  6.596048e+01  2.514654e+00  1.500000e+00
     vertex  6.592986e+01  2.355089e+00  1.500000e+00
     vertex  6.594625e+01  2.434664e+00  1.500000e+00
   endloop
 endfacet
 facet normal  0.000000e+00  0.000000e+00  1.000000e+00
   outer loop
     vertex  6.597254e+01  2.595000e+00  1.500000e+00
     vertex  6.592986e+01  2.355089e+00  1.500000e+00
     vertex  6.596048e+01  2.514654e+00  1.500000e+00
   endloop
 endfacet
 facet normal  0.000000e+00  0.000000e+00  1.000000e+00
   outer loop
     vertex  6.598241e+01  2.675643e+00  1.500000e+00
     vertex  6.300000e+01 -4.440892e-16  1.500000e+00
     vertex  6.575584e+01  1.814524e+00  1.500000e+00
   endloop
 endfacet
 facet normal  0.000000e+00  0.000000e+00  1.000000e+00
   outer loop
     vertex  6.598241e+01  2.675643e+00  1.500000e+00
     vertex  6.575584e+01  1.814524e+00  1.500000e+00
     vertex  6.592986e+01  2.355089e+00  1.500000e+00
   endloop
 endfacet
 facet normal  0.000000e+00  0.000000e+00  1.000000e+00
   outer loop
     vertex  6.598241e+01  2.675643e+00  1.500000e+00
     vertex  6.592986e+01  2.355089e+00  1.500000e+00
     vertex  6.597254e+01  2.595000e+00  1.500000e+00
   endloop
 endfacet
 facet normal  0.000000e+00  0.000000e+00  1.000000e+00
   outer loop
     vertex  6.599890e+01  2.918762e+00  1.500000e+00
     vertex  6.599010e+01  2.756524e+00  1.500000e+00
     vertex  6.599560e+01  2.837583e+00  1.500000e+00
   endloop
 endfacet
 facet normal  0.000000e+00  0.000000e+00  1.000000e+00
   outer loop
     vertex  6.600000e+01  3.000000e+00  1.500000e+00
     vertex  5.560000e+01  5.900000e+00  1.500000e+00
     vertex  5.559985e+01  5.889168e+00  1.500000e+00
   endloop
 endfacet
 facet normal  0.000000e+00  0.000000e+00  1.000000e+00
   outer loop
     vertex  6.600000e+01  3.000000e+00  1.500000e+00
     vertex  5.559473e+01  5.835287e+00  1.500000e+00
     vertex  6.300000e+01 -4.440892e-16  1.500000e+00
   endloop
 endfacet
 facet normal  0.000000e+00  0.000000e+00  1.000000e+00
   outer loop
     vertex  6.600000e+01  3.000000e+00  1.500000e+00
     vertex  6.598241e+01  2.675643e+00  1.500000e+00
     vertex  6.599010e+01  2.756524e+00  1.500000e+00
   endloop
 endfacet
 facet normal  0.000000e+00  0.000000e+00  1.000000e+00
   outer loop
     vertex  6.600000e+01  3.000000e+00  1.500000e+00
     vertex  6.300000e+01 -4.440892e-16  1.500000e+00
     vertex  6.598241e+01  2.675643e+00  1.500000e+00
   endloop
 endfacet
 facet normal  0.000000e+00  0.000000e+00  1.000000e+00
   outer loop
     vertex  6.600000e+01  3.000000e+00  1.500000e+00
     vertex  6.599010e+01  2.756524e+00  1.500000e+00
     vertex  6.599890e+01  2.918762e+00  1.500000e+00
   endloop
 endfacet
 facet normal  0.000000e+00  0.000000e+00  1.000000e+00
   outer loop
     vertex  6.600000e+01  3.000000e+00  1.500000e+00
     vertex  5.559634e+01  5.846000e+00  1.500000e+00
     vertex  5.559473e+01  5.835287e+00  1.500000e+00
   endloop
 endfacet
 facet normal  0.000000e+00  0.000000e+00  1.000000e+00
   outer loop
     vertex  6.600000e+01  3.000000e+00  1.500000e+00
     vertex  5.559766e+01  5.856752e+00  1.500000e+00
     vertex  5.559634e+01  5.846000e+00  1.500000e+00
   endloop
 endfacet
 facet normal  0.000000e+00  0.000000e+00  1.000000e+00
   outer loop
     vertex  6.600000e+01  3.000000e+00  1.500000e+00
     vertex  5.559868e+01  5.867537e+00  1.500000e+00
     vertex  5.559766e+01  5.856752e+00  1.500000e+00
   endloop
 endfacet
 facet normal  0.000000e+00  0.000000e+00  1.000000e+00
   outer loop
     vertex  6.600000e+01  3.000000e+00  1.500000e+00
     vertex  5.559941e+01  5.878344e+00  1.500000e+00
     vertex  5.559868e+01  5.867537e+00  1.500000e+00
   endloop
 endfacet
 facet normal  0.000000e+00  0.000000e+00  1.000000e+00
   outer loop
     vertex  6.600000e+01  3.000000e+00  1.500000e+00
     vertex  5.559985e+01  5.889168e+00  1.500000e+00
     vertex  5.559941e+01  5.878344e+00  1.500000e+00
   endloop
 endfacet
 facet normal  0.000000e+00  0.000000e+00  1.000000e+00
   outer loop
     vertex  5.560000e+01  2.720000e+01  1.500000e+00
     vertex  5.560000e+01  5.900000e+00  1.500000e+00
     vertex  6.600000e+01  3.000000e+00  1.500000e+00
   endloop
 endfacet
 facet normal  0.000000e+00  0.000000e+00  1.000000e+00
   outer loop
     vertex  6.300000e+01  3.400000e+01  1.500000e+00
     vertex  5.556303e+01  2.736796e+01  1.500000e+00
     vertex  5.556745e+01  2.735806e+01  1.500000e+00
   endloop
 endfacet
 facet normal  0.000000e+00  0.000000e+00  1.000000e+00
   outer loop
     vertex  6.300000e+01  3.400000e+01  1.500000e+00
     vertex  5.555835e+01  2.737772e+01  1.500000e+00
     vertex  5.556303e+01  2.736796e+01  1.500000e+00
   endloop
 endfacet
 facet normal  0.000000e+00  0.000000e+00  1.000000e+00
   outer loop
     vertex  6.300000e+01  3.400000e+01  1.500000e+00
     vertex  5.555340e+01  2.738736e+01  1.500000e+00
     vertex  5.555835e+01  2.737772e+01  1.500000e+00
   endloop
 endfacet
 facet normal  0.000000e+00  0.000000e+00  1.000000e+00
   outer loop
     vertex  6.300000e+01  3.400000e+01  1.500000e+00
     vertex  5.554820e+01  2.739686e+01  1.500000e+00
     vertex  5.555340e+01  2.738736e+01  1.500000e+00
   endloop
 endfacet
 facet normal  0.000000e+00  0.000000e+00  1.000000e+00
   outer loop
     vertex  6.300000e+01  3.400000e+01  1.500000e+00
     vertex  5.554274e+01  2.740622e+01  1.500000e+00
     vertex  5.554820e+01  2.739686e+01  1.500000e+00
   endloop
 endfacet
 facet normal  0.000000e+00  0.000000e+00  1.000000e+00
   outer loop
     vertex  6.300000e+01  3.400000e+01  1.500000e+00
     vertex  5.553703e+01  2.741543e+01  1.500000e+00
     vertex  5.554274e+01  2.740622e+01  1.500000e+00
   endloop
 endfacet
 facet normal  0.000000e+00  0.000000e+00  1.000000e+00
   outer loop
     vertex  6.300000e+01  3.400000e+01  1.500000e+00
     vertex  5.553108e+01  2.742447e+01  1.500000e+00
     vertex  5.553703e+01  2.741543e+01  1.500000e+00
   endloop
 endfacet
 facet normal  0.000000e+00  0.000000e+00  1.000000e+00
   outer loop
     vertex  6.300000e+01  3.400000e+01  1.500000e+00
     vertex  5.552488e+01  2.743336e+01  1.500000e+00
     vertex  5.553108e+01  2.742447e+01  1.500000e+00
   endloop
 endfacet
 facet normal  0.000000e+00  0.000000e+00  1.000000e+00
   outer loop
     vertex  6.300000e+01  3.400000e+01  1.500000e+00
     vertex  5.551844e+01  2.744207e+01  1.500000e+00
     vertex  5.552488e+01  2.743336e+01  1.500000e+00
   endloop
 endfacet
 facet normal  0.000000e+00  0.000000e+00  1.000000e+00
   outer loop
     vertex  6.300000e+01  3.400000e+01  1.500000e+00
     vertex  5.551177e+01  2.745060e+01  1.500000e+00
     vertex  5.551844e+01  2.744207e+01  1.500000e+00
   endloop
 endfacet
 facet normal  0.000000e+00  0.000000e+00  1.000000e+00
   outer loop
     vertex  6.300000e+01  3.400000e+01  1.500000e+00
     vertex  5.550486e+01  2.745895e+01  1.500000e+00
     vertex  5.551177e+01  2.745060e+01  1.500000e+00
   endloop
 endfacet
 facet normal  0.000000e+00  0.000000e+00  1.000000e+00
   outer loop
     vertex  6.300000e+01  3.400000e+01  1.500000e+00
     vertex  5.549774e+01  2.746712e+01  1.500000e+00
     vertex  5.550486e+01  2.745895e+01  1.500000e+00
   endloop
 endfacet
 facet normal  0.000000e+00  0.000000e+00  1.000000e+00
   outer loop
     vertex  6.300000e+01  3.400000e+01  1.500000e+00
     vertex  5.549040e+01  2.747508e+01  1.500000e+00
     vertex  5.549774e+01  2.746712e+01  1.500000e+00
   endloop
 endfacet
 facet normal  0.000000e+00  0.000000e+00  1.000000e+00
   outer loop
     vertex  6.300000e+01  3.400000e+01  1.500000e+00
     vertex  5.548284e+01  2.748284e+01  1.500000e+00
     vertex  5.549040e+01  2.747508e+01  1.500000e+00
   endloop
 endfacet
 facet normal  0.000000e+00  0.000000e+00  1.000000e+00
   outer loop
     vertex  6.300000e+01  3.400000e+01  1.500000e+00
     vertex  5.547508e+01  2.749040e+01  1.500000e+00
     vertex  5.548284e+01  2.748284e+01  1.500000e+00
   endloop
 endfacet
 facet normal  0.000000e+00  0.000000e+00  1.000000e+00
   outer loop
     vertex  6.300000e+01  3.400000e+01  1.500000e+00
     vertex  5.546712e+01  2.749774e+01  1.500000e+00
     vertex  5.547508e+01  2.749040e+01  1.500000e+00
   endloop
 endfacet
 facet normal  0.000000e+00  0.000000e+00  1.000000e+00
   outer loop
     vertex  6.300000e+01  3.400000e+01  1.500000e+00
     vertex  5.545895e+01  2.750486e+01  1.500000e+00
     vertex  5.546712e+01  2.749774e+01  1.500000e+00
   endloop
 endfacet
 facet normal  0.000000e+00  0.000000e+00  1.000000e+00
   outer loop
     vertex  6.300000e+01  3.400000e+01  1.500000e+00
     vertex  5.545060e+01  2.751177e+01  1.500000e+00
     vertex  5.545895e+01  2.750486e+01  1.500000e+00
   endloop
 endfacet
 facet normal  0.000000e+00  0.000000e+00  1.000000e+00
   outer loop
     vertex  6.300000e+01  3.400000e+01  1.500000e+00
     vertex  5.544207e+01  2.751844e+01  1.500000e+00
     vertex  5.545060e+01  2.751177e+01  1.500000e+00
   endloop
 endfacet
 facet normal  0.000000e+00  0.000000e+00  1.000000e+00
   outer loop
     vertex  6.300000e+01  3.400000e+01  1.500000e+00
     vertex  5.543336e+01  2.752488e+01  1.500000e+00
     vertex  5.544207e+01  2.751844e+01  1.500000e+00
   endloop
 endfacet
 facet normal  0.000000e+00  0.000000e+00  1.000000e+00
   outer loop
     vertex  6.300000e+01  3.400000e+01  1.500000e+00
     vertex  5.542447e+01  2.753108e+01  1.500000e+00
     vertex  5.543336e+01  2.752488e+01  1.500000e+00
   endloop
 endfacet
 facet normal  0.000000e+00  0.000000e+00  1.000000e+00
   outer loop
     vertex  6.300000e+01  3.400000e+01  1.500000e+00
     vertex  5.541543e+01  2.753703e+01  1.500000e+00
     vertex  5.542447e+01  2.753108e+01  1.500000e+00
   endloop
 endfacet
 facet normal  0.000000e+00  0.000000e+00  1.000000e+00
   outer loop
     vertex  6.300000e+01  3.400000e+01  1.500000e+00
     vertex  5.540622e+01  2.754274e+01  1.500000e+00
     vertex  5.541543e+01  2.753703e+01  1.500000e+00
   endloop
 endfacet
 facet normal  0.000000e+00  0.000000e+00  1.000000e+00
   outer loop
     vertex  6.300000e+01  3.400000e+01  1.500000e+00
     vertex  5.539686e+01  2.754820e+01  1.500000e+00
     vertex  5.540622e+01  2.754274e+01  1.500000e+00
   endloop
 endfacet
 facet normal  0.000000e+00  0.000000e+00  1.000000e+00
   outer loop
     vertex  6.300000e+01  3.400000e+01  1.500000e+00
     vertex  5.538736e+01  2.755340e+01  1.500000e+00
     vertex  5.539686e+01  2.754820e+01  1.500000e+00
   endloop
 endfacet
 facet normal  0.000000e+00  0.000000e+00  1.000000e+00
   outer loop
     vertex  6.300000e+01  3.400000e+01  1.500000e+00
     vertex  5.537772e+01  2.755835e+01  1.500000e+00
     vertex  5.538736e+01  2.755340e+01  1.500000e+00
   endloop
 endfacet
 facet normal  0.000000e+00  0.000000e+00  1.000000e+00
   outer loop
     vertex  6.300000e+01  3.400000e+01  1.500000e+00
     vertex  5.536796e+01  2.756303e+01  1.500000e+00
     vertex  5.537772e+01  2.755835e+01  1.500000e+00
   endloop
 endfacet
 facet normal  0.000000e+00  0.000000e+00  1.000000e+00
   outer loop
     vertex  6.300000e+01  3.400000e+01  1.500000e+00
     vertex  5.535806e+01  2.756745e+01  1.500000e+00
     vertex  5.536796e+01  2.756303e+01  1.500000e+00
   endloop
 endfacet
 facet normal  0.000000e+00  0.000000e+00  1.000000e+00
   outer loop
     vertex  6.300000e+01  3.400000e+01  1.500000e+00
     vertex  5.534806e+01  2.757159e+01  1.500000e+00
     vertex  5.535806e+01  2.756745e+01  1.500000e+00
   endloop
 endfacet
 facet normal  0.000000e+00  0.000000e+00  1.000000e+00
   outer loop
     vertex  6.300000e+01  3.400000e+01  1.500000e+00
     vertex  5.533794e+01  2.757546e+01  1.500000e+00
     vertex  5.534806e+01  2.757159e+01  1.500000e+00
   endloop
 endfacet
 facet normal  0.000000e+00  0.000000e+00  1.000000e+00
   outer loop
     vertex  6.300000e+01  3.400000e+01  1.500000e+00
     vertex  5.532772e+01  2.757906e+01  1.500000e+00
     vertex  5.533794e+01  2.757546e+01  1.500000e+00
   endloop
 endfacet
 facet normal  0.000000e+00  0.000000e+00  1.000000e+00
   outer loop
     vertex  6.300000e+01  3.400000e+01  1.500000e+00
     vertex  5.531741e+01  2.758238e+01  1.500000e+00
     vertex  5.532772e+01  2.757906e+01  1.500000e+00
   endloop
 endfacet
 facet normal  0.000000e+00  0.000000e+00  1.000000e+00
   outer loop
     vertex  6.300000e+01  3.400000e+01  1.500000e+00
     vertex  5.530701e+01  2.758542e+01  1.500000e+00
     vertex  5.531741e+01  2.758238e+01  1.500000e+00
   endloop
 endfacet
 facet normal  0.000000e+00  0.000000e+00  1.000000e+00
   outer loop
     vertex  6.300000e+01  3.400000e+01  1.500000e+00
     vertex  5.529654e+01  2.758818e+01  1.500000e+00
     vertex  5.530701e+01  2.758542e+01  1.500000e+00
   endloop
 endfacet
 facet normal  0.000000e+00  0.000000e+00  1.000000e+00
   outer loop
     vertex  6.300000e+01  3.400000e+01  1.500000e+00
     vertex  5.528599e+01  2.759065e+01  1.500000e+00
     vertex  5.529654e+01  2.758818e+01  1.500000e+00
   endloop
 endfacet
 facet normal  0.000000e+00  0.000000e+00  1.000000e+00
   outer loop
     vertex  6.300000e+01  3.400000e+01  1.500000e+00
     vertex  5.527538e+01  2.759283e+01  1.500000e+00
     vertex  5.528599e+01  2.759065e+01  1.500000e+00
   endloop
 endfacet
 facet normal  0.000000e+00  0.000000e+00  1.000000e+00
   outer loop
     vertex  6.300000e+01  3.400000e+01  1.500000e+00
     vertex  5.526471e+01  2.759473e+01  1.500000e+00
     vertex  5.527538e+01  2.759283e+01  1.500000e+00
   endloop
 endfacet
 facet normal  0.000000e+00  0.000000e+00  1.000000e+00
   outer loop
     vertex  6.300000e+01  3.400000e+01  1.500000e+00
     vertex  5.525400e+01  2.759634e+01  1.500000e+00
     vertex  5.526471e+01  2.759473e+01  1.500000e+00
   endloop
 endfacet
 facet normal  0.000000e+00  0.000000e+00  1.000000e+00
   outer loop
     vertex  6.300000e+01  3.400000e+01  1.500000e+00
     vertex  5.524325e+01  2.759766e+01  1.500000e+00
     vertex  5.525400e+01  2.759634e+01  1.500000e+00
   endloop
 endfacet
 facet normal  0.000000e+00  0.000000e+00  1.000000e+00
   outer loop
     vertex  6.300000e+01  3.400000e+01  1.500000e+00
     vertex  5.523246e+01  2.759868e+01  1.500000e+00
     vertex  5.524325e+01  2.759766e+01  1.500000e+00
   endloop
 endfacet
 facet normal  0.000000e+00  0.000000e+00  1.000000e+00
   outer loop
     vertex  6.300000e+01  3.400000e+01  1.500000e+00
     vertex  5.522166e+01  2.759941e+01  1.500000e+00
     vertex  5.523246e+01  2.759868e+01  1.500000e+00
   endloop
 endfacet
 facet normal  0.000000e+00  0.000000e+00  1.000000e+00
   outer loop
     vertex  6.300000e+01  3.400000e+01  1.500000e+00
     vertex  5.521083e+01  2.759985e+01  1.500000e+00
     vertex  5.522166e+01  2.759941e+01  1.500000e+00
   endloop
 endfacet
 facet normal  0.000000e+00  0.000000e+00  1.000000e+00
   outer loop
     vertex  6.300000e+01  3.400000e+01  1.500000e+00
     vertex  5.520000e+01  2.760000e+01  1.500000e+00
     vertex  5.521083e+01  2.759985e+01  1.500000e+00
   endloop
 endfacet
 facet normal  0.000000e+00  0.000000e+00  1.000000e+00
   outer loop
     vertex  6.300000e+01  3.400000e+01  1.500000e+00
     vertex  3.740000e+01  2.760000e+01  1.500000e+00
     vertex  5.520000e+01  2.760000e+01  1.500000e+00
   endloop
 endfacet
 facet normal  0.000000e+00  0.000000e+00  1.000000e+00
   outer loop
     vertex  6.300000e+01  3.400000e+01  1.500000e+00
     vertex  5.557906e+01  2.732772e+01  1.500000e+00
     vertex  5.558238e+01  2.731741e+01  1.500000e+00
   endloop
 endfacet
 facet normal  0.000000e+00  0.000000e+00  1.000000e+00
   outer loop
     vertex  6.300000e+01  3.400000e+01  1.500000e+00
     vertex  5.557546e+01  2.733794e+01  1.500000e+00
     vertex  5.557906e+01  2.732772e+01  1.500000e+00
   endloop
 endfacet
 facet normal  0.000000e+00  0.000000e+00  1.000000e+00
   outer loop
     vertex  6.300000e+01  3.400000e+01  1.500000e+00
     vertex  5.557159e+01  2.734806e+01  1.500000e+00
     vertex  5.557546e+01  2.733794e+01  1.500000e+00
   endloop
 endfacet
 facet normal  0.000000e+00  0.000000e+00  1.000000e+00
   outer loop
     vertex  6.300000e+01  3.400000e+01  1.500000e+00
     vertex  5.556745e+01  2.735806e+01  1.500000e+00
     vertex  5.557159e+01  2.734806e+01  1.500000e+00
   endloop
 endfacet
 facet normal  0.000000e+00  0.000000e+00  1.000000e+00
   outer loop
     vertex  6.600000e+01  3.100000e+01  1.500000e+00
     vertex  5.560000e+01  2.720000e+01  1.500000e+00
     vertex  6.600000e+01  3.000000e+00  1.500000e+00
   endloop
 endfacet
 facet normal  0.000000e+00  0.000000e+00  1.000000e+00
   outer loop
     vertex  6.600000e+01  3.100000e+01  1.500000e+00
     vertex  6.300000e+01  3.400000e+01  1.500000e+00
     vertex  5.558238e+01  2.731741e+01  1.500000e+00
   endloop
 endfacet
 facet normal  0.000000e+00  0.000000e+00  1.000000e+00
   outer loop
     vertex  6.600000e+01  3.100000e+01  1.500000e+00
     vertex  5.559985e+01  2.721083e+01  1.500000e+00
     vertex  5.560000e+01  2.720000e+01  1.500000e+00
   endloop
 endfacet
 facet normal  0.000000e+00  0.000000e+00  1.000000e+00
   outer loop
     vertex  6.600000e+01  3.100000e+01  1.500000e+00
     vertex  5.559941e+01  2.722166e+01  1.500000e+00
     vertex  5.559985e+01  2.721083e+01  1.500000e+00
   endloop
 endfacet
 facet normal  0.000000e+00  0.000000e+00  1.000000e+00
   outer loop
     vertex  6.600000e+01  3.100000e+01  1.500000e+00
     vertex  5.559868e+01  2.723246e+01  1.500000e+00
     vertex  5.559941e+01  2.722166e+01  1.500000e+00
   endloop
 endfacet
 facet normal  0.000000e+00  0.000000e+00  1.000000e+00
   outer loop
     vertex  6.600000e+01  3.100000e+01  1.500000e+00
     vertex  5.559766e+01  2.724325e+01  1.500000e+00
     vertex  5.559868e+01  2.723246e+01  1.500000e+00
   endloop
 endfacet
 facet normal  0.000000e+00  0.000000e+00  1.000000e+00
   outer loop
     vertex  6.600000e+01  3.100000e+01  1.500000e+00
     vertex  5.559634e+01  2.725400e+01  1.500000e+00
     vertex  5.559766e+01  2.724325e+01  1.500000e+00
   endloop
 endfacet
 facet normal  0.000000e+00  0.000000e+00  1.000000e+00
   outer loop
     vertex  6.600000e+01  3.100000e+01  1.500000e+00
     vertex  5.559473e+01  2.726471e+01  1.500000e+00
     vertex  5.559634e+01  2.725400e+01  1.500000e+00
   endloop
 endfacet
 facet normal  0.000000e+00  0.000000e+00  1.000000e+00
   outer loop
     vertex  6.600000e+01  3.100000e+01  1.500000e+00
     vertex  5.559283e+01  2.727538e+01  1.500000e+00
     vertex  5.559473e+01  2.726471e+01  1.500000e+00
   endloop
 endfacet
 facet normal  0.000000e+00  0.000000e+00  1.000000e+00
   outer loop
     vertex  6.600000e+01  3.100000e+01  1.500000e+00
     vertex  5.559065e+01  2.728599e+01  1.500000e+00
     vertex  5.559283e+01  2.727538e+01  1.500000e+00
   endloop
 endfacet
 facet normal  0.000000e+00  0.000000e+00  1.000000e+00
   outer loop
     vertex  6.600000e+01  3.100000e+01  1.500000e+00
     vertex  5.558818e+01  2.729654e+01  1.500000e+00
     vertex  5.559065e+01  2.728599e+01  1.500000e+00
   endloop
 endfacet
 facet normal  0.000000e+00  0.000000e+00  1.000000e+00
   outer loop
     vertex  6.600000e+01  3.100000e+01  1.500000e+00
     vertex  5.558542e+01  2.730701e+01  1.500000e+00
     vertex  5.558818e+01  2.729654e+01  1.500000e+00
   endloop
 endfacet
 facet normal  0.000000e+00  0.000000e+00  1.000000e+00
   outer loop
     vertex  6.600000e+01  3.100000e+01  1.500000e+00
     vertex  5.558238e+01  2.731741e+01  1.500000e+00
     vertex  5.558542e+01  2.730701e+01  1.500000e+00
   endloop
 endfacet
 facet normal  0.000000e+00  0.000000e+00  1.000000e+00
   outer loop
     vertex  6.599890e+01  3.108124e+01  1.500000e+00
     vertex  6.300000e+01  3.400000e+01  1.500000e+00
     vertex  6.600000e+01  3.100000e+01  1.500000e+00
   endloop
 endfacet
 facet normal  0.000000e+00  0.000000e+00  1.000000e+00
   outer loop
     vertex  6.316242e+01  3.399560e+01  1.500000e+00
     vertex  6.308124e+01  3.399890e+01  1.500000e+00
     vertex  6.300000e+01  3.400000e+01  1.500000e+00
   endloop
 endfacet
 facet normal  0.000000e+00  0.000000e+00  1.000000e+00
   outer loop
     vertex  6.598241e+01  3.132436e+01  1.500000e+00
     vertex  6.599560e+01  3.116242e+01  1.500000e+00
     vertex  6.599010e+01  3.124348e+01  1.500000e+00
   endloop
 endfacet
 facet normal  0.000000e+00  0.000000e+00  1.000000e+00
   outer loop
     vertex  6.340500e+01  3.397254e+01  1.500000e+00
     vertex  6.332436e+01  3.398241e+01  1.500000e+00
     vertex  6.324348e+01  3.399010e+01  1.500000e+00
   endloop
 endfacet
 facet normal  0.000000e+00  0.000000e+00  1.000000e+00
   outer loop
     vertex  6.340500e+01  3.397254e+01  1.500000e+00
     vertex  6.324348e+01  3.399010e+01  1.500000e+00
     vertex  6.316242e+01  3.399560e+01  1.500000e+00
   endloop
 endfacet
 facet normal  0.000000e+00  0.000000e+00  1.000000e+00
   outer loop
     vertex  6.340500e+01  3.397254e+01  1.500000e+00
     vertex  6.316242e+01  3.399560e+01  1.500000e+00
     vertex  6.300000e+01  3.400000e+01  1.500000e+00
   endloop
 endfacet
 facet normal  0.000000e+00  0.000000e+00  1.000000e+00
   outer loop
     vertex  6.597254e+01  3.140500e+01  1.500000e+00
     vertex  6.599560e+01  3.116242e+01  1.500000e+00
     vertex  6.598241e+01  3.132436e+01  1.500000e+00
   endloop
 endfacet
 facet normal  0.000000e+00  0.000000e+00  1.000000e+00
   outer loop
     vertex  6.597254e+01  3.140500e+01  1.500000e+00
     vertex  6.599890e+01  3.108124e+01  1.500000e+00
     vertex  6.599560e+01  3.116242e+01  1.500000e+00
   endloop
 endfacet
 facet normal  0.000000e+00  0.000000e+00  1.000000e+00
   outer loop
     vertex  6.348535e+01  3.396048e+01  1.500000e+00
     vertex  6.340500e+01  3.397254e+01  1.500000e+00
     vertex  6.300000e+01  3.400000e+01  1.500000e+00
   endloop
 endfacet
 facet normal  0.000000e+00  0.000000e+00  1.000000e+00
   outer loop
     vertex  6.592986e+01  3.164491e+01  1.500000e+00
     vertex  6.599890e+01  3.108124e+01  1.500000e+00
     vertex  6.597254e+01  3.140500e+01  1.500000e+00
   endloop
 endfacet
 facet normal  0.000000e+00  0.000000e+00  1.000000e+00
   outer loop
     vertex  6.592986e+01  3.164491e+01  1.500000e+00
     vertex  6.597254e+01  3.140500e+01  1.500000e+00
     vertex  6.596048e+01  3.148535e+01  1.500000e+00
   endloop
 endfacet
 facet normal  0.000000e+00  0.000000e+00  1.000000e+00
   outer loop
     vertex  6.592986e+01  3.164491e+01  1.500000e+00
     vertex  6.596048e+01  3.148535e+01  1.500000e+00
     vertex  6.594625e+01  3.156534e+01  1.500000e+00
   endloop
 endfacet
 facet normal  0.000000e+00  0.000000e+00  1.000000e+00
   outer loop
     vertex  6.364491e+01  3.392986e+01  1.500000e+00
     vertex  6.348535e+01  3.396048e+01  1.500000e+00
     vertex  6.300000e+01  3.400000e+01  1.500000e+00
   endloop
 endfacet
 facet normal  0.000000e+00  0.000000e+00  1.000000e+00
   outer loop
     vertex  6.364491e+01  3.392986e+01  1.500000e+00
     vertex  6.356534e+01  3.394625e+01  1.500000e+00
     vertex  6.348535e+01  3.396048e+01  1.500000e+00
   endloop
 endfacet
 facet normal  0.000000e+00  0.000000e+00  1.000000e+00
   outer loop
     vertex  6.591132e+01  3.172401e+01  1.500000e+00
     vertex  6.599890e+01  3.108124e+01  1.500000e+00
     vertex  6.592986e+01  3.164491e+01  1.500000e+00
   endloop
 endfacet
 facet normal  0.000000e+00  0.000000e+00  1.000000e+00
   outer loop
     vertex  6.591132e+01  3.172401e+01  1.500000e+00
     vertex  6.300000e+01  3.400000e+01  1.500000e+00
     vertex  6.599890e+01  3.108124e+01  1.500000e+00
   endloop
 endfacet
 facet normal  0.000000e+00  0.000000e+00  1.000000e+00
   outer loop
     vertex  6.388057e+01  3.386786e+01  1.500000e+00
     vertex  6.380259e+01  3.389065e+01  1.500000e+00
     vertex  6.372401e+01  3.391132e+01  1.500000e+00
   endloop
 endfacet
 facet normal  0.000000e+00  0.000000e+00  1.000000e+00
   outer loop
     vertex  6.388057e+01  3.386786e+01  1.500000e+00
     vertex  6.372401e+01  3.391132e+01  1.500000e+00
     vertex  6.364491e+01  3.392986e+01  1.500000e+00
   endloop
 endfacet
 facet normal  0.000000e+00  0.000000e+00  1.000000e+00
   outer loop
     vertex  6.584296e+01  3.195790e+01  1.500000e+00
     vertex  6.591132e+01  3.172401e+01  1.500000e+00
     vertex  6.589065e+01  3.180259e+01  1.500000e+00
   endloop
 endfacet
 facet normal  0.000000e+00  0.000000e+00  1.000000e+00
   outer loop
     vertex  6.584296e+01  3.195790e+01  1.500000e+00
     vertex  6.589065e+01  3.180259e+01  1.500000e+00
     vertex  6.586786e+01  3.188057e+01  1.500000e+00
   endloop
 endfacet
 facet normal  0.000000e+00  0.000000e+00  1.000000e+00
   outer loop
     vertex  6.584296e+01  3.195790e+01  1.500000e+00
     vertex  6.300000e+01  3.400000e+01  1.500000e+00
     vertex  6.591132e+01  3.172401e+01  1.500000e+00
   endloop
 endfacet
 facet normal  0.000000e+00  0.000000e+00  1.000000e+00
   outer loop
     vertex  6.395790e+01  3.384296e+01  1.500000e+00
     vertex  6.388057e+01  3.386786e+01  1.500000e+00
     vertex  6.364491e+01  3.392986e+01  1.500000e+00
   endloop
 endfacet
 facet normal  0.000000e+00  0.000000e+00  1.000000e+00
   outer loop
     vertex  6.403454e+01  3.381598e+01  1.500000e+00
     vertex  6.364491e+01  3.392986e+01  1.500000e+00
     vertex  6.300000e+01  3.400000e+01  1.500000e+00
   endloop
 endfacet
 facet normal  0.000000e+00  0.000000e+00  1.000000e+00
   outer loop
     vertex  6.403454e+01  3.381598e+01  1.500000e+00
     vertex  6.395790e+01  3.384296e+01  1.500000e+00
     vertex  6.364491e+01  3.392986e+01  1.500000e+00
   endloop
 endfacet
 facet normal  0.000000e+00  0.000000e+00  1.000000e+00
   outer loop
     vertex  6.578693e+01  3.211041e+01  1.500000e+00
     vertex  6.584296e+01  3.195790e+01  1.500000e+00
     vertex  6.581598e+01  3.203454e+01  1.500000e+00
   endloop
 endfacet
 facet normal  0.000000e+00  0.000000e+00  1.000000e+00
   outer loop
     vertex  6.575584e+01  3.218548e+01  1.500000e+00
     vertex  6.584296e+01  3.195790e+01  1.500000e+00
     vertex  6.578693e+01  3.211041e+01  1.500000e+00
   endloop
 endfacet
 facet normal  0.000000e+00  0.000000e+00  1.000000e+00
   outer loop
     vertex  6.418548e+01  3.375584e+01  1.500000e+00
     vertex  6.411041e+01  3.378693e+01  1.500000e+00
     vertex  6.403454e+01  3.381598e+01  1.500000e+00
   endloop
 endfacet
 facet normal  0.000000e+00  0.000000e+00  1.000000e+00
   outer loop
     vertex  6.425967e+01  3.372273e+01  1.500000e+00
     vertex  6.403454e+01  3.381598e+01  1.500000e+00
     vertex  6.300000e+01  3.400000e+01  1.500000e+00
   endloop
 endfacet
 facet normal  0.000000e+00  0.000000e+00  1.000000e+00
   outer loop
     vertex  6.425967e+01  3.372273e+01  1.500000e+00
     vertex  6.418548e+01  3.375584e+01  1.500000e+00
     vertex  6.403454e+01  3.381598e+01  1.500000e+00
   endloop
 endfacet
 facet normal  0.000000e+00  0.000000e+00  1.000000e+00
   outer loop
     vertex  6.568762e+01  3.233294e+01  1.500000e+00
     vertex  6.575584e+01  3.218548e+01  1.500000e+00
     vertex  6.572273e+01  3.225967e+01  1.500000e+00
   endloop
 endfacet
 facet normal  0.000000e+00  0.000000e+00  1.000000e+00
   outer loop
     vertex  6.568762e+01  3.233294e+01  1.500000e+00
     vertex  6.584296e+01  3.195790e+01  1.500000e+00
     vertex  6.575584e+01  3.218548e+01  1.500000e+00
   endloop
 endfacet
 facet normal  0.000000e+00  0.000000e+00  1.000000e+00
   outer loop
     vertex  6.440523e+01  3.365054e+01  1.500000e+00
     vertex  6.433294e+01  3.368762e+01  1.500000e+00
     vertex  6.425967e+01  3.372273e+01  1.500000e+00
   endloop
 endfacet
 facet normal  0.000000e+00  0.000000e+00  1.000000e+00
   outer loop
     vertex  6.447648e+01  3.361151e+01  1.500000e+00
     vertex  6.300000e+01  3.400000e+01  1.500000e+00
     vertex  6.584296e+01  3.195790e+01  1.500000e+00
   endloop
 endfacet
 facet normal  0.000000e+00  0.000000e+00  1.000000e+00
   outer loop
     vertex  6.447648e+01  3.361151e+01  1.500000e+00
     vertex  6.425967e+01  3.372273e+01  1.500000e+00
     vertex  6.300000e+01  3.400000e+01  1.500000e+00
   endloop
 endfacet
 facet normal  0.000000e+00  0.000000e+00  1.000000e+00
   outer loop
     vertex  6.447648e+01  3.361151e+01  1.500000e+00
     vertex  6.584296e+01  3.195790e+01  1.500000e+00
     vertex  6.568762e+01  3.233294e+01  1.500000e+00
   endloop
 endfacet
 facet normal  0.000000e+00  0.000000e+00  1.000000e+00
   outer loop
     vertex  6.447648e+01  3.361151e+01  1.500000e+00
     vertex  6.440523e+01  3.365054e+01  1.500000e+00
     vertex  6.425967e+01  3.372273e+01  1.500000e+00
   endloop
 endfacet
 facet normal  0.000000e+00  0.000000e+00  1.000000e+00
   outer loop
     vertex  6.557057e+01  3.254666e+01  1.500000e+00
     vertex  6.568762e+01  3.233294e+01  1.500000e+00
     vertex  6.565054e+01  3.240523e+01  1.500000e+00
   endloop
 endfacet
 facet normal  0.000000e+00  0.000000e+00  1.000000e+00
   outer loop
     vertex  6.557057e+01  3.254666e+01  1.500000e+00
     vertex  6.565054e+01  3.240523e+01  1.500000e+00
     vertex  6.561151e+01  3.247648e+01  1.500000e+00
   endloop
 endfacet
 facet normal  0.000000e+00  0.000000e+00  1.000000e+00
   outer loop
     vertex  6.548307e+01  3.268356e+01  1.500000e+00
     vertex  6.557057e+01  3.254666e+01  1.500000e+00
     vertex  6.552775e+01  3.261570e+01  1.500000e+00
   endloop
 endfacet
 facet normal  0.000000e+00  0.000000e+00  1.000000e+00
   outer loop
     vertex  6.548307e+01  3.268356e+01  1.500000e+00
     vertex  6.468356e+01  3.348307e+01  1.500000e+00
     vertex  6.461570e+01  3.352775e+01  1.500000e+00
   endloop
 endfacet
 facet normal  0.000000e+00  0.000000e+00  1.000000e+00
   outer loop
     vertex  6.548307e+01  3.268356e+01  1.500000e+00
     vertex  6.461570e+01  3.352775e+01  1.500000e+00
     vertex  6.454666e+01  3.357057e+01  1.500000e+00
   endloop
 endfacet
 facet normal  0.000000e+00  0.000000e+00  1.000000e+00
   outer loop
     vertex  6.548307e+01  3.268356e+01  1.500000e+00
     vertex  6.454666e+01  3.357057e+01  1.500000e+00
     vertex  6.447648e+01  3.361151e+01  1.500000e+00
   endloop
 endfacet
 facet normal  0.000000e+00  0.000000e+00  1.000000e+00
   outer loop
     vertex  6.548307e+01  3.268356e+01  1.500000e+00
     vertex  6.568762e+01  3.233294e+01  1.500000e+00
     vertex  6.557057e+01  3.254666e+01  1.500000e+00
   endloop
 endfacet
 facet normal  0.000000e+00  0.000000e+00  1.000000e+00
   outer loop
     vertex  6.548307e+01  3.268356e+01  1.500000e+00
     vertex  6.447648e+01  3.361151e+01  1.500000e+00
     vertex  6.568762e+01  3.233294e+01  1.500000e+00
   endloop
 endfacet
 facet normal  0.000000e+00  0.000000e+00  1.000000e+00
   outer loop
     vertex  6.481552e+01  3.338828e+01  1.500000e+00
     vertex  6.475018e+01  3.343657e+01  1.500000e+00
     vertex  6.468356e+01  3.348307e+01  1.500000e+00
   endloop
 endfacet
 facet normal  0.000000e+00  0.000000e+00  1.000000e+00
   outer loop
     vertex  6.528649e+01  3.294216e+01  1.500000e+00
     vertex  6.548307e+01  3.268356e+01  1.500000e+00
     vertex  6.543657e+01  3.275018e+01  1.500000e+00
   endloop
 endfacet
 facet normal  0.000000e+00  0.000000e+00  1.000000e+00
   outer loop
     vertex  6.528649e+01  3.294216e+01  1.500000e+00
     vertex  6.543657e+01  3.275018e+01  1.500000e+00
     vertex  6.538828e+01  3.281552e+01  1.500000e+00
   endloop
 endfacet
 facet normal  0.000000e+00  0.000000e+00  1.000000e+00
   outer loop
     vertex  6.528649e+01  3.294216e+01  1.500000e+00
     vertex  6.538828e+01  3.281552e+01  1.500000e+00
     vertex  6.533824e+01  3.287953e+01  1.500000e+00
   endloop
 endfacet
 facet normal  0.000000e+00  0.000000e+00  1.000000e+00
   outer loop
     vertex  6.523306e+01  3.300336e+01  1.500000e+00
     vertex  6.548307e+01  3.268356e+01  1.500000e+00
     vertex  6.528649e+01  3.294216e+01  1.500000e+00
   endloop
 endfacet
 facet normal  0.000000e+00  0.000000e+00  1.000000e+00
   outer loop
     vertex  6.517799e+01  3.306310e+01  1.500000e+00
     vertex  6.494216e+01  3.328649e+01  1.500000e+00
     vertex  6.487953e+01  3.333824e+01  1.500000e+00
   endloop
 endfacet
 facet normal  0.000000e+00  0.000000e+00  1.000000e+00
   outer loop
     vertex  6.517799e+01  3.306310e+01  1.500000e+00
     vertex  6.487953e+01  3.333824e+01  1.500000e+00
     vertex  6.481552e+01  3.338828e+01  1.500000e+00
   endloop
 endfacet
 facet normal  0.000000e+00  0.000000e+00  1.000000e+00
   outer loop
     vertex  6.517799e+01  3.306310e+01  1.500000e+00
     vertex  6.468356e+01  3.348307e+01  1.500000e+00
     vertex  6.548307e+01  3.268356e+01  1.500000e+00
   endloop
 endfacet
 facet normal  0.000000e+00  0.000000e+00  1.000000e+00
   outer loop
     vertex  6.517799e+01  3.306310e+01  1.500000e+00
     vertex  6.481552e+01  3.338828e+01  1.500000e+00
     vertex  6.468356e+01  3.348307e+01  1.500000e+00
   endloop
 endfacet
 facet normal  0.000000e+00  0.000000e+00  1.000000e+00
   outer loop
     vertex  6.517799e+01  3.306310e+01  1.500000e+00
     vertex  6.548307e+01  3.268356e+01  1.500000e+00
     vertex  6.523306e+01  3.300336e+01  1.500000e+00
   endloop
 endfacet
 facet normal  0.000000e+00  0.000000e+00  1.000000e+00
   outer loop
     vertex  6.512132e+01  3.312132e+01  1.500000e+00
     vertex  6.494216e+01  3.328649e+01  1.500000e+00
     vertex  6.517799e+01  3.306310e+01  1.500000e+00
   endloop
 endfacet
 facet normal  0.000000e+00  0.000000e+00  1.000000e+00
   outer loop
     vertex  6.512132e+01  3.312132e+01  1.500000e+00
     vertex  6.506310e+01  3.317799e+01  1.500000e+00
     vertex  6.500336e+01  3.323306e+01  1.500000e+00
   endloop
 endfacet
 facet normal  0.000000e+00  0.000000e+00  1.000000e+00
   outer loop
     vertex  6.512132e+01  3.312132e+01  1.500000e+00
     vertex  6.500336e+01  3.323306e+01  1.500000e+00
     vertex  6.494216e+01  3.328649e+01  1.500000e+00
   endloop
 endfacet
 facet normal  0.000000e+00  0.000000e+00  1.000000e+00
   outer loop
     vertex  6.300000e+01  3.400000e+01  1.500000e+00
     vertex  3.000000e+00  3.400000e+01  1.500000e+00
     vertex  3.740000e+01  2.760000e+01  1.500000e+00
   endloop
 endfacet
 facet normal  0.000000e+00  0.000000e+00  1.000000e+00
   outer loop
     vertex  3.740000e+01  2.760000e+01  1.500000e+00
     vertex  3.000000e+00  3.400000e+01  1.500000e+00
     vertex  3.738917e+01  2.759985e+01  1.500000e+00
   endloop
 endfacet
 facet normal  0.000000e+00  0.000000e+00  1.000000e+00
   outer loop
     vertex  3.738917e+01  2.759985e+01  1.500000e+00
     vertex  3.000000e+00  3.400000e+01  1.500000e+00
     vertex  3.737834e+01  2.759941e+01  1.500000e+00
   endloop
 endfacet
 facet normal  0.000000e+00  0.000000e+00  1.000000e+00
   outer loop
     vertex  3.737834e+01  2.759941e+01  1.500000e+00
     vertex  3.000000e+00  3.400000e+01  1.500000e+00
     vertex  3.736754e+01  2.759868e+01  1.500000e+00
   endloop
 endfacet
 facet normal  0.000000e+00  0.000000e+00  1.000000e+00
   outer loop
     vertex  3.736754e+01  2.759868e+01  1.500000e+00
     vertex  3.000000e+00  3.400000e+01  1.500000e+00
     vertex  3.735675e+01  2.759766e+01  1.500000e+00
   endloop
 endfacet
 facet normal  0.000000e+00  0.000000e+00  1.000000e+00
   outer loop
     vertex  3.735675e+01  2.759766e+01  1.500000e+00
     vertex  3.000000e+00  3.400000e+01  1.500000e+00
     vertex  3.734600e+01  2.759634e+01  1.500000e+00
   endloop
 endfacet
 facet normal  0.000000e+00  0.000000e+00  1.000000e+00
   outer loop
     vertex  3.734600e+01  2.759634e+01  1.500000e+00
     vertex  3.000000e+00  3.400000e+01  1.500000e+00
     vertex  3.733529e+01  2.759473e+01  1.500000e+00
   endloop
 endfacet
 facet normal  0.000000e+00  0.000000e+00  1.000000e+00
   outer loop
     vertex  3.733529e+01  2.759473e+01  1.500000e+00
     vertex  3.000000e+00  3.400000e+01  1.500000e+00
     vertex  3.732462e+01  2.759283e+01  1.500000e+00
   endloop
 endfacet
 facet normal  0.000000e+00  0.000000e+00  1.000000e+00
   outer loop
     vertex  3.732462e+01  2.759283e+01  1.500000e+00
     vertex  3.000000e+00  3.400000e+01  1.500000e+00
     vertex  3.731401e+01  2.759065e+01  1.500000e+00
   endloop
 endfacet
 facet normal  0.000000e+00  0.000000e+00  1.000000e+00
   outer loop
     vertex  3.731401e+01  2.759065e+01  1.500000e+00
     vertex  3.000000e+00  3.400000e+01  1.500000e+00
     vertex  3.730346e+01  2.758818e+01  1.500000e+00
   endloop
 endfacet
 facet normal  0.000000e+00  0.000000e+00  1.000000e+00
   outer loop
     vertex  3.730346e+01  2.758818e+01  1.500000e+00
     vertex  3.000000e+00  3.400000e+01  1.500000e+00
     vertex  3.729299e+01  2.758542e+01  1.500000e+00
   endloop
 endfacet
 facet normal  0.000000e+00  0.000000e+00  1.000000e+00
   outer loop
     vertex  3.729299e+01  2.758542e+01  1.500000e+00
     vertex  3.000000e+00  3.400000e+01  1.500000e+00
     vertex  3.728259e+01  2.758238e+01  1.500000e+00
   endloop
 endfacet
 facet normal -9.999083e-01 -1.354093e-02 -0.000000e+00
   outer loop
     vertex  1.100141e-03  2.918762e+00  1.500000e+00
     vertex -4.440892e-16  3.000000e+00  0.000000e+00
     vertex  1.100141e-03  2.918762e+00  0.000000e+00
   endloop
 endfacet
 facet normal -9.999083e-01 -1.354093e-02  0.000000e+00
   outer loop
     vertex  1.100141e-03  2.918762e+00  1.500000e+00
     vertex -4.440892e-16  3.000000e+00  1.500000e+00
     vertex -4.440892e-16  3.000000e+00  0.000000e+00
   endloop
 endfacet
 facet normal -9.991750e-01 -4.061287e-02 -0.000000e+00
   outer loop
     vertex  4.399758e-03  2.837583e+00  1.500000e+00
     vertex  1.100141e-03  2.918762e+00  0.000000e+00
     vertex  4.399758e-03  2.837583e+00  0.000000e+00
   endloop
 endfacet
 facet normal -9.991750e-01 -4.061287e-02  0.000000e+00
   outer loop
     vertex  4.399758e-03  2.837583e+00  1.500000e+00
     vertex  1.100141e-03  2.918762e+00  1.500000e+00
     vertex  1.100141e-03  2.918762e+00  0.000000e+00
   endloop
 endfacet
 facet normal -9.977088e-01 -6.765502e-02 -0.000000e+00
   outer loop
     vertex  9.896431e-03  2.756524e+00  1.500000e+00
     vertex  4.399758e-03  2.837583e+00  0.000000e+00
     vertex  9.896431e-03  2.756524e+00  0.000000e+00
   endloop
 endfacet
 facet normal -9.977088e-01 -6.765502e-02  0.000000e+00
   outer loop
     vertex  9.896431e-03  2.756524e+00  1.500000e+00
     vertex  4.399758e-03  2.837583e+00  1.500000e+00
     vertex  4.399758e-03  2.837583e+00  0.000000e+00
   endloop
 endfacet
 facet normal -9.955108e-01 -9.464755e-02 -0.000000e+00
   outer loop
     vertex  1.758613e-02  2.675643e+00  1.500000e+00
     vertex  9.896431e-03  2.756524e+00  0.000000e+00
     vertex  1.758613e-02  2.675643e+00  0.000000e+00
   endloop
 endfacet
 facet normal -9.925828e-01 -1.215707e-01 -0.000000e+00
   outer loop
     vertex  1.758613e-02  2.675643e+00  1.500000e+00
     vertex  1.758613e-02  2.675643e+00  0.000000e+00
     vertex  2.746321e-02  2.595000e+00  0.000000e+00
   endloop
 endfacet
 facet normal -9.955108e-01 -9.464755e-02  0.000000e+00
   outer loop
     vertex  1.758613e-02  2.675643e+00  1.500000e+00
     vertex  9.896431e-03  2.756524e+00  1.500000e+00
     vertex  9.896431e-03  2.756524e+00  0.000000e+00
   endloop
 endfacet
 facet normal -9.925828e-01 -1.215707e-01 -0.000000e+00
   outer loop
     vertex  2.746321e-02  2.595000e+00  1.500000e+00
     vertex  1.758613e-02  2.675643e+00  1.500000e+00
     vertex  2.746321e-02  2.595000e+00  0.000000e+00
   endloop
 endfacet
 facet normal -9.889267e-01 -1.484046e-01 -0.000000e+00
   outer loop
     vertex  3.952043e-02  2.514654e+00  1.500000e+00
     vertex  2.746321e-02  2.595000e+00  0.000000e+00
     vertex  3.952043e-02  2.514654e+00  0.000000e+00
   endloop
 endfacet
 facet normal -9.889267e-01 -1.484046e-01  0.000000e+00
   outer loop
     vertex  3.952043e-02  2.514654e+00  1.500000e+00
     vertex  2.746321e-02  2.595000e+00  1.500000e+00
     vertex  2.746321e-02  2.595000e+00  0.000000e+00
   endloop
 endfacet
 facet normal -9.845454e-01 -1.751297e-01 -0.000000e+00
   outer loop
     vertex  5.374895e-02  2.434664e+00  1.500000e+00
     vertex  3.952043e-02  2.514654e+00  0.000000e+00
     vertex  5.374895e-02  2.434664e+00  0.000000e+00
   endloop
 endfacet
 facet normal -9.845454e-01 -1.751297e-01  0.000000e+00
   outer loop
     vertex  5.374895e-02  2.434664e+00  1.500000e+00
     vertex  3.952043e-02  2.514654e+00  1.500000e+00
     vertex  3.952043e-02  2.514654e+00  0.000000e+00
   endloop
 endfacet
 facet normal -9.794419e-01 -2.017264e-01 -0.000000e+00
   outer loop
     vertex  7.013833e-02  2.355089e+00  1.500000e+00
     vertex  5.374895e-02  2.434664e+00  0.000000e+00
     vertex  7.013833e-02  2.355089e+00  0.000000e+00
   endloop
 endfacet
 facet normal -9.794419e-01 -2.017264e-01  0.000000e+00
   outer loop
     vertex  7.013833e-02  2.355089e+00  1.500000e+00
     vertex  5.374895e-02  2.434664e+00  1.500000e+00
     vertex  5.374895e-02  2.434664e+00  0.000000e+00
   endloop
 endfacet
 facet normal -9.736201e-01 -2.281751e-01 -0.000000e+00
   outer loop
     vertex  8.867656e-02  2.275986e+00  1.500000e+00
     vertex  7.013833e-02  2.355089e+00  0.000000e+00
     vertex  8.867656e-02  2.275986e+00  0.000000e+00
   endloop
 endfacet
 facet normal -9.670842e-01 -2.544564e-01 -0.000000e+00
   outer loop
     vertex  8.867656e-02  2.275986e+00  1.500000e+00
     vertex  8.867656e-02  2.275986e+00  0.000000e+00
     vertex  1.093500e-01  2.197415e+00  0.000000e+00
   endloop
 endfacet
 facet normal -9.736201e-01 -2.281751e-01  0.000000e+00
   outer loop
     vertex  8.867656e-02  2.275986e+00  1.500000e+00
     vertex  7.013833e-02  2.355089e+00  1.500000e+00
     vertex  7.013833e-02  2.355089e+00  0.000000e+00
   endloop
 endfacet
 facet normal -9.670842e-01 -2.544564e-01 -0.000000e+00
   outer loop
     vertex  1.093500e-01  2.197415e+00  1.500000e+00
     vertex  8.867656e-02  2.275986e+00  1.500000e+00
     vertex  1.093500e-01  2.197415e+00  0.000000e+00
   endloop
 endfacet
 facet normal -9.598391e-01 -2.805512e-01 -0.000000e+00
   outer loop
     vertex  1.321436e-01  2.119432e+00  1.500000e+00
     vertex  1.093500e-01  2.197415e+00  0.000000e+00
     vertex  1.321436e-01  2.119432e+00  0.000000e+00
   endloop
 endfacet
 facet normal -9.598391e-01 -2.805512e-01  0.000000e+00
   outer loop
     vertex  1.321436e-01  2.119432e+00  1.500000e+00
     vertex  1.093500e-01  2.197415e+00  1.500000e+00
     vertex  1.093500e-01  2.197415e+00  0.000000e+00
   endloop
 endfacet
 facet normal -9.518899e-01 -3.064401e-01 -0.000000e+00
   outer loop
     vertex  1.570405e-01  2.042095e+00  1.500000e+00
     vertex  1.321436e-01  2.119432e+00  0.000000e+00
     vertex  1.570405e-01  2.042095e+00  0.000000e+00
   endloop
 endfacet
 facet normal -9.518899e-01 -3.064401e-01  0.000000e+00
   outer loop
     vertex  1.570405e-01  2.042095e+00  1.500000e+00
     vertex  1.321436e-01  2.119432e+00  1.500000e+00
     vertex  1.321436e-01  2.119432e+00  0.000000e+00
   endloop
 endfacet
 facet normal -9.432426e-01 -3.321044e-01 -0.000000e+00
   outer loop
     vertex  1.840225e-01  1.965461e+00  1.500000e+00
     vertex  1.570405e-01  2.042095e+00  0.000000e+00
     vertex  1.840225e-01  1.965461e+00  0.000000e+00
   endloop
 endfacet
 facet normal -9.432426e-01 -3.321044e-01  0.000000e+00
   outer loop
     vertex  1.840225e-01  1.965461e+00  1.500000e+00
     vertex  1.570405e-01  2.042095e+00  1.500000e+00
     vertex  1.570405e-01  2.042095e+00  0.000000e+00
   endloop
 endfacet
 facet normal -9.339036e-01 -3.575250e-01 -0.000000e+00
   outer loop
     vertex  2.130698e-01  1.889586e+00  1.500000e+00
     vertex  1.840225e-01  1.965461e+00  0.000000e+00
     vertex  2.130698e-01  1.889586e+00  0.000000e+00
   endloop
 endfacet
 facet normal -9.339036e-01 -3.575250e-01  0.000000e+00
   outer loop
     vertex  2.130698e-01  1.889586e+00  1.500000e+00
     vertex  1.840225e-01  1.965461e+00  1.500000e+00
     vertex  1.840225e-01  1.965461e+00  0.000000e+00
   endloop
 endfacet
 facet normal -9.238795e-01 -3.826834e-01 -0.000000e+00
   outer loop
     vertex  2.441612e-01  1.814524e+00  1.500000e+00
     vertex  2.130698e-01  1.889586e+00  0.000000e+00
     vertex  2.441612e-01  1.814524e+00  0.000000e+00
   endloop
 endfacet
 facet normal -9.131779e-01 -4.075612e-01 -0.000000e+00
   outer loop
     vertex  2.441612e-01  1.814524e+00  1.500000e+00
     vertex  2.441612e-01  1.814524e+00  0.000000e+00
     vertex  2.772737e-01  1.740333e+00  0.000000e+00
   endloop
 endfacet
 facet normal -9.238795e-01 -3.826834e-01  0.000000e+00
   outer loop
     vertex  2.441612e-01  1.814524e+00  1.500000e+00
     vertex  2.130698e-01  1.889586e+00  1.500000e+00
     vertex  2.130698e-01  1.889586e+00  0.000000e+00
   endloop
 endfacet
 facet normal -9.131779e-01 -4.075612e-01 -0.000000e+00
   outer loop
     vertex  2.772737e-01  1.740333e+00  1.500000e+00
     vertex  2.441612e-01  1.814524e+00  1.500000e+00
     vertex  2.772737e-01  1.740333e+00  0.000000e+00
   endloop
 endfacet
 facet normal -9.018065e-01 -4.321400e-01 -0.000000e+00
   outer loop
     vertex  3.123832e-01  1.667065e+00  1.500000e+00
     vertex  2.772737e-01  1.740333e+00  0.000000e+00
     vertex  3.123832e-01  1.667065e+00  0.000000e+00
   endloop
 endfacet
 facet normal -8.897737e-01 -4.564019e-01 -0.000000e+00
   outer loop
     vertex  3.123832e-01  1.667065e+00  1.500000e+00
     vertex  3.123832e-01  1.667065e+00  0.000000e+00
     vertex  3.494639e-01  1.594775e+00  0.000000e+00
   endloop
 endfacet
 facet normal -9.018065e-01 -4.321400e-01  0.000000e+00
   outer loop
     vertex  3.123832e-01  1.667065e+00  1.500000e+00
     vertex  2.772737e-01  1.740333e+00  1.500000e+00
     vertex  2.772737e-01  1.740333e+00  0.000000e+00
   endloop
 endfacet
 facet normal -8.897737e-01 -4.564019e-01 -0.000000e+00
   outer loop
     vertex  3.494639e-01  1.594775e+00  1.500000e+00
     vertex  3.123832e-01  1.667065e+00  1.500000e+00
     vertex  3.494639e-01  1.594775e+00  0.000000e+00
   endloop
 endfacet
 facet normal -8.770884e-01 -4.803291e-01 -0.000000e+00
   outer loop
     vertex  3.884885e-01  1.523515e+00  1.500000e+00
     vertex  3.494639e-01  1.594775e+00  0.000000e+00
     vertex  3.884885e-01  1.523515e+00  0.000000e+00
   endloop
 endfacet
 facet normal -8.770884e-01 -4.803291e-01  0.000000e+00
   outer loop
     vertex  3.884885e-01  1.523515e+00  1.500000e+00
     vertex  3.494639e-01  1.594775e+00  1.500000e+00
     vertex  3.494639e-01  1.594775e+00  0.000000e+00
   endloop
 endfacet
 facet normal -8.637597e-01 -5.039039e-01 -0.000000e+00
   outer loop
     vertex  4.294285e-01  1.453338e+00  1.500000e+00
     vertex  3.884885e-01  1.523515e+00  0.000000e+00
     vertex  4.294285e-01  1.453338e+00  0.000000e+00
   endloop
 endfacet
 facet normal -8.637597e-01 -5.039039e-01  0.000000e+00
   outer loop
     vertex  4.294285e-01  1.453338e+00  1.500000e+00
     vertex  3.884885e-01  1.523515e+00  1.500000e+00
     vertex  3.884885e-01  1.523515e+00  0.000000e+00
   endloop
 endfacet
 facet normal -8.497975e-01 -5.271092e-01  0.000000e+00
   outer loop
     vertex  4.722538e-01  1.384296e+00  1.500000e+00
     vertex  4.294285e-01  1.453338e+00  1.500000e+00
     vertex  4.294285e-01  1.453338e+00  0.000000e+00
   endloop
 endfacet
 facet normal -8.497975e-01 -5.271092e-01 -0.000000e+00
   outer loop
     vertex  4.722538e-01  1.384296e+00  1.500000e+00
     vertex  4.294285e-01  1.453338e+00  0.000000e+00
     vertex  4.722538e-01  1.384296e+00  0.000000e+00
   endloop
 endfacet
 facet normal -8.352121e-01 -5.499279e-01 -0.000000e+00
   outer loop
     vertex  4.722538e-01  1.384296e+00  1.500000e+00
     vertex  4.722538e-01  1.384296e+00  0.000000e+00
     vertex  5.169330e-01  1.316439e+00  0.000000e+00
   endloop
 endfacet
 facet normal -8.352121e-01 -5.499279e-01 -0.000000e+00
   outer loop
     vertex  5.169330e-01  1.316439e+00  1.500000e+00
     vertex  4.722538e-01  1.384296e+00  1.500000e+00
     vertex  5.169330e-01  1.316439e+00  0.000000e+00
   endloop
 endfacet
 facet normal -8.200141e-01 -5.723433e-01 -0.000000e+00
   outer loop
     vertex  5.169330e-01  1.316439e+00  1.500000e+00
     vertex  5.169330e-01  1.316439e+00  0.000000e+00
     vertex  5.634334e-01  1.249816e+00  0.000000e+00
   endloop
 endfacet
 facet normal -8.200141e-01 -5.723433e-01 -0.000000e+00
   outer loop
     vertex  5.634334e-01  1.249816e+00  1.500000e+00
     vertex  5.169330e-01  1.316439e+00  1.500000e+00
     vertex  5.634334e-01  1.249816e+00  0.000000e+00
   endloop
 endfacet
 facet normal -8.042147e-01 -5.943389e-01 -0.000000e+00
   outer loop
     vertex  5.634334e-01  1.249816e+00  1.500000e+00
     vertex  5.634334e-01  1.249816e+00  0.000000e+00
     vertex  6.117208e-01  1.184477e+00  0.000000e+00
   endloop
 endfacet
 facet normal -8.042147e-01 -5.943389e-01 -0.000000e+00
   outer loop
     vertex  6.117208e-01  1.184477e+00  1.500000e+00
     vertex  5.634334e-01  1.249816e+00  1.500000e+00
     vertex  6.117208e-01  1.184477e+00  0.000000e+00
   endloop
 endfacet
 facet normal -7.878255e-01 -6.158986e-01  0.000000e+00
   outer loop
     vertex  6.617599e-01  1.120470e+00  1.500000e+00
     vertex  6.117208e-01  1.184477e+00  1.500000e+00
     vertex  6.117208e-01  1.184477e+00  0.000000e+00
   endloop
 endfacet
 facet normal -7.878255e-01 -6.158986e-01 -0.000000e+00
   outer loop
     vertex  6.617599e-01  1.120470e+00  1.500000e+00
     vertex  6.117208e-01  1.184477e+00  0.000000e+00
     vertex  6.617599e-01  1.120470e+00  0.000000e+00
   endloop
 endfacet
 facet normal -7.708584e-01 -6.370065e-01 -0.000000e+00
   outer loop
     vertex  6.617599e-01  1.120470e+00  1.500000e+00
     vertex  6.617599e-01  1.120470e+00  0.000000e+00
     vertex  7.135138e-01  1.057841e+00  0.000000e+00
   endloop
 endfacet
 facet normal -7.533260e-01 -6.576473e-01 -0.000000e+00
   outer loop
     vertex  7.135138e-01  1.057841e+00  1.500000e+00
     vertex  7.135138e-01  1.057841e+00  0.000000e+00
     vertex  7.669448e-01  9.966367e-01  0.000000e+00
   endloop
 endfacet
 facet normal -7.708584e-01 -6.370065e-01 -0.000000e+00
   outer loop
     vertex  7.135138e-01  1.057841e+00  1.500000e+00
     vertex  6.617599e-01  1.120470e+00  1.500000e+00
     vertex  7.135138e-01  1.057841e+00  0.000000e+00
   endloop
 endfacet
 facet normal -7.533260e-01 -6.576473e-01 -0.000000e+00
   outer loop
     vertex  7.669448e-01  9.966367e-01  1.500000e+00
     vertex  7.135138e-01  1.057841e+00  1.500000e+00
     vertex  7.669448e-01  9.966367e-01  0.000000e+00
   endloop
 endfacet
 facet normal -7.352410e-01 -6.778058e-01  0.000000e+00
   outer loop
     vertex  8.220135e-01  9.369016e-01  1.500000e+00
     vertex  7.669448e-01  9.966367e-01  1.500000e+00
     vertex  7.669448e-01  9.966367e-01  0.000000e+00
   endloop
 endfacet
 facet normal -7.352410e-01 -6.778058e-01 -0.000000e+00
   outer loop
     vertex  8.220135e-01  9.369016e-01  1.500000e+00
     vertex  7.669448e-01  9.966367e-01  0.000000e+00
     vertex  8.220135e-01  9.369016e-01  0.000000e+00
   endloop
 endfacet
 facet normal -7.166168e-01 -6.974671e-01 -0.000000e+00
   outer loop
     vertex  8.220135e-01  9.369016e-01  1.500000e+00
     vertex  8.220135e-01  9.369016e-01  0.000000e+00
     vertex  8.786797e-01  8.786797e-01  0.000000e+00
   endloop
 endfacet
 facet normal -7.166168e-01 -6.974671e-01 -0.000000e+00
   outer loop
     vertex  8.786797e-01  8.786797e-01  1.500000e+00
     vertex  8.220135e-01  9.369016e-01  1.500000e+00
     vertex  8.786797e-01  8.786797e-01  0.000000e+00
   endloop
 endfacet
 facet normal -6.974671e-01 -7.166168e-01 -0.000000e+00
   outer loop
     vertex  9.369016e-01  8.220135e-01  1.500000e+00
     vertex  8.786797e-01  8.786797e-01  0.000000e+00
     vertex  9.369016e-01  8.220135e-01  0.000000e+00
   endloop
 endfacet
 facet normal -6.974671e-01 -7.166168e-01  0.000000e+00
   outer loop
     vertex  9.369016e-01  8.220135e-01  1.500000e+00
     vertex  8.786797e-01  8.786797e-01  1.500000e+00
     vertex  8.786797e-01  8.786797e-01  0.000000e+00
   endloop
 endfacet
 facet normal -6.778058e-01 -7.352410e-01 -0.000000e+00
   outer loop
     vertex  9.966367e-01  7.669448e-01  1.500000e+00
     vertex  9.369016e-01  8.220135e-01  0.000000e+00
     vertex  9.966367e-01  7.669448e-01  0.000000e+00
   endloop
 endfacet
 facet normal -6.778058e-01 -7.352410e-01  0.000000e+00
   outer loop
     vertex  9.966367e-01  7.669448e-01  1.500000e+00
     vertex  9.369016e-01  8.220135e-01  1.500000e+00
     vertex  9.369016e-01  8.220135e-01  0.000000e+00
   endloop
 endfacet
 facet normal -6.576473e-01 -7.533260e-01 -0.000000e+00
   outer loop
     vertex  1.057841e+00  7.135138e-01  1.500000e+00
     vertex  9.966367e-01  7.669448e-01  0.000000e+00
     vertex  1.057841e+00  7.135138e-01  0.000000e+00
   endloop
 endfacet
 facet normal -6.576473e-01 -7.533260e-01  0.000000e+00
   outer loop
     vertex  1.057841e+00  7.135138e-01  1.500000e+00
     vertex  9.966367e-01  7.669448e-01  1.500000e+00
     vertex  9.966367e-01  7.669448e-01  0.000000e+00
   endloop
 endfacet
 facet normal -6.370065e-01 -7.708584e-01 -0.000000e+00
   outer loop
     vertex  1.120470e+00  6.617599e-01  1.500000e+00
     vertex  1.057841e+00  7.135138e-01  0.000000e+00
     vertex  1.120470e+00  6.617599e-01  0.000000e+00
   endloop
 endfacet
 facet normal -6.370065e-01 -7.708584e-01  0.000000e+00
   outer loop
     vertex  1.120470e+00  6.617599e-01  1.500000e+00
     vertex  1.057841e+00  7.135138e-01  1.500000e+00
     vertex  1.057841e+00  7.135138e-01  0.000000e+00
   endloop
 endfacet
 facet normal -6.158986e-01 -7.878255e-01 -0.000000e+00
   outer loop
     vertex  1.184477e+00  6.117208e-01  1.500000e+00
     vertex  1.120470e+00  6.617599e-01  0.000000e+00
     vertex  1.184477e+00  6.117208e-01  0.000000e+00
   endloop
 endfacet
 facet normal -5.943389e-01 -8.042147e-01 -0.000000e+00
   outer loop
     vertex  1.184477e+00  6.117208e-01  1.500000e+00
     vertex  1.184477e+00  6.117208e-01  0.000000e+00
     vertex  1.249816e+00  5.634334e-01  0.000000e+00
   endloop
 endfacet
 facet normal -6.158986e-01 -7.878255e-01  0.000000e+00
   outer loop
     vertex  1.184477e+00  6.117208e-01  1.500000e+00
     vertex  1.120470e+00  6.617599e-01  1.500000e+00
     vertex  1.120470e+00  6.617599e-01  0.000000e+00
   endloop
 endfacet
 facet normal -5.943389e-01 -8.042147e-01 -0.000000e+00
   outer loop
     vertex  1.249816e+00  5.634334e-01  1.500000e+00
     vertex  1.184477e+00  6.117208e-01  1.500000e+00
     vertex  1.249816e+00  5.634334e-01  0.000000e+00
   endloop
 endfacet
 facet normal -5.723433e-01 -8.200141e-01 -0.000000e+00
   outer loop
     vertex  1.316439e+00  5.169330e-01  1.500000e+00
     vertex  1.249816e+00  5.634334e-01  0.000000e+00
     vertex  1.316439e+00  5.169330e-01  0.000000e+00
   endloop
 endfacet
 facet normal -5.723433e-01 -8.200141e-01  0.000000e+00
   outer loop
     vertex  1.316439e+00  5.169330e-01  1.500000e+00
     vertex  1.249816e+00  5.634334e-01  1.500000e+00
     vertex  1.249816e+00  5.634334e-01  0.000000e+00
   endloop
 endfacet
 facet normal -5.499279e-01 -8.352121e-01 -0.000000e+00
   outer loop
     vertex  1.384296e+00  4.722538e-01  1.500000e+00
     vertex  1.316439e+00  5.169330e-01  0.000000e+00
     vertex  1.384296e+00  4.722538e-01  0.000000e+00
   endloop
 endfacet
 facet normal -5.499279e-01 -8.352121e-01  0.000000e+00
   outer loop
     vertex  1.384296e+00  4.722538e-01  1.500000e+00
     vertex  1.316439e+00  5.169330e-01  1.500000e+00
     vertex  1.316439e+00  5.169330e-01  0.000000e+00
   endloop
 endfacet
 facet normal -5.271092e-01 -8.497975e-01 -0.000000e+00
   outer loop
     vertex  1.453338e+00  4.294285e-01  1.500000e+00
     vertex  1.384296e+00  4.722538e-01  0.000000e+00
     vertex  1.453338e+00  4.294285e-01  0.000000e+00
   endloop
 endfacet
 facet normal -5.271092e-01 -8.497975e-01  0.000000e+00
   outer loop
     vertex  1.453338e+00  4.294285e-01  1.500000e+00
     vertex  1.384296e+00  4.722538e-01  1.500000e+00
     vertex  1.384296e+00  4.722538e-01  0.000000e+00
   endloop
 endfacet
 facet normal -5.039039e-01 -8.637597e-01 -0.000000e+00
   outer loop
     vertex  1.523515e+00  3.884885e-01  1.500000e+00
     vertex  1.453338e+00  4.294285e-01  0.000000e+00
     vertex  1.523515e+00  3.884885e-01  0.000000e+00
   endloop
 endfacet
 facet normal -5.039039e-01 -8.637597e-01  0.000000e+00
   outer loop
     vertex  1.523515e+00  3.884885e-01  1.500000e+00
     vertex  1.453338e+00  4.294285e-01  1.500000e+00
     vertex  1.453338e+00  4.294285e-01  0.000000e+00
   endloop
 endfacet
 facet normal -4.803291e-01 -8.770884e-01 -0.000000e+00
   outer loop
     vertex  1.594775e+00  3.494639e-01  1.500000e+00
     vertex  1.523515e+00  3.884885e-01  0.000000e+00
     vertex  1.594775e+00  3.494639e-01  0.000000e+00
   endloop
 endfacet
 facet normal -4.803291e-01 -8.770884e-01  0.000000e+00
   outer loop
     vertex  1.594775e+00  3.494639e-01  1.500000e+00
     vertex  1.523515e+00  3.884885e-01  1.500000e+00
     vertex  1.523515e+00  3.884885e-01  0.000000e+00
   endloop
 endfacet
 facet normal -4.564019e-01 -8.897737e-01 -0.000000e+00
   outer loop
     vertex  1.667065e+00  3.123832e-01  1.500000e+00
     vertex  1.594775e+00  3.494639e-01  0.000000e+00
     vertex  1.667065e+00  3.123832e-01  0.000000e+00
   endloop
 endfacet
 facet normal -4.564019e-01 -8.897737e-01  0.000000e+00
   outer loop
     vertex  1.667065e+00  3.123832e-01  1.500000e+00
     vertex  1.594775e+00  3.494639e-01  1.500000e+00
     vertex  1.594775e+00  3.494639e-01  0.000000e+00
   endloop
 endfacet
 facet normal -4.321400e-01 -9.018065e-01 -0.000000e+00
   outer loop
     vertex  1.740333e+00  2.772737e-01  1.500000e+00
     vertex  1.667065e+00  3.123832e-01  0.000000e+00
     vertex  1.740333e+00  2.772737e-01  0.000000e+00
   endloop
 endfacet
 facet normal -4.075612e-01 -9.131779e-01 -0.000000e+00
   outer loop
     vertex  1.740333e+00  2.772737e-01  1.500000e+00
     vertex  1.740333e+00  2.772737e-01  0.000000e+00
     vertex  1.814524e+00  2.441612e-01  0.000000e+00
   endloop
 endfacet
 facet normal -4.321400e-01 -9.018065e-01  0.000000e+00
   outer loop
     vertex  1.740333e+00  2.772737e-01  1.500000e+00
     vertex  1.667065e+00  3.123832e-01  1.500000e+00
     vertex  1.667065e+00  3.123832e-01  0.000000e+00
   endloop
 endfacet
 facet normal -4.075612e-01 -9.131779e-01 -0.000000e+00
   outer loop
     vertex  1.814524e+00  2.441612e-01  1.500000e+00
     vertex  1.740333e+00  2.772737e-01  1.500000e+00
     vertex  1.814524e+00  2.441612e-01  0.000000e+00
   endloop
 endfacet
 facet normal -3.826834e-01 -9.238795e-01 -0.000000e+00
   outer loop
     vertex  1.889586e+00  2.130698e-01  1.500000e+00
     vertex  1.814524e+00  2.441612e-01  0.000000e+00
     vertex  1.889586e+00  2.130698e-01  0.000000e+00
   endloop
 endfacet
 facet normal -3.575250e-01 -9.339036e-01 -0.000000e+00
   outer loop
     vertex  1.889586e+00  2.130698e-01  1.500000e+00
     vertex  1.889586e+00  2.130698e-01  0.000000e+00
     vertex  1.965461e+00  1.840225e-01  0.000000e+00
   endloop
 endfacet
 facet normal -3.826834e-01 -9.238795e-01  0.000000e+00
   outer loop
     vertex  1.889586e+00  2.130698e-01  1.500000e+00
     vertex  1.814524e+00  2.441612e-01  1.500000e+00
     vertex  1.814524e+00  2.441612e-01  0.000000e+00
   endloop
 endfacet
 facet normal -3.575250e-01 -9.339036e-01 -0.000000e+00
   outer loop
     vertex  1.965461e+00  1.840225e-01  1.500000e+00
     vertex  1.889586e+00  2.130698e-01  1.500000e+00
     vertex  1.965461e+00  1.840225e-01  0.000000e+00
   endloop
 endfacet
 facet normal -3.321044e-01 -9.432426e-01  0.000000e+00
   outer loop
     vertex  2.042095e+00  1.570405e-01  1.500000e+00
     vertex  1.965461e+00  1.840225e-01  1.500000e+00
     vertex  1.965461e+00  1.840225e-01  0.000000e+00
   endloop
 endfacet
 facet normal -3.321044e-01 -9.432426e-01 -0.000000e+00
   outer loop
     vertex  2.042095e+00  1.570405e-01  1.500000e+00
     vertex  1.965461e+00  1.840225e-01  0.000000e+00
     vertex  2.042095e+00  1.570405e-01  0.000000e+00
   endloop
 endfacet
 facet normal -3.064401e-01 -9.518899e-01  0.000000e+00
   outer loop
     vertex  2.119432e+00  1.321436e-01  1.500000e+00
     vertex  2.042095e+00  1.570405e-01  1.500000e+00
     vertex  2.042095e+00  1.570405e-01  0.000000e+00
   endloop
 endfacet
 facet normal -3.064401e-01 -9.518899e-01 -0.000000e+00
   outer loop
     vertex  2.119432e+00  1.321436e-01  1.500000e+00
     vertex  2.042095e+00  1.570405e-01  0.000000e+00
     vertex  2.119432e+00  1.321436e-01  0.000000e+00
   endloop
 endfacet
 facet normal -2.805512e-01 -9.598391e-01  0.000000e+00
   outer loop
     vertex  2.197415e+00  1.093500e-01  1.500000e+00
     vertex  2.119432e+00  1.321436e-01  1.500000e+00
     vertex  2.119432e+00  1.321436e-01  0.000000e+00
   endloop
 endfacet
 facet normal -2.805512e-01 -9.598391e-01 -0.000000e+00
   outer loop
     vertex  2.197415e+00  1.093500e-01  1.500000e+00
     vertex  2.119432e+00  1.321436e-01  0.000000e+00
     vertex  2.197415e+00  1.093500e-01  0.000000e+00
   endloop
 endfacet
 facet normal -2.544564e-01 -9.670842e-01  0.000000e+00
   outer loop
     vertex  2.275986e+00  8.867656e-02  1.500000e+00
     vertex  2.197415e+00  1.093500e-01  1.500000e+00
     vertex  2.197415e+00  1.093500e-01  0.000000e+00
   endloop
 endfacet
 facet normal -2.544564e-01 -9.670842e-01 -0.000000e+00
   outer loop
     vertex  2.275986e+00  8.867656e-02  1.500000e+00
     vertex  2.197415e+00  1.093500e-01  0.000000e+00
     vertex  2.275986e+00  8.867656e-02  0.000000e+00
   endloop
 endfacet
 facet normal -2.281751e-01 -9.736201e-01  0.000000e+00
   outer loop
     vertex  2.355089e+00  7.013833e-02  1.500000e+00
     vertex  2.275986e+00  8.867656e-02  1.500000e+00
     vertex  2.275986e+00  8.867656e-02  0.000000e+00
   endloop
 endfacet
 facet normal -2.281751e-01 -9.736201e-01 -0.000000e+00
   outer loop
     vertex  2.355089e+00  7.013833e-02  1.500000e+00
     vertex  2.275986e+00  8.867656e-02  0.000000e+00
     vertex  2.355089e+00  7.013833e-02  0.000000e+00
   endloop
 endfacet
 facet normal -2.017264e-01 -9.794419e-01 -0.000000e+00
   outer loop
     vertex  2.355089e+00  7.013833e-02  1.500000e+00
     vertex  2.355089e+00  7.013833e-02  0.000000e+00
     vertex  2.434664e+00  5.374895e-02  0.000000e+00
   endloop
 endfacet
 facet normal -2.017264e-01 -9.794419e-01 -0.000000e+00
   outer loop
     vertex  2.434664e+00  5.374895e-02  1.500000e+00
     vertex  2.355089e+00  7.013833e-02  1.500000e+00
     vertex  2.434664e+00  5.374895e-02  0.000000e+00
   endloop
 endfacet
 facet normal -1.751297e-01 -9.845454e-01  0.000000e+00
   outer loop
     vertex  2.514654e+00  3.952043e-02  1.500000e+00
     vertex  2.434664e+00  5.374895e-02  1.500000e+00
     vertex  2.434664e+00  5.374895e-02  0.000000e+00
   endloop
 endfacet
 facet normal -1.751297e-01 -9.845454e-01 -0.000000e+00
   outer loop
     vertex  2.514654e+00  3.952043e-02  1.500000e+00
     vertex  2.434664e+00  5.374895e-02  0.000000e+00
     vertex  2.514654e+00  3.952043e-02  0.000000e+00
   endloop
 endfacet
 facet normal -1.484046e-01 -9.889267e-01 -0.000000e+00
   outer loop
     vertex  2.514654e+00  3.952043e-02  1.500000e+00
     vertex  2.514654e+00  3.952043e-02  0.000000e+00
     vertex  2.595000e+00  2.746321e-02  0.000000e+00
   endloop
 endfacet
 facet normal -1.484046e-01 -9.889267e-01 -0.000000e+00
   outer loop
     vertex  2.595000e+00  2.746321e-02  1.500000e+00
     vertex  2.514654e+00  3.952043e-02  1.500000e+00
     vertex  2.595000e+00  2.746321e-02  0.000000e+00
   endloop
 endfacet
 facet normal -1.215707e-01 -9.925828e-01 -0.000000e+00
   outer loop
     vertex  2.595000e+00  2.746321e-02  1.500000e+00
     vertex  2.595000e+00  2.746321e-02  0.000000e+00
     vertex  2.675643e+00  1.758613e-02  0.000000e+00
   endloop
 endfacet
 facet normal -1.215707e-01 -9.925828e-01 -0.000000e+00
   outer loop
     vertex  2.675643e+00  1.758613e-02  1.500000e+00
     vertex  2.595000e+00  2.746321e-02  1.500000e+00
     vertex  2.675643e+00  1.758613e-02  0.000000e+00
   endloop
 endfacet
 facet normal -9.464755e-02 -9.955108e-01  0.000000e+00
   outer loop
     vertex  2.756524e+00  9.896431e-03  1.500000e+00
     vertex  2.675643e+00  1.758613e-02  1.500000e+00
     vertex  2.675643e+00  1.758613e-02  0.000000e+00
   endloop
 endfacet
 facet normal -9.464755e-02 -9.955108e-01 -0.000000e+00
   outer loop
     vertex  2.756524e+00  9.896431e-03  1.500000e+00
     vertex  2.675643e+00  1.758613e-02  0.000000e+00
     vertex  2.756524e+00  9.896431e-03  0.000000e+00
   endloop
 endfacet
 facet normal -6.765502e-02 -9.977088e-01  0.000000e+00
   outer loop
     vertex  2.837583e+00  4.399758e-03  1.500000e+00
     vertex  2.756524e+00  9.896431e-03  1.500000e+00
     vertex  2.756524e+00  9.896431e-03  0.000000e+00
   endloop
 endfacet
 facet normal -6.765502e-02 -9.977088e-01 -0.000000e+00
   outer loop
     vertex  2.837583e+00  4.399758e-03  1.500000e+00
     vertex  2.756524e+00  9.896431e-03  0.000000e+00
     vertex  2.837583e+00  4.399758e-03  0.000000e+00
   endloop
 endfacet
 facet normal -4.061287e-02 -9.991750e-01  0.000000e+00
   outer loop
     vertex  2.918762e+00  1.100141e-03  1.500000e+00
     vertex  2.837583e+00  4.399758e-03  1.500000e+00
     vertex  2.837583e+00  4.399758e-03  0.000000e+00
   endloop
 endfacet
 facet normal -4.061287e-02 -9.991750e-01 -0.000000e+00
   outer loop
     vertex  2.918762e+00  1.100141e-03  1.500000e+00
     vertex  2.837583e+00  4.399758e-03  0.000000e+00
     vertex  2.918762e+00  1.100141e-03  0.000000e+00
   endloop
 endfacet
 facet normal -1.354093e-02 -9.999083e-01  0.000000e+00
   outer loop
     vertex  3.000000e+00 -4.440892e-16  1.500000e+00
     vertex  2.918762e+00  1.100141e-03  1.500000e+00
     vertex  2.918762e+00  1.100141e-03  0.000000e+00
   endloop
 endfacet
 facet normal -1.354093e-02 -9.999083e-01 -0.000000e+00
   outer loop
     vertex  3.000000e+00 -4.440892e-16  1.500000e+00
     vertex  2.918762e+00  1.100141e-03  0.000000e+00
     vertex  3.000000e+00 -4.440892e-16  0.000000e+00
   endloop
 endfacet
 facet normal -9.999083e-01  1.354093e-02  0.000000e+00
   outer loop
     vertex  1.100141e-03  3.108124e+01  1.500000e+00
     vertex  1.100141e-03  3.108124e+01  0.000000e+00
     vertex -4.440892e-16  3.100000e+01  0.000000e+00
   endloop
 endfacet
 facet normal -9.999083e-01  1.354093e-02  0.000000e+00
   outer loop
     vertex  1.100141e-03  3.108124e+01  1.500000e+00
     vertex -4.440892e-16  3.100000e+01  0.000000e+00
     vertex -4.440892e-16  3.100000e+01  1.500000e+00
   endloop
 endfacet
 facet normal -9.991750e-01  4.061287e-02  0.000000e+00
   outer loop
     vertex  4.399758e-03  3.116242e+01  1.500000e+00
     vertex  4.399758e-03  3.116242e+01  0.000000e+00
     vertex  1.100141e-03  3.108124e+01  0.000000e+00
   endloop
 endfacet
 facet normal -9.991750e-01  4.061287e-02  0.000000e+00
   outer loop
     vertex  4.399758e-03  3.116242e+01  1.500000e+00
     vertex  1.100141e-03  3.108124e+01  0.000000e+00
     vertex  1.100141e-03  3.108124e+01  1.500000e+00
   endloop
 endfacet
 facet normal -9.977088e-01  6.765502e-02  0.000000e+00
   outer loop
     vertex  9.896431e-03  3.124348e+01  1.500000e+00
     vertex  9.896431e-03  3.124348e+01  0.000000e+00
     vertex  4.399758e-03  3.116242e+01  0.000000e+00
   endloop
 endfacet
 facet normal -9.977088e-01  6.765502e-02  0.000000e+00
   outer loop
     vertex  9.896431e-03  3.124348e+01  1.500000e+00
     vertex  4.399758e-03  3.116242e+01  0.000000e+00
     vertex  4.399758e-03  3.116242e+01  1.500000e+00
   endloop
 endfacet
 facet normal -9.955108e-01  9.464755e-02  0.000000e+00
   outer loop
     vertex  1.758613e-02  3.132436e+01  1.500000e+00
     vertex  1.758613e-02  3.132436e+01  0.000000e+00
     vertex  9.896431e-03  3.124348e+01  0.000000e+00
   endloop
 endfacet
 facet normal -9.955108e-01  9.464755e-02  0.000000e+00
   outer loop
     vertex  1.758613e-02  3.132436e+01  1.500000e+00
     vertex  9.896431e-03  3.124348e+01  0.000000e+00
     vertex  9.896431e-03  3.124348e+01  1.500000e+00
   endloop
 endfacet
 facet normal -9.925828e-01  1.215707e-01  0.000000e+00
   outer loop
     vertex  2.746321e-02  3.140500e+01  1.500000e+00
     vertex  2.746321e-02  3.140500e+01  0.000000e+00
     vertex  1.758613e-02  3.132436e+01  0.000000e+00
   endloop
 endfacet
 facet normal -9.925828e-01  1.215707e-01  0.000000e+00
   outer loop
     vertex  2.746321e-02  3.140500e+01  1.500000e+00
     vertex  1.758613e-02  3.132436e+01  0.000000e+00
     vertex  1.758613e-02  3.132436e+01  1.500000e+00
   endloop
 endfacet
 facet normal -9.889267e-01  1.484046e-01  0.000000e+00
   outer loop
     vertex  3.952043e-02  3.148535e+01  1.500000e+00
     vertex  3.952043e-02  3.148535e+01  0.000000e+00
     vertex  2.746321e-02  3.140500e+01  0.000000e+00
   endloop
 endfacet
 facet normal -9.889267e-01  1.484046e-01  0.000000e+00
   outer loop
     vertex  3.952043e-02  3.148535e+01  1.500000e+00
     vertex  2.746321e-02  3.140500e+01  0.000000e+00
     vertex  2.746321e-02  3.140500e+01  1.500000e+00
   endloop
 endfacet
 facet normal -9.845454e-01  1.751297e-01  0.000000e+00
   outer loop
     vertex  5.374895e-02  3.156534e+01  1.500000e+00
     vertex  5.374895e-02  3.156534e+01  0.000000e+00
     vertex  3.952043e-02  3.148535e+01  0.000000e+00
   endloop
 endfacet
 facet normal -9.845454e-01  1.751297e-01  0.000000e+00
   outer loop
     vertex  5.374895e-02  3.156534e+01  1.500000e+00
     vertex  3.952043e-02  3.148535e+01  0.000000e+00
     vertex  3.952043e-02  3.148535e+01  1.500000e+00
   endloop
 endfacet
 facet normal -9.794419e-01  2.017264e-01  0.000000e+00
   outer loop
     vertex  7.013833e-02  3.164491e+01  1.500000e+00
     vertex  7.013833e-02  3.164491e+01  0.000000e+00
     vertex  5.374895e-02  3.156534e+01  0.000000e+00
   endloop
 endfacet
 facet normal -9.794419e-01  2.017264e-01  0.000000e+00
   outer loop
     vertex  7.013833e-02  3.164491e+01  1.500000e+00
     vertex  5.374895e-02  3.156534e+01  0.000000e+00
     vertex  5.374895e-02  3.156534e+01  1.500000e+00
   endloop
 endfacet
 facet normal -9.736201e-01  2.281751e-01  0.000000e+00
   outer loop
     vertex  8.867656e-02  3.172401e+01  1.500000e+00
     vertex  8.867656e-02  3.172401e+01  0.000000e+00
     vertex  7.013833e-02  3.164491e+01  0.000000e+00
   endloop
 endfacet
 facet normal -9.736201e-01  2.281751e-01  0.000000e+00
   outer loop
     vertex  8.867656e-02  3.172401e+01  1.500000e+00
     vertex  7.013833e-02  3.164491e+01  0.000000e+00
     vertex  7.013833e-02  3.164491e+01  1.500000e+00
   endloop
 endfacet
 facet normal -9.670842e-01  2.544564e-01  0.000000e+00
   outer loop
     vertex  1.093500e-01  3.180259e+01  1.500000e+00
     vertex  1.093500e-01  3.180259e+01  0.000000e+00
     vertex  8.867656e-02  3.172401e+01  0.000000e+00
   endloop
 endfacet
 facet normal -9.670842e-01  2.544564e-01  0.000000e+00
   outer loop
     vertex  1.093500e-01  3.180259e+01  1.500000e+00
     vertex  8.867656e-02  3.172401e+01  0.000000e+00
     vertex  8.867656e-02  3.172401e+01  1.500000e+00
   endloop
 endfacet
 facet normal -9.598391e-01  2.805512e-01  0.000000e+00
   outer loop
     vertex  1.321436e-01  3.188057e+01  1.500000e+00
     vertex  1.321436e-01  3.188057e+01  0.000000e+00
     vertex  1.093500e-01  3.180259e+01  0.000000e+00
   endloop
 endfacet
 facet normal -9.598391e-01  2.805512e-01  0.000000e+00
   outer loop
     vertex  1.321436e-01  3.188057e+01  1.500000e+00
     vertex  1.093500e-01  3.180259e+01  0.000000e+00
     vertex  1.093500e-01  3.180259e+01  1.500000e+00
   endloop
 endfacet
 facet normal -9.518899e-01  3.064401e-01  0.000000e+00
   outer loop
     vertex  1.570405e-01  3.195790e+01  1.500000e+00
     vertex  1.570405e-01  3.195790e+01  0.000000e+00
     vertex  1.321436e-01  3.188057e+01  0.000000e+00
   endloop
 endfacet
 facet normal -9.432426e-01  3.321044e-01  0.000000e+00
   outer loop
     vertex  1.570405e-01  3.195790e+01  1.500000e+00
     vertex  1.840225e-01  3.203454e+01  0.000000e+00
     vertex  1.570405e-01  3.195790e+01  0.000000e+00
   endloop
 endfacet
 facet normal -9.518899e-01  3.064401e-01  0.000000e+00
   outer loop
     vertex  1.570405e-01  3.195790e+01  1.500000e+00
     vertex  1.321436e-01  3.188057e+01  0.000000e+00
     vertex  1.321436e-01  3.188057e+01  1.500000e+00
   endloop
 endfacet
 facet normal -9.339036e-01  3.575250e-01  0.000000e+00
   outer loop
     vertex  1.840225e-01  3.203454e+01  1.500000e+00
     vertex  2.130698e-01  3.211041e+01  0.000000e+00
     vertex  1.840225e-01  3.203454e+01  0.000000e+00
   endloop
 endfacet
 facet normal -9.432426e-01  3.321044e-01  0.000000e+00
   outer loop
     vertex  1.840225e-01  3.203454e+01  1.500000e+00
     vertex  1.840225e-01  3.203454e+01  0.000000e+00
     vertex  1.570405e-01  3.195790e+01  1.500000e+00
   endloop
 endfacet
 facet normal -9.339036e-01  3.575250e-01  0.000000e+00
   outer loop
     vertex  2.130698e-01  3.211041e+01  1.500000e+00
     vertex  2.130698e-01  3.211041e+01  0.000000e+00
     vertex  1.840225e-01  3.203454e+01  1.500000e+00
   endloop
 endfacet
 facet normal -9.238795e-01  3.826834e-01  0.000000e+00
   outer loop
     vertex  2.441612e-01  3.218548e+01  1.500000e+00
     vertex  2.441612e-01  3.218548e+01  0.000000e+00
     vertex  2.130698e-01  3.211041e+01  0.000000e+00
   endloop
 endfacet
 facet normal -9.238795e-01  3.826834e-01  0.000000e+00
   outer loop
     vertex  2.441612e-01  3.218548e+01  1.500000e+00
     vertex  2.130698e-01  3.211041e+01  0.000000e+00
     vertex  2.130698e-01  3.211041e+01  1.500000e+00
   endloop
 endfacet
 facet normal -9.131779e-01  4.075612e-01  0.000000e+00
   outer loop
     vertex  2.772737e-01  3.225967e+01  1.500000e+00
     vertex  2.772737e-01  3.225967e+01  0.000000e+00
     vertex  2.441612e-01  3.218548e+01  0.000000e+00
   endloop
 endfacet
 facet normal -9.131779e-01  4.075612e-01  0.000000e+00
   outer loop
     vertex  2.772737e-01  3.225967e+01  1.500000e+00
     vertex  2.441612e-01  3.218548e+01  0.000000e+00
     vertex  2.441612e-01  3.218548e+01  1.500000e+00
   endloop
 endfacet
 facet normal -9.018065e-01  4.321400e-01  0.000000e+00
   outer loop
     vertex  3.123832e-01  3.233294e+01  1.500000e+00
     vertex  3.123832e-01  3.233294e+01  0.000000e+00
     vertex  2.772737e-01  3.225967e+01  0.000000e+00
   endloop
 endfacet
 facet normal -9.018065e-01  4.321400e-01  0.000000e+00
   outer loop
     vertex  3.123832e-01  3.233294e+01  1.500000e+00
     vertex  2.772737e-01  3.225967e+01  0.000000e+00
     vertex  2.772737e-01  3.225967e+01  1.500000e+00
   endloop
 endfacet
 facet normal -8.897737e-01  4.564019e-01  0.000000e+00
   outer loop
     vertex  3.494639e-01  3.240523e+01  1.500000e+00
     vertex  3.494639e-01  3.240523e+01  0.000000e+00
     vertex  3.123832e-01  3.233294e+01  0.000000e+00
   endloop
 endfacet
 facet normal -8.897737e-01  4.564019e-01  0.000000e+00
   outer loop
     vertex  3.494639e-01  3.240523e+01  1.500000e+00
     vertex  3.123832e-01  3.233294e+01  0.000000e+00
     vertex  3.123832e-01  3.233294e+01  1.500000e+00
   endloop
 endfacet
 facet normal -8.770884e-01  4.803291e-01  0.000000e+00
   outer loop
     vertex  3.884885e-01  3.247648e+01  1.500000e+00
     vertex  3.884885e-01  3.247648e+01  0.000000e+00
     vertex  3.494639e-01  3.240523e+01  0.000000e+00
   endloop
 endfacet
 facet normal -8.637597e-01  5.039039e-01  0.000000e+00
   outer loop
     vertex  3.884885e-01  3.247648e+01  1.500000e+00
     vertex  4.294285e-01  3.254666e+01  0.000000e+00
     vertex  3.884885e-01  3.247648e+01  0.000000e+00
   endloop
 endfacet
 facet normal -8.770884e-01  4.803291e-01  0.000000e+00
   outer loop
     vertex  3.884885e-01  3.247648e+01  1.500000e+00
     vertex  3.494639e-01  3.240523e+01  0.000000e+00
     vertex  3.494639e-01  3.240523e+01  1.500000e+00
   endloop
 endfacet
 facet normal -8.637597e-01  5.039039e-01  0.000000e+00
   outer loop
     vertex  4.294285e-01  3.254666e+01  1.500000e+00
     vertex  4.294285e-01  3.254666e+01  0.000000e+00
     vertex  3.884885e-01  3.247648e+01  1.500000e+00
   endloop
 endfacet
 facet normal -8.497975e-01  5.271092e-01  0.000000e+00
   outer loop
     vertex  4.294285e-01  3.254666e+01  1.500000e+00
     vertex  4.722538e-01  3.261570e+01  0.000000e+00
     vertex  4.294285e-01  3.254666e+01  0.000000e+00
   endloop
 endfacet
 facet normal -8.497975e-01  5.271092e-01  0.000000e+00
   outer loop
     vertex  4.722538e-01  3.261570e+01  1.500000e+00
     vertex  4.722538e-01  3.261570e+01  0.000000e+00
     vertex  4.294285e-01  3.254666e+01  1.500000e+00
   endloop
 endfacet
 facet normal -8.352121e-01  5.499279e-01  0.000000e+00
   outer loop
     vertex  5.169330e-01  3.268356e+01  1.500000e+00
     vertex  4.722538e-01  3.261570e+01  0.000000e+00
     vertex  4.722538e-01  3.261570e+01  1.500000e+00
   endloop
 endfacet
 facet normal -8.352121e-01  5.499279e-01  0.000000e+00
   outer loop
     vertex  5.169330e-01  3.268356e+01  1.500000e+00
     vertex  5.169330e-01  3.268356e+01  0.000000e+00
     vertex  4.722538e-01  3.261570e+01  0.000000e+00
   endloop
 endfacet
 facet normal -8.200141e-01  5.723433e-01  0.000000e+00
   outer loop
     vertex  5.169330e-01  3.268356e+01  1.500000e+00
     vertex  5.634334e-01  3.275018e+01  0.000000e+00
     vertex  5.169330e-01  3.268356e+01  0.000000e+00
   endloop
 endfacet
 facet normal -8.200141e-01  5.723433e-01  0.000000e+00
   outer loop
     vertex  5.634334e-01  3.275018e+01  1.500000e+00
     vertex  5.634334e-01  3.275018e+01  0.000000e+00
     vertex  5.169330e-01  3.268356e+01  1.500000e+00
   endloop
 endfacet
 facet normal -8.042147e-01  5.943389e-01  0.000000e+00
   outer loop
     vertex  6.117208e-01  3.281552e+01  1.500000e+00
     vertex  5.634334e-01  3.275018e+01  0.000000e+00
     vertex  5.634334e-01  3.275018e+01  1.500000e+00
   endloop
 endfacet
 facet normal -8.042147e-01  5.943389e-01  0.000000e+00
   outer loop
     vertex  6.117208e-01  3.281552e+01  1.500000e+00
     vertex  6.117208e-01  3.281552e+01  0.000000e+00
     vertex  5.634334e-01  3.275018e+01  0.000000e+00
   endloop
 endfacet
 facet normal -7.878255e-01  6.158986e-01  0.000000e+00
   outer loop
     vertex  6.117208e-01  3.281552e+01  1.500000e+00
     vertex  6.617599e-01  3.287953e+01  0.000000e+00
     vertex  6.117208e-01  3.281552e+01  0.000000e+00
   endloop
 endfacet
 facet normal -7.878255e-01  6.158986e-01  0.000000e+00
   outer loop
     vertex  6.617599e-01  3.287953e+01  1.500000e+00
     vertex  6.617599e-01  3.287953e+01  0.000000e+00
     vertex  6.117208e-01  3.281552e+01  1.500000e+00
   endloop
 endfacet
 facet normal -7.708584e-01  6.370065e-01  0.000000e+00
   outer loop
     vertex  7.135138e-01  3.294216e+01  1.500000e+00
     vertex  7.135138e-01  3.294216e+01  0.000000e+00
     vertex  6.617599e-01  3.287953e+01  0.000000e+00
   endloop
 endfacet
 facet normal -7.708584e-01  6.370065e-01  0.000000e+00
   outer loop
     vertex  7.135138e-01  3.294216e+01  1.500000e+00
     vertex  6.617599e-01  3.287953e+01  0.000000e+00
     vertex  6.617599e-01  3.287953e+01  1.500000e+00
   endloop
 endfacet
 facet normal -7.533260e-01  6.576473e-01  0.000000e+00
   outer loop
     vertex  7.135138e-01  3.294216e+01  1.500000e+00
     vertex  7.669448e-01  3.300336e+01  0.000000e+00
     vertex  7.135138e-01  3.294216e+01  0.000000e+00
   endloop
 endfacet
 facet normal -7.533260e-01  6.576473e-01  0.000000e+00
   outer loop
     vertex  7.669448e-01  3.300336e+01  1.500000e+00
     vertex  7.669448e-01  3.300336e+01  0.000000e+00
     vertex  7.135138e-01  3.294216e+01  1.500000e+00
   endloop
 endfacet
 facet normal -7.352410e-01  6.778058e-01  0.000000e+00
   outer loop
     vertex  8.220135e-01  3.306310e+01  1.500000e+00
     vertex  8.220135e-01  3.306310e+01  0.000000e+00
     vertex  7.669448e-01  3.300336e+01  0.000000e+00
   endloop
 endfacet
 facet normal -7.352410e-01  6.778058e-01  0.000000e+00
   outer loop
     vertex  8.220135e-01  3.306310e+01  1.500000e+00
     vertex  7.669448e-01  3.300336e+01  0.000000e+00
     vertex  7.669448e-01  3.300336e+01  1.500000e+00
   endloop
 endfacet
 facet normal -7.166168e-01  6.974671e-01  0.000000e+00
   outer loop
     vertex  8.786797e-01  3.312132e+01  1.500000e+00
     vertex  8.786797e-01  3.312132e+01  0.000000e+00
     vertex  8.220135e-01  3.306310e+01  0.000000e+00
   endloop
 endfacet
 facet normal -6.974671e-01  7.166168e-01  0.000000e+00
   outer loop
     vertex  8.786797e-01  3.312132e+01  1.500000e+00
     vertex  9.369016e-01  3.317799e+01  0.000000e+00
     vertex  8.786797e-01  3.312132e+01  0.000000e+00
   endloop
 endfacet
 facet normal -7.166168e-01  6.974671e-01  0.000000e+00
   outer loop
     vertex  8.786797e-01  3.312132e+01  1.500000e+00
     vertex  8.220135e-01  3.306310e+01  0.000000e+00
     vertex  8.220135e-01  3.306310e+01  1.500000e+00
   endloop
 endfacet
 facet normal -6.974671e-01  7.166168e-01  0.000000e+00
   outer loop
     vertex  9.369016e-01  3.317799e+01  1.500000e+00
     vertex  9.369016e-01  3.317799e+01  0.000000e+00
     vertex  8.786797e-01  3.312132e+01  1.500000e+00
   endloop
 endfacet
 facet normal -6.778058e-01  7.352410e-01  0.000000e+00
   outer loop
     vertex  9.966367e-01  3.323306e+01  1.500000e+00
     vertex  9.966367e-01  3.323306e+01  0.000000e+00
     vertex  9.369016e-01  3.317799e+01  0.000000e+00
   endloop
 endfacet
 facet normal -6.778058e-01  7.352410e-01  0.000000e+00
   outer loop
     vertex  9.966367e-01  3.323306e+01  1.500000e+00
     vertex  9.369016e-01  3.317799e+01  0.000000e+00
     vertex  9.369016e-01  3.317799e+01  1.500000e+00
   endloop
 endfacet
 facet normal -6.576473e-01  7.533260e-01  0.000000e+00
   outer loop
     vertex  1.057841e+00  3.328649e+01  1.500000e+00
     vertex  1.057841e+00  3.328649e+01  0.000000e+00
     vertex  9.966367e-01  3.323306e+01  0.000000e+00
   endloop
 endfacet
 facet normal -6.576473e-01  7.533260e-01  0.000000e+00
   outer loop
     vertex  1.057841e+00  3.328649e+01  1.500000e+00
     vertex  9.966367e-01  3.323306e+01  0.000000e+00
     vertex  9.966367e-01  3.323306e+01  1.500000e+00
   endloop
 endfacet
 facet normal -6.370065e-01  7.708584e-01  0.000000e+00
   outer loop
     vertex  1.120470e+00  3.333824e+01  1.500000e+00
     vertex  1.120470e+00  3.333824e+01  0.000000e+00
     vertex  1.057841e+00  3.328649e+01  0.000000e+00
   endloop
 endfacet
 facet normal -6.158986e-01  7.878255e-01  0.000000e+00
   outer loop
     vertex  1.120470e+00  3.333824e+01  1.500000e+00
     vertex  1.184477e+00  3.338828e+01  0.000000e+00
     vertex  1.120470e+00  3.333824e+01  0.000000e+00
   endloop
 endfacet
 facet normal -6.370065e-01  7.708584e-01  0.000000e+00
   outer loop
     vertex  1.120470e+00  3.333824e+01  1.500000e+00
     vertex  1.057841e+00  3.328649e+01  0.000000e+00
     vertex  1.057841e+00  3.328649e+01  1.500000e+00
   endloop
 endfacet
 facet normal -5.943389e-01  8.042147e-01  0.000000e+00
   outer loop
     vertex  1.184477e+00  3.338828e+01  1.500000e+00
     vertex  1.249816e+00  3.343657e+01  0.000000e+00
     vertex  1.184477e+00  3.338828e+01  0.000000e+00
   endloop
 endfacet
 facet normal -6.158986e-01  7.878255e-01  0.000000e+00
   outer loop
     vertex  1.184477e+00  3.338828e+01  1.500000e+00
     vertex  1.184477e+00  3.338828e+01  0.000000e+00
     vertex  1.120470e+00  3.333824e+01  1.500000e+00
   endloop
 endfacet
 facet normal -5.943389e-01  8.042147e-01  0.000000e+00
   outer loop
     vertex  1.249816e+00  3.343657e+01  1.500000e+00
     vertex  1.249816e+00  3.343657e+01  0.000000e+00
     vertex  1.184477e+00  3.338828e+01  1.500000e+00
   endloop
 endfacet
 facet normal -5.723433e-01  8.200141e-01  0.000000e+00
   outer loop
     vertex  1.316439e+00  3.348307e+01  1.500000e+00
     vertex  1.316439e+00  3.348307e+01  0.000000e+00
     vertex  1.249816e+00  3.343657e+01  0.000000e+00
   endloop
 endfacet
 facet normal -5.723433e-01  8.200141e-01  0.000000e+00
   outer loop
     vertex  1.316439e+00  3.348307e+01  1.500000e+00
     vertex  1.249816e+00  3.343657e+01  0.000000e+00
     vertex  1.249816e+00  3.343657e+01  1.500000e+00
   endloop
 endfacet
 facet normal -5.499279e-01  8.352121e-01  0.000000e+00
   outer loop
     vertex  1.384296e+00  3.352775e+01  1.500000e+00
     vertex  1.384296e+00  3.352775e+01  0.000000e+00
     vertex  1.316439e+00  3.348307e+01  0.000000e+00
   endloop
 endfacet
 facet normal -5.499279e-01  8.352121e-01  0.000000e+00
   outer loop
     vertex  1.384296e+00  3.352775e+01  1.500000e+00
     vertex  1.316439e+00  3.348307e+01  0.000000e+00
     vertex  1.316439e+00  3.348307e+01  1.500000e+00
   endloop
 endfacet
 facet normal -5.271092e-01  8.497975e-01  0.000000e+00
   outer loop
     vertex  1.453338e+00  3.357057e+01  1.500000e+00
     vertex  1.453338e+00  3.357057e+01  0.000000e+00
     vertex  1.384296e+00  3.352775e+01  0.000000e+00
   endloop
 endfacet
 facet normal -5.271092e-01  8.497975e-01  0.000000e+00
   outer loop
     vertex  1.453338e+00  3.357057e+01  1.500000e+00
     vertex  1.384296e+00  3.352775e+01  0.000000e+00
     vertex  1.384296e+00  3.352775e+01  1.500000e+00
   endloop
 endfacet
 facet normal -5.039039e-01  8.637597e-01  0.000000e+00
   outer loop
     vertex  1.523515e+00  3.361151e+01  1.500000e+00
     vertex  1.523515e+00  3.361151e+01  0.000000e+00
     vertex  1.453338e+00  3.357057e+01  0.000000e+00
   endloop
 endfacet
 facet normal -5.039039e-01  8.637597e-01  0.000000e+00
   outer loop
     vertex  1.523515e+00  3.361151e+01  1.500000e+00
     vertex  1.453338e+00  3.357057e+01  0.000000e+00
     vertex  1.453338e+00  3.357057e+01  1.500000e+00
   endloop
 endfacet
 facet normal -4.803291e-01  8.770884e-01  0.000000e+00
   outer loop
     vertex  1.594775e+00  3.365054e+01  1.500000e+00
     vertex  1.594775e+00  3.365054e+01  0.000000e+00
     vertex  1.523515e+00  3.361151e+01  0.000000e+00
   endloop
 endfacet
 facet normal -4.803291e-01  8.770884e-01  0.000000e+00
   outer loop
     vertex  1.594775e+00  3.365054e+01  1.500000e+00
     vertex  1.523515e+00  3.361151e+01  0.000000e+00
     vertex  1.523515e+00  3.361151e+01  1.500000e+00
   endloop
 endfacet
 facet normal -4.564019e-01  8.897737e-01  0.000000e+00
   outer loop
     vertex  1.667065e+00  3.368762e+01  1.500000e+00
     vertex  1.667065e+00  3.368762e+01  0.000000e+00
     vertex  1.594775e+00  3.365054e+01  0.000000e+00
   endloop
 endfacet
 facet normal -4.321400e-01  9.018065e-01  0.000000e+00
   outer loop
     vertex  1.667065e+00  3.368762e+01  1.500000e+00
     vertex  1.740333e+00  3.372273e+01  0.000000e+00
     vertex  1.667065e+00  3.368762e+01  0.000000e+00
   endloop
 endfacet
 facet normal -4.564019e-01  8.897737e-01  0.000000e+00
   outer loop
     vertex  1.667065e+00  3.368762e+01  1.500000e+00
     vertex  1.594775e+00  3.365054e+01  0.000000e+00
     vertex  1.594775e+00  3.365054e+01  1.500000e+00
   endloop
 endfacet
 facet normal -4.321400e-01  9.018065e-01  0.000000e+00
   outer loop
     vertex  1.740333e+00  3.372273e+01  1.500000e+00
     vertex  1.740333e+00  3.372273e+01  0.000000e+00
     vertex  1.667065e+00  3.368762e+01  1.500000e+00
   endloop
 endfacet
 facet normal -4.075612e-01  9.131779e-01  0.000000e+00
   outer loop
     vertex  1.814524e+00  3.375584e+01  1.500000e+00
     vertex  1.814524e+00  3.375584e+01  0.000000e+00
     vertex  1.740333e+00  3.372273e+01  0.000000e+00
   endloop
 endfacet
 facet normal -3.826834e-01  9.238795e-01  0.000000e+00
   outer loop
     vertex  1.814524e+00  3.375584e+01  1.500000e+00
     vertex  1.889586e+00  3.378693e+01  0.000000e+00
     vertex  1.814524e+00  3.375584e+01  0.000000e+00
   endloop
 endfacet
 facet normal -4.075612e-01  9.131779e-01  0.000000e+00
   outer loop
     vertex  1.814524e+00  3.375584e+01  1.500000e+00
     vertex  1.740333e+00  3.372273e+01  0.000000e+00
     vertex  1.740333e+00  3.372273e+01  1.500000e+00
   endloop
 endfacet
 facet normal -3.826834e-01  9.238795e-01  0.000000e+00
   outer loop
     vertex  1.889586e+00  3.378693e+01  1.500000e+00
     vertex  1.889586e+00  3.378693e+01  0.000000e+00
     vertex  1.814524e+00  3.375584e+01  1.500000e+00
   endloop
 endfacet
 facet normal -3.575250e-01  9.339036e-01  0.000000e+00
   outer loop
     vertex  1.965461e+00  3.381598e+01  1.500000e+00
     vertex  1.965461e+00  3.381598e+01  0.000000e+00
     vertex  1.889586e+00  3.378693e+01  0.000000e+00
   endloop
 endfacet
 facet normal -3.575250e-01  9.339036e-01  0.000000e+00
   outer loop
     vertex  1.965461e+00  3.381598e+01  1.500000e+00
     vertex  1.889586e+00  3.378693e+01  0.000000e+00
     vertex  1.889586e+00  3.378693e+01  1.500000e+00
   endloop
 endfacet
 facet normal -3.321044e-01  9.432426e-01  0.000000e+00
   outer loop
     vertex  2.042095e+00  3.384296e+01  1.500000e+00
     vertex  1.965461e+00  3.381598e+01  0.000000e+00
     vertex  1.965461e+00  3.381598e+01  1.500000e+00
   endloop
 endfacet
 facet normal -3.321044e-01  9.432426e-01  0.000000e+00
   outer loop
     vertex  2.042095e+00  3.384296e+01  1.500000e+00
     vertex  2.042095e+00  3.384296e+01  0.000000e+00
     vertex  1.965461e+00  3.381598e+01  0.000000e+00
   endloop
 endfacet
 facet normal -3.064401e-01  9.518899e-01  0.000000e+00
   outer loop
     vertex  2.119432e+00  3.386786e+01  1.500000e+00
     vertex  2.042095e+00  3.384296e+01  0.000000e+00
     vertex  2.042095e+00  3.384296e+01  1.500000e+00
   endloop
 endfacet
 facet normal -3.064401e-01  9.518899e-01  0.000000e+00
   outer loop
     vertex  2.119432e+00  3.386786e+01  1.500000e+00
     vertex  2.119432e+00  3.386786e+01  0.000000e+00
     vertex  2.042095e+00  3.384296e+01  0.000000e+00
   endloop
 endfacet
 facet normal -2.805512e-01  9.598391e-01  0.000000e+00
   outer loop
     vertex  2.197415e+00  3.389065e+01  1.500000e+00
     vertex  2.119432e+00  3.386786e+01  0.000000e+00
     vertex  2.119432e+00  3.386786e+01  1.500000e+00
   endloop
 endfacet
 facet normal -2.805512e-01  9.598391e-01  0.000000e+00
   outer loop
     vertex  2.197415e+00  3.389065e+01  1.500000e+00
     vertex  2.197415e+00  3.389065e+01  0.000000e+00
     vertex  2.119432e+00  3.386786e+01  0.000000e+00
   endloop
 endfacet
 facet normal -2.544564e-01  9.670842e-01  0.000000e+00
   outer loop
     vertex  2.275986e+00  3.391132e+01  1.500000e+00
     vertex  2.197415e+00  3.389065e+01  0.000000e+00
     vertex  2.197415e+00  3.389065e+01  1.500000e+00
   endloop
 endfacet
 facet normal -2.544564e-01  9.670842e-01  0.000000e+00
   outer loop
     vertex  2.275986e+00  3.391132e+01  1.500000e+00
     vertex  2.275986e+00  3.391132e+01  0.000000e+00
     vertex  2.197415e+00  3.389065e+01  0.000000e+00
   endloop
 endfacet
 facet normal -2.281751e-01  9.736201e-01  0.000000e+00
   outer loop
     vertex  2.355089e+00  3.392986e+01  1.500000e+00
     vertex  2.275986e+00  3.391132e+01  0.000000e+00
     vertex  2.275986e+00  3.391132e+01  1.500000e+00
   endloop
 endfacet
 facet normal -2.281751e-01  9.736201e-01  0.000000e+00
   outer loop
     vertex  2.355089e+00  3.392986e+01  1.500000e+00
     vertex  2.355089e+00  3.392986e+01  0.000000e+00
     vertex  2.275986e+00  3.391132e+01  0.000000e+00
   endloop
 endfacet
 facet normal -2.017264e-01  9.794419e-01  0.000000e+00
   outer loop
     vertex  2.434664e+00  3.394625e+01  1.500000e+00
     vertex  2.355089e+00  3.392986e+01  0.000000e+00
     vertex  2.355089e+00  3.392986e+01  1.500000e+00
   endloop
 endfacet
 facet normal -2.017264e-01  9.794419e-01  0.000000e+00
   outer loop
     vertex  2.434664e+00  3.394625e+01  1.500000e+00
     vertex  2.434664e+00  3.394625e+01  0.000000e+00
     vertex  2.355089e+00  3.392986e+01  0.000000e+00
   endloop
 endfacet
 facet normal -1.751297e-01  9.845454e-01  0.000000e+00
   outer loop
     vertex  2.514654e+00  3.396048e+01  1.500000e+00
     vertex  2.434664e+00  3.394625e+01  0.000000e+00
     vertex  2.434664e+00  3.394625e+01  1.500000e+00
   endloop
 endfacet
 facet normal -1.751297e-01  9.845454e-01  0.000000e+00
   outer loop
     vertex  2.514654e+00  3.396048e+01  1.500000e+00
     vertex  2.514654e+00  3.396048e+01  0.000000e+00
     vertex  2.434664e+00  3.394625e+01  0.000000e+00
   endloop
 endfacet
 facet normal -1.484046e-01  9.889267e-01  0.000000e+00
   outer loop
     vertex  2.595000e+00  3.397254e+01  1.500000e+00
     vertex  2.514654e+00  3.396048e+01  0.000000e+00
     vertex  2.514654e+00  3.396048e+01  1.500000e+00
   endloop
 endfacet
 facet normal -1.484046e-01  9.889267e-01  0.000000e+00
   outer loop
     vertex  2.595000e+00  3.397254e+01  1.500000e+00
     vertex  2.595000e+00  3.397254e+01  0.000000e+00
     vertex  2.514654e+00  3.396048e+01  0.000000e+00
   endloop
 endfacet
 facet normal -1.215707e-01  9.925828e-01  0.000000e+00
   outer loop
     vertex  2.675643e+00  3.398241e+01  1.500000e+00
     vertex  2.595000e+00  3.397254e+01  0.000000e+00
     vertex  2.595000e+00  3.397254e+01  1.500000e+00
   endloop
 endfacet
 facet normal -1.215707e-01  9.925828e-01  0.000000e+00
   outer loop
     vertex  2.675643e+00  3.398241e+01  1.500000e+00
     vertex  2.675643e+00  3.398241e+01  0.000000e+00
     vertex  2.595000e+00  3.397254e+01  0.000000e+00
   endloop
 endfacet
 facet normal -9.464755e-02  9.955108e-01  0.000000e+00
   outer loop
     vertex  2.756524e+00  3.399010e+01  1.500000e+00
     vertex  2.675643e+00  3.398241e+01  0.000000e+00
     vertex  2.675643e+00  3.398241e+01  1.500000e+00
   endloop
 endfacet
 facet normal -9.464755e-02  9.955108e-01  0.000000e+00
   outer loop
     vertex  2.756524e+00  3.399010e+01  1.500000e+00
     vertex  2.756524e+00  3.399010e+01  0.000000e+00
     vertex  2.675643e+00  3.398241e+01  0.000000e+00
   endloop
 endfacet
 facet normal -6.765502e-02  9.977088e-01  0.000000e+00
   outer loop
     vertex  2.837583e+00  3.399560e+01  1.500000e+00
     vertex  2.756524e+00  3.399010e+01  0.000000e+00
     vertex  2.756524e+00  3.399010e+01  1.500000e+00
   endloop
 endfacet
 facet normal -6.765502e-02  9.977088e-01  0.000000e+00
   outer loop
     vertex  2.837583e+00  3.399560e+01  1.500000e+00
     vertex  2.837583e+00  3.399560e+01  0.000000e+00
     vertex  2.756524e+00  3.399010e+01  0.000000e+00
   endloop
 endfacet
 facet normal -4.061287e-02  9.991750e-01  0.000000e+00
   outer loop
     vertex  2.918762e+00  3.399890e+01  1.500000e+00
     vertex  2.837583e+00  3.399560e+01  0.000000e+00
     vertex  2.837583e+00  3.399560e+01  1.500000e+00
   endloop
 endfacet
 facet normal -4.061287e-02  9.991750e-01  0.000000e+00
   outer loop
     vertex  2.918762e+00  3.399890e+01  1.500000e+00
     vertex  2.918762e+00  3.399890e+01  0.000000e+00
     vertex  2.837583e+00  3.399560e+01  0.000000e+00
   endloop
 endfacet
 facet normal -1.354093e-02  9.999083e-01  0.000000e+00
   outer loop
     vertex  3.000000e+00  3.400000e+01  1.500000e+00
     vertex  2.918762e+00  3.399890e+01  0.000000e+00
     vertex  2.918762e+00  3.399890e+01  1.500000e+00
   endloop
 endfacet
 facet normal -1.354093e-02  9.999083e-01  0.000000e+00
   outer loop
     vertex  3.000000e+00  3.400000e+01  1.500000e+00
     vertex  3.000000e+00  3.400000e+01  0.000000e+00
     vertex  2.918762e+00  3.399890e+01  0.000000e+00
   endloop
 endfacet
 facet normal  0.000000e+00  0.000000e+00 -1.000000e+00
   outer loop
     vertex  9.369016e-01  8.220135e-01  0.000000e+00
     vertex  8.786797e-01  8.786797e-01  0.000000e+00
     vertex  8.220135e-01  9.369016e-01  0.000000e+00
   endloop
 endfacet
 facet normal  0.000000e+00  0.000000e+00 -1.000000e+00
   outer loop
     vertex  1.184477e+00  6.117208e-01  0.000000e+00
     vertex  9.966367e-01  7.669448e-01  0.000000e+00
     vertex  9.369016e-01  8.220135e-01  0.000000e+00
   endloop
 endfacet
 facet normal  0.000000e+00  0.000000e+00 -1.000000e+00
   outer loop
     vertex  1.184477e+00  6.117208e-01  0.000000e+00
     vertex  1.057841e+00  7.135138e-01  0.000000e+00
     vertex  9.966367e-01  7.669448e-01  0.000000e+00
   endloop
 endfacet
 facet normal  0.000000e+00  0.000000e+00 -1.000000e+00
   outer loop
     vertex  1.184477e+00  6.117208e-01  0.000000e+00
     vertex  1.120470e+00  6.617599e-01  0.000000e+00
     vertex  1.057841e+00  7.135138e-01  0.000000e+00
   endloop
 endfacet
 facet normal  0.000000e+00  0.000000e+00 -1.000000e+00
   outer loop
     vertex  5.634334e-01  1.249816e+00  0.000000e+00
     vertex  6.617599e-01  1.120470e+00  0.000000e+00
     vertex  6.117208e-01  1.184477e+00  0.000000e+00
   endloop
 endfacet
 facet normal  0.000000e+00  0.000000e+00 -1.000000e+00
   outer loop
     vertex  5.634334e-01  1.249816e+00  0.000000e+00
     vertex  7.135138e-01  1.057841e+00  0.000000e+00
     vertex  6.617599e-01  1.120470e+00  0.000000e+00
   endloop
 endfacet
 facet normal  0.000000e+00  0.000000e+00 -1.000000e+00
   outer loop
     vertex  5.634334e-01  1.249816e+00  0.000000e+00
     vertex  7.669448e-01  9.966367e-01  0.000000e+00
     vertex  7.135138e-01  1.057841e+00  0.000000e+00
   endloop
 endfacet
 facet normal  0.000000e+00  0.000000e+00 -1.000000e+00
   outer loop
     vertex  5.634334e-01  1.249816e+00  0.000000e+00
     vertex  8.220135e-01  9.369016e-01  0.000000e+00
     vertex  7.669448e-01  9.966367e-01  0.000000e+00
   endloop
 endfacet
 facet normal  0.000000e+00  0.000000e+00 -1.000000e+00
   outer loop
     vertex  4.722538e-01  1.384296e+00  0.000000e+00
     vertex  5.634334e-01  1.249816e+00  0.000000e+00
     vertex  5.169330e-01  1.316439e+00  0.000000e+00
   endloop
 endfacet
 facet normal  0.000000e+00  0.000000e+00 -1.000000e+00
   outer loop
     vertex  1.384296e+00  4.722538e-01  0.000000e+00
     vertex  1.249816e+00  5.634334e-01  0.000000e+00
     vertex  1.184477e+00  6.117208e-01  0.000000e+00
   endloop
 endfacet
 facet normal  0.000000e+00  0.000000e+00 -1.000000e+00
   outer loop
     vertex  1.384296e+00  4.722538e-01  0.000000e+00
     vertex  1.316439e+00  5.169330e-01  0.000000e+00
     vertex  1.249816e+00  5.634334e-01  0.000000e+00
   endloop
 endfacet
 facet normal  0.000000e+00  0.000000e+00 -1.000000e+00
   outer loop
     vertex  3.123832e-01  1.667065e+00  0.000000e+00
     vertex  3.884885e-01  1.523515e+00  0.000000e+00
     vertex  3.494639e-01  1.594775e+00  0.000000e+00
   endloop
 endfacet
 facet normal  0.000000e+00  0.000000e+00 -1.000000e+00
   outer loop
     vertex  3.123832e-01  1.667065e+00  0.000000e+00
     vertex  4.294285e-01  1.453338e+00  0.000000e+00
     vertex  3.884885e-01  1.523515e+00  0.000000e+00
   endloop
 endfacet
 facet normal  0.000000e+00  0.000000e+00 -1.000000e+00
   outer loop
     vertex  1.814524e+00  2.441612e-01  0.000000e+00
     vertex  1.740333e+00  2.772737e-01  0.000000e+00
     vertex  1.667065e+00  3.123832e-01  0.000000e+00
   endloop
 endfacet
 facet normal  0.000000e+00  0.000000e+00 -1.000000e+00
   outer loop
     vertex  1.889586e+00  2.130698e-01  0.000000e+00
     vertex  1.453338e+00  4.294285e-01  0.000000e+00
     vertex  1.384296e+00  4.722538e-01  0.000000e+00
   endloop
 endfacet
 facet normal  0.000000e+00  0.000000e+00 -1.000000e+00
   outer loop
     vertex  1.889586e+00  2.130698e-01  0.000000e+00
     vertex  1.523515e+00  3.884885e-01  0.000000e+00
     vertex  1.453338e+00  4.294285e-01  0.000000e+00
   endloop
 endfacet
 facet normal  0.000000e+00  0.000000e+00 -1.000000e+00
   outer loop
     vertex  1.889586e+00  2.130698e-01  0.000000e+00
     vertex  1.594775e+00  3.494639e-01  0.000000e+00
     vertex  1.523515e+00  3.884885e-01  0.000000e+00
   endloop
 endfacet
 facet normal  0.000000e+00  0.000000e+00 -1.000000e+00
   outer loop
     vertex  1.889586e+00  2.130698e-01  0.000000e+00
     vertex  1.667065e+00  3.123832e-01  0.000000e+00
     vertex  1.594775e+00  3.494639e-01  0.000000e+00
   endloop
 endfacet
 facet normal  0.000000e+00  0.000000e+00 -1.000000e+00
   outer loop
     vertex  1.889586e+00  2.130698e-01  0.000000e+00
     vertex  1.814524e+00  2.441612e-01  0.000000e+00
     vertex  1.667065e+00  3.123832e-01  0.000000e+00
   endloop
 endfacet
 facet normal  0.000000e+00  0.000000e+00 -1.000000e+00
   outer loop
     vertex  1.840225e-01  1.965461e+00  0.000000e+00
     vertex  2.441612e-01  1.814524e+00  0.000000e+00
     vertex  2.130698e-01  1.889586e+00  0.000000e+00
   endloop
 endfacet
 facet normal  0.000000e+00  0.000000e+00 -1.000000e+00
   outer loop
     vertex  1.570405e-01  2.042095e+00  0.000000e+00
     vertex  2.441612e-01  1.814524e+00  0.000000e+00
     vertex  1.840225e-01  1.965461e+00  0.000000e+00
   endloop
 endfacet
 facet normal  0.000000e+00  0.000000e+00 -1.000000e+00
   outer loop
     vertex  8.867656e-02  2.275986e+00  0.000000e+00
     vertex  9.369016e-01  8.220135e-01  0.000000e+00
     vertex  8.220135e-01  9.369016e-01  0.000000e+00
   endloop
 endfacet
 facet normal  0.000000e+00  0.000000e+00 -1.000000e+00
   outer loop
     vertex  8.867656e-02  2.275986e+00  0.000000e+00
     vertex  1.321436e-01  2.119432e+00  0.000000e+00
     vertex  1.093500e-01  2.197415e+00  0.000000e+00
   endloop
 endfacet
 facet normal  0.000000e+00  0.000000e+00 -1.000000e+00
   outer loop
     vertex  8.867656e-02  2.275986e+00  0.000000e+00
     vertex  1.570405e-01  2.042095e+00  0.000000e+00
     vertex  1.321436e-01  2.119432e+00  0.000000e+00
   endloop
 endfacet
 facet normal  0.000000e+00  0.000000e+00 -1.000000e+00
   outer loop
     vertex  8.867656e-02  2.275986e+00  0.000000e+00
     vertex  2.772737e-01  1.740333e+00  0.000000e+00
     vertex  2.441612e-01  1.814524e+00  0.000000e+00
   endloop
 endfacet
 facet normal  0.000000e+00  0.000000e+00 -1.000000e+00
   outer loop
     vertex  8.867656e-02  2.275986e+00  0.000000e+00
     vertex  3.123832e-01  1.667065e+00  0.000000e+00
     vertex  2.772737e-01  1.740333e+00  0.000000e+00
   endloop
 endfacet
 facet normal  0.000000e+00  0.000000e+00 -1.000000e+00
   outer loop
     vertex  8.867656e-02  2.275986e+00  0.000000e+00
     vertex  8.220135e-01  9.369016e-01  0.000000e+00
     vertex  5.634334e-01  1.249816e+00  0.000000e+00
   endloop
 endfacet
 facet normal  0.000000e+00  0.000000e+00 -1.000000e+00
   outer loop
     vertex  8.867656e-02  2.275986e+00  0.000000e+00
     vertex  4.722538e-01  1.384296e+00  0.000000e+00
     vertex  4.294285e-01  1.453338e+00  0.000000e+00
   endloop
 endfacet
 facet normal  0.000000e+00  0.000000e+00 -1.000000e+00
   outer loop
     vertex  8.867656e-02  2.275986e+00  0.000000e+00
     vertex  2.441612e-01  1.814524e+00  0.000000e+00
     vertex  1.570405e-01  2.042095e+00  0.000000e+00
   endloop
 endfacet
 facet normal  0.000000e+00  0.000000e+00 -1.000000e+00
   outer loop
     vertex  8.867656e-02  2.275986e+00  0.000000e+00
     vertex  5.634334e-01  1.249816e+00  0.000000e+00
     vertex  4.722538e-01  1.384296e+00  0.000000e+00
   endloop
 endfacet
 facet normal  0.000000e+00  0.000000e+00 -1.000000e+00
   outer loop
     vertex  8.867656e-02  2.275986e+00  0.000000e+00
     vertex  4.294285e-01  1.453338e+00  0.000000e+00
     vertex  3.123832e-01  1.667065e+00  0.000000e+00
   endloop
 endfacet
 facet normal  0.000000e+00  0.000000e+00 -1.000000e+00
   outer loop
     vertex  2.275986e+00  8.867656e-02  0.000000e+00
     vertex  2.197415e+00  1.093500e-01  0.000000e+00
     vertex  2.119432e+00  1.321436e-01  0.000000e+00
   endloop
 endfacet
 facet normal  0.000000e+00  0.000000e+00 -1.000000e+00
   outer loop
     vertex  5.374895e-02  2.434664e+00  0.000000e+00
     vertex  8.867656e-02  2.275986e+00  0.000000e+00
     vertex  7.013833e-02  2.355089e+00  0.000000e+00
   endloop
 endfacet
 facet normal  0.000000e+00  0.000000e+00 -1.000000e+00
   outer loop
     vertex  3.952043e-02  2.514654e+00  0.000000e+00
     vertex  1.184477e+00  6.117208e-01  0.000000e+00
     vertex  9.369016e-01  8.220135e-01  0.000000e+00
   endloop
 endfacet
 facet normal  0.000000e+00  0.000000e+00 -1.000000e+00
   outer loop
     vertex  3.952043e-02  2.514654e+00  0.000000e+00
     vertex  1.384296e+00  4.722538e-01  0.000000e+00
     vertex  1.184477e+00  6.117208e-01  0.000000e+00
   endloop
 endfacet
 facet normal  0.000000e+00  0.000000e+00 -1.000000e+00
   outer loop
     vertex  3.952043e-02  2.514654e+00  0.000000e+00
     vertex  9.369016e-01  8.220135e-01  0.000000e+00
     vertex  8.867656e-02  2.275986e+00  0.000000e+00
   endloop
 endfacet
 facet normal  0.000000e+00  0.000000e+00 -1.000000e+00
   outer loop
     vertex  3.952043e-02  2.514654e+00  0.000000e+00
     vertex  8.867656e-02  2.275986e+00  0.000000e+00
     vertex  5.374895e-02  2.434664e+00  0.000000e+00
   endloop
 endfacet
 facet normal  0.000000e+00  0.000000e+00 -1.000000e+00
   outer loop
     vertex  2.514654e+00  3.952043e-02  0.000000e+00
     vertex  2.434664e+00  5.374895e-02  0.000000e+00
     vertex  2.355089e+00  7.013833e-02  0.000000e+00
   endloop
 endfacet
 facet normal  0.000000e+00  0.000000e+00 -1.000000e+00
   outer loop
     vertex  2.595000e+00  2.746321e-02  0.000000e+00
     vertex  2.355089e+00  7.013833e-02  0.000000e+00
     vertex  2.275986e+00  8.867656e-02  0.000000e+00
   endloop
 endfacet
 facet normal  0.000000e+00  0.000000e+00 -1.000000e+00
   outer loop
     vertex  2.595000e+00  2.746321e-02  0.000000e+00
     vertex  2.514654e+00  3.952043e-02  0.000000e+00
     vertex  2.355089e+00  7.013833e-02  0.000000e+00
   endloop
 endfacet
 facet normal  0.000000e+00  0.000000e+00 -1.000000e+00
   outer loop
     vertex  9.896431e-03  2.756524e+00  0.000000e+00
     vertex  2.746321e-02  2.595000e+00  0.000000e+00
     vertex  1.758613e-02  2.675643e+00  0.000000e+00
   endloop
 endfacet
 facet normal  0.000000e+00  0.000000e+00 -1.000000e+00
   outer loop
     vertex  2.918762e+00  1.100141e-03  0.000000e+00
     vertex  2.837583e+00  4.399758e-03  0.000000e+00
     vertex  2.756524e+00  9.896431e-03  0.000000e+00
   endloop
 endfacet
 facet normal  0.000000e+00  0.000000e+00 -1.000000e+00
   outer loop
     vertex  3.000000e+00 -4.440892e-16  0.000000e+00
     vertex  2.595000e+00  2.746321e-02  0.000000e+00
     vertex  2.275986e+00  8.867656e-02  0.000000e+00
   endloop
 endfacet
 facet normal  0.000000e+00  0.000000e+00 -1.000000e+00
   outer loop
     vertex  3.000000e+00 -4.440892e-16  0.000000e+00
     vertex  2.918762e+00  1.100141e-03  0.000000e+00
     vertex  2.756524e+00  9.896431e-03  0.000000e+00
   endloop
 endfacet
 facet normal  0.000000e+00  0.000000e+00 -1.000000e+00
   outer loop
     vertex  3.000000e+00 -4.440892e-16  0.000000e+00
     vertex  1.965461e+00  1.840225e-01  0.000000e+00
     vertex  1.889586e+00  2.130698e-01  0.000000e+00
   endloop
 endfacet
 facet normal  0.000000e+00  0.000000e+00 -1.000000e+00
   outer loop
     vertex  3.000000e+00 -4.440892e-16  0.000000e+00
     vertex  2.042095e+00  1.570405e-01  0.000000e+00
     vertex  1.965461e+00  1.840225e-01  0.000000e+00
   endloop
 endfacet
 facet normal  0.000000e+00  0.000000e+00 -1.000000e+00
   outer loop
     vertex  3.000000e+00 -4.440892e-16  0.000000e+00
     vertex  2.119432e+00  1.321436e-01  0.000000e+00
     vertex  2.042095e+00  1.570405e-01  0.000000e+00
   endloop
 endfacet
 facet normal  0.000000e+00  0.000000e+00 -1.000000e+00
   outer loop
     vertex  3.000000e+00 -4.440892e-16  0.000000e+00
     vertex  2.675643e+00  1.758613e-02  0.000000e+00
     vertex  2.595000e+00  2.746321e-02  0.000000e+00
   endloop
 endfacet
 facet normal  0.000000e+00  0.000000e+00 -1.000000e+00
   outer loop
     vertex  3.000000e+00 -4.440892e-16  0.000000e+00
     vertex  2.756524e+00  9.896431e-03  0.000000e+00
     vertex  2.675643e+00  1.758613e-02  0.000000e+00
   endloop
 endfacet
 facet normal  0.000000e+00  0.000000e+00 -1.000000e+00
   outer loop
     vertex  3.000000e+00 -4.440892e-16  0.000000e+00
     vertex  1.889586e+00  2.130698e-01  0.000000e+00
     vertex  1.384296e+00  4.722538e-01  0.000000e+00
   endloop
 endfacet
 facet normal  0.000000e+00  0.000000e+00 -1.000000e+00
   outer loop
     vertex  3.000000e+00 -4.440892e-16  0.000000e+00
     vertex  2.275986e+00  8.867656e-02  0.000000e+00
     vertex  2.119432e+00  1.321436e-01  0.000000e+00
   endloop
 endfacet
 facet normal  0.000000e+00  0.000000e+00 -1.000000e+00
   outer loop
     vertex -4.440892e-16  3.000000e+00  0.000000e+00
     vertex  4.399758e-03  2.837583e+00  0.000000e+00
     vertex  1.100141e-03  2.918762e+00  0.000000e+00
   endloop
 endfacet
 facet normal  0.000000e+00  0.000000e+00 -1.000000e+00
   outer loop
     vertex -4.440892e-16  3.000000e+00  0.000000e+00
     vertex  9.896431e-03  2.756524e+00  0.000000e+00
     vertex  4.399758e-03  2.837583e+00  0.000000e+00
   endloop
 endfacet
 facet normal  0.000000e+00  0.000000e+00 -1.000000e+00
   outer loop
     vertex -4.440892e-16  3.000000e+00  0.000000e+00
     vertex  2.746321e-02  2.595000e+00  0.000000e+00
     vertex  9.896431e-03  2.756524e+00  0.000000e+00
   endloop
 endfacet
 facet normal  0.000000e+00  0.000000e+00 -1.000000e+00
   outer loop
     vertex -4.440892e-16  3.000000e+00  0.000000e+00
     vertex  3.952043e-02  2.514654e+00  0.000000e+00
     vertex  2.746321e-02  2.595000e+00  0.000000e+00
   endloop
 endfacet
 facet normal  0.000000e+00  0.000000e+00 -1.000000e+00
   outer loop
     vertex -4.440892e-16  3.000000e+00  0.000000e+00
     vertex  3.000000e+00 -4.440892e-16  0.000000e+00
     vertex  1.384296e+00  4.722538e-01  0.000000e+00
   endloop
 endfacet
 facet normal  0.000000e+00  0.000000e+00 -1.000000e+00
   outer loop
     vertex -4.440892e-16  3.000000e+00  0.000000e+00
     vertex  1.384296e+00  4.722538e-01  0.000000e+00
     vertex  3.952043e-02  2.514654e+00  0.000000e+00
   endloop
 endfacet
 facet normal -0.000000e+00  0.000000e+00 -1.000000e+00
   outer loop
     vertex  9.156150e+00  1.013700e+01  0.000000e+00
     vertex -4.440892e-16  3.000000e+00  0.000000e+00
     vertex  9.146447e+00  1.014645e+01  0.000000e+00
   endloop
 endfacet
 facet normal  0.000000e+00 -0.000000e+00 -1.000000e+00
   outer loop
     vertex  9.137002e+00  1.015615e+01  0.000000e+00
     vertex  9.146447e+00  1.014645e+01  0.000000e+00
     vertex -4.440892e-16  3.000000e+00  0.000000e+00
   endloop
 endfacet
 facet normal  0.000000e+00 -0.000000e+00 -1.000000e+00
   outer loop
     vertex  9.127824e+00  1.016611e+01  0.000000e+00
     vertex  9.137002e+00  1.015615e+01  0.000000e+00
     vertex -4.440892e-16  3.000000e+00  0.000000e+00
   endloop
 endfacet
 facet normal -0.000000e+00  0.000000e+00 -1.000000e+00
   outer loop
     vertex  9.166106e+00  1.012782e+01  0.000000e+00
     vertex -4.440892e-16  3.000000e+00  0.000000e+00
     vertex  9.156150e+00  1.013700e+01  0.000000e+00
   endloop
 endfacet
 facet normal -0.000000e+00  0.000000e+00 -1.000000e+00
   outer loop
     vertex  9.176307e+00  1.011892e+01  0.000000e+00
     vertex -4.440892e-16  3.000000e+00  0.000000e+00
     vertex  9.166106e+00  1.012782e+01  0.000000e+00
   endloop
 endfacet
 facet normal  0.000000e+00 -0.000000e+00 -1.000000e+00
   outer loop
     vertex  9.118919e+00  1.017631e+01  0.000000e+00
     vertex  9.127824e+00  1.016611e+01  0.000000e+00
     vertex -4.440892e-16  3.000000e+00  0.000000e+00
   endloop
 endfacet
 facet normal  0.000000e+00  0.000000e+00 -1.000000e+00
   outer loop
     vertex  9.186745e+00  1.011029e+01  0.000000e+00
     vertex  3.000000e+00 -4.440892e-16  0.000000e+00
     vertex -4.440892e-16  3.000000e+00  0.000000e+00
   endloop
 endfacet
 facet normal -0.000000e+00  0.000000e+00 -1.000000e+00
   outer loop
     vertex  9.186745e+00  1.011029e+01  0.000000e+00
     vertex -4.440892e-16  3.000000e+00  0.000000e+00
     vertex  9.176307e+00  1.011892e+01  0.000000e+00
   endloop
 endfacet
 facet normal  0.000000e+00 -0.000000e+00 -1.000000e+00
   outer loop
     vertex  9.110293e+00  1.018675e+01  0.000000e+00
     vertex  9.118919e+00  1.017631e+01  0.000000e+00
     vertex -4.440892e-16  3.000000e+00  0.000000e+00
   endloop
 endfacet
 facet normal -0.000000e+00  0.000000e+00 -1.000000e+00
   outer loop
     vertex  9.197413e+00  1.010195e+01  0.000000e+00
     vertex  3.000000e+00 -4.440892e-16  0.000000e+00
     vertex  9.186745e+00  1.011029e+01  0.000000e+00
   endloop
 endfacet
 facet normal  0.000000e+00 -0.000000e+00 -1.000000e+00
   outer loop
     vertex  9.101953e+00  1.019741e+01  0.000000e+00
     vertex  9.110293e+00  1.018675e+01  0.000000e+00
     vertex -4.440892e-16  3.000000e+00  0.000000e+00
   endloop
 endfacet
 facet normal -0.000000e+00  0.000000e+00 -1.000000e+00
   outer loop
     vertex  9.208303e+00  1.009391e+01  0.000000e+00
     vertex  3.000000e+00 -4.440892e-16  0.000000e+00
     vertex  9.197413e+00  1.010195e+01  0.000000e+00
   endloop
 endfacet
 facet normal  0.000000e+00 -0.000000e+00 -1.000000e+00
   outer loop
     vertex  9.093906e+00  1.020830e+01  0.000000e+00
     vertex  9.101953e+00  1.019741e+01  0.000000e+00
     vertex -4.440892e-16  3.000000e+00  0.000000e+00
   endloop
 endfacet
 facet normal  0.000000e+00 -0.000000e+00 -1.000000e+00
   outer loop
     vertex  9.086156e+00  1.021941e+01  0.000000e+00
     vertex  9.093906e+00  1.020830e+01  0.000000e+00
     vertex -4.440892e-16  3.000000e+00  0.000000e+00
   endloop
 endfacet
 facet normal -0.000000e+00  0.000000e+00 -1.000000e+00
   outer loop
     vertex  9.219406e+00  1.008616e+01  0.000000e+00
     vertex  3.000000e+00 -4.440892e-16  0.000000e+00
     vertex  9.208303e+00  1.009391e+01  0.000000e+00
   endloop
 endfacet
 facet normal  0.000000e+00 -0.000000e+00 -1.000000e+00
   outer loop
     vertex  9.078709e+00  1.023072e+01  0.000000e+00
     vertex  9.086156e+00  1.021941e+01  0.000000e+00
     vertex -4.440892e-16  3.000000e+00  0.000000e+00
   endloop
 endfacet
 facet normal -0.000000e+00  0.000000e+00 -1.000000e+00
   outer loop
     vertex  9.230716e+00  1.007871e+01  0.000000e+00
     vertex  3.000000e+00 -4.440892e-16  0.000000e+00
     vertex  9.219406e+00  1.008616e+01  0.000000e+00
   endloop
 endfacet
 facet normal  0.000000e+00 -0.000000e+00 -1.000000e+00
   outer loop
     vertex  9.071571e+00  1.024222e+01  0.000000e+00
     vertex  9.078709e+00  1.023072e+01  0.000000e+00
     vertex -4.440892e-16  3.000000e+00  0.000000e+00
   endloop
 endfacet
 facet normal -0.000000e+00  0.000000e+00 -1.000000e+00
   outer loop
     vertex  9.242223e+00  1.007157e+01  0.000000e+00
     vertex  3.000000e+00 -4.440892e-16  0.000000e+00
     vertex  9.230716e+00  1.007871e+01  0.000000e+00
   endloop
 endfacet
 facet normal  0.000000e+00 -0.000000e+00 -1.000000e+00
   outer loop
     vertex  9.064748e+00  1.025392e+01  0.000000e+00
     vertex  9.071571e+00  1.024222e+01  0.000000e+00
     vertex -4.440892e-16  3.000000e+00  0.000000e+00
   endloop
 endfacet
 facet normal -0.000000e+00  0.000000e+00 -1.000000e+00
   outer loop
     vertex  9.253919e+00  1.006475e+01  0.000000e+00
     vertex  3.000000e+00 -4.440892e-16  0.000000e+00
     vertex  9.242223e+00  1.007157e+01  0.000000e+00
   endloop
 endfacet
 facet normal -0.000000e+00  0.000000e+00 -1.000000e+00
   outer loop
     vertex  9.265796e+00  1.005824e+01  0.000000e+00
     vertex  3.000000e+00 -4.440892e-16  0.000000e+00
     vertex  9.253919e+00  1.006475e+01  0.000000e+00
   endloop
 endfacet
 facet normal  0.000000e+00 -0.000000e+00 -1.000000e+00
   outer loop
     vertex  9.058244e+00  1.026580e+01  0.000000e+00
     vertex  9.064748e+00  1.025392e+01  0.000000e+00
     vertex -4.440892e-16  3.000000e+00  0.000000e+00
   endloop
 endfacet
 facet normal  0.000000e+00 -0.000000e+00 -1.000000e+00
   outer loop
     vertex  9.052064e+00  1.027784e+01  0.000000e+00
     vertex  9.058244e+00  1.026580e+01  0.000000e+00
     vertex -4.440892e-16  3.000000e+00  0.000000e+00
   endloop
 endfacet
 facet normal -0.000000e+00  0.000000e+00 -1.000000e+00
   outer loop
     vertex  9.277844e+00  1.005206e+01  0.000000e+00
     vertex  3.000000e+00 -4.440892e-16  0.000000e+00
     vertex  9.265796e+00  1.005824e+01  0.000000e+00
   endloop
 endfacet
 facet normal -0.000000e+00  0.000000e+00 -1.000000e+00
   outer loop
     vertex  9.290055e+00  1.004621e+01  0.000000e+00
     vertex  3.000000e+00 -4.440892e-16  0.000000e+00
     vertex  9.277844e+00  1.005206e+01  0.000000e+00
   endloop
 endfacet
 facet normal  0.000000e+00 -0.000000e+00 -1.000000e+00
   outer loop
     vertex  9.046212e+00  1.029006e+01  0.000000e+00
     vertex  9.052064e+00  1.027784e+01  0.000000e+00
     vertex -4.440892e-16  3.000000e+00  0.000000e+00
   endloop
 endfacet
 facet normal -0.000000e+00  0.000000e+00 -1.000000e+00
   outer loop
     vertex  9.302421e+00  1.004069e+01  0.000000e+00
     vertex  3.000000e+00 -4.440892e-16  0.000000e+00
     vertex  9.290055e+00  1.004621e+01  0.000000e+00
   endloop
 endfacet
 facet normal  0.000000e+00 -0.000000e+00 -1.000000e+00
   outer loop
     vertex  9.040694e+00  1.030242e+01  0.000000e+00
     vertex  9.046212e+00  1.029006e+01  0.000000e+00
     vertex -4.440892e-16  3.000000e+00  0.000000e+00
   endloop
 endfacet
 facet normal  0.000000e+00 -0.000000e+00 -1.000000e+00
   outer loop
     vertex  9.035512e+00  1.031493e+01  0.000000e+00
     vertex  9.040694e+00  1.030242e+01  0.000000e+00
     vertex -4.440892e-16  3.000000e+00  0.000000e+00
   endloop
 endfacet
 facet normal -0.000000e+00  0.000000e+00 -1.000000e+00
   outer loop
     vertex  9.314931e+00  1.003551e+01  0.000000e+00
     vertex  3.000000e+00 -4.440892e-16  0.000000e+00
     vertex  9.302421e+00  1.004069e+01  0.000000e+00
   endloop
 endfacet
 facet normal -0.000000e+00  0.000000e+00 -1.000000e+00
   outer loop
     vertex  9.327577e+00  1.003067e+01  0.000000e+00
     vertex  3.000000e+00 -4.440892e-16  0.000000e+00
     vertex  9.314931e+00  1.003551e+01  0.000000e+00
   endloop
 endfacet
 facet normal  0.000000e+00 -0.000000e+00 -1.000000e+00
   outer loop
     vertex  9.030670e+00  1.032758e+01  0.000000e+00
     vertex  9.035512e+00  1.031493e+01  0.000000e+00
     vertex -4.440892e-16  3.000000e+00  0.000000e+00
   endloop
 endfacet
 facet normal -0.000000e+00  0.000000e+00 -1.000000e+00
   outer loop
     vertex  9.340349e+00  1.002617e+01  0.000000e+00
     vertex  3.000000e+00 -4.440892e-16  0.000000e+00
     vertex  9.327577e+00  1.003067e+01  0.000000e+00
   endloop
 endfacet
 facet normal  0.000000e+00 -0.000000e+00 -1.000000e+00
   outer loop
     vertex  9.026173e+00  1.034035e+01  0.000000e+00
     vertex  9.030670e+00  1.032758e+01  0.000000e+00
     vertex -4.440892e-16  3.000000e+00  0.000000e+00
   endloop
 endfacet
 facet normal -0.000000e+00  0.000000e+00 -1.000000e+00
   outer loop
     vertex  9.353239e+00  1.002202e+01  0.000000e+00
     vertex  3.000000e+00 -4.440892e-16  0.000000e+00
     vertex  9.340349e+00  1.002617e+01  0.000000e+00
   endloop
 endfacet
 facet normal  0.000000e+00 -0.000000e+00 -1.000000e+00
   outer loop
     vertex  9.022024e+00  1.035324e+01  0.000000e+00
     vertex  9.026173e+00  1.034035e+01  0.000000e+00
     vertex -4.440892e-16  3.000000e+00  0.000000e+00
   endloop
 endfacet
 facet normal -0.000000e+00  0.000000e+00 -1.000000e+00
   outer loop
     vertex  9.366236e+00  1.001823e+01  0.000000e+00
     vertex  3.000000e+00 -4.440892e-16  0.000000e+00
     vertex  9.353239e+00  1.002202e+01  0.000000e+00
   endloop
 endfacet
 facet normal  0.000000e+00 -0.000000e+00 -1.000000e+00
   outer loop
     vertex  9.018225e+00  1.036624e+01  0.000000e+00
     vertex  9.022024e+00  1.035324e+01  0.000000e+00
     vertex -4.440892e-16  3.000000e+00  0.000000e+00
   endloop
 endfacet
 facet normal -0.000000e+00  0.000000e+00 -1.000000e+00
   outer loop
     vertex  9.379331e+00  1.001478e+01  0.000000e+00
     vertex  3.000000e+00 -4.440892e-16  0.000000e+00
     vertex  9.366236e+00  1.001823e+01  0.000000e+00
   endloop
 endfacet
 facet normal  0.000000e+00 -0.000000e+00 -1.000000e+00
   outer loop
     vertex  9.014779e+00  1.037933e+01  0.000000e+00
     vertex  9.018225e+00  1.036624e+01  0.000000e+00
     vertex -4.440892e-16  3.000000e+00  0.000000e+00
   endloop
 endfacet
 facet normal  0.000000e+00 -0.000000e+00 -1.000000e+00
   outer loop
     vertex  9.011690e+00  1.039251e+01  0.000000e+00
     vertex  9.014779e+00  1.037933e+01  0.000000e+00
     vertex -4.440892e-16  3.000000e+00  0.000000e+00
   endloop
 endfacet
 facet normal -0.000000e+00  0.000000e+00 -1.000000e+00
   outer loop
     vertex  9.392515e+00  1.001169e+01  0.000000e+00
     vertex  3.000000e+00 -4.440892e-16  0.000000e+00
     vertex  9.379331e+00  1.001478e+01  0.000000e+00
   endloop
 endfacet
 facet normal -0.000000e+00  0.000000e+00 -1.000000e+00
   outer loop
     vertex  9.405777e+00  1.000896e+01  0.000000e+00
     vertex  3.000000e+00 -4.440892e-16  0.000000e+00
     vertex  9.392515e+00  1.001169e+01  0.000000e+00
   endloop
 endfacet
 facet normal  0.000000e+00 -0.000000e+00 -1.000000e+00
   outer loop
     vertex  9.008958e+00  1.040578e+01  0.000000e+00
     vertex  9.011690e+00  1.039251e+01  0.000000e+00
     vertex -4.440892e-16  3.000000e+00  0.000000e+00
   endloop
 endfacet
 facet normal  0.000000e+00 -0.000000e+00 -1.000000e+00
   outer loop
     vertex  9.006587e+00  1.041911e+01  0.000000e+00
     vertex  9.008958e+00  1.040578e+01  0.000000e+00
     vertex -4.440892e-16  3.000000e+00  0.000000e+00
   endloop
 endfacet
 facet normal -0.000000e+00  0.000000e+00 -1.000000e+00
   outer loop
     vertex  9.419109e+00  1.000659e+01  0.000000e+00
     vertex  3.000000e+00 -4.440892e-16  0.000000e+00
     vertex  9.405777e+00  1.000896e+01  0.000000e+00
   endloop
 endfacet
 facet normal  0.000000e+00 -0.000000e+00 -1.000000e+00
   outer loop
     vertex  9.004577e+00  1.043250e+01  0.000000e+00
     vertex  9.006587e+00  1.041911e+01  0.000000e+00
     vertex -4.440892e-16  3.000000e+00  0.000000e+00
   endloop
 endfacet
 facet normal -0.000000e+00  0.000000e+00 -1.000000e+00
   outer loop
     vertex  9.432500e+00  1.000458e+01  0.000000e+00
     vertex  3.000000e+00 -4.440892e-16  0.000000e+00
     vertex  9.419109e+00  1.000659e+01  0.000000e+00
   endloop
 endfacet
 facet normal -0.000000e+00  0.000000e+00 -1.000000e+00
   outer loop
     vertex  9.445940e+00  1.000293e+01  0.000000e+00
     vertex  3.000000e+00 -4.440892e-16  0.000000e+00
     vertex  9.432500e+00  1.000458e+01  0.000000e+00
   endloop
 endfacet
 facet normal  0.000000e+00 -0.000000e+00 -1.000000e+00
   outer loop
     vertex  9.002931e+00  1.044594e+01  0.000000e+00
     vertex  9.004577e+00  1.043250e+01  0.000000e+00
     vertex -4.440892e-16  3.000000e+00  0.000000e+00
   endloop
 endfacet
 facet normal -0.000000e+00  0.000000e+00 -1.000000e+00
   outer loop
     vertex  9.459421e+00  1.000165e+01  0.000000e+00
     vertex  3.000000e+00 -4.440892e-16  0.000000e+00
     vertex  9.445940e+00  1.000293e+01  0.000000e+00
   endloop
 endfacet
 facet normal  0.000000e+00 -0.000000e+00 -1.000000e+00
   outer loop
     vertex  9.001649e+00  1.045942e+01  0.000000e+00
     vertex  9.002931e+00  1.044594e+01  0.000000e+00
     vertex -4.440892e-16  3.000000e+00  0.000000e+00
   endloop
 endfacet
 facet normal -0.000000e+00  0.000000e+00 -1.000000e+00
   outer loop
     vertex  9.472931e+00  1.000073e+01  0.000000e+00
     vertex  3.000000e+00 -4.440892e-16  0.000000e+00
     vertex  9.459421e+00  1.000165e+01  0.000000e+00
   endloop
 endfacet
 facet normal  0.000000e+00 -0.000000e+00 -1.000000e+00
   outer loop
     vertex  9.000733e+00  1.047293e+01  0.000000e+00
     vertex  9.001649e+00  1.045942e+01  0.000000e+00
     vertex -4.440892e-16  3.000000e+00  0.000000e+00
   endloop
 endfacet
 facet normal -0.000000e+00  0.000000e+00 -1.000000e+00
   outer loop
     vertex  9.486460e+00  1.000018e+01  0.000000e+00
     vertex  3.000000e+00 -4.440892e-16  0.000000e+00
     vertex  9.472931e+00  1.000073e+01  0.000000e+00
   endloop
 endfacet
 facet normal  0.000000e+00 -0.000000e+00 -1.000000e+00
   outer loop
     vertex  9.000183e+00  1.048646e+01  0.000000e+00
     vertex  9.000733e+00  1.047293e+01  0.000000e+00
     vertex -4.440892e-16  3.000000e+00  0.000000e+00
   endloop
 endfacet
 facet normal -0.000000e+00  0.000000e+00 -1.000000e+00
   outer loop
     vertex  9.500000e+00  1.000000e+01  0.000000e+00
     vertex  3.000000e+00 -4.440892e-16  0.000000e+00
     vertex  9.486460e+00  1.000018e+01  0.000000e+00
   endloop
 endfacet
 facet normal  0.000000e+00 -0.000000e+00 -1.000000e+00
   outer loop
     vertex  9.000000e+00  1.050000e+01  0.000000e+00
     vertex  9.000183e+00  1.048646e+01  0.000000e+00
     vertex -4.440892e-16  3.000000e+00  0.000000e+00
   endloop
 endfacet
 facet normal -0.000000e+00  0.000000e+00 -1.000000e+00
   outer loop
     vertex  2.090000e+01  1.000000e+01  0.000000e+00
     vertex  3.000000e+00 -4.440892e-16  0.000000e+00
     vertex  9.500000e+00  1.000000e+01  0.000000e+00
   endloop
 endfacet
 facet normal  0.000000e+00 -0.000000e+00 -1.000000e+00
   outer loop
     vertex  9.000000e+00  2.190000e+01  0.000000e+00
     vertex  9.000000e+00  1.050000e+01  0.000000e+00
     vertex -4.440892e-16  3.000000e+00  0.000000e+00
   endloop
 endfacet
 facet normal  0.000000e+00  0.000000e+00 -1.000000e+00
   outer loop
     vertex  2.091354e+01  1.000018e+01  0.000000e+00
     vertex  3.000000e+00 -4.440892e-16  0.000000e+00
     vertex  2.090000e+01  1.000000e+01  0.000000e+00
   endloop
 endfacet
 facet normal  0.000000e+00  0.000000e+00 -1.000000e+00
   outer loop
     vertex  2.092707e+01  1.000073e+01  0.000000e+00
     vertex  3.000000e+00 -4.440892e-16  0.000000e+00
     vertex  2.091354e+01  1.000018e+01  0.000000e+00
   endloop
 endfacet
 facet normal  0.000000e+00  0.000000e+00 -1.000000e+00
   outer loop
     vertex  2.094058e+01  1.000165e+01  0.000000e+00
     vertex  3.000000e+00 -4.440892e-16  0.000000e+00
     vertex  2.092707e+01  1.000073e+01  0.000000e+00
   endloop
 endfacet
 facet normal  0.000000e+00  0.000000e+00 -1.000000e+00
   outer loop
     vertex -4.440892e-16  3.100000e+01  0.000000e+00
     vertex  9.000000e+00  2.190000e+01  0.000000e+00
     vertex -4.440892e-16  3.000000e+00  0.000000e+00
   endloop
 endfacet
 facet normal  0.000000e+00  0.000000e+00 -1.000000e+00
   outer loop
     vertex -4.440892e-16  3.100000e+01  0.000000e+00
     vertex  9.006587e+00  2.198089e+01  0.000000e+00
     vertex  9.004577e+00  2.196750e+01  0.000000e+00
   endloop
 endfacet
 facet normal  0.000000e+00  0.000000e+00 -1.000000e+00
   outer loop
     vertex -4.440892e-16  3.100000e+01  0.000000e+00
     vertex  9.004577e+00  2.196750e+01  0.000000e+00
     vertex  9.002931e+00  2.195406e+01  0.000000e+00
   endloop
 endfacet
 facet normal  0.000000e+00  0.000000e+00 -1.000000e+00
   outer loop
     vertex -4.440892e-16  3.100000e+01  0.000000e+00
     vertex  9.002931e+00  2.195406e+01  0.000000e+00
     vertex  9.001649e+00  2.194058e+01  0.000000e+00
   endloop
 endfacet
 facet normal  0.000000e+00  0.000000e+00 -1.000000e+00
   outer loop
     vertex -4.440892e-16  3.100000e+01  0.000000e+00
     vertex  9.001649e+00  2.194058e+01  0.000000e+00
     vertex  9.000733e+00  2.192707e+01  0.000000e+00
   endloop
 endfacet
 facet normal  0.000000e+00  0.000000e+00 -1.000000e+00
   outer loop
     vertex -4.440892e-16  3.100000e+01  0.000000e+00
     vertex  9.000733e+00  2.192707e+01  0.000000e+00
     vertex  9.000183e+00  2.191354e+01  0.000000e+00
   endloop
 endfacet
 facet normal  0.000000e+00  0.000000e+00 -1.000000e+00
   outer loop
     vertex -4.440892e-16  3.100000e+01  0.000000e+00
     vertex  9.000183e+00  2.191354e+01  0.000000e+00
     vertex  9.000000e+00  2.190000e+01  0.000000e+00
   endloop
 endfacet
 facet normal -0.000000e+00  0.000000e+00 -1.000000e+00
   outer loop
     vertex  9.008958e+00  2.199422e+01  0.000000e+00
     vertex  9.006587e+00  2.198089e+01  0.000000e+00
     vertex -4.440892e-16  3.100000e+01  0.000000e+00
   endloop
 endfacet
 facet normal -0.000000e+00  0.000000e+00 -1.000000e+00
   outer loop
     vertex  9.011690e+00  2.200749e+01  0.000000e+00
     vertex  9.008958e+00  2.199422e+01  0.000000e+00
     vertex -4.440892e-16  3.100000e+01  0.000000e+00
   endloop
 endfacet
 facet normal -0.000000e+00  0.000000e+00 -1.000000e+00
   outer loop
     vertex  9.014779e+00  2.202067e+01  0.000000e+00
     vertex  9.011690e+00  2.200749e+01  0.000000e+00
     vertex -4.440892e-16  3.100000e+01  0.000000e+00
   endloop
 endfacet
 facet normal -0.000000e+00  0.000000e+00 -1.000000e+00
   outer loop
     vertex  9.018225e+00  2.203376e+01  0.000000e+00
     vertex  9.014779e+00  2.202067e+01  0.000000e+00
     vertex -4.440892e-16  3.100000e+01  0.000000e+00
   endloop
 endfacet
 facet normal -0.000000e+00  0.000000e+00 -1.000000e+00
   outer loop
     vertex  9.022024e+00  2.204676e+01  0.000000e+00
     vertex  9.018225e+00  2.203376e+01  0.000000e+00
     vertex -4.440892e-16  3.100000e+01  0.000000e+00
   endloop
 endfacet
 facet normal -0.000000e+00  0.000000e+00 -1.000000e+00
   outer loop
     vertex  9.026173e+00  2.205965e+01  0.000000e+00
     vertex  9.022024e+00  2.204676e+01  0.000000e+00
     vertex -4.440892e-16  3.100000e+01  0.000000e+00
   endloop
 endfacet
 facet normal -0.000000e+00  0.000000e+00 -1.000000e+00
   outer loop
     vertex  9.030670e+00  2.207242e+01  0.000000e+00
     vertex  9.026173e+00  2.205965e+01  0.000000e+00
     vertex -4.440892e-16  3.100000e+01  0.000000e+00
   endloop
 endfacet
 facet normal -0.000000e+00  0.000000e+00 -1.000000e+00
   outer loop
     vertex  9.035512e+00  2.208507e+01  0.000000e+00
     vertex  9.030670e+00  2.207242e+01  0.000000e+00
     vertex -4.440892e-16  3.100000e+01  0.000000e+00
   endloop
 endfacet
 facet normal -0.000000e+00  0.000000e+00 -1.000000e+00
   outer loop
     vertex  9.040694e+00  2.209758e+01  0.000000e+00
     vertex  9.035512e+00  2.208507e+01  0.000000e+00
     vertex -4.440892e-16  3.100000e+01  0.000000e+00
   endloop
 endfacet
 facet normal -0.000000e+00  0.000000e+00 -1.000000e+00
   outer loop
     vertex  9.046212e+00  2.210994e+01  0.000000e+00
     vertex  9.040694e+00  2.209758e+01  0.000000e+00
     vertex -4.440892e-16  3.100000e+01  0.000000e+00
   endloop
 endfacet
 facet normal  0.000000e+00  0.000000e+00 -1.000000e+00
   outer loop
     vertex  4.399758e-03  3.116242e+01  0.000000e+00
     vertex -4.440892e-16  3.100000e+01  0.000000e+00
     vertex  1.100141e-03  3.108124e+01  0.000000e+00
   endloop
 endfacet
 facet normal -0.000000e+00  0.000000e+00 -1.000000e+00
   outer loop
     vertex  9.052064e+00  2.212216e+01  0.000000e+00
     vertex  9.046212e+00  2.210994e+01  0.000000e+00
     vertex -4.440892e-16  3.100000e+01  0.000000e+00
   endloop
 endfacet
 facet normal -0.000000e+00  0.000000e+00 -1.000000e+00
   outer loop
     vertex  9.058244e+00  2.213420e+01  0.000000e+00
     vertex  9.052064e+00  2.212216e+01  0.000000e+00
     vertex -4.440892e-16  3.100000e+01  0.000000e+00
   endloop
 endfacet
 facet normal -0.000000e+00  0.000000e+00 -1.000000e+00
   outer loop
     vertex  9.064748e+00  2.214608e+01  0.000000e+00
     vertex  9.058244e+00  2.213420e+01  0.000000e+00
     vertex -4.440892e-16  3.100000e+01  0.000000e+00
   endloop
 endfacet
 facet normal -0.000000e+00  0.000000e+00 -1.000000e+00
   outer loop
     vertex  9.071571e+00  2.215778e+01  0.000000e+00
     vertex  9.064748e+00  2.214608e+01  0.000000e+00
     vertex -4.440892e-16  3.100000e+01  0.000000e+00
   endloop
 endfacet
 facet normal -0.000000e+00  0.000000e+00 -1.000000e+00
   outer loop
     vertex  9.078709e+00  2.216928e+01  0.000000e+00
     vertex  9.071571e+00  2.215778e+01  0.000000e+00
     vertex -4.440892e-16  3.100000e+01  0.000000e+00
   endloop
 endfacet
 facet normal -0.000000e+00  0.000000e+00 -1.000000e+00
   outer loop
     vertex  9.086156e+00  2.218059e+01  0.000000e+00
     vertex  9.078709e+00  2.216928e+01  0.000000e+00
     vertex -4.440892e-16  3.100000e+01  0.000000e+00
   endloop
 endfacet
 facet normal -0.000000e+00  0.000000e+00 -1.000000e+00
   outer loop
     vertex  9.093906e+00  2.219170e+01  0.000000e+00
     vertex  9.086156e+00  2.218059e+01  0.000000e+00
     vertex -4.440892e-16  3.100000e+01  0.000000e+00
   endloop
 endfacet
 facet normal -0.000000e+00  0.000000e+00 -1.000000e+00
   outer loop
     vertex  9.101953e+00  2.220259e+01  0.000000e+00
     vertex  9.093906e+00  2.219170e+01  0.000000e+00
     vertex -4.440892e-16  3.100000e+01  0.000000e+00
   endloop
 endfacet
 facet normal -0.000000e+00  0.000000e+00 -1.000000e+00
   outer loop
     vertex  9.110293e+00  2.221325e+01  0.000000e+00
     vertex  9.101953e+00  2.220259e+01  0.000000e+00
     vertex -4.440892e-16  3.100000e+01  0.000000e+00
   endloop
 endfacet
 facet normal -0.000000e+00  0.000000e+00 -1.000000e+00
   outer loop
     vertex  9.118919e+00  2.222369e+01  0.000000e+00
     vertex  9.110293e+00  2.221325e+01  0.000000e+00
     vertex -4.440892e-16  3.100000e+01  0.000000e+00
   endloop
 endfacet
 facet normal -0.000000e+00  0.000000e+00 -1.000000e+00
   outer loop
     vertex  9.127824e+00  2.223389e+01  0.000000e+00
     vertex  9.118919e+00  2.222369e+01  0.000000e+00
     vertex -4.440892e-16  3.100000e+01  0.000000e+00
   endloop
 endfacet
 facet normal -0.000000e+00  0.000000e+00 -1.000000e+00
   outer loop
     vertex  9.137002e+00  2.224385e+01  0.000000e+00
     vertex  9.127824e+00  2.223389e+01  0.000000e+00
     vertex -4.440892e-16  3.100000e+01  0.000000e+00
   endloop
 endfacet
 facet normal -0.000000e+00  0.000000e+00 -1.000000e+00
   outer loop
     vertex  9.146447e+00  2.225355e+01  0.000000e+00
     vertex  9.137002e+00  2.224385e+01  0.000000e+00
     vertex -4.440892e-16  3.100000e+01  0.000000e+00
   endloop
 endfacet
 facet normal -0.000000e+00  0.000000e+00 -1.000000e+00
   outer loop
     vertex  9.156150e+00  2.226300e+01  0.000000e+00
     vertex  9.146447e+00  2.225355e+01  0.000000e+00
     vertex -4.440892e-16  3.100000e+01  0.000000e+00
   endloop
 endfacet
 facet normal  0.000000e+00  0.000000e+00 -1.000000e+00
   outer loop
     vertex  2.746321e-02  3.140500e+01  0.000000e+00
     vertex  4.399758e-03  3.116242e+01  0.000000e+00
     vertex  9.896431e-03  3.124348e+01  0.000000e+00
   endloop
 endfacet
 facet normal  0.000000e+00  0.000000e+00 -1.000000e+00
   outer loop
     vertex  2.746321e-02  3.140500e+01  0.000000e+00
     vertex  9.896431e-03  3.124348e+01  0.000000e+00
     vertex  1.758613e-02  3.132436e+01  0.000000e+00
   endloop
 endfacet
 facet normal -0.000000e+00  0.000000e+00 -1.000000e+00
   outer loop
     vertex  9.166106e+00  2.227218e+01  0.000000e+00
     vertex  9.156150e+00  2.226300e+01  0.000000e+00
     vertex -4.440892e-16  3.100000e+01  0.000000e+00
   endloop
 endfacet
 facet normal -0.000000e+00  0.000000e+00 -1.000000e+00
   outer loop
     vertex  9.176307e+00  2.228108e+01  0.000000e+00
     vertex  9.166106e+00  2.227218e+01  0.000000e+00
     vertex -4.440892e-16  3.100000e+01  0.000000e+00
   endloop
 endfacet
 facet normal -0.000000e+00  0.000000e+00 -1.000000e+00
   outer loop
     vertex  9.186745e+00  2.228971e+01  0.000000e+00
     vertex  9.176307e+00  2.228108e+01  0.000000e+00
     vertex -4.440892e-16  3.100000e+01  0.000000e+00
   endloop
 endfacet
 facet normal -0.000000e+00  0.000000e+00 -1.000000e+00
   outer loop
     vertex  9.197413e+00  2.229805e+01  0.000000e+00
     vertex  9.186745e+00  2.228971e+01  0.000000e+00
     vertex -4.440892e-16  3.100000e+01  0.000000e+00
   endloop
 endfacet
 facet normal -0.000000e+00  0.000000e+00 -1.000000e+00
   outer loop
     vertex  9.208303e+00  2.230609e+01  0.000000e+00
     vertex  9.197413e+00  2.229805e+01  0.000000e+00
     vertex -4.440892e-16  3.100000e+01  0.000000e+00
   endloop
 endfacet
 facet normal -0.000000e+00  0.000000e+00 -1.000000e+00
   outer loop
     vertex  9.219406e+00  2.231384e+01  0.000000e+00
     vertex  9.208303e+00  2.230609e+01  0.000000e+00
     vertex -4.440892e-16  3.100000e+01  0.000000e+00
   endloop
 endfacet
 facet normal -0.000000e+00  0.000000e+00 -1.000000e+00
   outer loop
     vertex  9.230716e+00  2.232129e+01  0.000000e+00
     vertex  9.219406e+00  2.231384e+01  0.000000e+00
     vertex -4.440892e-16  3.100000e+01  0.000000e+00
   endloop
 endfacet
 facet normal -0.000000e+00  0.000000e+00 -1.000000e+00
   outer loop
     vertex  9.242223e+00  2.232843e+01  0.000000e+00
     vertex  9.230716e+00  2.232129e+01  0.000000e+00
     vertex -4.440892e-16  3.100000e+01  0.000000e+00
   endloop
 endfacet
 facet normal -0.000000e+00  0.000000e+00 -1.000000e+00
   outer loop
     vertex  9.253919e+00  2.233525e+01  0.000000e+00
     vertex  9.242223e+00  2.232843e+01  0.000000e+00
     vertex -4.440892e-16  3.100000e+01  0.000000e+00
   endloop
 endfacet
 facet normal  0.000000e+00  0.000000e+00 -1.000000e+00
   outer loop
     vertex  5.374895e-02  3.156534e+01  0.000000e+00
     vertex -4.440892e-16  3.100000e+01  0.000000e+00
     vertex  4.399758e-03  3.116242e+01  0.000000e+00
   endloop
 endfacet
 facet normal  0.000000e+00  0.000000e+00 -1.000000e+00
   outer loop
     vertex  5.374895e-02  3.156534e+01  0.000000e+00
     vertex  4.399758e-03  3.116242e+01  0.000000e+00
     vertex  2.746321e-02  3.140500e+01  0.000000e+00
   endloop
 endfacet
 facet normal  0.000000e+00  0.000000e+00 -1.000000e+00
   outer loop
     vertex  5.374895e-02  3.156534e+01  0.000000e+00
     vertex  2.746321e-02  3.140500e+01  0.000000e+00
     vertex  3.952043e-02  3.148535e+01  0.000000e+00
   endloop
 endfacet
 facet normal  0.000000e+00  0.000000e+00 -1.000000e+00
   outer loop
     vertex  7.013833e-02  3.164491e+01  0.000000e+00
     vertex -4.440892e-16  3.100000e+01  0.000000e+00
     vertex  5.374895e-02  3.156534e+01  0.000000e+00
   endloop
 endfacet
 facet normal  0.000000e+00  0.000000e+00 -1.000000e+00
   outer loop
     vertex  1.321436e-01  3.188057e+01  0.000000e+00
     vertex  8.867656e-02  3.172401e+01  0.000000e+00
     vertex  1.093500e-01  3.180259e+01  0.000000e+00
   endloop
 endfacet
 facet normal  0.000000e+00  0.000000e+00 -1.000000e+00
   outer loop
     vertex  1.570405e-01  3.195790e+01  0.000000e+00
     vertex  8.867656e-02  3.172401e+01  0.000000e+00
     vertex  1.321436e-01  3.188057e+01  0.000000e+00
   endloop
 endfacet
 facet normal  0.000000e+00  0.000000e+00 -1.000000e+00
   outer loop
     vertex  1.840225e-01  3.203454e+01  0.000000e+00
     vertex -4.440892e-16  3.100000e+01  0.000000e+00
     vertex  7.013833e-02  3.164491e+01  0.000000e+00
   endloop
 endfacet
 facet normal  0.000000e+00  0.000000e+00 -1.000000e+00
   outer loop
     vertex  1.840225e-01  3.203454e+01  0.000000e+00
     vertex  8.867656e-02  3.172401e+01  0.000000e+00
     vertex  1.570405e-01  3.195790e+01  0.000000e+00
   endloop
 endfacet
 facet normal  0.000000e+00  0.000000e+00 -1.000000e+00
   outer loop
     vertex  1.840225e-01  3.203454e+01  0.000000e+00
     vertex  7.013833e-02  3.164491e+01  0.000000e+00
     vertex  8.867656e-02  3.172401e+01  0.000000e+00
   endloop
 endfacet
 facet normal  0.000000e+00  0.000000e+00 -1.000000e+00
   outer loop
     vertex  2.130698e-01  3.211041e+01  0.000000e+00
     vertex -4.440892e-16  3.100000e+01  0.000000e+00
     vertex  1.840225e-01  3.203454e+01  0.000000e+00
   endloop
 endfacet
 facet normal  0.000000e+00  0.000000e+00 -1.000000e+00
   outer loop
     vertex  2.441612e-01  3.218548e+01  0.000000e+00
     vertex -4.440892e-16  3.100000e+01  0.000000e+00
     vertex  2.130698e-01  3.211041e+01  0.000000e+00
   endloop
 endfacet
 facet normal  0.000000e+00  0.000000e+00 -1.000000e+00
   outer loop
     vertex  2.772737e-01  3.225967e+01  0.000000e+00
     vertex -4.440892e-16  3.100000e+01  0.000000e+00
     vertex  2.441612e-01  3.218548e+01  0.000000e+00
   endloop
 endfacet
 facet normal  0.000000e+00  0.000000e+00 -1.000000e+00
   outer loop
     vertex  3.123832e-01  3.233294e+01  0.000000e+00
     vertex -4.440892e-16  3.100000e+01  0.000000e+00
     vertex  2.772737e-01  3.225967e+01  0.000000e+00
   endloop
 endfacet
 facet normal  0.000000e+00  0.000000e+00 -1.000000e+00
   outer loop
     vertex  3.494639e-01  3.240523e+01  0.000000e+00
     vertex -4.440892e-16  3.100000e+01  0.000000e+00
     vertex  3.123832e-01  3.233294e+01  0.000000e+00
   endloop
 endfacet
 facet normal  0.000000e+00  0.000000e+00 -1.000000e+00
   outer loop
     vertex  3.884885e-01  3.247648e+01  0.000000e+00
     vertex -4.440892e-16  3.100000e+01  0.000000e+00
     vertex  3.494639e-01  3.240523e+01  0.000000e+00
   endloop
 endfacet
 facet normal  0.000000e+00  0.000000e+00 -1.000000e+00
   outer loop
     vertex  4.722538e-01  3.261570e+01  0.000000e+00
     vertex -4.440892e-16  3.100000e+01  0.000000e+00
     vertex  3.884885e-01  3.247648e+01  0.000000e+00
   endloop
 endfacet
 facet normal  0.000000e+00  0.000000e+00 -1.000000e+00
   outer loop
     vertex  4.722538e-01  3.261570e+01  0.000000e+00
     vertex  3.884885e-01  3.247648e+01  0.000000e+00
     vertex  4.294285e-01  3.254666e+01  0.000000e+00
   endloop
 endfacet
 facet normal  0.000000e+00  0.000000e+00 -1.000000e+00
   outer loop
     vertex  5.169330e-01  3.268356e+01  0.000000e+00
     vertex -4.440892e-16  3.100000e+01  0.000000e+00
     vertex  4.722538e-01  3.261570e+01  0.000000e+00
   endloop
 endfacet
 facet normal  0.000000e+00  0.000000e+00 -1.000000e+00
   outer loop
     vertex  5.634334e-01  3.275018e+01  0.000000e+00
     vertex -4.440892e-16  3.100000e+01  0.000000e+00
     vertex  5.169330e-01  3.268356e+01  0.000000e+00
   endloop
 endfacet
 facet normal  0.000000e+00  0.000000e+00 -1.000000e+00
   outer loop
     vertex  7.135138e-01  3.294216e+01  0.000000e+00
     vertex  5.634334e-01  3.275018e+01  0.000000e+00
     vertex  6.117208e-01  3.281552e+01  0.000000e+00
   endloop
 endfacet
 facet normal  0.000000e+00  0.000000e+00 -1.000000e+00
   outer loop
     vertex  7.135138e-01  3.294216e+01  0.000000e+00
     vertex  6.117208e-01  3.281552e+01  0.000000e+00
     vertex  6.617599e-01  3.287953e+01  0.000000e+00
   endloop
 endfacet
 facet normal  0.000000e+00  0.000000e+00 -1.000000e+00
   outer loop
     vertex  7.669448e-01  3.300336e+01  0.000000e+00
     vertex -4.440892e-16  3.100000e+01  0.000000e+00
     vertex  5.634334e-01  3.275018e+01  0.000000e+00
   endloop
 endfacet
 facet normal  0.000000e+00  0.000000e+00 -1.000000e+00
   outer loop
     vertex  7.669448e-01  3.300336e+01  0.000000e+00
     vertex  5.634334e-01  3.275018e+01  0.000000e+00
     vertex  7.135138e-01  3.294216e+01  0.000000e+00
   endloop
 endfacet
 facet normal  0.000000e+00  0.000000e+00 -1.000000e+00
   outer loop
     vertex  8.786797e-01  3.312132e+01  0.000000e+00
     vertex  7.669448e-01  3.300336e+01  0.000000e+00
     vertex  8.220135e-01  3.306310e+01  0.000000e+00
   endloop
 endfacet
 facet normal  0.000000e+00  0.000000e+00 -1.000000e+00
   outer loop
     vertex  9.369016e-01  3.317799e+01  0.000000e+00
     vertex -4.440892e-16  3.100000e+01  0.000000e+00
     vertex  7.669448e-01  3.300336e+01  0.000000e+00
   endloop
 endfacet
 facet normal  0.000000e+00  0.000000e+00 -1.000000e+00
   outer loop
     vertex  9.369016e-01  3.317799e+01  0.000000e+00
     vertex  7.669448e-01  3.300336e+01  0.000000e+00
     vertex  8.786797e-01  3.312132e+01  0.000000e+00
   endloop
 endfacet
 facet normal  0.000000e+00  0.000000e+00 -1.000000e+00
   outer loop
     vertex  1.057841e+00  3.328649e+01  0.000000e+00
     vertex -4.440892e-16  3.100000e+01  0.000000e+00
     vertex  9.369016e-01  3.317799e+01  0.000000e+00
   endloop
 endfacet
 facet normal  0.000000e+00  0.000000e+00 -1.000000e+00
   outer loop
     vertex  1.057841e+00  3.328649e+01  0.000000e+00
     vertex  9.369016e-01  3.317799e+01  0.000000e+00
     vertex  9.966367e-01  3.323306e+01  0.000000e+00
   endloop
 endfacet
 facet normal  0.000000e+00  0.000000e+00 -1.000000e+00
   outer loop
     vertex  1.184477e+00  3.338828e+01  0.000000e+00
     vertex  1.057841e+00  3.328649e+01  0.000000e+00
     vertex  1.120470e+00  3.333824e+01  0.000000e+00
   endloop
 endfacet
 facet normal  0.000000e+00  0.000000e+00 -1.000000e+00
   outer loop
     vertex  1.184477e+00  3.338828e+01  0.000000e+00
     vertex -4.440892e-16  3.100000e+01  0.000000e+00
     vertex  1.057841e+00  3.328649e+01  0.000000e+00
   endloop
 endfacet
 facet normal  0.000000e+00  0.000000e+00 -1.000000e+00
   outer loop
     vertex  1.384296e+00  3.352775e+01  0.000000e+00
     vertex  1.184477e+00  3.338828e+01  0.000000e+00
     vertex  1.249816e+00  3.343657e+01  0.000000e+00
   endloop
 endfacet
 facet normal  0.000000e+00  0.000000e+00 -1.000000e+00
   outer loop
     vertex  1.384296e+00  3.352775e+01  0.000000e+00
     vertex  1.249816e+00  3.343657e+01  0.000000e+00
     vertex  1.316439e+00  3.348307e+01  0.000000e+00
   endloop
 endfacet
 facet normal  0.000000e+00  0.000000e+00 -1.000000e+00
   outer loop
     vertex  1.453338e+00  3.357057e+01  0.000000e+00
     vertex  1.184477e+00  3.338828e+01  0.000000e+00
     vertex  1.384296e+00  3.352775e+01  0.000000e+00
   endloop
 endfacet
 facet normal  0.000000e+00  0.000000e+00 -1.000000e+00
   outer loop
     vertex  1.594775e+00  3.365054e+01  0.000000e+00
     vertex  1.453338e+00  3.357057e+01  0.000000e+00
     vertex  1.523515e+00  3.361151e+01  0.000000e+00
   endloop
 endfacet
 facet normal  0.000000e+00  0.000000e+00 -1.000000e+00
   outer loop
     vertex  1.594775e+00  3.365054e+01  0.000000e+00
     vertex  1.184477e+00  3.338828e+01  0.000000e+00
     vertex  1.453338e+00  3.357057e+01  0.000000e+00
   endloop
 endfacet
 facet normal  0.000000e+00  0.000000e+00 -1.000000e+00
   outer loop
     vertex  1.667065e+00  3.368762e+01  0.000000e+00
     vertex  1.184477e+00  3.338828e+01  0.000000e+00
     vertex  1.594775e+00  3.365054e+01  0.000000e+00
   endloop
 endfacet
 facet normal  0.000000e+00  0.000000e+00 -1.000000e+00
   outer loop
     vertex  1.740333e+00  3.372273e+01  0.000000e+00
     vertex  1.184477e+00  3.338828e+01  0.000000e+00
     vertex  1.667065e+00  3.368762e+01  0.000000e+00
   endloop
 endfacet
 facet normal  0.000000e+00  0.000000e+00 -1.000000e+00
   outer loop
     vertex  1.814524e+00  3.375584e+01  0.000000e+00
     vertex  1.184477e+00  3.338828e+01  0.000000e+00
     vertex  1.740333e+00  3.372273e+01  0.000000e+00
   endloop
 endfacet
 facet normal  0.000000e+00  0.000000e+00 -1.000000e+00
   outer loop
     vertex  1.814524e+00  3.375584e+01  0.000000e+00
     vertex -4.440892e-16  3.100000e+01  0.000000e+00
     vertex  1.184477e+00  3.338828e+01  0.000000e+00
   endloop
 endfacet
 facet normal  0.000000e+00  0.000000e+00 -1.000000e+00
   outer loop
     vertex  1.965461e+00  3.381598e+01  0.000000e+00
     vertex  1.814524e+00  3.375584e+01  0.000000e+00
     vertex  1.889586e+00  3.378693e+01  0.000000e+00
   endloop
 endfacet
 facet normal  0.000000e+00  0.000000e+00 -1.000000e+00
   outer loop
     vertex  2.119432e+00  3.386786e+01  0.000000e+00
     vertex  1.965461e+00  3.381598e+01  0.000000e+00
     vertex  2.042095e+00  3.384296e+01  0.000000e+00
   endloop
 endfacet
 facet normal  0.000000e+00  0.000000e+00 -1.000000e+00
   outer loop
     vertex  2.119432e+00  3.386786e+01  0.000000e+00
     vertex -4.440892e-16  3.100000e+01  0.000000e+00
     vertex  1.814524e+00  3.375584e+01  0.000000e+00
   endloop
 endfacet
 facet normal  0.000000e+00  0.000000e+00 -1.000000e+00
   outer loop
     vertex  2.119432e+00  3.386786e+01  0.000000e+00
     vertex  1.814524e+00  3.375584e+01  0.000000e+00
     vertex  1.965461e+00  3.381598e+01  0.000000e+00
   endloop
 endfacet
 facet normal  0.000000e+00  0.000000e+00 -1.000000e+00
   outer loop
     vertex  2.355089e+00  3.392986e+01  0.000000e+00
     vertex  2.119432e+00  3.386786e+01  0.000000e+00
     vertex  2.197415e+00  3.389065e+01  0.000000e+00
   endloop
 endfacet
 facet normal  0.000000e+00  0.000000e+00 -1.000000e+00
   outer loop
     vertex  2.355089e+00  3.392986e+01  0.000000e+00
     vertex  2.197415e+00  3.389065e+01  0.000000e+00
     vertex  2.275986e+00  3.391132e+01  0.000000e+00
   endloop
 endfacet
 facet normal  0.000000e+00  0.000000e+00 -1.000000e+00
   outer loop
     vertex  2.355089e+00  3.392986e+01  0.000000e+00
     vertex -4.440892e-16  3.100000e+01  0.000000e+00
     vertex  2.119432e+00  3.386786e+01  0.000000e+00
   endloop
 endfacet
 facet normal  0.000000e+00  0.000000e+00 -1.000000e+00
   outer loop
     vertex  2.514654e+00  3.396048e+01  0.000000e+00
     vertex -4.440892e-16  3.100000e+01  0.000000e+00
     vertex  2.355089e+00  3.392986e+01  0.000000e+00
   endloop
 endfacet
 facet normal  0.000000e+00  0.000000e+00 -1.000000e+00
   outer loop
     vertex  2.514654e+00  3.396048e+01  0.000000e+00
     vertex  2.355089e+00  3.392986e+01  0.000000e+00
     vertex  2.434664e+00  3.394625e+01  0.000000e+00
   endloop
 endfacet
 facet normal  0.000000e+00  0.000000e+00 -1.000000e+00
   outer loop
     vertex  2.595000e+00  3.397254e+01  0.000000e+00
     vertex -4.440892e-16  3.100000e+01  0.000000e+00
     vertex  2.514654e+00  3.396048e+01  0.000000e+00
   endloop
 endfacet
 facet normal  0.000000e+00  0.000000e+00 -1.000000e+00
   outer loop
     vertex  3.000000e+00  3.400000e+01  0.000000e+00
     vertex  9.405777e+00  2.239104e+01  0.000000e+00
     vertex  9.392515e+00  2.238831e+01  0.000000e+00
   endloop
 endfacet
 facet normal  0.000000e+00  0.000000e+00 -1.000000e+00
   outer loop
     vertex  3.000000e+00  3.400000e+01  0.000000e+00
     vertex  9.392515e+00  2.238831e+01  0.000000e+00
     vertex  9.379331e+00  2.238522e+01  0.000000e+00
   endloop
 endfacet
 facet normal  0.000000e+00  0.000000e+00 -1.000000e+00
   outer loop
     vertex  3.000000e+00  3.400000e+01  0.000000e+00
     vertex  9.379331e+00  2.238522e+01  0.000000e+00
     vertex  9.366236e+00  2.238177e+01  0.000000e+00
   endloop
 endfacet
 facet normal  0.000000e+00  0.000000e+00 -1.000000e+00
   outer loop
     vertex  3.000000e+00  3.400000e+01  0.000000e+00
     vertex  9.366236e+00  2.238177e+01  0.000000e+00
     vertex  9.353239e+00  2.237798e+01  0.000000e+00
   endloop
 endfacet
 facet normal  0.000000e+00  0.000000e+00 -1.000000e+00
   outer loop
     vertex  3.000000e+00  3.400000e+01  0.000000e+00
     vertex  9.353239e+00  2.237798e+01  0.000000e+00
     vertex  9.340349e+00  2.237383e+01  0.000000e+00
   endloop
 endfacet
 facet normal  0.000000e+00  0.000000e+00 -1.000000e+00
   outer loop
     vertex  3.000000e+00  3.400000e+01  0.000000e+00
     vertex  9.340349e+00  2.237383e+01  0.000000e+00
     vertex  9.327577e+00  2.236933e+01  0.000000e+00
   endloop
 endfacet
 facet normal  0.000000e+00 -0.000000e+00 -1.000000e+00
   outer loop
     vertex  3.000000e+00  3.400000e+01  0.000000e+00
     vertex  9.253919e+00  2.233525e+01  0.000000e+00
     vertex -4.440892e-16  3.100000e+01  0.000000e+00
   endloop
 endfacet
 facet normal  0.000000e+00  0.000000e+00 -1.000000e+00
   outer loop
     vertex  3.000000e+00  3.400000e+01  0.000000e+00
     vertex  9.327577e+00  2.236933e+01  0.000000e+00
     vertex  9.314931e+00  2.236449e+01  0.000000e+00
   endloop
 endfacet
 facet normal  0.000000e+00  0.000000e+00 -1.000000e+00
   outer loop
     vertex  3.000000e+00  3.400000e+01  0.000000e+00
     vertex  9.314931e+00  2.236449e+01  0.000000e+00
     vertex  9.302421e+00  2.235931e+01  0.000000e+00
   endloop
 endfacet
 facet normal  0.000000e+00  0.000000e+00 -1.000000e+00
   outer loop
     vertex  3.000000e+00  3.400000e+01  0.000000e+00
     vertex  9.302421e+00  2.235931e+01  0.000000e+00
     vertex  9.290055e+00  2.235379e+01  0.000000e+00
   endloop
 endfacet
 facet normal  0.000000e+00  0.000000e+00 -1.000000e+00
   outer loop
     vertex  3.000000e+00  3.400000e+01  0.000000e+00
     vertex  9.290055e+00  2.235379e+01  0.000000e+00
     vertex  9.277844e+00  2.234794e+01  0.000000e+00
   endloop
 endfacet
 facet normal  0.000000e+00  0.000000e+00 -1.000000e+00
   outer loop
     vertex  3.000000e+00  3.400000e+01  0.000000e+00
     vertex  9.277844e+00  2.234794e+01  0.000000e+00
     vertex  9.265796e+00  2.234176e+01  0.000000e+00
   endloop
 endfacet
 facet normal  0.000000e+00  0.000000e+00 -1.000000e+00
   outer loop
     vertex  3.000000e+00  3.400000e+01  0.000000e+00
     vertex  9.265796e+00  2.234176e+01  0.000000e+00
     vertex  9.253919e+00  2.233525e+01  0.000000e+00
   endloop
 endfacet
 facet normal  0.000000e+00  0.000000e+00 -1.000000e+00
   outer loop
     vertex  3.000000e+00  3.400000e+01  0.000000e+00
     vertex  2.595000e+00  3.397254e+01  0.000000e+00
     vertex  2.675643e+00  3.398241e+01  0.000000e+00
   endloop
 endfacet
 facet normal  0.000000e+00  0.000000e+00 -1.000000e+00
   outer loop
     vertex  3.000000e+00  3.400000e+01  0.000000e+00
     vertex  2.675643e+00  3.398241e+01  0.000000e+00
     vertex  2.756524e+00  3.399010e+01  0.000000e+00
   endloop
 endfacet
 facet normal  0.000000e+00  0.000000e+00 -1.000000e+00
   outer loop
     vertex  3.000000e+00  3.400000e+01  0.000000e+00
     vertex  2.756524e+00  3.399010e+01  0.000000e+00
     vertex  2.837583e+00  3.399560e+01  0.000000e+00
   endloop
 endfacet
 facet normal  0.000000e+00  0.000000e+00 -1.000000e+00
   outer loop
     vertex  3.000000e+00  3.400000e+01  0.000000e+00
     vertex  2.837583e+00  3.399560e+01  0.000000e+00
     vertex  2.918762e+00  3.399890e+01  0.000000e+00
   endloop
 endfacet
 facet normal  0.000000e+00  0.000000e+00 -1.000000e+00
   outer loop
     vertex  3.000000e+00  3.400000e+01  0.000000e+00
     vertex -4.440892e-16  3.100000e+01  0.000000e+00
     vertex  2.595000e+00  3.397254e+01  0.000000e+00
   endloop
 endfacet
 facet normal  0.000000e+00  0.000000e+00 -1.000000e+00
   outer loop
     vertex  3.000000e+00  3.400000e+01  0.000000e+00
     vertex  9.500000e+00  2.240000e+01  0.000000e+00
     vertex  9.486460e+00  2.239982e+01  0.000000e+00
   endloop
 endfacet
 facet normal  0.000000e+00  0.000000e+00 -1.000000e+00
   outer loop
     vertex  3.000000e+00  3.400000e+01  0.000000e+00
     vertex  9.486460e+00  2.239982e+01  0.000000e+00
     vertex  9.472931e+00  2.239927e+01  0.000000e+00
   endloop
 endfacet
 facet normal  0.000000e+00  0.000000e+00 -1.000000e+00
   outer loop
     vertex  3.000000e+00  3.400000e+01  0.000000e+00
     vertex  9.472931e+00  2.239927e+01  0.000000e+00
     vertex  9.459421e+00  2.239835e+01  0.000000e+00
   endloop
 endfacet
 facet normal  0.000000e+00  0.000000e+00 -1.000000e+00
   outer loop
     vertex  3.000000e+00  3.400000e+01  0.000000e+00
     vertex  9.459421e+00  2.239835e+01  0.000000e+00
     vertex  9.445940e+00  2.239707e+01  0.000000e+00
   endloop
 endfacet
 facet normal  0.000000e+00  0.000000e+00 -1.000000e+00
   outer loop
     vertex  3.000000e+00  3.400000e+01  0.000000e+00
     vertex  9.445940e+00  2.239707e+01  0.000000e+00
     vertex  9.432500e+00  2.239542e+01  0.000000e+00
   endloop
 endfacet
 facet normal  0.000000e+00  0.000000e+00 -1.000000e+00
   outer loop
     vertex  3.000000e+00  3.400000e+01  0.000000e+00
     vertex  9.432500e+00  2.239542e+01  0.000000e+00
     vertex  9.419109e+00  2.239341e+01  0.000000e+00
   endloop
 endfacet
 facet normal  0.000000e+00  0.000000e+00 -1.000000e+00
   outer loop
     vertex  3.000000e+00  3.400000e+01  0.000000e+00
     vertex  9.419109e+00  2.239341e+01  0.000000e+00
     vertex  9.405777e+00  2.239104e+01  0.000000e+00
   endloop
 endfacet
 facet normal  0.000000e+00  0.000000e+00 -1.000000e+00
   outer loop
     vertex  3.711716e+01  5.617157e+00  0.000000e+00
     vertex  2.102067e+01  1.001478e+01  0.000000e+00
     vertex  2.103376e+01  1.001823e+01  0.000000e+00
   endloop
 endfacet
 facet normal  0.000000e+00  0.000000e+00 -1.000000e+00
   outer loop
     vertex  3.710960e+01  5.624920e+00  0.000000e+00
     vertex  2.103376e+01  1.001823e+01  0.000000e+00
     vertex  2.104676e+01  1.002202e+01  0.000000e+00
   endloop
 endfacet
 facet normal -0.000000e+00 -0.000000e+00 -1.000000e+00
   outer loop
     vertex  3.710960e+01  5.624920e+00  0.000000e+00
     vertex  3.711716e+01  5.617157e+00  0.000000e+00
     vertex  2.103376e+01  1.001823e+01  0.000000e+00
   endloop
 endfacet
 facet normal  0.000000e+00  0.000000e+00 -1.000000e+00
   outer loop
     vertex  3.712492e+01  5.609602e+00  0.000000e+00
     vertex  2.100749e+01  1.001169e+01  0.000000e+00
     vertex  2.102067e+01  1.001478e+01  0.000000e+00
   endloop
 endfacet
 facet normal  0.000000e+00  0.000000e+00 -1.000000e+00
   outer loop
     vertex  3.712492e+01  5.609602e+00  0.000000e+00
     vertex  2.102067e+01  1.001478e+01  0.000000e+00
     vertex  3.711716e+01  5.617157e+00  0.000000e+00
   endloop
 endfacet
 facet normal  0.000000e+00  0.000000e+00 -1.000000e+00
   outer loop
     vertex  3.713288e+01  5.602259e+00  0.000000e+00
     vertex  2.099422e+01  1.000896e+01  0.000000e+00
     vertex  2.100749e+01  1.001169e+01  0.000000e+00
   endloop
 endfacet
 facet normal  0.000000e+00  0.000000e+00 -1.000000e+00
   outer loop
     vertex  3.713288e+01  5.602259e+00  0.000000e+00
     vertex  2.100749e+01  1.001169e+01  0.000000e+00
     vertex  3.712492e+01  5.609602e+00  0.000000e+00
   endloop
 endfacet
 facet normal -0.000000e+00 -0.000000e+00 -1.000000e+00
   outer loop
     vertex  3.710226e+01  5.632885e+00  0.000000e+00
     vertex  3.710960e+01  5.624920e+00  0.000000e+00
     vertex  2.104676e+01  1.002202e+01  0.000000e+00
   endloop
 endfacet
 facet normal  0.000000e+00  0.000000e+00 -1.000000e+00
   outer loop
     vertex  3.710226e+01  5.632885e+00  0.000000e+00
     vertex  2.104676e+01  1.002202e+01  0.000000e+00
     vertex  2.105965e+01  1.002617e+01  0.000000e+00
   endloop
 endfacet
 facet normal  0.000000e+00  0.000000e+00 -1.000000e+00
   outer loop
     vertex  3.714105e+01  5.595135e+00  0.000000e+00
     vertex  2.098089e+01  1.000659e+01  0.000000e+00
     vertex  2.099422e+01  1.000896e+01  0.000000e+00
   endloop
 endfacet
 facet normal  0.000000e+00  0.000000e+00 -1.000000e+00
   outer loop
     vertex  3.714105e+01  5.595135e+00  0.000000e+00
     vertex  2.099422e+01  1.000896e+01  0.000000e+00
     vertex  3.713288e+01  5.602259e+00  0.000000e+00
   endloop
 endfacet
 facet normal  0.000000e+00  0.000000e+00 -1.000000e+00
   outer loop
     vertex  3.709514e+01  5.641045e+00  0.000000e+00
     vertex  2.105965e+01  1.002617e+01  0.000000e+00
     vertex  2.107242e+01  1.003067e+01  0.000000e+00
   endloop
 endfacet
 facet normal -0.000000e+00 -0.000000e+00 -1.000000e+00
   outer loop
     vertex  3.709514e+01  5.641045e+00  0.000000e+00
     vertex  3.710226e+01  5.632885e+00  0.000000e+00
     vertex  2.105965e+01  1.002617e+01  0.000000e+00
   endloop
 endfacet
 facet normal -0.000000e+00 -0.000000e+00 -1.000000e+00
   outer loop
     vertex  3.708823e+01  5.649396e+00  0.000000e+00
     vertex  3.709514e+01  5.641045e+00  0.000000e+00
     vertex  2.107242e+01  1.003067e+01  0.000000e+00
   endloop
 endfacet
 facet normal  0.000000e+00  0.000000e+00 -1.000000e+00
   outer loop
     vertex  3.708823e+01  5.649396e+00  0.000000e+00
     vertex  2.107242e+01  1.003067e+01  0.000000e+00
     vertex  2.108507e+01  1.003551e+01  0.000000e+00
   endloop
 endfacet
 facet normal  0.000000e+00  0.000000e+00 -1.000000e+00
   outer loop
     vertex  3.714940e+01  5.588235e+00  0.000000e+00
     vertex  2.096750e+01  1.000458e+01  0.000000e+00
     vertex  2.098089e+01  1.000659e+01  0.000000e+00
   endloop
 endfacet
 facet normal  0.000000e+00  0.000000e+00 -1.000000e+00
   outer loop
     vertex  3.714940e+01  5.588235e+00  0.000000e+00
     vertex  2.098089e+01  1.000659e+01  0.000000e+00
     vertex  3.714105e+01  5.595135e+00  0.000000e+00
   endloop
 endfacet
 facet normal  0.000000e+00  0.000000e+00 -1.000000e+00
   outer loop
     vertex  3.708156e+01  5.657930e+00  0.000000e+00
     vertex  2.108507e+01  1.003551e+01  0.000000e+00
     vertex  2.109758e+01  1.004069e+01  0.000000e+00
   endloop
 endfacet
 facet normal -0.000000e+00 -0.000000e+00 -1.000000e+00
   outer loop
     vertex  3.708156e+01  5.657930e+00  0.000000e+00
     vertex  3.708823e+01  5.649396e+00  0.000000e+00
     vertex  2.108507e+01  1.003551e+01  0.000000e+00
   endloop
 endfacet
 facet normal  0.000000e+00  0.000000e+00 -1.000000e+00
   outer loop
     vertex  3.715793e+01  5.581563e+00  0.000000e+00
     vertex  2.095406e+01  1.000293e+01  0.000000e+00
     vertex  2.096750e+01  1.000458e+01  0.000000e+00
   endloop
 endfacet
 facet normal  0.000000e+00  0.000000e+00 -1.000000e+00
   outer loop
     vertex  3.715793e+01  5.581563e+00  0.000000e+00
     vertex  2.096750e+01  1.000458e+01  0.000000e+00
     vertex  3.714940e+01  5.588235e+00  0.000000e+00
   endloop
 endfacet
 facet normal  0.000000e+00  0.000000e+00 -1.000000e+00
   outer loop
     vertex  3.716664e+01  5.575124e+00  0.000000e+00
     vertex  2.094058e+01  1.000165e+01  0.000000e+00
     vertex  2.095406e+01  1.000293e+01  0.000000e+00
   endloop
 endfacet
 facet normal -0.000000e+00  0.000000e+00 -1.000000e+00
   outer loop
     vertex  3.716664e+01  5.575124e+00  0.000000e+00
     vertex  3.000000e+00 -4.440892e-16  0.000000e+00
     vertex  2.094058e+01  1.000165e+01  0.000000e+00
   endloop
 endfacet
 facet normal  0.000000e+00  0.000000e+00 -1.000000e+00
   outer loop
     vertex  3.716664e+01  5.575124e+00  0.000000e+00
     vertex  2.095406e+01  1.000293e+01  0.000000e+00
     vertex  3.715793e+01  5.581563e+00  0.000000e+00
   endloop
 endfacet
 facet normal -0.000000e+00 -0.000000e+00 -1.000000e+00
   outer loop
     vertex  3.707512e+01  5.666642e+00  0.000000e+00
     vertex  3.708156e+01  5.657930e+00  0.000000e+00
     vertex  2.109758e+01  1.004069e+01  0.000000e+00
   endloop
 endfacet
 facet normal  0.000000e+00  0.000000e+00 -1.000000e+00
   outer loop
     vertex  3.707512e+01  5.666642e+00  0.000000e+00
     vertex  2.109758e+01  1.004069e+01  0.000000e+00
     vertex  2.110994e+01  1.004621e+01  0.000000e+00
   endloop
 endfacet
 facet normal  0.000000e+00  0.000000e+00 -1.000000e+00
   outer loop
     vertex  3.706892e+01  5.675525e+00  0.000000e+00
     vertex  2.110994e+01  1.004621e+01  0.000000e+00
     vertex  2.112216e+01  1.005206e+01  0.000000e+00
   endloop
 endfacet
 facet normal -0.000000e+00 -0.000000e+00 -1.000000e+00
   outer loop
     vertex  3.706892e+01  5.675525e+00  0.000000e+00
     vertex  3.707512e+01  5.666642e+00  0.000000e+00
     vertex  2.110994e+01  1.004621e+01  0.000000e+00
   endloop
 endfacet
 facet normal -0.000000e+00  0.000000e+00 -1.000000e+00
   outer loop
     vertex  3.717553e+01  5.568924e+00  0.000000e+00
     vertex  3.000000e+00 -4.440892e-16  0.000000e+00
     vertex  3.716664e+01  5.575124e+00  0.000000e+00
   endloop
 endfacet
 facet normal -0.000000e+00 -0.000000e+00 -1.000000e+00
   outer loop
     vertex  3.706297e+01  5.684573e+00  0.000000e+00
     vertex  3.706892e+01  5.675525e+00  0.000000e+00
     vertex  2.112216e+01  1.005206e+01  0.000000e+00
   endloop
 endfacet
 facet normal  0.000000e+00  0.000000e+00 -1.000000e+00
   outer loop
     vertex  3.706297e+01  5.684573e+00  0.000000e+00
     vertex  2.112216e+01  1.005206e+01  0.000000e+00
     vertex  2.113420e+01  1.005824e+01  0.000000e+00
   endloop
 endfacet
 facet normal -0.000000e+00  0.000000e+00 -1.000000e+00
   outer loop
     vertex  3.718457e+01  5.562967e+00  0.000000e+00
     vertex  3.000000e+00 -4.440892e-16  0.000000e+00
     vertex  3.717553e+01  5.568924e+00  0.000000e+00
   endloop
 endfacet
 facet normal -0.000000e+00 -0.000000e+00 -1.000000e+00
   outer loop
     vertex  3.705726e+01  5.693778e+00  0.000000e+00
     vertex  3.706297e+01  5.684573e+00  0.000000e+00
     vertex  2.113420e+01  1.005824e+01  0.000000e+00
   endloop
 endfacet
 facet normal  0.000000e+00  0.000000e+00 -1.000000e+00
   outer loop
     vertex  3.705726e+01  5.693778e+00  0.000000e+00
     vertex  2.113420e+01  1.005824e+01  0.000000e+00
     vertex  2.114608e+01  1.006475e+01  0.000000e+00
   endloop
 endfacet
 facet normal -0.000000e+00  0.000000e+00 -1.000000e+00
   outer loop
     vertex  3.719378e+01  5.557257e+00  0.000000e+00
     vertex  3.000000e+00 -4.440892e-16  0.000000e+00
     vertex  3.718457e+01  5.562967e+00  0.000000e+00
   endloop
 endfacet
 facet normal -0.000000e+00  0.000000e+00 -1.000000e+00
   outer loop
     vertex  3.720314e+01  5.551798e+00  0.000000e+00
     vertex  3.000000e+00 -4.440892e-16  0.000000e+00
     vertex  3.719378e+01  5.557257e+00  0.000000e+00
   endloop
 endfacet
 facet normal -0.000000e+00 -0.000000e+00 -1.000000e+00
   outer loop
     vertex  3.705180e+01  5.703135e+00  0.000000e+00
     vertex  3.705726e+01  5.693778e+00  0.000000e+00
     vertex  2.114608e+01  1.006475e+01  0.000000e+00
   endloop
 endfacet
 facet normal  0.000000e+00  0.000000e+00 -1.000000e+00
   outer loop
     vertex  3.705180e+01  5.703135e+00  0.000000e+00
     vertex  2.114608e+01  1.006475e+01  0.000000e+00
     vertex  2.115778e+01  1.007157e+01  0.000000e+00
   endloop
 endfacet
 facet normal -0.000000e+00  0.000000e+00 -1.000000e+00
   outer loop
     vertex  3.721264e+01  5.546595e+00  0.000000e+00
     vertex  3.000000e+00 -4.440892e-16  0.000000e+00
     vertex  3.720314e+01  5.551798e+00  0.000000e+00
   endloop
 endfacet
 facet normal -0.000000e+00 -0.000000e+00 -1.000000e+00
   outer loop
     vertex  3.704660e+01  5.712637e+00  0.000000e+00
     vertex  3.705180e+01  5.703135e+00  0.000000e+00
     vertex  2.115778e+01  1.007157e+01  0.000000e+00
   endloop
 endfacet
 facet normal  0.000000e+00  0.000000e+00 -1.000000e+00
   outer loop
     vertex  3.704660e+01  5.712637e+00  0.000000e+00
     vertex  2.115778e+01  1.007157e+01  0.000000e+00
     vertex  2.116928e+01  1.007871e+01  0.000000e+00
   endloop
 endfacet
 facet normal -0.000000e+00 -0.000000e+00 -1.000000e+00
   outer loop
     vertex  3.704165e+01  5.722275e+00  0.000000e+00
     vertex  3.704660e+01  5.712637e+00  0.000000e+00
     vertex  2.116928e+01  1.007871e+01  0.000000e+00
   endloop
 endfacet
 facet normal  0.000000e+00  0.000000e+00 -1.000000e+00
   outer loop
     vertex  3.704165e+01  5.722275e+00  0.000000e+00
     vertex  2.116928e+01  1.007871e+01  0.000000e+00
     vertex  2.118059e+01  1.008616e+01  0.000000e+00
   endloop
 endfacet
 facet normal -0.000000e+00  0.000000e+00 -1.000000e+00
   outer loop
     vertex  3.722228e+01  5.541651e+00  0.000000e+00
     vertex  3.000000e+00 -4.440892e-16  0.000000e+00
     vertex  3.721264e+01  5.546595e+00  0.000000e+00
   endloop
 endfacet
 facet normal -0.000000e+00  0.000000e+00 -1.000000e+00
   outer loop
     vertex  3.723204e+01  5.536970e+00  0.000000e+00
     vertex  3.000000e+00 -4.440892e-16  0.000000e+00
     vertex  3.722228e+01  5.541651e+00  0.000000e+00
   endloop
 endfacet
 facet normal  0.000000e+00  0.000000e+00 -1.000000e+00
   outer loop
     vertex  3.703697e+01  5.732044e+00  0.000000e+00
     vertex  2.118059e+01  1.008616e+01  0.000000e+00
     vertex  2.119170e+01  1.009391e+01  0.000000e+00
   endloop
 endfacet
 facet normal -0.000000e+00 -0.000000e+00 -1.000000e+00
   outer loop
     vertex  3.703697e+01  5.732044e+00  0.000000e+00
     vertex  3.704165e+01  5.722275e+00  0.000000e+00
     vertex  2.118059e+01  1.008616e+01  0.000000e+00
   endloop
 endfacet
 facet normal  0.000000e+00  0.000000e+00 -1.000000e+00
   outer loop
     vertex  3.703255e+01  5.741937e+00  0.000000e+00
     vertex  2.119170e+01  1.009391e+01  0.000000e+00
     vertex  2.120259e+01  1.010195e+01  0.000000e+00
   endloop
 endfacet
 facet normal -0.000000e+00 -0.000000e+00 -1.000000e+00
   outer loop
     vertex  3.703255e+01  5.741937e+00  0.000000e+00
     vertex  3.703697e+01  5.732044e+00  0.000000e+00
     vertex  2.119170e+01  1.009391e+01  0.000000e+00
   endloop
 endfacet
 facet normal -0.000000e+00  0.000000e+00 -1.000000e+00
   outer loop
     vertex  3.724194e+01  5.532555e+00  0.000000e+00
     vertex  3.000000e+00 -4.440892e-16  0.000000e+00
     vertex  3.723204e+01  5.536970e+00  0.000000e+00
   endloop
 endfacet
 facet normal -0.000000e+00  0.000000e+00 -1.000000e+00
   outer loop
     vertex  3.725194e+01  5.528409e+00  0.000000e+00
     vertex  3.000000e+00 -4.440892e-16  0.000000e+00
     vertex  3.724194e+01  5.532555e+00  0.000000e+00
   endloop
 endfacet
 facet normal  0.000000e+00  0.000000e+00 -1.000000e+00
   outer loop
     vertex  3.702841e+01  5.751945e+00  0.000000e+00
     vertex  2.120259e+01  1.010195e+01  0.000000e+00
     vertex  2.121325e+01  1.011029e+01  0.000000e+00
   endloop
 endfacet
 facet normal -0.000000e+00 -0.000000e+00 -1.000000e+00
   outer loop
     vertex  3.702841e+01  5.751945e+00  0.000000e+00
     vertex  3.703255e+01  5.741937e+00  0.000000e+00
     vertex  2.120259e+01  1.010195e+01  0.000000e+00
   endloop
 endfacet
 facet normal -0.000000e+00  0.000000e+00 -1.000000e+00
   outer loop
     vertex  3.726206e+01  5.524536e+00  0.000000e+00
     vertex  3.000000e+00 -4.440892e-16  0.000000e+00
     vertex  3.725194e+01  5.528409e+00  0.000000e+00
   endloop
 endfacet
 facet normal  0.000000e+00  0.000000e+00 -1.000000e+00
   outer loop
     vertex  3.702454e+01  5.762061e+00  0.000000e+00
     vertex  2.121325e+01  1.011029e+01  0.000000e+00
     vertex  2.122369e+01  1.011892e+01  0.000000e+00
   endloop
 endfacet
 facet normal -0.000000e+00 -0.000000e+00 -1.000000e+00
   outer loop
     vertex  3.702454e+01  5.762061e+00  0.000000e+00
     vertex  3.702841e+01  5.751945e+00  0.000000e+00
     vertex  2.121325e+01  1.011029e+01  0.000000e+00
   endloop
 endfacet
 facet normal  0.000000e+00  0.000000e+00 -1.000000e+00
   outer loop
     vertex  3.702094e+01  5.772279e+00  0.000000e+00
     vertex  2.122369e+01  1.011892e+01  0.000000e+00
     vertex  2.123389e+01  1.012782e+01  0.000000e+00
   endloop
 endfacet
 facet normal -0.000000e+00 -0.000000e+00 -1.000000e+00
   outer loop
     vertex  3.702094e+01  5.772279e+00  0.000000e+00
     vertex  3.702454e+01  5.762061e+00  0.000000e+00
     vertex  2.122369e+01  1.011892e+01  0.000000e+00
   endloop
 endfacet
 facet normal -0.000000e+00  0.000000e+00 -1.000000e+00
   outer loop
     vertex  3.727228e+01  5.520939e+00  0.000000e+00
     vertex  3.000000e+00 -4.440892e-16  0.000000e+00
     vertex  3.726206e+01  5.524536e+00  0.000000e+00
   endloop
 endfacet
 facet normal -0.000000e+00  0.000000e+00 -1.000000e+00
   outer loop
     vertex  3.728259e+01  5.517619e+00  0.000000e+00
     vertex  3.000000e+00 -4.440892e-16  0.000000e+00
     vertex  3.727228e+01  5.520939e+00  0.000000e+00
   endloop
 endfacet
 facet normal  0.000000e+00  0.000000e+00 -1.000000e+00
   outer loop
     vertex  3.701762e+01  5.782591e+00  0.000000e+00
     vertex  2.123389e+01  1.012782e+01  0.000000e+00
     vertex  2.124385e+01  1.013700e+01  0.000000e+00
   endloop
 endfacet
 facet normal -0.000000e+00 -0.000000e+00 -1.000000e+00
   outer loop
     vertex  3.701762e+01  5.782591e+00  0.000000e+00
     vertex  3.702094e+01  5.772279e+00  0.000000e+00
     vertex  2.123389e+01  1.012782e+01  0.000000e+00
   endloop
 endfacet
 facet normal -0.000000e+00  0.000000e+00 -1.000000e+00
   outer loop
     vertex  3.729299e+01  5.514580e+00  0.000000e+00
     vertex  3.000000e+00 -4.440892e-16  0.000000e+00
     vertex  3.728259e+01  5.517619e+00  0.000000e+00
   endloop
 endfacet
 facet normal  0.000000e+00  0.000000e+00 -1.000000e+00
   outer loop
     vertex  3.701458e+01  5.792989e+00  0.000000e+00
     vertex  2.124385e+01  1.013700e+01  0.000000e+00
     vertex  2.125355e+01  1.014645e+01  0.000000e+00
   endloop
 endfacet
 facet normal -0.000000e+00 -0.000000e+00 -1.000000e+00
   outer loop
     vertex  3.701458e+01  5.792989e+00  0.000000e+00
     vertex  3.701762e+01  5.782591e+00  0.000000e+00
     vertex  2.124385e+01  1.013700e+01  0.000000e+00
   endloop
 endfacet
 facet normal -0.000000e+00  0.000000e+00 -1.000000e+00
   outer loop
     vertex  3.730346e+01  5.511824e+00  0.000000e+00
     vertex  3.000000e+00 -4.440892e-16  0.000000e+00
     vertex  3.729299e+01  5.514580e+00  0.000000e+00
   endloop
 endfacet
 facet normal  0.000000e+00  0.000000e+00 -1.000000e+00
   outer loop
     vertex  3.701182e+01  5.803465e+00  0.000000e+00
     vertex  2.125355e+01  1.014645e+01  0.000000e+00
     vertex  2.126300e+01  1.015615e+01  0.000000e+00
   endloop
 endfacet
 facet normal -0.000000e+00 -0.000000e+00 -1.000000e+00
   outer loop
     vertex  3.701182e+01  5.803465e+00  0.000000e+00
     vertex  3.701458e+01  5.792989e+00  0.000000e+00
     vertex  2.125355e+01  1.014645e+01  0.000000e+00
   endloop
 endfacet
 facet normal -0.000000e+00  0.000000e+00 -1.000000e+00
   outer loop
     vertex  3.731401e+01  5.509352e+00  0.000000e+00
     vertex  3.000000e+00 -4.440892e-16  0.000000e+00
     vertex  3.730346e+01  5.511824e+00  0.000000e+00
   endloop
 endfacet
 facet normal -0.000000e+00 -0.000000e+00 -1.000000e+00
   outer loop
     vertex  3.700935e+01  5.814012e+00  0.000000e+00
     vertex  3.701182e+01  5.803465e+00  0.000000e+00
     vertex  2.126300e+01  1.015615e+01  0.000000e+00
   endloop
 endfacet
 facet normal  0.000000e+00  0.000000e+00 -1.000000e+00
   outer loop
     vertex  3.700935e+01  5.814012e+00  0.000000e+00
     vertex  2.126300e+01  1.015615e+01  0.000000e+00
     vertex  2.127218e+01  1.016611e+01  0.000000e+00
   endloop
 endfacet
 facet normal -0.000000e+00  0.000000e+00 -1.000000e+00
   outer loop
     vertex  3.732462e+01  5.507167e+00  0.000000e+00
     vertex  3.000000e+00 -4.440892e-16  0.000000e+00
     vertex  3.731401e+01  5.509352e+00  0.000000e+00
   endloop
 endfacet
 facet normal  0.000000e+00  0.000000e+00 -1.000000e+00
   outer loop
     vertex  3.700717e+01  5.824622e+00  0.000000e+00
     vertex  2.127218e+01  1.016611e+01  0.000000e+00
     vertex  2.128108e+01  1.017631e+01  0.000000e+00
   endloop
 endfacet
 facet normal -0.000000e+00 -0.000000e+00 -1.000000e+00
   outer loop
     vertex  3.700717e+01  5.824622e+00  0.000000e+00
     vertex  3.700935e+01  5.814012e+00  0.000000e+00
     vertex  2.127218e+01  1.016611e+01  0.000000e+00
   endloop
 endfacet
 facet normal -0.000000e+00  0.000000e+00 -1.000000e+00
   outer loop
     vertex  3.733529e+01  5.505269e+00  0.000000e+00
     vertex  3.000000e+00 -4.440892e-16  0.000000e+00
     vertex  3.732462e+01  5.507167e+00  0.000000e+00
   endloop
 endfacet
 facet normal  0.000000e+00  0.000000e+00 -1.000000e+00
   outer loop
     vertex  3.700527e+01  5.835287e+00  0.000000e+00
     vertex  2.128108e+01  1.017631e+01  0.000000e+00
     vertex  2.128971e+01  1.018675e+01  0.000000e+00
   endloop
 endfacet
 facet normal -0.000000e+00 -0.000000e+00 -1.000000e+00
   outer loop
     vertex  3.700527e+01  5.835287e+00  0.000000e+00
     vertex  3.700717e+01  5.824622e+00  0.000000e+00
     vertex  2.128108e+01  1.017631e+01  0.000000e+00
   endloop
 endfacet
 facet normal -0.000000e+00  0.000000e+00 -1.000000e+00
   outer loop
     vertex  3.734600e+01  5.503662e+00  0.000000e+00
     vertex  3.000000e+00 -4.440892e-16  0.000000e+00
     vertex  3.733529e+01  5.505269e+00  0.000000e+00
   endloop
 endfacet
 facet normal  0.000000e+00  0.000000e+00 -1.000000e+00
   outer loop
     vertex  3.700366e+01  5.846000e+00  0.000000e+00
     vertex  2.128971e+01  1.018675e+01  0.000000e+00
     vertex  2.129805e+01  1.019741e+01  0.000000e+00
   endloop
 endfacet
 facet normal -0.000000e+00 -0.000000e+00 -1.000000e+00
   outer loop
     vertex  3.700366e+01  5.846000e+00  0.000000e+00
     vertex  3.700527e+01  5.835287e+00  0.000000e+00
     vertex  2.128971e+01  1.018675e+01  0.000000e+00
   endloop
 endfacet
 facet normal -0.000000e+00  0.000000e+00 -1.000000e+00
   outer loop
     vertex  3.735675e+01  5.502345e+00  0.000000e+00
     vertex  3.000000e+00 -4.440892e-16  0.000000e+00
     vertex  3.734600e+01  5.503662e+00  0.000000e+00
   endloop
 endfacet
 facet normal  0.000000e+00  0.000000e+00 -1.000000e+00
   outer loop
     vertex  3.700234e+01  5.856752e+00  0.000000e+00
     vertex  2.129805e+01  1.019741e+01  0.000000e+00
     vertex  2.130609e+01  1.020830e+01  0.000000e+00
   endloop
 endfacet
 facet normal -0.000000e+00 -0.000000e+00 -1.000000e+00
   outer loop
     vertex  3.700234e+01  5.856752e+00  0.000000e+00
     vertex  3.700366e+01  5.846000e+00  0.000000e+00
     vertex  2.129805e+01  1.019741e+01  0.000000e+00
   endloop
 endfacet
 facet normal -0.000000e+00  0.000000e+00 -1.000000e+00
   outer loop
     vertex  3.736754e+01  5.501320e+00  0.000000e+00
     vertex  3.000000e+00 -4.440892e-16  0.000000e+00
     vertex  3.735675e+01  5.502345e+00  0.000000e+00
   endloop
 endfacet
 facet normal  0.000000e+00  0.000000e+00 -1.000000e+00
   outer loop
     vertex  3.700132e+01  5.867537e+00  0.000000e+00
     vertex  2.130609e+01  1.020830e+01  0.000000e+00
     vertex  2.131384e+01  1.021941e+01  0.000000e+00
   endloop
 endfacet
 facet normal -0.000000e+00 -0.000000e+00 -1.000000e+00
   outer loop
     vertex  3.700132e+01  5.867537e+00  0.000000e+00
     vertex  3.700234e+01  5.856752e+00  0.000000e+00
     vertex  2.130609e+01  1.020830e+01  0.000000e+00
   endloop
 endfacet
 facet normal -0.000000e+00  0.000000e+00 -1.000000e+00
   outer loop
     vertex  3.737834e+01  5.500587e+00  0.000000e+00
     vertex  3.000000e+00 -4.440892e-16  0.000000e+00
     vertex  3.736754e+01  5.501320e+00  0.000000e+00
   endloop
 endfacet
 facet normal  0.000000e+00  0.000000e+00 -1.000000e+00
   outer loop
     vertex  3.700059e+01  5.878344e+00  0.000000e+00
     vertex  2.131384e+01  1.021941e+01  0.000000e+00
     vertex  2.132129e+01  1.023072e+01  0.000000e+00
   endloop
 endfacet
 facet normal -0.000000e+00 -0.000000e+00 -1.000000e+00
   outer loop
     vertex  3.700059e+01  5.878344e+00  0.000000e+00
     vertex  3.700132e+01  5.867537e+00  0.000000e+00
     vertex  2.131384e+01  1.021941e+01  0.000000e+00
   endloop
 endfacet
 facet normal  0.000000e+00  0.000000e+00 -1.000000e+00
   outer loop
     vertex  3.700015e+01  5.889168e+00  0.000000e+00
     vertex  2.132129e+01  1.023072e+01  0.000000e+00
     vertex  2.132843e+01  1.024222e+01  0.000000e+00
   endloop
 endfacet
 facet normal -0.000000e+00 -0.000000e+00 -1.000000e+00
   outer loop
     vertex  3.700015e+01  5.889168e+00  0.000000e+00
     vertex  3.700059e+01  5.878344e+00  0.000000e+00
     vertex  2.132129e+01  1.023072e+01  0.000000e+00
   endloop
 endfacet
 facet normal -0.000000e+00 -0.000000e+00 -1.000000e+00
   outer loop
     vertex  3.700000e+01  5.900000e+00  0.000000e+00
     vertex  3.700015e+01  5.889168e+00  0.000000e+00
     vertex  2.132843e+01  1.024222e+01  0.000000e+00
   endloop
 endfacet
 facet normal  0.000000e+00  0.000000e+00 -1.000000e+00
   outer loop
     vertex  3.700000e+01  5.900000e+00  0.000000e+00
     vertex  2.132843e+01  1.024222e+01  0.000000e+00
     vertex  2.133525e+01  1.025392e+01  0.000000e+00
   endloop
 endfacet
 facet normal  0.000000e+00  0.000000e+00 -1.000000e+00
   outer loop
     vertex  3.700000e+01  5.900000e+00  0.000000e+00
     vertex  2.133525e+01  1.025392e+01  0.000000e+00
     vertex  2.134176e+01  1.026580e+01  0.000000e+00
   endloop
 endfacet
 facet normal  0.000000e+00  0.000000e+00 -1.000000e+00
   outer loop
     vertex  3.700000e+01  5.900000e+00  0.000000e+00
     vertex  2.134176e+01  1.026580e+01  0.000000e+00
     vertex  2.134794e+01  1.027784e+01  0.000000e+00
   endloop
 endfacet
 facet normal  0.000000e+00  0.000000e+00 -1.000000e+00
   outer loop
     vertex  3.700000e+01  5.900000e+00  0.000000e+00
     vertex  2.134794e+01  1.027784e+01  0.000000e+00
     vertex  2.135379e+01  1.029006e+01  0.000000e+00
   endloop
 endfacet
 facet normal  0.000000e+00  0.000000e+00 -1.000000e+00
   outer loop
     vertex  3.700000e+01  5.900000e+00  0.000000e+00
     vertex  2.135379e+01  1.029006e+01  0.000000e+00
     vertex  2.135931e+01  1.030242e+01  0.000000e+00
   endloop
 endfacet
 facet normal  0.000000e+00  0.000000e+00 -1.000000e+00
   outer loop
     vertex  3.700000e+01  5.900000e+00  0.000000e+00
     vertex  2.135931e+01  1.030242e+01  0.000000e+00
     vertex  2.136449e+01  1.031493e+01  0.000000e+00
   endloop
 endfacet
 facet normal  0.000000e+00  0.000000e+00 -1.000000e+00
   outer loop
     vertex  3.700000e+01  5.900000e+00  0.000000e+00
     vertex  2.136449e+01  1.031493e+01  0.000000e+00
     vertex  2.136933e+01  1.032758e+01  0.000000e+00
   endloop
 endfacet
 facet normal  0.000000e+00  0.000000e+00 -1.000000e+00
   outer loop
     vertex  3.700000e+01  5.900000e+00  0.000000e+00
     vertex  2.136933e+01  1.032758e+01  0.000000e+00
     vertex  2.137383e+01  1.034035e+01  0.000000e+00
   endloop
 endfacet
 facet normal  0.000000e+00  0.000000e+00 -1.000000e+00
   outer loop
     vertex  3.700000e+01  5.900000e+00  0.000000e+00
     vertex  2.137383e+01  1.034035e+01  0.000000e+00
     vertex  2.137798e+01  1.035324e+01  0.000000e+00
   endloop
 endfacet
 facet normal  0.000000e+00  0.000000e+00 -1.000000e+00
   outer loop
     vertex  3.700000e+01  5.900000e+00  0.000000e+00
     vertex  2.137798e+01  1.035324e+01  0.000000e+00
     vertex  2.138177e+01  1.036624e+01  0.000000e+00
   endloop
 endfacet
 facet normal  0.000000e+00  0.000000e+00 -1.000000e+00
   outer loop
     vertex  3.700000e+01  5.900000e+00  0.000000e+00
     vertex  2.138177e+01  1.036624e+01  0.000000e+00
     vertex  2.138522e+01  1.037933e+01  0.000000e+00
   endloop
 endfacet
 facet normal  0.000000e+00  0.000000e+00 -1.000000e+00
   outer loop
     vertex  3.700000e+01  5.900000e+00  0.000000e+00
     vertex  2.138522e+01  1.037933e+01  0.000000e+00
     vertex  2.138831e+01  1.039251e+01  0.000000e+00
   endloop
 endfacet
 facet normal  0.000000e+00  0.000000e+00 -1.000000e+00
   outer loop
     vertex  3.700000e+01  5.900000e+00  0.000000e+00
     vertex  2.138831e+01  1.039251e+01  0.000000e+00
     vertex  2.139104e+01  1.040578e+01  0.000000e+00
   endloop
 endfacet
 facet normal  0.000000e+00  0.000000e+00 -1.000000e+00
   outer loop
     vertex  3.700000e+01  5.900000e+00  0.000000e+00
     vertex  2.139104e+01  1.040578e+01  0.000000e+00
     vertex  2.139341e+01  1.041911e+01  0.000000e+00
   endloop
 endfacet
 facet normal  0.000000e+00  0.000000e+00 -1.000000e+00
   outer loop
     vertex  3.700000e+01  5.900000e+00  0.000000e+00
     vertex  2.139341e+01  1.041911e+01  0.000000e+00
     vertex  2.139542e+01  1.043250e+01  0.000000e+00
   endloop
 endfacet
 facet normal  0.000000e+00  0.000000e+00 -1.000000e+00
   outer loop
     vertex  3.700000e+01  5.900000e+00  0.000000e+00
     vertex  2.139542e+01  1.043250e+01  0.000000e+00
     vertex  2.139707e+01  1.044594e+01  0.000000e+00
   endloop
 endfacet
 facet normal  0.000000e+00  0.000000e+00 -1.000000e+00
   outer loop
     vertex  3.700000e+01  5.900000e+00  0.000000e+00
     vertex  2.139707e+01  1.044594e+01  0.000000e+00
     vertex  2.139835e+01  1.045942e+01  0.000000e+00
   endloop
 endfacet
 facet normal  0.000000e+00  0.000000e+00 -1.000000e+00
   outer loop
     vertex  3.700000e+01  5.900000e+00  0.000000e+00
     vertex  2.139835e+01  1.045942e+01  0.000000e+00
     vertex  2.139927e+01  1.047293e+01  0.000000e+00
   endloop
 endfacet
 facet normal  0.000000e+00  0.000000e+00 -1.000000e+00
   outer loop
     vertex  3.700000e+01  5.900000e+00  0.000000e+00
     vertex  2.139927e+01  1.047293e+01  0.000000e+00
     vertex  2.139982e+01  1.048646e+01  0.000000e+00
   endloop
 endfacet
 facet normal  0.000000e+00  0.000000e+00 -1.000000e+00
   outer loop
     vertex  3.700000e+01  5.900000e+00  0.000000e+00
     vertex  2.139982e+01  1.048646e+01  0.000000e+00
     vertex  2.140000e+01  1.050000e+01  0.000000e+00
   endloop
 endfacet
 facet normal  0.000000e+00  0.000000e+00 -1.000000e+00
   outer loop
     vertex  2.090000e+01  2.240000e+01  0.000000e+00
     vertex  9.500000e+00  2.240000e+01  0.000000e+00
     vertex  3.000000e+00  3.400000e+01  0.000000e+00
   endloop
 endfacet
 facet normal  0.000000e+00  0.000000e+00 -1.000000e+00
   outer loop
     vertex  2.140000e+01  2.190000e+01  0.000000e+00
     vertex  3.700000e+01  5.900000e+00  0.000000e+00
     vertex  2.140000e+01  1.050000e+01  0.000000e+00
   endloop
 endfacet
 facet normal  0.000000e+00  0.000000e+00 -1.000000e+00
   outer loop
     vertex  2.091354e+01  2.239982e+01  0.000000e+00
     vertex  2.090000e+01  2.240000e+01  0.000000e+00
     vertex  3.000000e+00  3.400000e+01  0.000000e+00
   endloop
 endfacet
 facet normal  0.000000e+00  0.000000e+00 -1.000000e+00
   outer loop
     vertex  2.092707e+01  2.239927e+01  0.000000e+00
     vertex  2.091354e+01  2.239982e+01  0.000000e+00
     vertex  3.000000e+00  3.400000e+01  0.000000e+00
   endloop
 endfacet
 facet normal  0.000000e+00  0.000000e+00 -1.000000e+00
   outer loop
     vertex  2.094058e+01  2.239835e+01  0.000000e+00
     vertex  2.092707e+01  2.239927e+01  0.000000e+00
     vertex  3.000000e+00  3.400000e+01  0.000000e+00
   endloop
 endfacet
 facet normal  0.000000e+00  0.000000e+00 -1.000000e+00
   outer loop
     vertex  6.300000e+01 -4.440892e-16  0.000000e+00
     vertex  3.740000e+01  5.500000e+00  0.000000e+00
     vertex  5.520000e+01  5.500000e+00  0.000000e+00
   endloop
 endfacet
 facet normal  0.000000e+00  0.000000e+00 -1.000000e+00
   outer loop
     vertex  6.300000e+01 -4.440892e-16  0.000000e+00
     vertex  3.737834e+01  5.500587e+00  0.000000e+00
     vertex  3.738917e+01  5.500147e+00  0.000000e+00
   endloop
 endfacet
 facet normal  0.000000e+00  0.000000e+00 -1.000000e+00
   outer loop
     vertex  6.300000e+01 -4.440892e-16  0.000000e+00
     vertex  3.738917e+01  5.500147e+00  0.000000e+00
     vertex  3.740000e+01  5.500000e+00  0.000000e+00
   endloop
 endfacet
 facet normal  0.000000e+00  0.000000e+00 -1.000000e+00
   outer loop
     vertex  6.300000e+01 -4.440892e-16  0.000000e+00
     vertex  5.520000e+01  5.500000e+00  0.000000e+00
     vertex  5.521083e+01  5.500147e+00  0.000000e+00
   endloop
 endfacet
 facet normal  0.000000e+00  0.000000e+00 -1.000000e+00
   outer loop
     vertex  6.300000e+01 -4.440892e-16  0.000000e+00
     vertex  5.521083e+01  5.500147e+00  0.000000e+00
     vertex  5.522166e+01  5.500587e+00  0.000000e+00
   endloop
 endfacet
 facet normal  0.000000e+00  0.000000e+00 -1.000000e+00
   outer loop
     vertex  6.300000e+01 -4.440892e-16  0.000000e+00
     vertex  5.522166e+01  5.500587e+00  0.000000e+00
     vertex  5.523246e+01  5.501320e+00  0.000000e+00
   endloop
 endfacet
 facet normal  0.000000e+00  0.000000e+00 -1.000000e+00
   outer loop
     vertex  6.300000e+01 -4.440892e-16  0.000000e+00
     vertex  5.523246e+01  5.501320e+00  0.000000e+00
     vertex  5.524325e+01  5.502345e+00  0.000000e+00
   endloop
 endfacet
 facet normal  0.000000e+00  0.000000e+00 -1.000000e+00
   outer loop
     vertex  6.300000e+01 -4.440892e-16  0.000000e+00
     vertex  5.524325e+01  5.502345e+00  0.000000e+00
     vertex  5.525400e+01  5.503662e+00  0.000000e+00
   endloop
 endfacet
 facet normal  0.000000e+00  0.000000e+00 -1.000000e+00
   outer loop
     vertex  6.300000e+01 -4.440892e-16  0.000000e+00
     vertex  5.525400e+01  5.503662e+00  0.000000e+00
     vertex  5.526471e+01  5.505269e+00  0.000000e+00
   endloop
 endfacet
 facet normal  0.000000e+00  0.000000e+00 -1.000000e+00
   outer loop
     vertex  6.300000e+01 -4.440892e-16  0.000000e+00
     vertex  5.526471e+01  5.505269e+00  0.000000e+00
     vertex  5.527538e+01  5.507167e+00  0.000000e+00
   endloop
 endfacet
 facet normal  0.000000e+00  0.000000e+00 -1.000000e+00
   outer loop
     vertex  6.300000e+01 -4.440892e-16  0.000000e+00
     vertex  5.527538e+01  5.507167e+00  0.000000e+00
     vertex  5.528599e+01  5.509352e+00  0.000000e+00
   endloop
 endfacet
 facet normal  0.000000e+00  0.000000e+00 -1.000000e+00
   outer loop
     vertex  6.300000e+01 -4.440892e-16  0.000000e+00
     vertex  3.000000e+00 -4.440892e-16  0.000000e+00
     vertex  3.737834e+01  5.500587e+00  0.000000e+00
   endloop
 endfacet
 facet normal  0.000000e+00  0.000000e+00 -1.000000e+00
   outer loop
     vertex  6.300000e+01 -4.440892e-16  0.000000e+00
     vertex  5.528599e+01  5.509352e+00  0.000000e+00
     vertex  5.529654e+01  5.511824e+00  0.000000e+00
   endloop
 endfacet
 facet normal  0.000000e+00  0.000000e+00 -1.000000e+00
   outer loop
     vertex  6.300000e+01 -4.440892e-16  0.000000e+00
     vertex  5.529654e+01  5.511824e+00  0.000000e+00
     vertex  5.530701e+01  5.514580e+00  0.000000e+00
   endloop
 endfacet
 facet normal  0.000000e+00  0.000000e+00 -1.000000e+00
   outer loop
     vertex  6.300000e+01 -4.440892e-16  0.000000e+00
     vertex  5.530701e+01  5.514580e+00  0.000000e+00
     vertex  5.531741e+01  5.517619e+00  0.000000e+00
   endloop
 endfacet
 facet normal  0.000000e+00  0.000000e+00 -1.000000e+00
   outer loop
     vertex  6.300000e+01 -4.440892e-16  0.000000e+00
     vertex  5.531741e+01  5.517619e+00  0.000000e+00
     vertex  5.532772e+01  5.520939e+00  0.000000e+00
   endloop
 endfacet
 facet normal  0.000000e+00  0.000000e+00 -1.000000e+00
   outer loop
     vertex  6.300000e+01 -4.440892e-16  0.000000e+00
     vertex  5.532772e+01  5.520939e+00  0.000000e+00
     vertex  5.533794e+01  5.524536e+00  0.000000e+00
   endloop
 endfacet
 facet normal  0.000000e+00  0.000000e+00 -1.000000e+00
   outer loop
     vertex  6.300000e+01 -4.440892e-16  0.000000e+00
     vertex  5.533794e+01  5.524536e+00  0.000000e+00
     vertex  5.534806e+01  5.528409e+00  0.000000e+00
   endloop
 endfacet
 facet normal  0.000000e+00  0.000000e+00 -1.000000e+00
   outer loop
     vertex  6.300000e+01 -4.440892e-16  0.000000e+00
     vertex  5.534806e+01  5.528409e+00  0.000000e+00
     vertex  5.535806e+01  5.532555e+00  0.000000e+00
   endloop
 endfacet
 facet normal  0.000000e+00  0.000000e+00 -1.000000e+00
   outer loop
     vertex  6.300000e+01 -4.440892e-16  0.000000e+00
     vertex  5.535806e+01  5.532555e+00  0.000000e+00
     vertex  5.536796e+01  5.536970e+00  0.000000e+00
   endloop
 endfacet
 facet normal  0.000000e+00  0.000000e+00 -1.000000e+00
   outer loop
     vertex  6.300000e+01 -4.440892e-16  0.000000e+00
     vertex  5.536796e+01  5.536970e+00  0.000000e+00
     vertex  5.537772e+01  5.541651e+00  0.000000e+00
   endloop
 endfacet
 facet normal  0.000000e+00  0.000000e+00 -1.000000e+00
   outer loop
     vertex  6.300000e+01 -4.440892e-16  0.000000e+00
     vertex  5.537772e+01  5.541651e+00  0.000000e+00
     vertex  5.538736e+01  5.546595e+00  0.000000e+00
   endloop
 endfacet
 facet normal  0.000000e+00  0.000000e+00 -1.000000e+00
   outer loop
     vertex  6.300000e+01 -4.440892e-16  0.000000e+00
     vertex  5.538736e+01  5.546595e+00  0.000000e+00
     vertex  5.539686e+01  5.551798e+00  0.000000e+00
   endloop
 endfacet
 facet normal  0.000000e+00  0.000000e+00 -1.000000e+00
   outer loop
     vertex  6.300000e+01 -4.440892e-16  0.000000e+00
     vertex  5.539686e+01  5.551798e+00  0.000000e+00
     vertex  5.540622e+01  5.557257e+00  0.000000e+00
   endloop
 endfacet
 facet normal  0.000000e+00  0.000000e+00 -1.000000e+00
   outer loop
     vertex  6.300000e+01 -4.440892e-16  0.000000e+00
     vertex  5.540622e+01  5.557257e+00  0.000000e+00
     vertex  5.541543e+01  5.562967e+00  0.000000e+00
   endloop
 endfacet
 facet normal  0.000000e+00  0.000000e+00 -1.000000e+00
   outer loop
     vertex  6.300000e+01 -4.440892e-16  0.000000e+00
     vertex  5.541543e+01  5.562967e+00  0.000000e+00
     vertex  5.542447e+01  5.568924e+00  0.000000e+00
   endloop
 endfacet
 facet normal  0.000000e+00  0.000000e+00 -1.000000e+00
   outer loop
     vertex  6.300000e+01 -4.440892e-16  0.000000e+00
     vertex  5.542447e+01  5.568924e+00  0.000000e+00
     vertex  5.543336e+01  5.575124e+00  0.000000e+00
   endloop
 endfacet
 facet normal  0.000000e+00  0.000000e+00 -1.000000e+00
   outer loop
     vertex  6.300000e+01 -4.440892e-16  0.000000e+00
     vertex  5.543336e+01  5.575124e+00  0.000000e+00
     vertex  5.544207e+01  5.581563e+00  0.000000e+00
   endloop
 endfacet
 facet normal  0.000000e+00  0.000000e+00 -1.000000e+00
   outer loop
     vertex  6.300000e+01 -4.440892e-16  0.000000e+00
     vertex  5.544207e+01  5.581563e+00  0.000000e+00
     vertex  5.545060e+01  5.588235e+00  0.000000e+00
   endloop
 endfacet
 facet normal  0.000000e+00  0.000000e+00 -1.000000e+00
   outer loop
     vertex  6.300000e+01 -4.440892e-16  0.000000e+00
     vertex  5.545060e+01  5.588235e+00  0.000000e+00
     vertex  5.545895e+01  5.595135e+00  0.000000e+00
   endloop
 endfacet
 facet normal  0.000000e+00  0.000000e+00 -1.000000e+00
   outer loop
     vertex  6.300000e+01 -4.440892e-16  0.000000e+00
     vertex  5.545895e+01  5.595135e+00  0.000000e+00
     vertex  5.546712e+01  5.602259e+00  0.000000e+00
   endloop
 endfacet
 facet normal  0.000000e+00  0.000000e+00 -1.000000e+00
   outer loop
     vertex  6.300000e+01 -4.440892e-16  0.000000e+00
     vertex  5.546712e+01  5.602259e+00  0.000000e+00
     vertex  5.547508e+01  5.609602e+00  0.000000e+00
   endloop
 endfacet
 facet normal  0.000000e+00  0.000000e+00 -1.000000e+00
   outer loop
     vertex  6.300000e+01 -4.440892e-16  0.000000e+00
     vertex  5.547508e+01  5.609602e+00  0.000000e+00
     vertex  5.548284e+01  5.617157e+00  0.000000e+00
   endloop
 endfacet
 facet normal  0.000000e+00  0.000000e+00 -1.000000e+00
   outer loop
     vertex  6.300000e+01 -4.440892e-16  0.000000e+00
     vertex  5.548284e+01  5.617157e+00  0.000000e+00
     vertex  5.549040e+01  5.624920e+00  0.000000e+00
   endloop
 endfacet
 facet normal  0.000000e+00  0.000000e+00 -1.000000e+00
   outer loop
     vertex  6.300000e+01 -4.440892e-16  0.000000e+00
     vertex  5.549040e+01  5.624920e+00  0.000000e+00
     vertex  5.549774e+01  5.632885e+00  0.000000e+00
   endloop
 endfacet
 facet normal  0.000000e+00  0.000000e+00 -1.000000e+00
   outer loop
     vertex  6.300000e+01 -4.440892e-16  0.000000e+00
     vertex  5.549774e+01  5.632885e+00  0.000000e+00
     vertex  5.550486e+01  5.641045e+00  0.000000e+00
   endloop
 endfacet
 facet normal  0.000000e+00  0.000000e+00 -1.000000e+00
   outer loop
     vertex  6.300000e+01 -4.440892e-16  0.000000e+00
     vertex  5.550486e+01  5.641045e+00  0.000000e+00
     vertex  5.551177e+01  5.649396e+00  0.000000e+00
   endloop
 endfacet
 facet normal  0.000000e+00  0.000000e+00 -1.000000e+00
   outer loop
     vertex  6.300000e+01 -4.440892e-16  0.000000e+00
     vertex  5.551177e+01  5.649396e+00  0.000000e+00
     vertex  5.551844e+01  5.657930e+00  0.000000e+00
   endloop
 endfacet
 facet normal  0.000000e+00  0.000000e+00 -1.000000e+00
   outer loop
     vertex  6.300000e+01 -4.440892e-16  0.000000e+00
     vertex  5.551844e+01  5.657930e+00  0.000000e+00
     vertex  5.552488e+01  5.666642e+00  0.000000e+00
   endloop
 endfacet
 facet normal  0.000000e+00  0.000000e+00 -1.000000e+00
   outer loop
     vertex  6.300000e+01 -4.440892e-16  0.000000e+00
     vertex  5.552488e+01  5.666642e+00  0.000000e+00
     vertex  5.553108e+01  5.675525e+00  0.000000e+00
   endloop
 endfacet
 facet normal  0.000000e+00  0.000000e+00 -1.000000e+00
   outer loop
     vertex  6.300000e+01 -4.440892e-16  0.000000e+00
     vertex  5.553108e+01  5.675525e+00  0.000000e+00
     vertex  5.553703e+01  5.684573e+00  0.000000e+00
   endloop
 endfacet
 facet normal  0.000000e+00  0.000000e+00 -1.000000e+00
   outer loop
     vertex  6.300000e+01 -4.440892e-16  0.000000e+00
     vertex  5.553703e+01  5.684573e+00  0.000000e+00
     vertex  5.554274e+01  5.693778e+00  0.000000e+00
   endloop
 endfacet
 facet normal  0.000000e+00  0.000000e+00 -1.000000e+00
   outer loop
     vertex  6.300000e+01 -4.440892e-16  0.000000e+00
     vertex  5.554274e+01  5.693778e+00  0.000000e+00
     vertex  5.554820e+01  5.703135e+00  0.000000e+00
   endloop
 endfacet
 facet normal  0.000000e+00  0.000000e+00 -1.000000e+00
   outer loop
     vertex  6.300000e+01 -4.440892e-16  0.000000e+00
     vertex  5.554820e+01  5.703135e+00  0.000000e+00
     vertex  5.555340e+01  5.712637e+00  0.000000e+00
   endloop
 endfacet
 facet normal  0.000000e+00  0.000000e+00 -1.000000e+00
   outer loop
     vertex  6.300000e+01 -4.440892e-16  0.000000e+00
     vertex  5.555340e+01  5.712637e+00  0.000000e+00
     vertex  5.555835e+01  5.722275e+00  0.000000e+00
   endloop
 endfacet
 facet normal  0.000000e+00  0.000000e+00 -1.000000e+00
   outer loop
     vertex  6.300000e+01 -4.440892e-16  0.000000e+00
     vertex  5.555835e+01  5.722275e+00  0.000000e+00
     vertex  5.556303e+01  5.732044e+00  0.000000e+00
   endloop
 endfacet
 facet normal  0.000000e+00  0.000000e+00 -1.000000e+00
   outer loop
     vertex  6.300000e+01 -4.440892e-16  0.000000e+00
     vertex  5.556303e+01  5.732044e+00  0.000000e+00
     vertex  5.556745e+01  5.741937e+00  0.000000e+00
   endloop
 endfacet
 facet normal  0.000000e+00  0.000000e+00 -1.000000e+00
   outer loop
     vertex  6.300000e+01 -4.440892e-16  0.000000e+00
     vertex  5.556745e+01  5.741937e+00  0.000000e+00
     vertex  5.557159e+01  5.751945e+00  0.000000e+00
   endloop
 endfacet
 facet normal  0.000000e+00  0.000000e+00 -1.000000e+00
   outer loop
     vertex  6.300000e+01 -4.440892e-16  0.000000e+00
     vertex  5.557159e+01  5.751945e+00  0.000000e+00
     vertex  5.557546e+01  5.762061e+00  0.000000e+00
   endloop
 endfacet
 facet normal  0.000000e+00  0.000000e+00 -1.000000e+00
   outer loop
     vertex  6.300000e+01 -4.440892e-16  0.000000e+00
     vertex  5.557546e+01  5.762061e+00  0.000000e+00
     vertex  5.557906e+01  5.772279e+00  0.000000e+00
   endloop
 endfacet
 facet normal  0.000000e+00  0.000000e+00 -1.000000e+00
   outer loop
     vertex  6.300000e+01 -4.440892e-16  0.000000e+00
     vertex  5.557906e+01  5.772279e+00  0.000000e+00
     vertex  5.558238e+01  5.782591e+00  0.000000e+00
   endloop
 endfacet
 facet normal  0.000000e+00  0.000000e+00 -1.000000e+00
   outer loop
     vertex  6.300000e+01 -4.440892e-16  0.000000e+00
     vertex  5.558238e+01  5.782591e+00  0.000000e+00
     vertex  5.558542e+01  5.792989e+00  0.000000e+00
   endloop
 endfacet
 facet normal  0.000000e+00  0.000000e+00 -1.000000e+00
   outer loop
     vertex  6.300000e+01 -4.440892e-16  0.000000e+00
     vertex  5.558542e+01  5.792989e+00  0.000000e+00
     vertex  5.558818e+01  5.803465e+00  0.000000e+00
   endloop
 endfacet
 facet normal  0.000000e+00  0.000000e+00 -1.000000e+00
   outer loop
     vertex  6.300000e+01 -4.440892e-16  0.000000e+00
     vertex  5.558818e+01  5.803465e+00  0.000000e+00
     vertex  5.559065e+01  5.814012e+00  0.000000e+00
   endloop
 endfacet
 facet normal  0.000000e+00  0.000000e+00 -1.000000e+00
   outer loop
     vertex  6.300000e+01 -4.440892e-16  0.000000e+00
     vertex  5.559065e+01  5.814012e+00  0.000000e+00
     vertex  5.559283e+01  5.824622e+00  0.000000e+00
   endloop
 endfacet
 facet normal  0.000000e+00  0.000000e+00 -1.000000e+00
   outer loop
     vertex  6.300000e+01 -4.440892e-16  0.000000e+00
     vertex  5.559283e+01  5.824622e+00  0.000000e+00
     vertex  5.559473e+01  5.835287e+00  0.000000e+00
   endloop
 endfacet
 facet normal  0.000000e+00  0.000000e+00 -1.000000e+00
   outer loop
     vertex  6.316242e+01  4.399758e-03  0.000000e+00
     vertex  6.308124e+01  1.100141e-03  0.000000e+00
     vertex  6.300000e+01 -4.440892e-16  0.000000e+00
   endloop
 endfacet
 facet normal  0.000000e+00  0.000000e+00 -1.000000e+00
   outer loop
     vertex  6.332436e+01  1.758613e-02  0.000000e+00
     vertex  6.324348e+01  9.896431e-03  0.000000e+00
     vertex  6.316242e+01  4.399758e-03  0.000000e+00
   endloop
 endfacet
 facet normal  0.000000e+00  0.000000e+00 -1.000000e+00
   outer loop
     vertex  6.340500e+01  2.746321e-02  0.000000e+00
     vertex  6.316242e+01  4.399758e-03  0.000000e+00
     vertex  6.300000e+01 -4.440892e-16  0.000000e+00
   endloop
 endfacet
 facet normal  0.000000e+00  0.000000e+00 -1.000000e+00
   outer loop
     vertex  6.340500e+01  2.746321e-02  0.000000e+00
     vertex  6.332436e+01  1.758613e-02  0.000000e+00
     vertex  6.316242e+01  4.399758e-03  0.000000e+00
   endloop
 endfacet
 facet normal  0.000000e+00  0.000000e+00 -1.000000e+00
   outer loop
     vertex  6.356534e+01  5.374895e-02  0.000000e+00
     vertex  6.348535e+01  3.952043e-02  0.000000e+00
     vertex  6.340500e+01  2.746321e-02  0.000000e+00
   endloop
 endfacet
 facet normal  0.000000e+00  0.000000e+00 -1.000000e+00
   outer loop
     vertex  6.356534e+01  5.374895e-02  0.000000e+00
     vertex  6.340500e+01  2.746321e-02  0.000000e+00
     vertex  6.300000e+01 -4.440892e-16  0.000000e+00
   endloop
 endfacet
 facet normal  0.000000e+00  0.000000e+00 -1.000000e+00
   outer loop
     vertex  6.364491e+01  7.013833e-02  0.000000e+00
     vertex  6.356534e+01  5.374895e-02  0.000000e+00
     vertex  6.300000e+01 -4.440892e-16  0.000000e+00
   endloop
 endfacet
 facet normal  0.000000e+00  0.000000e+00 -1.000000e+00
   outer loop
     vertex  6.380259e+01  1.093500e-01  0.000000e+00
     vertex  6.372401e+01  8.867656e-02  0.000000e+00
     vertex  6.364491e+01  7.013833e-02  0.000000e+00
   endloop
 endfacet
 facet normal  0.000000e+00  0.000000e+00 -1.000000e+00
   outer loop
     vertex  6.395790e+01  1.570405e-01  0.000000e+00
     vertex  6.388057e+01  1.321436e-01  0.000000e+00
     vertex  6.380259e+01  1.093500e-01  0.000000e+00
   endloop
 endfacet
 facet normal  0.000000e+00 -0.000000e+00 -1.000000e+00
   outer loop
     vertex  3.700000e+01  2.720000e+01  0.000000e+00
     vertex  3.700000e+01  5.900000e+00  0.000000e+00
     vertex  2.140000e+01  2.190000e+01  0.000000e+00
   endloop
 endfacet
 facet normal  0.000000e+00  0.000000e+00 -1.000000e+00
   outer loop
     vertex  3.700000e+01  2.720000e+01  0.000000e+00
     vertex  2.140000e+01  2.190000e+01  0.000000e+00
     vertex  2.139982e+01  2.191354e+01  0.000000e+00
   endloop
 endfacet
 facet normal  0.000000e+00  0.000000e+00 -1.000000e+00
   outer loop
     vertex  3.700000e+01  2.720000e+01  0.000000e+00
     vertex  2.139982e+01  2.191354e+01  0.000000e+00
     vertex  2.139927e+01  2.192707e+01  0.000000e+00
   endloop
 endfacet
 facet normal  0.000000e+00  0.000000e+00 -1.000000e+00
   outer loop
     vertex  3.700000e+01  2.720000e+01  0.000000e+00
     vertex  2.139927e+01  2.192707e+01  0.000000e+00
     vertex  2.139835e+01  2.194058e+01  0.000000e+00
   endloop
 endfacet
 facet normal  0.000000e+00  0.000000e+00 -1.000000e+00
   outer loop
     vertex  3.700000e+01  2.720000e+01  0.000000e+00
     vertex  2.139835e+01  2.194058e+01  0.000000e+00
     vertex  2.139707e+01  2.195406e+01  0.000000e+00
   endloop
 endfacet
 facet normal  0.000000e+00  0.000000e+00 -1.000000e+00
   outer loop
     vertex  3.700000e+01  2.720000e+01  0.000000e+00
     vertex  2.139707e+01  2.195406e+01  0.000000e+00
     vertex  2.139542e+01  2.196750e+01  0.000000e+00
   endloop
 endfacet
 facet normal  0.000000e+00  0.000000e+00 -1.000000e+00
   outer loop
     vertex  3.700000e+01  2.720000e+01  0.000000e+00
     vertex  2.139542e+01  2.196750e+01  0.000000e+00
     vertex  2.139341e+01  2.198089e+01  0.000000e+00
   endloop
 endfacet
 facet normal  0.000000e+00  0.000000e+00 -1.000000e+00
   outer loop
     vertex  3.700000e+01  2.720000e+01  0.000000e+00
     vertex  2.139341e+01  2.198089e+01  0.000000e+00
     vertex  2.139104e+01  2.199422e+01  0.000000e+00
   endloop
 endfacet
 facet normal  0.000000e+00  0.000000e+00 -1.000000e+00
   outer loop
     vertex  3.700000e+01  2.720000e+01  0.000000e+00
     vertex  2.139104e+01  2.199422e+01  0.000000e+00
     vertex  2.138831e+01  2.200749e+01  0.000000e+00
   endloop
 endfacet
 facet normal  0.000000e+00  0.000000e+00 -1.000000e+00
   outer loop
     vertex  3.700000e+01  2.720000e+01  0.000000e+00
     vertex  2.138831e+01  2.200749e+01  0.000000e+00
     vertex  2.138522e+01  2.202067e+01  0.000000e+00
   endloop
 endfacet
 facet normal  0.000000e+00  0.000000e+00 -1.000000e+00
   outer loop
     vertex  3.700000e+01  2.720000e+01  0.000000e+00
     vertex  2.138522e+01  2.202067e+01  0.000000e+00
     vertex  2.138177e+01  2.203376e+01  0.000000e+00
   endloop
 endfacet
 facet normal  0.000000e+00  0.000000e+00 -1.000000e+00
   outer loop
     vertex  3.700000e+01  2.720000e+01  0.000000e+00
     vertex  2.138177e+01  2.203376e+01  0.000000e+00
     vertex  2.137798e+01  2.204676e+01  0.000000e+00
   endloop
 endfacet
 facet normal  0.000000e+00  0.000000e+00 -1.000000e+00
   outer loop
     vertex  3.700000e+01  2.720000e+01  0.000000e+00
     vertex  2.137798e+01  2.204676e+01  0.000000e+00
     vertex  2.137383e+01  2.205965e+01  0.000000e+00
   endloop
 endfacet
 facet normal  0.000000e+00  0.000000e+00 -1.000000e+00
   outer loop
     vertex  3.700000e+01  2.720000e+01  0.000000e+00
     vertex  2.137383e+01  2.205965e+01  0.000000e+00
     vertex  2.136933e+01  2.207242e+01  0.000000e+00
   endloop
 endfacet
 facet normal  0.000000e+00  0.000000e+00 -1.000000e+00
   outer loop
     vertex  3.700000e+01  2.720000e+01  0.000000e+00
     vertex  2.136933e+01  2.207242e+01  0.000000e+00
     vertex  2.136449e+01  2.208507e+01  0.000000e+00
   endloop
 endfacet
 facet normal  0.000000e+00  0.000000e+00 -1.000000e+00
   outer loop
     vertex  3.700000e+01  2.720000e+01  0.000000e+00
     vertex  2.136449e+01  2.208507e+01  0.000000e+00
     vertex  2.135931e+01  2.209758e+01  0.000000e+00
   endloop
 endfacet
 facet normal  0.000000e+00  0.000000e+00 -1.000000e+00
   outer loop
     vertex  3.700000e+01  2.720000e+01  0.000000e+00
     vertex  2.135931e+01  2.209758e+01  0.000000e+00
     vertex  2.135379e+01  2.210994e+01  0.000000e+00
   endloop
 endfacet
 facet normal  0.000000e+00  0.000000e+00 -1.000000e+00
   outer loop
     vertex  3.700000e+01  2.720000e+01  0.000000e+00
     vertex  2.135379e+01  2.210994e+01  0.000000e+00
     vertex  2.134794e+01  2.212216e+01  0.000000e+00
   endloop
 endfacet
 facet normal  0.000000e+00  0.000000e+00 -1.000000e+00
   outer loop
     vertex  3.700000e+01  2.720000e+01  0.000000e+00
     vertex  2.134794e+01  2.212216e+01  0.000000e+00
     vertex  2.134176e+01  2.213420e+01  0.000000e+00
   endloop
 endfacet
 facet normal  0.000000e+00  0.000000e+00 -1.000000e+00
   outer loop
     vertex  3.700000e+01  2.720000e+01  0.000000e+00
     vertex  2.134176e+01  2.213420e+01  0.000000e+00
     vertex  2.133525e+01  2.214608e+01  0.000000e+00
   endloop
 endfacet
 facet normal  0.000000e+00  0.000000e+00 -1.000000e+00
   outer loop
     vertex  3.700000e+01  2.720000e+01  0.000000e+00
     vertex  2.133525e+01  2.214608e+01  0.000000e+00
     vertex  2.132843e+01  2.215778e+01  0.000000e+00
   endloop
 endfacet
 facet normal  0.000000e+00  0.000000e+00 -1.000000e+00
   outer loop
     vertex  3.700000e+01  2.720000e+01  0.000000e+00
     vertex  2.132843e+01  2.215778e+01  0.000000e+00
     vertex  2.132129e+01  2.216928e+01  0.000000e+00
   endloop
 endfacet
 facet normal  0.000000e+00  0.000000e+00 -1.000000e+00
   outer loop
     vertex  3.700000e+01  2.720000e+01  0.000000e+00
     vertex  2.132129e+01  2.216928e+01  0.000000e+00
     vertex  2.131384e+01  2.218059e+01  0.000000e+00
   endloop
 endfacet
 facet normal  0.000000e+00  0.000000e+00 -1.000000e+00
   outer loop
     vertex  3.700000e+01  2.720000e+01  0.000000e+00
     vertex  2.131384e+01  2.218059e+01  0.000000e+00
     vertex  2.130609e+01  2.219170e+01  0.000000e+00
   endloop
 endfacet
 facet normal  0.000000e+00  0.000000e+00 -1.000000e+00
   outer loop
     vertex  3.700015e+01  2.721083e+01  0.000000e+00
     vertex  3.700000e+01  2.720000e+01  0.000000e+00
     vertex  2.130609e+01  2.219170e+01  0.000000e+00
   endloop
 endfacet
 facet normal  0.000000e+00  0.000000e+00 -1.000000e+00
   outer loop
     vertex  3.700015e+01  2.721083e+01  0.000000e+00
     vertex  2.130609e+01  2.219170e+01  0.000000e+00
     vertex  2.129805e+01  2.220259e+01  0.000000e+00
   endloop
 endfacet
 facet normal  0.000000e+00  0.000000e+00 -1.000000e+00
   outer loop
     vertex  6.403454e+01  1.840225e-01  0.000000e+00
     vertex  6.380259e+01  1.093500e-01  0.000000e+00
     vertex  6.364491e+01  7.013833e-02  0.000000e+00
   endloop
 endfacet
 facet normal  0.000000e+00  0.000000e+00 -1.000000e+00
   outer loop
     vertex  6.403454e+01  1.840225e-01  0.000000e+00
     vertex  6.395790e+01  1.570405e-01  0.000000e+00
     vertex  6.380259e+01  1.093500e-01  0.000000e+00
   endloop
 endfacet
 facet normal  0.000000e+00  0.000000e+00 -1.000000e+00
   outer loop
     vertex  3.700059e+01  2.722166e+01  0.000000e+00
     vertex  3.700015e+01  2.721083e+01  0.000000e+00
     vertex  2.129805e+01  2.220259e+01  0.000000e+00
   endloop
 endfacet
 facet normal  0.000000e+00  0.000000e+00 -1.000000e+00
   outer loop
     vertex  3.700059e+01  2.722166e+01  0.000000e+00
     vertex  2.129805e+01  2.220259e+01  0.000000e+00
     vertex  2.128971e+01  2.221325e+01  0.000000e+00
   endloop
 endfacet
 facet normal  0.000000e+00  0.000000e+00 -1.000000e+00
   outer loop
     vertex  3.700132e+01  2.723246e+01  0.000000e+00
     vertex  3.700059e+01  2.722166e+01  0.000000e+00
     vertex  2.128971e+01  2.221325e+01  0.000000e+00
   endloop
 endfacet
 facet normal  0.000000e+00  0.000000e+00 -1.000000e+00
   outer loop
     vertex  3.700132e+01  2.723246e+01  0.000000e+00
     vertex  2.128971e+01  2.221325e+01  0.000000e+00
     vertex  2.128108e+01  2.222369e+01  0.000000e+00
   endloop
 endfacet
 facet normal  0.000000e+00  0.000000e+00 -1.000000e+00
   outer loop
     vertex  3.700234e+01  2.724325e+01  0.000000e+00
     vertex  3.700132e+01  2.723246e+01  0.000000e+00
     vertex  2.128108e+01  2.222369e+01  0.000000e+00
   endloop
 endfacet
 facet normal  0.000000e+00  0.000000e+00 -1.000000e+00
   outer loop
     vertex  3.700234e+01  2.724325e+01  0.000000e+00
     vertex  2.128108e+01  2.222369e+01  0.000000e+00
     vertex  2.127218e+01  2.223389e+01  0.000000e+00
   endloop
 endfacet
 facet normal  0.000000e+00  0.000000e+00 -1.000000e+00
   outer loop
     vertex  3.700366e+01  2.725400e+01  0.000000e+00
     vertex  3.700234e+01  2.724325e+01  0.000000e+00
     vertex  2.127218e+01  2.223389e+01  0.000000e+00
   endloop
 endfacet
 facet normal  0.000000e+00  0.000000e+00 -1.000000e+00
   outer loop
     vertex  3.700366e+01  2.725400e+01  0.000000e+00
     vertex  2.127218e+01  2.223389e+01  0.000000e+00
     vertex  2.126300e+01  2.224385e+01  0.000000e+00
   endloop
 endfacet
 facet normal  0.000000e+00  0.000000e+00 -1.000000e+00
   outer loop
     vertex  3.700527e+01  2.726471e+01  0.000000e+00
     vertex  3.700366e+01  2.725400e+01  0.000000e+00
     vertex  2.126300e+01  2.224385e+01  0.000000e+00
   endloop
 endfacet
 facet normal  0.000000e+00  0.000000e+00 -1.000000e+00
   outer loop
     vertex  3.700527e+01  2.726471e+01  0.000000e+00
     vertex  2.126300e+01  2.224385e+01  0.000000e+00
     vertex  2.125355e+01  2.225355e+01  0.000000e+00
   endloop
 endfacet
 facet normal  0.000000e+00  0.000000e+00 -1.000000e+00
   outer loop
     vertex  3.700717e+01  2.727538e+01  0.000000e+00
     vertex  3.700527e+01  2.726471e+01  0.000000e+00
     vertex  2.125355e+01  2.225355e+01  0.000000e+00
   endloop
 endfacet
 facet normal  0.000000e+00  0.000000e+00 -1.000000e+00
   outer loop
     vertex  3.700717e+01  2.727538e+01  0.000000e+00
     vertex  2.125355e+01  2.225355e+01  0.000000e+00
     vertex  2.124385e+01  2.226300e+01  0.000000e+00
   endloop
 endfacet
 facet normal  0.000000e+00  0.000000e+00 -1.000000e+00
   outer loop
     vertex  3.700935e+01  2.728599e+01  0.000000e+00
     vertex  3.700717e+01  2.727538e+01  0.000000e+00
     vertex  2.124385e+01  2.226300e+01  0.000000e+00
   endloop
 endfacet
 facet normal  0.000000e+00  0.000000e+00 -1.000000e+00
   outer loop
     vertex  3.700935e+01  2.728599e+01  0.000000e+00
     vertex  2.124385e+01  2.226300e+01  0.000000e+00
     vertex  2.123389e+01  2.227218e+01  0.000000e+00
   endloop
 endfacet
 facet normal  0.000000e+00  0.000000e+00 -1.000000e+00
   outer loop
     vertex  3.701182e+01  2.729654e+01  0.000000e+00
     vertex  3.700935e+01  2.728599e+01  0.000000e+00
     vertex  2.123389e+01  2.227218e+01  0.000000e+00
   endloop
 endfacet
 facet normal  0.000000e+00  0.000000e+00 -1.000000e+00
   outer loop
     vertex  3.701182e+01  2.729654e+01  0.000000e+00
     vertex  2.123389e+01  2.227218e+01  0.000000e+00
     vertex  2.122369e+01  2.228108e+01  0.000000e+00
   endloop
 endfacet
 facet normal  0.000000e+00  0.000000e+00 -1.000000e+00
   outer loop
     vertex  3.701458e+01  2.730701e+01  0.000000e+00
     vertex  3.701182e+01  2.729654e+01  0.000000e+00
     vertex  2.122369e+01  2.228108e+01  0.000000e+00
   endloop
 endfacet
 facet normal  0.000000e+00  0.000000e+00 -1.000000e+00
   outer loop
     vertex  3.701458e+01  2.730701e+01  0.000000e+00
     vertex  2.122369e+01  2.228108e+01  0.000000e+00
     vertex  2.121325e+01  2.228971e+01  0.000000e+00
   endloop
 endfacet
 facet normal  0.000000e+00  0.000000e+00 -1.000000e+00
   outer loop
     vertex  6.411041e+01  2.130698e-01  0.000000e+00
     vertex  6.364491e+01  7.013833e-02  0.000000e+00
     vertex  6.300000e+01 -4.440892e-16  0.000000e+00
   endloop
 endfacet
 facet normal  0.000000e+00  0.000000e+00 -1.000000e+00
   outer loop
     vertex  6.411041e+01  2.130698e-01  0.000000e+00
     vertex  6.403454e+01  1.840225e-01  0.000000e+00
     vertex  6.364491e+01  7.013833e-02  0.000000e+00
   endloop
 endfacet
 facet normal  0.000000e+00  0.000000e+00 -1.000000e+00
   outer loop
     vertex  3.701762e+01  2.731741e+01  0.000000e+00
     vertex  3.701458e+01  2.730701e+01  0.000000e+00
     vertex  2.121325e+01  2.228971e+01  0.000000e+00
   endloop
 endfacet
 facet normal  0.000000e+00  0.000000e+00 -1.000000e+00
   outer loop
     vertex  3.701762e+01  2.731741e+01  0.000000e+00
     vertex  2.121325e+01  2.228971e+01  0.000000e+00
     vertex  2.120259e+01  2.229805e+01  0.000000e+00
   endloop
 endfacet
 facet normal  0.000000e+00  0.000000e+00 -1.000000e+00
   outer loop
     vertex  3.702094e+01  2.732772e+01  0.000000e+00
     vertex  3.701762e+01  2.731741e+01  0.000000e+00
     vertex  2.120259e+01  2.229805e+01  0.000000e+00
   endloop
 endfacet
 facet normal  0.000000e+00  0.000000e+00 -1.000000e+00
   outer loop
     vertex  3.702094e+01  2.732772e+01  0.000000e+00
     vertex  2.120259e+01  2.229805e+01  0.000000e+00
     vertex  2.119170e+01  2.230609e+01  0.000000e+00
   endloop
 endfacet
 facet normal  0.000000e+00  0.000000e+00 -1.000000e+00
   outer loop
     vertex  3.702454e+01  2.733794e+01  0.000000e+00
     vertex  3.702094e+01  2.732772e+01  0.000000e+00
     vertex  2.119170e+01  2.230609e+01  0.000000e+00
   endloop
 endfacet
 facet normal  0.000000e+00  0.000000e+00 -1.000000e+00
   outer loop
     vertex  3.702454e+01  2.733794e+01  0.000000e+00
     vertex  2.119170e+01  2.230609e+01  0.000000e+00
     vertex  2.118059e+01  2.231384e+01  0.000000e+00
   endloop
 endfacet
 facet normal  0.000000e+00  0.000000e+00 -1.000000e+00
   outer loop
     vertex  3.702841e+01  2.734806e+01  0.000000e+00
     vertex  3.702454e+01  2.733794e+01  0.000000e+00
     vertex  2.118059e+01  2.231384e+01  0.000000e+00
   endloop
 endfacet
 facet normal  0.000000e+00  0.000000e+00 -1.000000e+00
   outer loop
     vertex  3.702841e+01  2.734806e+01  0.000000e+00
     vertex  2.118059e+01  2.231384e+01  0.000000e+00
     vertex  2.116928e+01  2.232129e+01  0.000000e+00
   endloop
 endfacet
 facet normal  0.000000e+00  0.000000e+00 -1.000000e+00
   outer loop
     vertex  3.703255e+01  2.735806e+01  0.000000e+00
     vertex  3.702841e+01  2.734806e+01  0.000000e+00
     vertex  2.116928e+01  2.232129e+01  0.000000e+00
   endloop
 endfacet
 facet normal  0.000000e+00  0.000000e+00 -1.000000e+00
   outer loop
     vertex  3.703255e+01  2.735806e+01  0.000000e+00
     vertex  2.116928e+01  2.232129e+01  0.000000e+00
     vertex  2.115778e+01  2.232843e+01  0.000000e+00
   endloop
 endfacet
 facet normal  0.000000e+00  0.000000e+00 -1.000000e+00
   outer loop
     vertex  3.703697e+01  2.736796e+01  0.000000e+00
     vertex  3.703255e+01  2.735806e+01  0.000000e+00
     vertex  2.115778e+01  2.232843e+01  0.000000e+00
   endloop
 endfacet
 facet normal  0.000000e+00  0.000000e+00 -1.000000e+00
   outer loop
     vertex  3.703697e+01  2.736796e+01  0.000000e+00
     vertex  2.115778e+01  2.232843e+01  0.000000e+00
     vertex  2.114608e+01  2.233525e+01  0.000000e+00
   endloop
 endfacet
 facet normal  0.000000e+00  0.000000e+00 -1.000000e+00
   outer loop
     vertex  3.704165e+01  2.737772e+01  0.000000e+00
     vertex  3.703697e+01  2.736796e+01  0.000000e+00
     vertex  2.114608e+01  2.233525e+01  0.000000e+00
   endloop
 endfacet
 facet normal  0.000000e+00  0.000000e+00 -1.000000e+00
   outer loop
     vertex  3.704165e+01  2.737772e+01  0.000000e+00
     vertex  2.114608e+01  2.233525e+01  0.000000e+00
     vertex  2.113420e+01  2.234176e+01  0.000000e+00
   endloop
 endfacet
 facet normal  0.000000e+00  0.000000e+00 -1.000000e+00
   outer loop
     vertex  3.704660e+01  2.738736e+01  0.000000e+00
     vertex  3.704165e+01  2.737772e+01  0.000000e+00
     vertex  2.113420e+01  2.234176e+01  0.000000e+00
   endloop
 endfacet
 facet normal  0.000000e+00  0.000000e+00 -1.000000e+00
   outer loop
     vertex  3.704660e+01  2.738736e+01  0.000000e+00
     vertex  2.113420e+01  2.234176e+01  0.000000e+00
     vertex  2.112216e+01  2.234794e+01  0.000000e+00
   endloop
 endfacet
 facet normal  0.000000e+00  0.000000e+00 -1.000000e+00
   outer loop
     vertex  3.705180e+01  2.739686e+01  0.000000e+00
     vertex  3.704660e+01  2.738736e+01  0.000000e+00
     vertex  2.112216e+01  2.234794e+01  0.000000e+00
   endloop
 endfacet
 facet normal  0.000000e+00  0.000000e+00 -1.000000e+00
   outer loop
     vertex  3.705180e+01  2.739686e+01  0.000000e+00
     vertex  2.112216e+01  2.234794e+01  0.000000e+00
     vertex  2.110994e+01  2.235379e+01  0.000000e+00
   endloop
 endfacet
 facet normal  0.000000e+00  0.000000e+00 -1.000000e+00
   outer loop
     vertex  3.705726e+01  2.740622e+01  0.000000e+00
     vertex  3.705180e+01  2.739686e+01  0.000000e+00
     vertex  2.110994e+01  2.235379e+01  0.000000e+00
   endloop
 endfacet
 facet normal  0.000000e+00  0.000000e+00 -1.000000e+00
   outer loop
     vertex  3.705726e+01  2.740622e+01  0.000000e+00
     vertex  2.110994e+01  2.235379e+01  0.000000e+00
     vertex  2.109758e+01  2.235931e+01  0.000000e+00
   endloop
 endfacet
 facet normal  0.000000e+00  0.000000e+00 -1.000000e+00
   outer loop
     vertex  3.706297e+01  2.741543e+01  0.000000e+00
     vertex  3.705726e+01  2.740622e+01  0.000000e+00
     vertex  2.109758e+01  2.235931e+01  0.000000e+00
   endloop
 endfacet
 facet normal  0.000000e+00  0.000000e+00 -1.000000e+00
   outer loop
     vertex  3.706297e+01  2.741543e+01  0.000000e+00
     vertex  2.109758e+01  2.235931e+01  0.000000e+00
     vertex  2.108507e+01  2.236449e+01  0.000000e+00
   endloop
 endfacet
 facet normal  0.000000e+00  0.000000e+00 -1.000000e+00
   outer loop
     vertex  3.706892e+01  2.742447e+01  0.000000e+00
     vertex  3.706297e+01  2.741543e+01  0.000000e+00
     vertex  2.108507e+01  2.236449e+01  0.000000e+00
   endloop
 endfacet
 facet normal  0.000000e+00  0.000000e+00 -1.000000e+00
   outer loop
     vertex  3.706892e+01  2.742447e+01  0.000000e+00
     vertex  2.108507e+01  2.236449e+01  0.000000e+00
     vertex  2.107242e+01  2.236933e+01  0.000000e+00
   endloop
 endfacet
 facet normal  0.000000e+00  0.000000e+00 -1.000000e+00
   outer loop
     vertex  3.707512e+01  2.743336e+01  0.000000e+00
     vertex  3.706892e+01  2.742447e+01  0.000000e+00
     vertex  2.107242e+01  2.236933e+01  0.000000e+00
   endloop
 endfacet
 facet normal  0.000000e+00  0.000000e+00 -1.000000e+00
   outer loop
     vertex  3.707512e+01  2.743336e+01  0.000000e+00
     vertex  2.107242e+01  2.236933e+01  0.000000e+00
     vertex  2.105965e+01  2.237383e+01  0.000000e+00
   endloop
 endfacet
 facet normal  0.000000e+00  0.000000e+00 -1.000000e+00
   outer loop
     vertex  3.708156e+01  2.744207e+01  0.000000e+00
     vertex  3.707512e+01  2.743336e+01  0.000000e+00
     vertex  2.105965e+01  2.237383e+01  0.000000e+00
   endloop
 endfacet
 facet normal  0.000000e+00  0.000000e+00 -1.000000e+00
   outer loop
     vertex  3.708156e+01  2.744207e+01  0.000000e+00
     vertex  2.105965e+01  2.237383e+01  0.000000e+00
     vertex  2.104676e+01  2.237798e+01  0.000000e+00
   endloop
 endfacet
 facet normal  0.000000e+00  0.000000e+00 -1.000000e+00
   outer loop
     vertex  6.425967e+01  2.772737e-01  0.000000e+00
     vertex  6.418548e+01  2.441612e-01  0.000000e+00
     vertex  6.411041e+01  2.130698e-01  0.000000e+00
   endloop
 endfacet
 facet normal  0.000000e+00  0.000000e+00 -1.000000e+00
   outer loop
     vertex  3.708823e+01  2.745060e+01  0.000000e+00
     vertex  3.708156e+01  2.744207e+01  0.000000e+00
     vertex  2.104676e+01  2.237798e+01  0.000000e+00
   endloop
 endfacet
 facet normal  0.000000e+00  0.000000e+00 -1.000000e+00
   outer loop
     vertex  3.708823e+01  2.745060e+01  0.000000e+00
     vertex  2.104676e+01  2.237798e+01  0.000000e+00
     vertex  2.103376e+01  2.238177e+01  0.000000e+00
   endloop
 endfacet
 facet normal  0.000000e+00  0.000000e+00 -1.000000e+00
   outer loop
     vertex  3.709514e+01  2.745895e+01  0.000000e+00
     vertex  3.708823e+01  2.745060e+01  0.000000e+00
     vertex  2.103376e+01  2.238177e+01  0.000000e+00
   endloop
 endfacet
 facet normal  0.000000e+00  0.000000e+00 -1.000000e+00
   outer loop
     vertex  3.709514e+01  2.745895e+01  0.000000e+00
     vertex  2.103376e+01  2.238177e+01  0.000000e+00
     vertex  2.102067e+01  2.238522e+01  0.000000e+00
   endloop
 endfacet
 facet normal  0.000000e+00  0.000000e+00 -1.000000e+00
   outer loop
     vertex  3.710226e+01  2.746712e+01  0.000000e+00
     vertex  2.102067e+01  2.238522e+01  0.000000e+00
     vertex  2.100749e+01  2.238831e+01  0.000000e+00
   endloop
 endfacet
 facet normal  0.000000e+00  0.000000e+00 -1.000000e+00
   outer loop
     vertex  3.710226e+01  2.746712e+01  0.000000e+00
     vertex  3.709514e+01  2.745895e+01  0.000000e+00
     vertex  2.102067e+01  2.238522e+01  0.000000e+00
   endloop
 endfacet
 facet normal  0.000000e+00  0.000000e+00 -1.000000e+00
   outer loop
     vertex  3.710960e+01  2.747508e+01  0.000000e+00
     vertex  2.100749e+01  2.238831e+01  0.000000e+00
     vertex  2.099422e+01  2.239104e+01  0.000000e+00
   endloop
 endfacet
 facet normal  0.000000e+00  0.000000e+00 -1.000000e+00
   outer loop
     vertex  3.710960e+01  2.747508e+01  0.000000e+00
     vertex  3.710226e+01  2.746712e+01  0.000000e+00
     vertex  2.100749e+01  2.238831e+01  0.000000e+00
   endloop
 endfacet
 facet normal  0.000000e+00  0.000000e+00 -1.000000e+00
   outer loop
     vertex  3.711716e+01  2.748284e+01  0.000000e+00
     vertex  2.099422e+01  2.239104e+01  0.000000e+00
     vertex  2.098089e+01  2.239341e+01  0.000000e+00
   endloop
 endfacet
 facet normal  0.000000e+00  0.000000e+00 -1.000000e+00
   outer loop
     vertex  3.711716e+01  2.748284e+01  0.000000e+00
     vertex  3.710960e+01  2.747508e+01  0.000000e+00
     vertex  2.099422e+01  2.239104e+01  0.000000e+00
   endloop
 endfacet
 facet normal  0.000000e+00  0.000000e+00 -1.000000e+00
   outer loop
     vertex  3.712492e+01  2.749040e+01  0.000000e+00
     vertex  2.098089e+01  2.239341e+01  0.000000e+00
     vertex  2.096750e+01  2.239542e+01  0.000000e+00
   endloop
 endfacet
 facet normal  0.000000e+00  0.000000e+00 -1.000000e+00
   outer loop
     vertex  3.712492e+01  2.749040e+01  0.000000e+00
     vertex  3.711716e+01  2.748284e+01  0.000000e+00
     vertex  2.098089e+01  2.239341e+01  0.000000e+00
   endloop
 endfacet
 facet normal  0.000000e+00  0.000000e+00 -1.000000e+00
   outer loop
     vertex  3.713288e+01  2.749774e+01  0.000000e+00
     vertex  2.096750e+01  2.239542e+01  0.000000e+00
     vertex  2.095406e+01  2.239707e+01  0.000000e+00
   endloop
 endfacet
 facet normal  0.000000e+00  0.000000e+00 -1.000000e+00
   outer loop
     vertex  3.713288e+01  2.749774e+01  0.000000e+00
     vertex  3.712492e+01  2.749040e+01  0.000000e+00
     vertex  2.096750e+01  2.239542e+01  0.000000e+00
   endloop
 endfacet
 facet normal  0.000000e+00  0.000000e+00 -1.000000e+00
   outer loop
     vertex  6.433294e+01  3.123832e-01  0.000000e+00
     vertex  6.425967e+01  2.772737e-01  0.000000e+00
     vertex  6.411041e+01  2.130698e-01  0.000000e+00
   endloop
 endfacet
 facet normal  0.000000e+00  0.000000e+00 -1.000000e+00
   outer loop
     vertex  6.433294e+01  3.123832e-01  0.000000e+00
     vertex  6.411041e+01  2.130698e-01  0.000000e+00
     vertex  6.300000e+01 -4.440892e-16  0.000000e+00
   endloop
 endfacet
 facet normal  0.000000e+00  0.000000e+00 -1.000000e+00
   outer loop
     vertex  3.714105e+01  2.750486e+01  0.000000e+00
     vertex  2.095406e+01  2.239707e+01  0.000000e+00
     vertex  2.094058e+01  2.239835e+01  0.000000e+00
   endloop
 endfacet
 facet normal -0.000000e+00  0.000000e+00 -1.000000e+00
   outer loop
     vertex  3.714105e+01  2.750486e+01  0.000000e+00
     vertex  2.094058e+01  2.239835e+01  0.000000e+00
     vertex  3.000000e+00  3.400000e+01  0.000000e+00
   endloop
 endfacet
 facet normal  0.000000e+00  0.000000e+00 -1.000000e+00
   outer loop
     vertex  3.714105e+01  2.750486e+01  0.000000e+00
     vertex  3.713288e+01  2.749774e+01  0.000000e+00
     vertex  2.095406e+01  2.239707e+01  0.000000e+00
   endloop
 endfacet
 facet normal -0.000000e+00  0.000000e+00 -1.000000e+00
   outer loop
     vertex  3.714940e+01  2.751177e+01  0.000000e+00
     vertex  3.714105e+01  2.750486e+01  0.000000e+00
     vertex  3.000000e+00  3.400000e+01  0.000000e+00
   endloop
 endfacet
 facet normal -0.000000e+00  0.000000e+00 -1.000000e+00
   outer loop
     vertex  3.715793e+01  2.751844e+01  0.000000e+00
     vertex  3.714940e+01  2.751177e+01  0.000000e+00
     vertex  3.000000e+00  3.400000e+01  0.000000e+00
   endloop
 endfacet
 facet normal -0.000000e+00  0.000000e+00 -1.000000e+00
   outer loop
     vertex  3.716664e+01  2.752488e+01  0.000000e+00
     vertex  3.715793e+01  2.751844e+01  0.000000e+00
     vertex  3.000000e+00  3.400000e+01  0.000000e+00
   endloop
 endfacet
 facet normal -0.000000e+00  0.000000e+00 -1.000000e+00
   outer loop
     vertex  3.717553e+01  2.753108e+01  0.000000e+00
     vertex  3.716664e+01  2.752488e+01  0.000000e+00
     vertex  3.000000e+00  3.400000e+01  0.000000e+00
   endloop
 endfacet
 facet normal -0.000000e+00  0.000000e+00 -1.000000e+00
   outer loop
     vertex  3.718457e+01  2.753703e+01  0.000000e+00
     vertex  3.717553e+01  2.753108e+01  0.000000e+00
     vertex  3.000000e+00  3.400000e+01  0.000000e+00
   endloop
 endfacet
 facet normal -0.000000e+00  0.000000e+00 -1.000000e+00
   outer loop
     vertex  3.719378e+01  2.754274e+01  0.000000e+00
     vertex  3.718457e+01  2.753703e+01  0.000000e+00
     vertex  3.000000e+00  3.400000e+01  0.000000e+00
   endloop
 endfacet
 facet normal -0.000000e+00  0.000000e+00 -1.000000e+00
   outer loop
     vertex  3.720314e+01  2.754820e+01  0.000000e+00
     vertex  3.719378e+01  2.754274e+01  0.000000e+00
     vertex  3.000000e+00  3.400000e+01  0.000000e+00
   endloop
 endfacet
 facet normal -0.000000e+00  0.000000e+00 -1.000000e+00
   outer loop
     vertex  3.721264e+01  2.755340e+01  0.000000e+00
     vertex  3.720314e+01  2.754820e+01  0.000000e+00
     vertex  3.000000e+00  3.400000e+01  0.000000e+00
   endloop
 endfacet
 facet normal -0.000000e+00  0.000000e+00 -1.000000e+00
   outer loop
     vertex  3.722228e+01  2.755835e+01  0.000000e+00
     vertex  3.721264e+01  2.755340e+01  0.000000e+00
     vertex  3.000000e+00  3.400000e+01  0.000000e+00
   endloop
 endfacet
 facet normal -0.000000e+00  0.000000e+00 -1.000000e+00
   outer loop
     vertex  3.723204e+01  2.756303e+01  0.000000e+00
     vertex  3.722228e+01  2.755835e+01  0.000000e+00
     vertex  3.000000e+00  3.400000e+01  0.000000e+00
   endloop
 endfacet
 facet normal -0.000000e+00  0.000000e+00 -1.000000e+00
   outer loop
     vertex  3.724194e+01  2.756745e+01  0.000000e+00
     vertex  3.723204e+01  2.756303e+01  0.000000e+00
     vertex  3.000000e+00  3.400000e+01  0.000000e+00
   endloop
 endfacet
 facet normal -0.000000e+00  0.000000e+00 -1.000000e+00
   outer loop
     vertex  3.725194e+01  2.757159e+01  0.000000e+00
     vertex  3.724194e+01  2.756745e+01  0.000000e+00
     vertex  3.000000e+00  3.400000e+01  0.000000e+00
   endloop
 endfacet
 facet normal -0.000000e+00  0.000000e+00 -1.000000e+00
   outer loop
     vertex  3.726206e+01  2.757546e+01  0.000000e+00
     vertex  3.725194e+01  2.757159e+01  0.000000e+00
     vertex  3.000000e+00  3.400000e+01  0.000000e+00
   endloop
 endfacet
 facet normal -0.000000e+00  0.000000e+00 -1.000000e+00
   outer loop
     vertex  3.727228e+01  2.757906e+01  0.000000e+00
     vertex  3.726206e+01  2.757546e+01  0.000000e+00
     vertex  3.000000e+00  3.400000e+01  0.000000e+00
   endloop
 endfacet
 facet normal -0.000000e+00  0.000000e+00 -1.000000e+00
   outer loop
     vertex  3.728259e+01  2.758238e+01  0.000000e+00
     vertex  3.727228e+01  2.757906e+01  0.000000e+00
     vertex  3.000000e+00  3.400000e+01  0.000000e+00
   endloop
 endfacet
 facet normal  0.000000e+00  0.000000e+00 -1.000000e+00
   outer loop
     vertex  6.454666e+01  4.294285e-01  0.000000e+00
     vertex  6.440523e+01  3.494639e-01  0.000000e+00
     vertex  6.433294e+01  3.123832e-01  0.000000e+00
   endloop
 endfacet
 facet normal  0.000000e+00  0.000000e+00 -1.000000e+00
   outer loop
     vertex  6.454666e+01  4.294285e-01  0.000000e+00
     vertex  6.447648e+01  3.884885e-01  0.000000e+00
     vertex  6.440523e+01  3.494639e-01  0.000000e+00
   endloop
 endfacet
 facet normal  0.000000e+00  0.000000e+00 -1.000000e+00
   outer loop
     vertex  6.461570e+01  4.722538e-01  0.000000e+00
     vertex  6.433294e+01  3.123832e-01  0.000000e+00
     vertex  6.300000e+01 -4.440892e-16  0.000000e+00
   endloop
 endfacet
 facet normal  0.000000e+00  0.000000e+00 -1.000000e+00
   outer loop
     vertex  6.461570e+01  4.722538e-01  0.000000e+00
     vertex  6.454666e+01  4.294285e-01  0.000000e+00
     vertex  6.433294e+01  3.123832e-01  0.000000e+00
   endloop
 endfacet
 facet normal  0.000000e+00  0.000000e+00 -1.000000e+00
   outer loop
     vertex  6.468356e+01  5.169330e-01  0.000000e+00
     vertex  6.461570e+01  4.722538e-01  0.000000e+00
     vertex  6.300000e+01 -4.440892e-16  0.000000e+00
   endloop
 endfacet
 facet normal  0.000000e+00  0.000000e+00 -1.000000e+00
   outer loop
     vertex  6.481552e+01  6.117208e-01  0.000000e+00
     vertex  6.475018e+01  5.634334e-01  0.000000e+00
     vertex  6.468356e+01  5.169330e-01  0.000000e+00
   endloop
 endfacet
 facet normal  0.000000e+00  0.000000e+00 -1.000000e+00
   outer loop
     vertex  6.487953e+01  6.617599e-01  0.000000e+00
     vertex  6.481552e+01  6.117208e-01  0.000000e+00
     vertex  6.468356e+01  5.169330e-01  0.000000e+00
   endloop
 endfacet
 facet normal  0.000000e+00  0.000000e+00 -1.000000e+00
   outer loop
     vertex  6.500336e+01  7.669448e-01  0.000000e+00
     vertex  6.487953e+01  6.617599e-01  0.000000e+00
     vertex  6.468356e+01  5.169330e-01  0.000000e+00
   endloop
 endfacet
 facet normal  0.000000e+00  0.000000e+00 -1.000000e+00
   outer loop
     vertex  6.500336e+01  7.669448e-01  0.000000e+00
     vertex  6.494216e+01  7.135138e-01  0.000000e+00
     vertex  6.487953e+01  6.617599e-01  0.000000e+00
   endloop
 endfacet
 facet normal  0.000000e+00  0.000000e+00 -1.000000e+00
   outer loop
     vertex  6.500336e+01  7.669448e-01  0.000000e+00
     vertex  6.468356e+01  5.169330e-01  0.000000e+00
     vertex  6.300000e+01 -4.440892e-16  0.000000e+00
   endloop
 endfacet
 facet normal  0.000000e+00  0.000000e+00 -1.000000e+00
   outer loop
     vertex  6.512132e+01  8.786797e-01  0.000000e+00
     vertex  6.500336e+01  7.669448e-01  0.000000e+00
     vertex  6.300000e+01 -4.440892e-16  0.000000e+00
   endloop
 endfacet
 facet normal  0.000000e+00  0.000000e+00 -1.000000e+00
   outer loop
     vertex  6.512132e+01  8.786797e-01  0.000000e+00
     vertex  6.506310e+01  8.220135e-01  0.000000e+00
     vertex  6.500336e+01  7.669448e-01  0.000000e+00
   endloop
 endfacet
 facet normal  0.000000e+00  0.000000e+00 -1.000000e+00
   outer loop
     vertex  6.528649e+01  1.057841e+00  0.000000e+00
     vertex  6.523306e+01  9.966367e-01  0.000000e+00
     vertex  6.517799e+01  9.369016e-01  0.000000e+00
   endloop
 endfacet
 facet normal  0.000000e+00  0.000000e+00 -1.000000e+00
   outer loop
     vertex  6.528649e+01  1.057841e+00  0.000000e+00
     vertex  6.517799e+01  9.369016e-01  0.000000e+00
     vertex  6.512132e+01  8.786797e-01  0.000000e+00
   endloop
 endfacet
 facet normal  0.000000e+00  0.000000e+00 -1.000000e+00
   outer loop
     vertex  6.533824e+01  1.120470e+00  0.000000e+00
     vertex  6.528649e+01  1.057841e+00  0.000000e+00
     vertex  6.512132e+01  8.786797e-01  0.000000e+00
   endloop
 endfacet
 facet normal  0.000000e+00  0.000000e+00 -1.000000e+00
   outer loop
     vertex  6.543657e+01  1.249816e+00  0.000000e+00
     vertex  6.538828e+01  1.184477e+00  0.000000e+00
     vertex  6.533824e+01  1.120470e+00  0.000000e+00
   endloop
 endfacet
 facet normal  0.000000e+00  0.000000e+00 -1.000000e+00
   outer loop
     vertex  6.548307e+01  1.316439e+00  0.000000e+00
     vertex  6.512132e+01  8.786797e-01  0.000000e+00
     vertex  6.300000e+01 -4.440892e-16  0.000000e+00
   endloop
 endfacet
 facet normal  0.000000e+00  0.000000e+00 -1.000000e+00
   outer loop
     vertex  6.548307e+01  1.316439e+00  0.000000e+00
     vertex  6.533824e+01  1.120470e+00  0.000000e+00
     vertex  6.512132e+01  8.786797e-01  0.000000e+00
   endloop
 endfacet
 facet normal  0.000000e+00  0.000000e+00 -1.000000e+00
   outer loop
     vertex  6.548307e+01  1.316439e+00  0.000000e+00
     vertex  6.543657e+01  1.249816e+00  0.000000e+00
     vertex  6.533824e+01  1.120470e+00  0.000000e+00
   endloop
 endfacet
 facet normal  0.000000e+00  0.000000e+00 -1.000000e+00
   outer loop
     vertex  6.557057e+01  1.453338e+00  0.000000e+00
     vertex  6.548307e+01  1.316439e+00  0.000000e+00
     vertex  6.300000e+01 -4.440892e-16  0.000000e+00
   endloop
 endfacet
 facet normal  0.000000e+00  0.000000e+00 -1.000000e+00
   outer loop
     vertex  6.557057e+01  1.453338e+00  0.000000e+00
     vertex  6.552775e+01  1.384296e+00  0.000000e+00
     vertex  6.548307e+01  1.316439e+00  0.000000e+00
   endloop
 endfacet
 facet normal  0.000000e+00  0.000000e+00 -1.000000e+00
   outer loop
     vertex  6.568762e+01  1.667065e+00  0.000000e+00
     vertex  6.557057e+01  1.453338e+00  0.000000e+00
     vertex  6.300000e+01 -4.440892e-16  0.000000e+00
   endloop
 endfacet
 facet normal  0.000000e+00  0.000000e+00 -1.000000e+00
   outer loop
     vertex  6.568762e+01  1.667065e+00  0.000000e+00
     vertex  6.565054e+01  1.594775e+00  0.000000e+00
     vertex  6.561151e+01  1.523515e+00  0.000000e+00
   endloop
 endfacet
 facet normal  0.000000e+00  0.000000e+00 -1.000000e+00
   outer loop
     vertex  6.568762e+01  1.667065e+00  0.000000e+00
     vertex  6.561151e+01  1.523515e+00  0.000000e+00
     vertex  6.557057e+01  1.453338e+00  0.000000e+00
   endloop
 endfacet
 facet normal  0.000000e+00  0.000000e+00 -1.000000e+00
   outer loop
     vertex  6.575584e+01  1.814524e+00  0.000000e+00
     vertex  6.568762e+01  1.667065e+00  0.000000e+00
     vertex  6.300000e+01 -4.440892e-16  0.000000e+00
   endloop
 endfacet
 facet normal  0.000000e+00  0.000000e+00 -1.000000e+00
   outer loop
     vertex  6.575584e+01  1.814524e+00  0.000000e+00
     vertex  6.572273e+01  1.740333e+00  0.000000e+00
     vertex  6.568762e+01  1.667065e+00  0.000000e+00
   endloop
 endfacet
 facet normal  0.000000e+00  0.000000e+00 -1.000000e+00
   outer loop
     vertex  6.586786e+01  2.119432e+00  0.000000e+00
     vertex  6.584296e+01  2.042095e+00  0.000000e+00
     vertex  6.581598e+01  1.965461e+00  0.000000e+00
   endloop
 endfacet
 facet normal  0.000000e+00  0.000000e+00 -1.000000e+00
   outer loop
     vertex  6.586786e+01  2.119432e+00  0.000000e+00
     vertex  6.581598e+01  1.965461e+00  0.000000e+00
     vertex  6.578693e+01  1.889586e+00  0.000000e+00
   endloop
 endfacet
 facet normal  0.000000e+00  0.000000e+00 -1.000000e+00
   outer loop
     vertex  6.589065e+01  2.197415e+00  0.000000e+00
     vertex  6.586786e+01  2.119432e+00  0.000000e+00
     vertex  6.578693e+01  1.889586e+00  0.000000e+00
   endloop
 endfacet
 facet normal  0.000000e+00  0.000000e+00 -1.000000e+00
   outer loop
     vertex  6.589065e+01  2.197415e+00  0.000000e+00
     vertex  6.578693e+01  1.889586e+00  0.000000e+00
     vertex  6.575584e+01  1.814524e+00  0.000000e+00
   endloop
 endfacet
 facet normal  0.000000e+00  0.000000e+00 -1.000000e+00
   outer loop
     vertex  6.591132e+01  2.275986e+00  0.000000e+00
     vertex  6.589065e+01  2.197415e+00  0.000000e+00
     vertex  6.575584e+01  1.814524e+00  0.000000e+00
   endloop
 endfacet
 facet normal  0.000000e+00  0.000000e+00 -1.000000e+00
   outer loop
     vertex  6.592986e+01  2.355089e+00  0.000000e+00
     vertex  6.591132e+01  2.275986e+00  0.000000e+00
     vertex  6.575584e+01  1.814524e+00  0.000000e+00
   endloop
 endfacet
 facet normal  0.000000e+00  0.000000e+00 -1.000000e+00
   outer loop
     vertex  6.596048e+01  2.514654e+00  0.000000e+00
     vertex  6.594625e+01  2.434664e+00  0.000000e+00
     vertex  6.592986e+01  2.355089e+00  0.000000e+00
   endloop
 endfacet
 facet normal  0.000000e+00  0.000000e+00 -1.000000e+00
   outer loop
     vertex  6.597254e+01  2.595000e+00  0.000000e+00
     vertex  6.596048e+01  2.514654e+00  0.000000e+00
     vertex  6.592986e+01  2.355089e+00  0.000000e+00
   endloop
 endfacet
 facet normal  0.000000e+00  0.000000e+00 -1.000000e+00
   outer loop
     vertex  6.598241e+01  2.675643e+00  0.000000e+00
     vertex  6.575584e+01  1.814524e+00  0.000000e+00
     vertex  6.300000e+01 -4.440892e-16  0.000000e+00
   endloop
 endfacet
 facet normal  0.000000e+00  0.000000e+00 -1.000000e+00
   outer loop
     vertex  6.598241e+01  2.675643e+00  0.000000e+00
     vertex  6.592986e+01  2.355089e+00  0.000000e+00
     vertex  6.575584e+01  1.814524e+00  0.000000e+00
   endloop
 endfacet
 facet normal  0.000000e+00  0.000000e+00 -1.000000e+00
   outer loop
     vertex  6.598241e+01  2.675643e+00  0.000000e+00
     vertex  6.597254e+01  2.595000e+00  0.000000e+00
     vertex  6.592986e+01  2.355089e+00  0.000000e+00
   endloop
 endfacet
 facet normal  0.000000e+00  0.000000e+00 -1.000000e+00
   outer loop
     vertex  6.599890e+01  2.918762e+00  0.000000e+00
     vertex  6.599560e+01  2.837583e+00  0.000000e+00
     vertex  6.599010e+01  2.756524e+00  0.000000e+00
   endloop
 endfacet
 facet normal  0.000000e+00  0.000000e+00 -1.000000e+00
   outer loop
     vertex  6.600000e+01  3.000000e+00  0.000000e+00
     vertex  5.559985e+01  5.889168e+00  0.000000e+00
     vertex  5.560000e+01  5.900000e+00  0.000000e+00
   endloop
 endfacet
 facet normal -0.000000e+00  0.000000e+00 -1.000000e+00
   outer loop
     vertex  6.600000e+01  3.000000e+00  0.000000e+00
     vertex  6.300000e+01 -4.440892e-16  0.000000e+00
     vertex  5.559473e+01  5.835287e+00  0.000000e+00
   endloop
 endfacet
 facet normal  0.000000e+00  0.000000e+00 -1.000000e+00
   outer loop
     vertex  6.600000e+01  3.000000e+00  0.000000e+00
     vertex  6.599010e+01  2.756524e+00  0.000000e+00
     vertex  6.598241e+01  2.675643e+00  0.000000e+00
   endloop
 endfacet
 facet normal  0.000000e+00  0.000000e+00 -1.000000e+00
   outer loop
     vertex  6.600000e+01  3.000000e+00  0.000000e+00
     vertex  6.598241e+01  2.675643e+00  0.000000e+00
     vertex  6.300000e+01 -4.440892e-16  0.000000e+00
   endloop
 endfacet
 facet normal  0.000000e+00  0.000000e+00 -1.000000e+00
   outer loop
     vertex  6.600000e+01  3.000000e+00  0.000000e+00
     vertex  6.599890e+01  2.918762e+00  0.000000e+00
     vertex  6.599010e+01  2.756524e+00  0.000000e+00
   endloop
 endfacet
 facet normal  0.000000e+00  0.000000e+00 -1.000000e+00
   outer loop
     vertex  6.600000e+01  3.000000e+00  0.000000e+00
     vertex  5.559473e+01  5.835287e+00  0.000000e+00
     vertex  5.559634e+01  5.846000e+00  0.000000e+00
   endloop
 endfacet
 facet normal  0.000000e+00  0.000000e+00 -1.000000e+00
   outer loop
     vertex  6.600000e+01  3.000000e+00  0.000000e+00
     vertex  5.559634e+01  5.846000e+00  0.000000e+00
     vertex  5.559766e+01  5.856752e+00  0.000000e+00
   endloop
 endfacet
 facet normal  0.000000e+00  0.000000e+00 -1.000000e+00
   outer loop
     vertex  6.600000e+01  3.000000e+00  0.000000e+00
     vertex  5.559766e+01  5.856752e+00  0.000000e+00
     vertex  5.559868e+01  5.867537e+00  0.000000e+00
   endloop
 endfacet
 facet normal  0.000000e+00  0.000000e+00 -1.000000e+00
   outer loop
     vertex  6.600000e+01  3.000000e+00  0.000000e+00
     vertex  5.559868e+01  5.867537e+00  0.000000e+00
     vertex  5.559941e+01  5.878344e+00  0.000000e+00
   endloop
 endfacet
 facet normal  0.000000e+00  0.000000e+00 -1.000000e+00
   outer loop
     vertex  6.600000e+01  3.000000e+00  0.000000e+00
     vertex  5.559941e+01  5.878344e+00  0.000000e+00
     vertex  5.559985e+01  5.889168e+00  0.000000e+00
   endloop
 endfacet
 facet normal  0.000000e+00  0.000000e+00 -1.000000e+00
   outer loop
     vertex  5.560000e+01  2.720000e+01  0.000000e+00
     vertex  6.600000e+01  3.000000e+00  0.000000e+00
     vertex  5.560000e+01  5.900000e+00  0.000000e+00
   endloop
 endfacet
 facet normal  0.000000e+00  0.000000e+00 -1.000000e+00
   outer loop
     vertex  6.300000e+01  3.400000e+01  0.000000e+00
     vertex  5.556745e+01  2.735806e+01  0.000000e+00
     vertex  5.556303e+01  2.736796e+01  0.000000e+00
   endloop
 endfacet
 facet normal  0.000000e+00  0.000000e+00 -1.000000e+00
   outer loop
     vertex  6.300000e+01  3.400000e+01  0.000000e+00
     vertex  5.556303e+01  2.736796e+01  0.000000e+00
     vertex  5.555835e+01  2.737772e+01  0.000000e+00
   endloop
 endfacet
 facet normal  0.000000e+00  0.000000e+00 -1.000000e+00
   outer loop
     vertex  6.300000e+01  3.400000e+01  0.000000e+00
     vertex  5.555835e+01  2.737772e+01  0.000000e+00
     vertex  5.555340e+01  2.738736e+01  0.000000e+00
   endloop
 endfacet
 facet normal  0.000000e+00  0.000000e+00 -1.000000e+00
   outer loop
     vertex  6.300000e+01  3.400000e+01  0.000000e+00
     vertex  5.555340e+01  2.738736e+01  0.000000e+00
     vertex  5.554820e+01  2.739686e+01  0.000000e+00
   endloop
 endfacet
 facet normal  0.000000e+00  0.000000e+00 -1.000000e+00
   outer loop
     vertex  6.300000e+01  3.400000e+01  0.000000e+00
     vertex  5.554820e+01  2.739686e+01  0.000000e+00
     vertex  5.554274e+01  2.740622e+01  0.000000e+00
   endloop
 endfacet
 facet normal  0.000000e+00  0.000000e+00 -1.000000e+00
   outer loop
     vertex  6.300000e+01  3.400000e+01  0.000000e+00
     vertex  5.554274e+01  2.740622e+01  0.000000e+00
     vertex  5.553703e+01  2.741543e+01  0.000000e+00
   endloop
 endfacet
 facet normal  0.000000e+00  0.000000e+00 -1.000000e+00
   outer loop
     vertex  6.300000e+01  3.400000e+01  0.000000e+00
     vertex  5.553703e+01  2.741543e+01  0.000000e+00
     vertex  5.553108e+01  2.742447e+01  0.000000e+00
   endloop
 endfacet
 facet normal  0.000000e+00  0.000000e+00 -1.000000e+00
   outer loop
     vertex  6.300000e+01  3.400000e+01  0.000000e+00
     vertex  5.553108e+01  2.742447e+01  0.000000e+00
     vertex  5.552488e+01  2.743336e+01  0.000000e+00
   endloop
 endfacet
 facet normal  0.000000e+00  0.000000e+00 -1.000000e+00
   outer loop
     vertex  6.300000e+01  3.400000e+01  0.000000e+00
     vertex  5.552488e+01  2.743336e+01  0.000000e+00
     vertex  5.551844e+01  2.744207e+01  0.000000e+00
   endloop
 endfacet
 facet normal  0.000000e+00  0.000000e+00 -1.000000e+00
   outer loop
     vertex  6.300000e+01  3.400000e+01  0.000000e+00
     vertex  5.551844e+01  2.744207e+01  0.000000e+00
     vertex  5.551177e+01  2.745060e+01  0.000000e+00
   endloop
 endfacet
 facet normal  0.000000e+00  0.000000e+00 -1.000000e+00
   outer loop
     vertex  6.300000e+01  3.400000e+01  0.000000e+00
     vertex  5.551177e+01  2.745060e+01  0.000000e+00
     vertex  5.550486e+01  2.745895e+01  0.000000e+00
   endloop
 endfacet
 facet normal  0.000000e+00  0.000000e+00 -1.000000e+00
   outer loop
     vertex  6.300000e+01  3.400000e+01  0.000000e+00
     vertex  5.550486e+01  2.745895e+01  0.000000e+00
     vertex  5.549774e+01  2.746712e+01  0.000000e+00
   endloop
 endfacet
 facet normal  0.000000e+00  0.000000e+00 -1.000000e+00
   outer loop
     vertex  6.300000e+01  3.400000e+01  0.000000e+00
     vertex  5.549774e+01  2.746712e+01  0.000000e+00
     vertex  5.549040e+01  2.747508e+01  0.000000e+00
   endloop
 endfacet
 facet normal  0.000000e+00  0.000000e+00 -1.000000e+00
   outer loop
     vertex  6.300000e+01  3.400000e+01  0.000000e+00
     vertex  5.549040e+01  2.747508e+01  0.000000e+00
     vertex  5.548284e+01  2.748284e+01  0.000000e+00
   endloop
 endfacet
 facet normal  0.000000e+00  0.000000e+00 -1.000000e+00
   outer loop
     vertex  6.300000e+01  3.400000e+01  0.000000e+00
     vertex  5.548284e+01  2.748284e+01  0.000000e+00
     vertex  5.547508e+01  2.749040e+01  0.000000e+00
   endloop
 endfacet
 facet normal  0.000000e+00  0.000000e+00 -1.000000e+00
   outer loop
     vertex  6.300000e+01  3.400000e+01  0.000000e+00
     vertex  5.547508e+01  2.749040e+01  0.000000e+00
     vertex  5.546712e+01  2.749774e+01  0.000000e+00
   endloop
 endfacet
 facet normal  0.000000e+00  0.000000e+00 -1.000000e+00
   outer loop
     vertex  6.300000e+01  3.400000e+01  0.000000e+00
     vertex  5.546712e+01  2.749774e+01  0.000000e+00
     vertex  5.545895e+01  2.750486e+01  0.000000e+00
   endloop
 endfacet
 facet normal  0.000000e+00  0.000000e+00 -1.000000e+00
   outer loop
     vertex  6.300000e+01  3.400000e+01  0.000000e+00
     vertex  5.545895e+01  2.750486e+01  0.000000e+00
     vertex  5.545060e+01  2.751177e+01  0.000000e+00
   endloop
 endfacet
 facet normal  0.000000e+00  0.000000e+00 -1.000000e+00
   outer loop
     vertex  6.300000e+01  3.400000e+01  0.000000e+00
     vertex  5.545060e+01  2.751177e+01  0.000000e+00
     vertex  5.544207e+01  2.751844e+01  0.000000e+00
   endloop
 endfacet
 facet normal  0.000000e+00  0.000000e+00 -1.000000e+00
   outer loop
     vertex  6.300000e+01  3.400000e+01  0.000000e+00
     vertex  5.544207e+01  2.751844e+01  0.000000e+00
     vertex  5.543336e+01  2.752488e+01  0.000000e+00
   endloop
 endfacet
 facet normal  0.000000e+00  0.000000e+00 -1.000000e+00
   outer loop
     vertex  6.300000e+01  3.400000e+01  0.000000e+00
     vertex  5.543336e+01  2.752488e+01  0.000000e+00
     vertex  5.542447e+01  2.753108e+01  0.000000e+00
   endloop
 endfacet
 facet normal  0.000000e+00  0.000000e+00 -1.000000e+00
   outer loop
     vertex  6.300000e+01  3.400000e+01  0.000000e+00
     vertex  5.542447e+01  2.753108e+01  0.000000e+00
     vertex  5.541543e+01  2.753703e+01  0.000000e+00
   endloop
 endfacet
 facet normal  0.000000e+00  0.000000e+00 -1.000000e+00
   outer loop
     vertex  6.300000e+01  3.400000e+01  0.000000e+00
     vertex  5.541543e+01  2.753703e+01  0.000000e+00
     vertex  5.540622e+01  2.754274e+01  0.000000e+00
   endloop
 endfacet
 facet normal  0.000000e+00  0.000000e+00 -1.000000e+00
   outer loop
     vertex  6.300000e+01  3.400000e+01  0.000000e+00
     vertex  5.540622e+01  2.754274e+01  0.000000e+00
     vertex  5.539686e+01  2.754820e+01  0.000000e+00
   endloop
 endfacet
 facet normal  0.000000e+00  0.000000e+00 -1.000000e+00
   outer loop
     vertex  6.300000e+01  3.400000e+01  0.000000e+00
     vertex  5.539686e+01  2.754820e+01  0.000000e+00
     vertex  5.538736e+01  2.755340e+01  0.000000e+00
   endloop
 endfacet
 facet normal  0.000000e+00  0.000000e+00 -1.000000e+00
   outer loop
     vertex  6.300000e+01  3.400000e+01  0.000000e+00
     vertex  5.538736e+01  2.755340e+01  0.000000e+00
     vertex  5.537772e+01  2.755835e+01  0.000000e+00
   endloop
 endfacet
 facet normal  0.000000e+00  0.000000e+00 -1.000000e+00
   outer loop
     vertex  6.300000e+01  3.400000e+01  0.000000e+00
     vertex  5.537772e+01  2.755835e+01  0.000000e+00
     vertex  5.536796e+01  2.756303e+01  0.000000e+00
   endloop
 endfacet
 facet normal  0.000000e+00  0.000000e+00 -1.000000e+00
   outer loop
     vertex  6.300000e+01  3.400000e+01  0.000000e+00
     vertex  5.536796e+01  2.756303e+01  0.000000e+00
     vertex  5.535806e+01  2.756745e+01  0.000000e+00
   endloop
 endfacet
 facet normal  0.000000e+00  0.000000e+00 -1.000000e+00
   outer loop
     vertex  6.300000e+01  3.400000e+01  0.000000e+00
     vertex  5.535806e+01  2.756745e+01  0.000000e+00
     vertex  5.534806e+01  2.757159e+01  0.000000e+00
   endloop
 endfacet
 facet normal  0.000000e+00  0.000000e+00 -1.000000e+00
   outer loop
     vertex  6.300000e+01  3.400000e+01  0.000000e+00
     vertex  5.534806e+01  2.757159e+01  0.000000e+00
     vertex  5.533794e+01  2.757546e+01  0.000000e+00
   endloop
 endfacet
 facet normal  0.000000e+00  0.000000e+00 -1.000000e+00
   outer loop
     vertex  6.300000e+01  3.400000e+01  0.000000e+00
     vertex  5.533794e+01  2.757546e+01  0.000000e+00
     vertex  5.532772e+01  2.757906e+01  0.000000e+00
   endloop
 endfacet
 facet normal  0.000000e+00  0.000000e+00 -1.000000e+00
   outer loop
     vertex  6.300000e+01  3.400000e+01  0.000000e+00
     vertex  5.532772e+01  2.757906e+01  0.000000e+00
     vertex  5.531741e+01  2.758238e+01  0.000000e+00
   endloop
 endfacet
 facet normal  0.000000e+00  0.000000e+00 -1.000000e+00
   outer loop
     vertex  6.300000e+01  3.400000e+01  0.000000e+00
     vertex  5.531741e+01  2.758238e+01  0.000000e+00
     vertex  5.530701e+01  2.758542e+01  0.000000e+00
   endloop
 endfacet
 facet normal  0.000000e+00  0.000000e+00 -1.000000e+00
   outer loop
     vertex  6.300000e+01  3.400000e+01  0.000000e+00
     vertex  5.530701e+01  2.758542e+01  0.000000e+00
     vertex  5.529654e+01  2.758818e+01  0.000000e+00
   endloop
 endfacet
 facet normal  0.000000e+00  0.000000e+00 -1.000000e+00
   outer loop
     vertex  6.300000e+01  3.400000e+01  0.000000e+00
     vertex  5.529654e+01  2.758818e+01  0.000000e+00
     vertex  5.528599e+01  2.759065e+01  0.000000e+00
   endloop
 endfacet
 facet normal  0.000000e+00  0.000000e+00 -1.000000e+00
   outer loop
     vertex  6.300000e+01  3.400000e+01  0.000000e+00
     vertex  5.528599e+01  2.759065e+01  0.000000e+00
     vertex  5.527538e+01  2.759283e+01  0.000000e+00
   endloop
 endfacet
 facet normal  0.000000e+00  0.000000e+00 -1.000000e+00
   outer loop
     vertex  6.300000e+01  3.400000e+01  0.000000e+00
     vertex  5.527538e+01  2.759283e+01  0.000000e+00
     vertex  5.526471e+01  2.759473e+01  0.000000e+00
   endloop
 endfacet
 facet normal  0.000000e+00  0.000000e+00 -1.000000e+00
   outer loop
     vertex  6.300000e+01  3.400000e+01  0.000000e+00
     vertex  5.526471e+01  2.759473e+01  0.000000e+00
     vertex  5.525400e+01  2.759634e+01  0.000000e+00
   endloop
 endfacet
 facet normal  0.000000e+00  0.000000e+00 -1.000000e+00
   outer loop
     vertex  6.300000e+01  3.400000e+01  0.000000e+00
     vertex  5.525400e+01  2.759634e+01  0.000000e+00
     vertex  5.524325e+01  2.759766e+01  0.000000e+00
   endloop
 endfacet
 facet normal  0.000000e+00  0.000000e+00 -1.000000e+00
   outer loop
     vertex  6.300000e+01  3.400000e+01  0.000000e+00
     vertex  5.524325e+01  2.759766e+01  0.000000e+00
     vertex  5.523246e+01  2.759868e+01  0.000000e+00
   endloop
 endfacet
 facet normal  0.000000e+00  0.000000e+00 -1.000000e+00
   outer loop
     vertex  6.300000e+01  3.400000e+01  0.000000e+00
     vertex  5.523246e+01  2.759868e+01  0.000000e+00
     vertex  5.522166e+01  2.759941e+01  0.000000e+00
   endloop
 endfacet
 facet normal  0.000000e+00  0.000000e+00 -1.000000e+00
   outer loop
     vertex  6.300000e+01  3.400000e+01  0.000000e+00
     vertex  5.522166e+01  2.759941e+01  0.000000e+00
     vertex  5.521083e+01  2.759985e+01  0.000000e+00
   endloop
 endfacet
 facet normal  0.000000e+00  0.000000e+00 -1.000000e+00
   outer loop
     vertex  6.300000e+01  3.400000e+01  0.000000e+00
     vertex  5.521083e+01  2.759985e+01  0.000000e+00
     vertex  5.520000e+01  2.760000e+01  0.000000e+00
   endloop
 endfacet
 facet normal  0.000000e+00  0.000000e+00 -1.000000e+00
   outer loop
     vertex  6.300000e+01  3.400000e+01  0.000000e+00
     vertex  5.520000e+01  2.760000e+01  0.000000e+00
     vertex  3.740000e+01  2.760000e+01  0.000000e+00
   endloop
 endfacet
 facet normal  0.000000e+00  0.000000e+00 -1.000000e+00
   outer loop
     vertex  6.300000e+01  3.400000e+01  0.000000e+00
     vertex  5.558238e+01  2.731741e+01  0.000000e+00
     vertex  5.557906e+01  2.732772e+01  0.000000e+00
   endloop
 endfacet
 facet normal  0.000000e+00  0.000000e+00 -1.000000e+00
   outer loop
     vertex  6.300000e+01  3.400000e+01  0.000000e+00
     vertex  5.557906e+01  2.732772e+01  0.000000e+00
     vertex  5.557546e+01  2.733794e+01  0.000000e+00
   endloop
 endfacet
 facet normal  0.000000e+00  0.000000e+00 -1.000000e+00
   outer loop
     vertex  6.300000e+01  3.400000e+01  0.000000e+00
     vertex  5.557546e+01  2.733794e+01  0.000000e+00
     vertex  5.557159e+01  2.734806e+01  0.000000e+00
   endloop
 endfacet
 facet normal  0.000000e+00  0.000000e+00 -1.000000e+00
   outer loop
     vertex  6.300000e+01  3.400000e+01  0.000000e+00
     vertex  5.557159e+01  2.734806e+01  0.000000e+00
     vertex  5.556745e+01  2.735806e+01  0.000000e+00
   endloop
 endfacet
 facet normal  0.000000e+00 -0.000000e+00 -1.000000e+00
   outer loop
     vertex  6.600000e+01  3.100000e+01  0.000000e+00
     vertex  6.600000e+01  3.000000e+00  0.000000e+00
     vertex  5.560000e+01  2.720000e+01  0.000000e+00
   endloop
 endfacet
 facet normal -0.000000e+00  0.000000e+00 -1.000000e+00
   outer loop
     vertex  6.600000e+01  3.100000e+01  0.000000e+00
     vertex  5.558238e+01  2.731741e+01  0.000000e+00
     vertex  6.300000e+01  3.400000e+01  0.000000e+00
   endloop
 endfacet
 facet normal  0.000000e+00  0.000000e+00 -1.000000e+00
   outer loop
     vertex  6.600000e+01  3.100000e+01  0.000000e+00
     vertex  5.560000e+01  2.720000e+01  0.000000e+00
     vertex  5.559985e+01  2.721083e+01  0.000000e+00
   endloop
 endfacet
 facet normal  0.000000e+00  0.000000e+00 -1.000000e+00
   outer loop
     vertex  6.600000e+01  3.100000e+01  0.000000e+00
     vertex  5.559985e+01  2.721083e+01  0.000000e+00
     vertex  5.559941e+01  2.722166e+01  0.000000e+00
   endloop
 endfacet
 facet normal  0.000000e+00  0.000000e+00 -1.000000e+00
   outer loop
     vertex  6.600000e+01  3.100000e+01  0.000000e+00
     vertex  5.559941e+01  2.722166e+01  0.000000e+00
     vertex  5.559868e+01  2.723246e+01  0.000000e+00
   endloop
 endfacet
 facet normal  0.000000e+00  0.000000e+00 -1.000000e+00
   outer loop
     vertex  6.600000e+01  3.100000e+01  0.000000e+00
     vertex  5.559868e+01  2.723246e+01  0.000000e+00
     vertex  5.559766e+01  2.724325e+01  0.000000e+00
   endloop
 endfacet
 facet normal  0.000000e+00  0.000000e+00 -1.000000e+00
   outer loop
     vertex  6.600000e+01  3.100000e+01  0.000000e+00
     vertex  5.559766e+01  2.724325e+01  0.000000e+00
     vertex  5.559634e+01  2.725400e+01  0.000000e+00
   endloop
 endfacet
 facet normal  0.000000e+00  0.000000e+00 -1.000000e+00
   outer loop
     vertex  6.600000e+01  3.100000e+01  0.000000e+00
     vertex  5.559634e+01  2.725400e+01  0.000000e+00
     vertex  5.559473e+01  2.726471e+01  0.000000e+00
   endloop
 endfacet
 facet normal  0.000000e+00  0.000000e+00 -1.000000e+00
   outer loop
     vertex  6.600000e+01  3.100000e+01  0.000000e+00
     vertex  5.559473e+01  2.726471e+01  0.000000e+00
     vertex  5.559283e+01  2.727538e+01  0.000000e+00
   endloop
 endfacet
 facet normal  0.000000e+00  0.000000e+00 -1.000000e+00
   outer loop
     vertex  6.600000e+01  3.100000e+01  0.000000e+00
     vertex  5.559283e+01  2.727538e+01  0.000000e+00
     vertex  5.559065e+01  2.728599e+01  0.000000e+00
   endloop
 endfacet
 facet normal  0.000000e+00  0.000000e+00 -1.000000e+00
   outer loop
     vertex  6.600000e+01  3.100000e+01  0.000000e+00
     vertex  5.559065e+01  2.728599e+01  0.000000e+00
     vertex  5.558818e+01  2.729654e+01  0.000000e+00
   endloop
 endfacet
 facet normal  0.000000e+00  0.000000e+00 -1.000000e+00
   outer loop
     vertex  6.600000e+01  3.100000e+01  0.000000e+00
     vertex  5.558818e+01  2.729654e+01  0.000000e+00
     vertex  5.558542e+01  2.730701e+01  0.000000e+00
   endloop
 endfacet
 facet normal  0.000000e+00  0.000000e+00 -1.000000e+00
   outer loop
     vertex  6.600000e+01  3.100000e+01  0.000000e+00
     vertex  5.558542e+01  2.730701e+01  0.000000e+00
     vertex  5.558238e+01  2.731741e+01  0.000000e+00
   endloop
 endfacet
 facet normal -0.000000e+00 -0.000000e+00 -1.000000e+00
   outer loop
     vertex  6.599890e+01  3.108124e+01  0.000000e+00
     vertex  6.600000e+01  3.100000e+01  0.000000e+00
     vertex  6.300000e+01  3.400000e+01  0.000000e+00
   endloop
 endfacet
 facet normal  0.000000e+00  0.000000e+00 -1.000000e+00
   outer loop
     vertex  6.316242e+01  3.399560e+01  0.000000e+00
     vertex  6.300000e+01  3.400000e+01  0.000000e+00
     vertex  6.308124e+01  3.399890e+01  0.000000e+00
   endloop
 endfacet
 facet normal  0.000000e+00  0.000000e+00 -1.000000e+00
   outer loop
     vertex  6.598241e+01  3.132436e+01  0.000000e+00
     vertex  6.599010e+01  3.124348e+01  0.000000e+00
     vertex  6.599560e+01  3.116242e+01  0.000000e+00
   endloop
 endfacet
 facet normal  0.000000e+00  0.000000e+00 -1.000000e+00
   outer loop
     vertex  6.340500e+01  3.397254e+01  0.000000e+00
     vertex  6.324348e+01  3.399010e+01  0.000000e+00
     vertex  6.332436e+01  3.398241e+01  0.000000e+00
   endloop
 endfacet
 facet normal  0.000000e+00  0.000000e+00 -1.000000e+00
   outer loop
     vertex  6.340500e+01  3.397254e+01  0.000000e+00
     vertex  6.316242e+01  3.399560e+01  0.000000e+00
     vertex  6.324348e+01  3.399010e+01  0.000000e+00
   endloop
 endfacet
 facet normal  0.000000e+00  0.000000e+00 -1.000000e+00
   outer loop
     vertex  6.340500e+01  3.397254e+01  0.000000e+00
     vertex  6.300000e+01  3.400000e+01  0.000000e+00
     vertex  6.316242e+01  3.399560e+01  0.000000e+00
   endloop
 endfacet
 facet normal  0.000000e+00  0.000000e+00 -1.000000e+00
   outer loop
     vertex  6.597254e+01  3.140500e+01  0.000000e+00
     vertex  6.598241e+01  3.132436e+01  0.000000e+00
     vertex  6.599560e+01  3.116242e+01  0.000000e+00
   endloop
 endfacet
 facet normal  0.000000e+00  0.000000e+00 -1.000000e+00
   outer loop
     vertex  6.597254e+01  3.140500e+01  0.000000e+00
     vertex  6.599560e+01  3.116242e+01  0.000000e+00
     vertex  6.599890e+01  3.108124e+01  0.000000e+00
   endloop
 endfacet
 facet normal  0.000000e+00  0.000000e+00 -1.000000e+00
   outer loop
     vertex  6.348535e+01  3.396048e+01  0.000000e+00
     vertex  6.300000e+01  3.400000e+01  0.000000e+00
     vertex  6.340500e+01  3.397254e+01  0.000000e+00
   endloop
 endfacet
 facet normal  0.000000e+00  0.000000e+00 -1.000000e+00
   outer loop
     vertex  6.592986e+01  3.164491e+01  0.000000e+00
     vertex  6.597254e+01  3.140500e+01  0.000000e+00
     vertex  6.599890e+01  3.108124e+01  0.000000e+00
   endloop
 endfacet
 facet normal  0.000000e+00  0.000000e+00 -1.000000e+00
   outer loop
     vertex  6.592986e+01  3.164491e+01  0.000000e+00
     vertex  6.596048e+01  3.148535e+01  0.000000e+00
     vertex  6.597254e+01  3.140500e+01  0.000000e+00
   endloop
 endfacet
 facet normal  0.000000e+00  0.000000e+00 -1.000000e+00
   outer loop
     vertex  6.592986e+01  3.164491e+01  0.000000e+00
     vertex  6.594625e+01  3.156534e+01  0.000000e+00
     vertex  6.596048e+01  3.148535e+01  0.000000e+00
   endloop
 endfacet
 facet normal  0.000000e+00  0.000000e+00 -1.000000e+00
   outer loop
     vertex  6.364491e+01  3.392986e+01  0.000000e+00
     vertex  6.300000e+01  3.400000e+01  0.000000e+00
     vertex  6.348535e+01  3.396048e+01  0.000000e+00
   endloop
 endfacet
 facet normal  0.000000e+00  0.000000e+00 -1.000000e+00
   outer loop
     vertex  6.364491e+01  3.392986e+01  0.000000e+00
     vertex  6.348535e+01  3.396048e+01  0.000000e+00
     vertex  6.356534e+01  3.394625e+01  0.000000e+00
   endloop
 endfacet
 facet normal  0.000000e+00  0.000000e+00 -1.000000e+00
   outer loop
     vertex  6.591132e+01  3.172401e+01  0.000000e+00
     vertex  6.592986e+01  3.164491e+01  0.000000e+00
     vertex  6.599890e+01  3.108124e+01  0.000000e+00
   endloop
 endfacet
 facet normal -0.000000e+00 -0.000000e+00 -1.000000e+00
   outer loop
     vertex  6.591132e+01  3.172401e+01  0.000000e+00
     vertex  6.599890e+01  3.108124e+01  0.000000e+00
     vertex  6.300000e+01  3.400000e+01  0.000000e+00
   endloop
 endfacet
 facet normal  0.000000e+00  0.000000e+00 -1.000000e+00
   outer loop
     vertex  6.388057e+01  3.386786e+01  0.000000e+00
     vertex  6.372401e+01  3.391132e+01  0.000000e+00
     vertex  6.380259e+01  3.389065e+01  0.000000e+00
   endloop
 endfacet
 facet normal  0.000000e+00  0.000000e+00 -1.000000e+00
   outer loop
     vertex  6.388057e+01  3.386786e+01  0.000000e+00
     vertex  6.364491e+01  3.392986e+01  0.000000e+00
     vertex  6.372401e+01  3.391132e+01  0.000000e+00
   endloop
 endfacet
 facet normal  0.000000e+00  0.000000e+00 -1.000000e+00
   outer loop
     vertex  6.584296e+01  3.195790e+01  0.000000e+00
     vertex  6.589065e+01  3.180259e+01  0.000000e+00
     vertex  6.591132e+01  3.172401e+01  0.000000e+00
   endloop
 endfacet
 facet normal  0.000000e+00  0.000000e+00 -1.000000e+00
   outer loop
     vertex  6.584296e+01  3.195790e+01  0.000000e+00
     vertex  6.586786e+01  3.188057e+01  0.000000e+00
     vertex  6.589065e+01  3.180259e+01  0.000000e+00
   endloop
 endfacet
 facet normal -0.000000e+00 -0.000000e+00 -1.000000e+00
   outer loop
     vertex  6.584296e+01  3.195790e+01  0.000000e+00
     vertex  6.591132e+01  3.172401e+01  0.000000e+00
     vertex  6.300000e+01  3.400000e+01  0.000000e+00
   endloop
 endfacet
 facet normal  0.000000e+00  0.000000e+00 -1.000000e+00
   outer loop
     vertex  6.395790e+01  3.384296e+01  0.000000e+00
     vertex  6.364491e+01  3.392986e+01  0.000000e+00
     vertex  6.388057e+01  3.386786e+01  0.000000e+00
   endloop
 endfacet
 facet normal  0.000000e+00  0.000000e+00 -1.000000e+00
   outer loop
     vertex  6.403454e+01  3.381598e+01  0.000000e+00
     vertex  6.300000e+01  3.400000e+01  0.000000e+00
     vertex  6.364491e+01  3.392986e+01  0.000000e+00
   endloop
 endfacet
 facet normal  0.000000e+00  0.000000e+00 -1.000000e+00
   outer loop
     vertex  6.403454e+01  3.381598e+01  0.000000e+00
     vertex  6.364491e+01  3.392986e+01  0.000000e+00
     vertex  6.395790e+01  3.384296e+01  0.000000e+00
   endloop
 endfacet
 facet normal  0.000000e+00  0.000000e+00 -1.000000e+00
   outer loop
     vertex  6.578693e+01  3.211041e+01  0.000000e+00
     vertex  6.581598e+01  3.203454e+01  0.000000e+00
     vertex  6.584296e+01  3.195790e+01  0.000000e+00
   endloop
 endfacet
 facet normal  0.000000e+00  0.000000e+00 -1.000000e+00
   outer loop
     vertex  6.575584e+01  3.218548e+01  0.000000e+00
     vertex  6.578693e+01  3.211041e+01  0.000000e+00
     vertex  6.584296e+01  3.195790e+01  0.000000e+00
   endloop
 endfacet
 facet normal  0.000000e+00  0.000000e+00 -1.000000e+00
   outer loop
     vertex  6.418548e+01  3.375584e+01  0.000000e+00
     vertex  6.403454e+01  3.381598e+01  0.000000e+00
     vertex  6.411041e+01  3.378693e+01  0.000000e+00
   endloop
 endfacet
 facet normal  0.000000e+00  0.000000e+00 -1.000000e+00
   outer loop
     vertex  6.425967e+01  3.372273e+01  0.000000e+00
     vertex  6.300000e+01  3.400000e+01  0.000000e+00
     vertex  6.403454e+01  3.381598e+01  0.000000e+00
   endloop
 endfacet
 facet normal  0.000000e+00  0.000000e+00 -1.000000e+00
   outer loop
     vertex  6.425967e+01  3.372273e+01  0.000000e+00
     vertex  6.403454e+01  3.381598e+01  0.000000e+00
     vertex  6.418548e+01  3.375584e+01  0.000000e+00
   endloop
 endfacet
 facet normal  0.000000e+00  0.000000e+00 -1.000000e+00
   outer loop
     vertex  6.568762e+01  3.233294e+01  0.000000e+00
     vertex  6.572273e+01  3.225967e+01  0.000000e+00
     vertex  6.575584e+01  3.218548e+01  0.000000e+00
   endloop
 endfacet
 facet normal  0.000000e+00  0.000000e+00 -1.000000e+00
   outer loop
     vertex  6.568762e+01  3.233294e+01  0.000000e+00
     vertex  6.575584e+01  3.218548e+01  0.000000e+00
     vertex  6.584296e+01  3.195790e+01  0.000000e+00
   endloop
 endfacet
 facet normal  0.000000e+00  0.000000e+00 -1.000000e+00
   outer loop
     vertex  6.440523e+01  3.365054e+01  0.000000e+00
     vertex  6.425967e+01  3.372273e+01  0.000000e+00
     vertex  6.433294e+01  3.368762e+01  0.000000e+00
   endloop
 endfacet
 facet normal -0.000000e+00 -0.000000e+00 -1.000000e+00
   outer loop
     vertex  6.447648e+01  3.361151e+01  0.000000e+00
     vertex  6.584296e+01  3.195790e+01  0.000000e+00
     vertex  6.300000e+01  3.400000e+01  0.000000e+00
   endloop
 endfacet
 facet normal  0.000000e+00  0.000000e+00 -1.000000e+00
   outer loop
     vertex  6.447648e+01  3.361151e+01  0.000000e+00
     vertex  6.300000e+01  3.400000e+01  0.000000e+00
     vertex  6.425967e+01  3.372273e+01  0.000000e+00
   endloop
 endfacet
 facet normal  0.000000e+00  0.000000e+00 -1.000000e+00
   outer loop
     vertex  6.447648e+01  3.361151e+01  0.000000e+00
     vertex  6.568762e+01  3.233294e+01  0.000000e+00
     vertex  6.584296e+01  3.195790e+01  0.000000e+00
   endloop
 endfacet
 facet normal  0.000000e+00  0.000000e+00 -1.000000e+00
   outer loop
     vertex  6.447648e+01  3.361151e+01  0.000000e+00
     vertex  6.425967e+01  3.372273e+01  0.000000e+00
     vertex  6.440523e+01  3.365054e+01  0.000000e+00
   endloop
 endfacet
 facet normal  0.000000e+00  0.000000e+00 -1.000000e+00
   outer loop
     vertex  6.557057e+01  3.254666e+01  0.000000e+00
     vertex  6.565054e+01  3.240523e+01  0.000000e+00
     vertex  6.568762e+01  3.233294e+01  0.000000e+00
   endloop
 endfacet
 facet normal  0.000000e+00  0.000000e+00 -1.000000e+00
   outer loop
     vertex  6.557057e+01  3.254666e+01  0.000000e+00
     vertex  6.561151e+01  3.247648e+01  0.000000e+00
     vertex  6.565054e+01  3.240523e+01  0.000000e+00
   endloop
 endfacet
 facet normal  0.000000e+00  0.000000e+00 -1.000000e+00
   outer loop
     vertex  6.548307e+01  3.268356e+01  0.000000e+00
     vertex  6.552775e+01  3.261570e+01  0.000000e+00
     vertex  6.557057e+01  3.254666e+01  0.000000e+00
   endloop
 endfacet
 facet normal  0.000000e+00  0.000000e+00 -1.000000e+00
   outer loop
     vertex  6.548307e+01  3.268356e+01  0.000000e+00
     vertex  6.461570e+01  3.352775e+01  0.000000e+00
     vertex  6.468356e+01  3.348307e+01  0.000000e+00
   endloop
 endfacet
 facet normal  0.000000e+00  0.000000e+00 -1.000000e+00
   outer loop
     vertex  6.548307e+01  3.268356e+01  0.000000e+00
     vertex  6.454666e+01  3.357057e+01  0.000000e+00
     vertex  6.461570e+01  3.352775e+01  0.000000e+00
   endloop
 endfacet
 facet normal  0.000000e+00  0.000000e+00 -1.000000e+00
   outer loop
     vertex  6.548307e+01  3.268356e+01  0.000000e+00
     vertex  6.447648e+01  3.361151e+01  0.000000e+00
     vertex  6.454666e+01  3.357057e+01  0.000000e+00
   endloop
 endfacet
 facet normal  0.000000e+00  0.000000e+00 -1.000000e+00
   outer loop
     vertex  6.548307e+01  3.268356e+01  0.000000e+00
     vertex  6.557057e+01  3.254666e+01  0.000000e+00
     vertex  6.568762e+01  3.233294e+01  0.000000e+00
   endloop
 endfacet
 facet normal -0.000000e+00 -0.000000e+00 -1.000000e+00
   outer loop
     vertex  6.548307e+01  3.268356e+01  0.000000e+00
     vertex  6.568762e+01  3.233294e+01  0.000000e+00
     vertex  6.447648e+01  3.361151e+01  0.000000e+00
   endloop
 endfacet
 facet normal  0.000000e+00  0.000000e+00 -1.000000e+00
   outer loop
     vertex  6.481552e+01  3.338828e+01  0.000000e+00
     vertex  6.468356e+01  3.348307e+01  0.000000e+00
     vertex  6.475018e+01  3.343657e+01  0.000000e+00
   endloop
 endfacet
 facet normal  0.000000e+00  0.000000e+00 -1.000000e+00
   outer loop
     vertex  6.528649e+01  3.294216e+01  0.000000e+00
     vertex  6.543657e+01  3.275018e+01  0.000000e+00
     vertex  6.548307e+01  3.268356e+01  0.000000e+00
   endloop
 endfacet
 facet normal  0.000000e+00  0.000000e+00 -1.000000e+00
   outer loop
     vertex  6.528649e+01  3.294216e+01  0.000000e+00
     vertex  6.538828e+01  3.281552e+01  0.000000e+00
     vertex  6.543657e+01  3.275018e+01  0.000000e+00
   endloop
 endfacet
 facet normal  0.000000e+00  0.000000e+00 -1.000000e+00
   outer loop
     vertex  6.528649e+01  3.294216e+01  0.000000e+00
     vertex  6.533824e+01  3.287953e+01  0.000000e+00
     vertex  6.538828e+01  3.281552e+01  0.000000e+00
   endloop
 endfacet
 facet normal  0.000000e+00  0.000000e+00 -1.000000e+00
   outer loop
     vertex  6.523306e+01  3.300336e+01  0.000000e+00
     vertex  6.528649e+01  3.294216e+01  0.000000e+00
     vertex  6.548307e+01  3.268356e+01  0.000000e+00
   endloop
 endfacet
 facet normal  0.000000e+00  0.000000e+00 -1.000000e+00
   outer loop
     vertex  6.517799e+01  3.306310e+01  0.000000e+00
     vertex  6.487953e+01  3.333824e+01  0.000000e+00
     vertex  6.494216e+01  3.328649e+01  0.000000e+00
   endloop
 endfacet
 facet normal  0.000000e+00  0.000000e+00 -1.000000e+00
   outer loop
     vertex  6.517799e+01  3.306310e+01  0.000000e+00
     vertex  6.481552e+01  3.338828e+01  0.000000e+00
     vertex  6.487953e+01  3.333824e+01  0.000000e+00
   endloop
 endfacet
 facet normal -0.000000e+00 -0.000000e+00 -1.000000e+00
   outer loop
     vertex  6.517799e+01  3.306310e+01  0.000000e+00
     vertex  6.548307e+01  3.268356e+01  0.000000e+00
     vertex  6.468356e+01  3.348307e+01  0.000000e+00
   endloop
 endfacet
 facet normal  0.000000e+00  0.000000e+00 -1.000000e+00
   outer loop
     vertex  6.517799e+01  3.306310e+01  0.000000e+00
     vertex  6.468356e+01  3.348307e+01  0.000000e+00
     vertex  6.481552e+01  3.338828e+01  0.000000e+00
   endloop
 endfacet
 facet normal  0.000000e+00  0.000000e+00 -1.000000e+00
   outer loop
     vertex  6.517799e+01  3.306310e+01  0.000000e+00
     vertex  6.523306e+01  3.300336e+01  0.000000e+00
     vertex  6.548307e+01  3.268356e+01  0.000000e+00
   endloop
 endfacet
 facet normal -0.000000e+00 -0.000000e+00 -1.000000e+00
   outer loop
     vertex  6.512132e+01  3.312132e+01  0.000000e+00
     vertex  6.517799e+01  3.306310e+01  0.000000e+00
     vertex  6.494216e+01  3.328649e+01  0.000000e+00
   endloop
 endfacet
 facet normal  0.000000e+00  0.000000e+00 -1.000000e+00
   outer loop
     vertex  6.512132e+01  3.312132e+01  0.000000e+00
     vertex  6.500336e+01  3.323306e+01  0.000000e+00
     vertex  6.506310e+01  3.317799e+01  0.000000e+00
   endloop
 endfacet
 facet normal  0.000000e+00  0.000000e+00 -1.000000e+00
   outer loop
     vertex  6.512132e+01  3.312132e+01  0.000000e+00
     vertex  6.494216e+01  3.328649e+01  0.000000e+00
     vertex  6.500336e+01  3.323306e+01  0.000000e+00
   endloop
 endfacet
 facet normal -0.000000e+00  0.000000e+00 -1.000000e+00
   outer loop
     vertex  6.300000e+01  3.400000e+01  0.000000e+00
     vertex  3.740000e+01  2.760000e+01  0.000000e+00
     vertex  3.000000e+00  3.400000e+01  0.000000e+00
   endloop
 endfacet
 facet normal -0.000000e+00  0.000000e+00 -1.000000e+00
   outer loop
     vertex  3.740000e+01  2.760000e+01  0.000000e+00
     vertex  3.738917e+01  2.759985e+01  0.000000e+00
     vertex  3.000000e+00  3.400000e+01  0.000000e+00
   endloop
 endfacet
 facet normal -0.000000e+00  0.000000e+00 -1.000000e+00
   outer loop
     vertex  3.738917e+01  2.759985e+01  0.000000e+00
     vertex  3.737834e+01  2.759941e+01  0.000000e+00
     vertex  3.000000e+00  3.400000e+01  0.000000e+00
   endloop
 endfacet
 facet normal -0.000000e+00  0.000000e+00 -1.000000e+00
   outer loop
     vertex  3.737834e+01  2.759941e+01  0.000000e+00
     vertex  3.736754e+01  2.759868e+01  0.000000e+00
     vertex  3.000000e+00  3.400000e+01  0.000000e+00
   endloop
 endfacet
 facet normal -0.000000e+00  0.000000e+00 -1.000000e+00
   outer loop
     vertex  3.736754e+01  2.759868e+01  0.000000e+00
     vertex  3.735675e+01  2.759766e+01  0.000000e+00
     vertex  3.000000e+00  3.400000e+01  0.000000e+00
   endloop
 endfacet
 facet normal -0.000000e+00  0.000000e+00 -1.000000e+00
   outer loop
     vertex  3.735675e+01  2.759766e+01  0.000000e+00
     vertex  3.734600e+01  2.759634e+01  0.000000e+00
     vertex  3.000000e+00  3.400000e+01  0.000000e+00
   endloop
 endfacet
 facet normal -0.000000e+00  0.000000e+00 -1.000000e+00
   outer loop
     vertex  3.734600e+01  2.759634e+01  0.000000e+00
     vertex  3.733529e+01  2.759473e+01  0.000000e+00
     vertex  3.000000e+00  3.400000e+01  0.000000e+00
   endloop
 endfacet
 facet normal -0.000000e+00  0.000000e+00 -1.000000e+00
   outer loop
     vertex  3.733529e+01  2.759473e+01  0.000000e+00
     vertex  3.732462e+01  2.759283e+01  0.000000e+00
     vertex  3.000000e+00  3.400000e+01  0.000000e+00
   endloop
 endfacet
 facet normal -0.000000e+00  0.000000e+00 -1.000000e+00
   outer loop
     vertex  3.732462e+01  2.759283e+01  0.000000e+00
     vertex  3.731401e+01  2.759065e+01  0.000000e+00
     vertex  3.000000e+00  3.400000e+01  0.000000e+00
   endloop
 endfacet
 facet normal -0.000000e+00  0.000000e+00 -1.000000e+00
   outer loop
     vertex  3.731401e+01  2.759065e+01  0.000000e+00
     vertex  3.730346e+01  2.758818e+01  0.000000e+00
     vertex  3.000000e+00  3.400000e+01  0.000000e+00
   endloop
 endfacet
 facet normal -0.000000e+00  0.000000e+00 -1.000000e+00
   outer loop
     vertex  3.730346e+01  2.758818e+01  0.000000e+00
     vertex  3.729299e+01  2.758542e+01  0.000000e+00
     vertex  3.000000e+00  3.400000e+01  0.000000e+00
   endloop
 endfacet
 facet normal -0.000000e+00  0.000000e+00 -1.000000e+00
   outer loop
     vertex  3.729299e+01  2.758542e+01  0.000000e+00
     vertex  3.728259e+01  2.758238e+01  0.000000e+00
     vertex  3.000000e+00  3.400000e+01  0.000000e+00
   endloop
 endfacet
 facet normal  0.000000e+00 -1.000000e+00 -0.000000e+00
   outer loop
     vertex  6.300000e+01 -4.440892e-16  1.500000e+00
     vertex  3.000000e+00 -4.440892e-16  0.000000e+00
     vertex  6.300000e+01 -4.440892e-16  0.000000e+00
   endloop
 endfacet
 facet normal -0.000000e+00 -1.000000e+00  0.000000e+00
   outer loop
     vertex  6.300000e+01 -4.440892e-16  1.500000e+00
     vertex  3.000000e+00 -4.440892e-16  1.500000e+00
     vertex  3.000000e+00 -4.440892e-16  0.000000e+00
   endloop
 endfacet
 facet normal  0.000000e+00  1.000000e+00  0.000000e+00
   outer loop
     vertex  6.300000e+01  3.400000e+01  1.500000e+00
     vertex  6.300000e+01  3.400000e+01  0.000000e+00
     vertex  3.000000e+00  3.400000e+01  0.000000e+00
   endloop
 endfacet
 facet normal  0.000000e+00  1.000000e+00  0.000000e+00
   outer loop
     vertex  6.300000e+01  3.400000e+01  1.500000e+00
     vertex  3.000000e+00  3.400000e+01  0.000000e+00
     vertex  3.000000e+00  3.400000e+01  1.500000e+00
   endloop
 endfacet
 facet normal  9.999083e-01 -1.354093e-02  0.000000e+00
   outer loop
     vertex  6.599890e+01  2.918762e+00  1.500000e+00
     vertex  6.599890e+01  2.918762e+00  0.000000e+00
     vertex  6.600000e+01  3.000000e+00  0.000000e+00
   endloop
 endfacet
 facet normal  9.999083e-01 -1.354093e-02  0.000000e+00
   outer loop
     vertex  6.599890e+01  2.918762e+00  1.500000e+00
     vertex  6.600000e+01  3.000000e+00  0.000000e+00
     vertex  6.600000e+01  3.000000e+00  1.500000e+00
   endloop
 endfacet
 facet normal  9.991750e-01 -4.061287e-02  0.000000e+00
   outer loop
     vertex  6.599560e+01  2.837583e+00  1.500000e+00
     vertex  6.599560e+01  2.837583e+00  0.000000e+00
     vertex  6.599890e+01  2.918762e+00  0.000000e+00
   endloop
 endfacet
 facet normal  9.991750e-01 -4.061287e-02  0.000000e+00
   outer loop
     vertex  6.599560e+01  2.837583e+00  1.500000e+00
     vertex  6.599890e+01  2.918762e+00  0.000000e+00
     vertex  6.599890e+01  2.918762e+00  1.500000e+00
   endloop
 endfacet
 facet normal  9.977088e-01 -6.765502e-02  0.000000e+00
   outer loop
     vertex  6.599010e+01  2.756524e+00  1.500000e+00
     vertex  6.599010e+01  2.756524e+00  0.000000e+00
     vertex  6.599560e+01  2.837583e+00  0.000000e+00
   endloop
 endfacet
 facet normal  9.977088e-01 -6.765502e-02  0.000000e+00
   outer loop
     vertex  6.599010e+01  2.756524e+00  1.500000e+00
     vertex  6.599560e+01  2.837583e+00  0.000000e+00
     vertex  6.599560e+01  2.837583e+00  1.500000e+00
   endloop
 endfacet
 facet normal  9.955108e-01 -9.464755e-02  0.000000e+00
   outer loop
     vertex  6.598241e+01  2.675643e+00  1.500000e+00
     vertex  6.598241e+01  2.675643e+00  0.000000e+00
     vertex  6.599010e+01  2.756524e+00  0.000000e+00
   endloop
 endfacet
 facet normal  9.925828e-01 -1.215707e-01  0.000000e+00
   outer loop
     vertex  6.598241e+01  2.675643e+00  1.500000e+00
     vertex  6.597254e+01  2.595000e+00  0.000000e+00
     vertex  6.598241e+01  2.675643e+00  0.000000e+00
   endloop
 endfacet
 facet normal  9.955108e-01 -9.464755e-02  0.000000e+00
   outer loop
     vertex  6.598241e+01  2.675643e+00  1.500000e+00
     vertex  6.599010e+01  2.756524e+00  0.000000e+00
     vertex  6.599010e+01  2.756524e+00  1.500000e+00
   endloop
 endfacet
 facet normal  9.925828e-01 -1.215707e-01  0.000000e+00
   outer loop
     vertex  6.597254e+01  2.595000e+00  1.500000e+00
     vertex  6.597254e+01  2.595000e+00  0.000000e+00
     vertex  6.598241e+01  2.675643e+00  1.500000e+00
   endloop
 endfacet
 facet normal  9.889267e-01 -1.484046e-01  0.000000e+00
   outer loop
     vertex  6.596048e+01  2.514654e+00  1.500000e+00
     vertex  6.596048e+01  2.514654e+00  0.000000e+00
     vertex  6.597254e+01  2.595000e+00  0.000000e+00
   endloop
 endfacet
 facet normal  9.889267e-01 -1.484046e-01  0.000000e+00
   outer loop
     vertex  6.596048e+01  2.514654e+00  1.500000e+00
     vertex  6.597254e+01  2.595000e+00  0.000000e+00
     vertex  6.597254e+01  2.595000e+00  1.500000e+00
   endloop
 endfacet
 facet normal  9.845454e-01 -1.751297e-01  0.000000e+00
   outer loop
     vertex  6.594625e+01  2.434664e+00  1.500000e+00
     vertex  6.594625e+01  2.434664e+00  0.000000e+00
     vertex  6.596048e+01  2.514654e+00  0.000000e+00
   endloop
 endfacet
 facet normal  9.845454e-01 -1.751297e-01  0.000000e+00
   outer loop
     vertex  6.594625e+01  2.434664e+00  1.500000e+00
     vertex  6.596048e+01  2.514654e+00  0.000000e+00
     vertex  6.596048e+01  2.514654e+00  1.500000e+00
   endloop
 endfacet
 facet normal  9.794419e-01 -2.017264e-01  0.000000e+00
   outer loop
     vertex  6.592986e+01  2.355089e+00  1.500000e+00
     vertex  6.592986e+01  2.355089e+00  0.000000e+00
     vertex  6.594625e+01  2.434664e+00  0.000000e+00
   endloop
 endfacet
 facet normal  9.794419e-01 -2.017264e-01  0.000000e+00
   outer loop
     vertex  6.592986e+01  2.355089e+00  1.500000e+00
     vertex  6.594625e+01  2.434664e+00  0.000000e+00
     vertex  6.594625e+01  2.434664e+00  1.500000e+00
   endloop
 endfacet
 facet normal  9.736201e-01 -2.281751e-01  0.000000e+00
   outer loop
     vertex  6.591132e+01  2.275986e+00  1.500000e+00
     vertex  6.591132e+01  2.275986e+00  0.000000e+00
     vertex  6.592986e+01  2.355089e+00  0.000000e+00
   endloop
 endfacet
 facet normal  9.670842e-01 -2.544564e-01  0.000000e+00
   outer loop
     vertex  6.591132e+01  2.275986e+00  1.500000e+00
     vertex  6.589065e+01  2.197415e+00  0.000000e+00
     vertex  6.591132e+01  2.275986e+00  0.000000e+00
   endloop
 endfacet
 facet normal  9.736201e-01 -2.281751e-01  0.000000e+00
   outer loop
     vertex  6.591132e+01  2.275986e+00  1.500000e+00
     vertex  6.592986e+01  2.355089e+00  0.000000e+00
     vertex  6.592986e+01  2.355089e+00  1.500000e+00
   endloop
 endfacet
 facet normal  9.670842e-01 -2.544564e-01  0.000000e+00
   outer loop
     vertex  6.589065e+01  2.197415e+00  1.500000e+00
     vertex  6.589065e+01  2.197415e+00  0.000000e+00
     vertex  6.591132e+01  2.275986e+00  1.500000e+00
   endloop
 endfacet
 facet normal  9.598391e-01 -2.805512e-01  0.000000e+00
   outer loop
     vertex  6.586786e+01  2.119432e+00  1.500000e+00
     vertex  6.586786e+01  2.119432e+00  0.000000e+00
     vertex  6.589065e+01  2.197415e+00  0.000000e+00
   endloop
 endfacet
 facet normal  9.598391e-01 -2.805512e-01  0.000000e+00
   outer loop
     vertex  6.586786e+01  2.119432e+00  1.500000e+00
     vertex  6.589065e+01  2.197415e+00  0.000000e+00
     vertex  6.589065e+01  2.197415e+00  1.500000e+00
   endloop
 endfacet
 facet normal  9.518899e-01 -3.064401e-01  0.000000e+00
   outer loop
     vertex  6.584296e+01  2.042095e+00  1.500000e+00
     vertex  6.584296e+01  2.042095e+00  0.000000e+00
     vertex  6.586786e+01  2.119432e+00  0.000000e+00
   endloop
 endfacet
 facet normal  9.518899e-01 -3.064401e-01  0.000000e+00
   outer loop
     vertex  6.584296e+01  2.042095e+00  1.500000e+00
     vertex  6.586786e+01  2.119432e+00  0.000000e+00
     vertex  6.586786e+01  2.119432e+00  1.500000e+00
   endloop
 endfacet
 facet normal  9.432426e-01 -3.321044e-01  0.000000e+00
   outer loop
     vertex  6.581598e+01  1.965461e+00  1.500000e+00
     vertex  6.581598e+01  1.965461e+00  0.000000e+00
     vertex  6.584296e+01  2.042095e+00  0.000000e+00
   endloop
 endfacet
 facet normal  9.432426e-01 -3.321044e-01  0.000000e+00
   outer loop
     vertex  6.581598e+01  1.965461e+00  1.500000e+00
     vertex  6.584296e+01  2.042095e+00  0.000000e+00
     vertex  6.584296e+01  2.042095e+00  1.500000e+00
   endloop
 endfacet
 facet normal  9.339036e-01 -3.575250e-01  0.000000e+00
   outer loop
     vertex  6.578693e+01  1.889586e+00  1.500000e+00
     vertex  6.578693e+01  1.889586e+00  0.000000e+00
     vertex  6.581598e+01  1.965461e+00  0.000000e+00
   endloop
 endfacet
 facet normal  9.339036e-01 -3.575250e-01  0.000000e+00
   outer loop
     vertex  6.578693e+01  1.889586e+00  1.500000e+00
     vertex  6.581598e+01  1.965461e+00  0.000000e+00
     vertex  6.581598e+01  1.965461e+00  1.500000e+00
   endloop
 endfacet
 facet normal  9.238795e-01 -3.826834e-01  0.000000e+00
   outer loop
     vertex  6.575584e+01  1.814524e+00  1.500000e+00
     vertex  6.575584e+01  1.814524e+00  0.000000e+00
     vertex  6.578693e+01  1.889586e+00  0.000000e+00
   endloop
 endfacet
 facet normal  9.131779e-01 -4.075612e-01  0.000000e+00
   outer loop
     vertex  6.575584e+01  1.814524e+00  1.500000e+00
     vertex  6.572273e+01  1.740333e+00  0.000000e+00
     vertex  6.575584e+01  1.814524e+00  0.000000e+00
   endloop
 endfacet
 facet normal  9.238795e-01 -3.826834e-01  0.000000e+00
   outer loop
     vertex  6.575584e+01  1.814524e+00  1.500000e+00
     vertex  6.578693e+01  1.889586e+00  0.000000e+00
     vertex  6.578693e+01  1.889586e+00  1.500000e+00
   endloop
 endfacet
 facet normal  9.131779e-01 -4.075612e-01  0.000000e+00
   outer loop
     vertex  6.572273e+01  1.740333e+00  1.500000e+00
     vertex  6.572273e+01  1.740333e+00  0.000000e+00
     vertex  6.575584e+01  1.814524e+00  1.500000e+00
   endloop
 endfacet
 facet normal  9.018065e-01 -4.321400e-01  0.000000e+00
   outer loop
     vertex  6.568762e+01  1.667065e+00  1.500000e+00
     vertex  6.568762e+01  1.667065e+00  0.000000e+00
     vertex  6.572273e+01  1.740333e+00  0.000000e+00
   endloop
 endfacet
 facet normal  8.897737e-01 -4.564019e-01  0.000000e+00
   outer loop
     vertex  6.568762e+01  1.667065e+00  1.500000e+00
     vertex  6.565054e+01  1.594775e+00  0.000000e+00
     vertex  6.568762e+01  1.667065e+00  0.000000e+00
   endloop
 endfacet
 facet normal  9.018065e-01 -4.321400e-01  0.000000e+00
   outer loop
     vertex  6.568762e+01  1.667065e+00  1.500000e+00
     vertex  6.572273e+01  1.740333e+00  0.000000e+00
     vertex  6.572273e+01  1.740333e+00  1.500000e+00
   endloop
 endfacet
 facet normal  8.897737e-01 -4.564019e-01  0.000000e+00
   outer loop
     vertex  6.565054e+01  1.594775e+00  1.500000e+00
     vertex  6.565054e+01  1.594775e+00  0.000000e+00
     vertex  6.568762e+01  1.667065e+00  1.500000e+00
   endloop
 endfacet
 facet normal  8.770884e-01 -4.803291e-01  0.000000e+00
   outer loop
     vertex  6.561151e+01  1.523515e+00  1.500000e+00
     vertex  6.561151e+01  1.523515e+00  0.000000e+00
     vertex  6.565054e+01  1.594775e+00  0.000000e+00
   endloop
 endfacet
 facet normal  8.770884e-01 -4.803291e-01  0.000000e+00
   outer loop
     vertex  6.561151e+01  1.523515e+00  1.500000e+00
     vertex  6.565054e+01  1.594775e+00  0.000000e+00
     vertex  6.565054e+01  1.594775e+00  1.500000e+00
   endloop
 endfacet
 facet normal  8.637597e-01 -5.039039e-01  0.000000e+00
   outer loop
     vertex  6.557057e+01  1.453338e+00  1.500000e+00
     vertex  6.557057e+01  1.453338e+00  0.000000e+00
     vertex  6.561151e+01  1.523515e+00  0.000000e+00
   endloop
 endfacet
 facet normal  8.637597e-01 -5.039039e-01  0.000000e+00
   outer loop
     vertex  6.557057e+01  1.453338e+00  1.500000e+00
     vertex  6.561151e+01  1.523515e+00  0.000000e+00
     vertex  6.561151e+01  1.523515e+00  1.500000e+00
   endloop
 endfacet
 facet normal  8.497975e-01 -5.271092e-01  0.000000e+00
   outer loop
     vertex  6.552775e+01  1.384296e+00  1.500000e+00
     vertex  6.557057e+01  1.453338e+00  0.000000e+00
     vertex  6.557057e+01  1.453338e+00  1.500000e+00
   endloop
 endfacet
 facet normal  8.497975e-01 -5.271092e-01  0.000000e+00
   outer loop
     vertex  6.552775e+01  1.384296e+00  1.500000e+00
     vertex  6.552775e+01  1.384296e+00  0.000000e+00
     vertex  6.557057e+01  1.453338e+00  0.000000e+00
   endloop
 endfacet
 facet normal  8.352121e-01 -5.499279e-01  0.000000e+00
   outer loop
     vertex  6.552775e+01  1.384296e+00  1.500000e+00
     vertex  6.548307e+01  1.316439e+00  0.000000e+00
     vertex  6.552775e+01  1.384296e+00  0.000000e+00
   endloop
 endfacet
 facet normal  8.352121e-01 -5.499279e-01  0.000000e+00
   outer loop
     vertex  6.548307e+01  1.316439e+00  1.500000e+00
     vertex  6.548307e+01  1.316439e+00  0.000000e+00
     vertex  6.552775e+01  1.384296e+00  1.500000e+00
   endloop
 endfacet
 facet normal  8.200141e-01 -5.723433e-01  0.000000e+00
   outer loop
     vertex  6.548307e+01  1.316439e+00  1.500000e+00
     vertex  6.543657e+01  1.249816e+00  0.000000e+00
     vertex  6.548307e+01  1.316439e+00  0.000000e+00
   endloop
 endfacet
 facet normal  8.200141e-01 -5.723433e-01  0.000000e+00
   outer loop
     vertex  6.543657e+01  1.249816e+00  1.500000e+00
     vertex  6.543657e+01  1.249816e+00  0.000000e+00
     vertex  6.548307e+01  1.316439e+00  1.500000e+00
   endloop
 endfacet
 facet normal  8.042147e-01 -5.943389e-01  0.000000e+00
   outer loop
     vertex  6.543657e+01  1.249816e+00  1.500000e+00
     vertex  6.538828e+01  1.184477e+00  0.000000e+00
     vertex  6.543657e+01  1.249816e+00  0.000000e+00
   endloop
 endfacet
 facet normal  8.042147e-01 -5.943389e-01  0.000000e+00
   outer loop
     vertex  6.538828e+01  1.184477e+00  1.500000e+00
     vertex  6.538828e+01  1.184477e+00  0.000000e+00
     vertex  6.543657e+01  1.249816e+00  1.500000e+00
   endloop
 endfacet
 facet normal  7.878255e-01 -6.158986e-01  0.000000e+00
   outer loop
     vertex  6.533824e+01  1.120470e+00  1.500000e+00
     vertex  6.538828e+01  1.184477e+00  0.000000e+00
     vertex  6.538828e+01  1.184477e+00  1.500000e+00
   endloop
 endfacet
 facet normal  7.878255e-01 -6.158986e-01  0.000000e+00
   outer loop
     vertex  6.533824e+01  1.120470e+00  1.500000e+00
     vertex  6.533824e+01  1.120470e+00  0.000000e+00
     vertex  6.538828e+01  1.184477e+00  0.000000e+00
   endloop
 endfacet
 facet normal  7.708584e-01 -6.370065e-01  0.000000e+00
   outer loop
     vertex  6.533824e+01  1.120470e+00  1.500000e+00
     vertex  6.528649e+01  1.057841e+00  0.000000e+00
     vertex  6.533824e+01  1.120470e+00  0.000000e+00
   endloop
 endfacet
 facet normal  7.533260e-01 -6.576473e-01  0.000000e+00
   outer loop
     vertex  6.528649e+01  1.057841e+00  1.500000e+00
     vertex  6.523306e+01  9.966367e-01  0.000000e+00
     vertex  6.528649e+01  1.057841e+00  0.000000e+00
   endloop
 endfacet
 facet normal  7.708584e-01 -6.370065e-01  0.000000e+00
   outer loop
     vertex  6.528649e+01  1.057841e+00  1.500000e+00
     vertex  6.528649e+01  1.057841e+00  0.000000e+00
     vertex  6.533824e+01  1.120470e+00  1.500000e+00
   endloop
 endfacet
 facet normal  7.533260e-01 -6.576473e-01  0.000000e+00
   outer loop
     vertex  6.523306e+01  9.966367e-01  1.500000e+00
     vertex  6.523306e+01  9.966367e-01  0.000000e+00
     vertex  6.528649e+01  1.057841e+00  1.500000e+00
   endloop
 endfacet
 facet normal  7.352410e-01 -6.778058e-01  0.000000e+00
   outer loop
     vertex  6.517799e+01  9.369016e-01  1.500000e+00
     vertex  6.523306e+01  9.966367e-01  0.000000e+00
     vertex  6.523306e+01  9.966367e-01  1.500000e+00
   endloop
 endfacet
 facet normal  7.352410e-01 -6.778058e-01  0.000000e+00
   outer loop
     vertex  6.517799e+01  9.369016e-01  1.500000e+00
     vertex  6.517799e+01  9.369016e-01  0.000000e+00
     vertex  6.523306e+01  9.966367e-01  0.000000e+00
   endloop
 endfacet
 facet normal  7.166168e-01 -6.974671e-01  0.000000e+00
   outer loop
     vertex  6.517799e+01  9.369016e-01  1.500000e+00
     vertex  6.512132e+01  8.786797e-01  0.000000e+00
     vertex  6.517799e+01  9.369016e-01  0.000000e+00
   endloop
 endfacet
 facet normal  7.166168e-01 -6.974671e-01  0.000000e+00
   outer loop
     vertex  6.512132e+01  8.786797e-01  1.500000e+00
     vertex  6.512132e+01  8.786797e-01  0.000000e+00
     vertex  6.517799e+01  9.369016e-01  1.500000e+00
   endloop
 endfacet
 facet normal  6.974671e-01 -7.166168e-01  0.000000e+00
   outer loop
     vertex  6.506310e+01  8.220135e-01  1.500000e+00
     vertex  6.506310e+01  8.220135e-01  0.000000e+00
     vertex  6.512132e+01  8.786797e-01  0.000000e+00
   endloop
 endfacet
 facet normal  6.974671e-01 -7.166168e-01  0.000000e+00
   outer loop
     vertex  6.506310e+01  8.220135e-01  1.500000e+00
     vertex  6.512132e+01  8.786797e-01  0.000000e+00
     vertex  6.512132e+01  8.786797e-01  1.500000e+00
   endloop
 endfacet
 facet normal  6.778058e-01 -7.352410e-01  0.000000e+00
   outer loop
     vertex  6.500336e+01  7.669448e-01  1.500000e+00
     vertex  6.500336e+01  7.669448e-01  0.000000e+00
     vertex  6.506310e+01  8.220135e-01  0.000000e+00
   endloop
 endfacet
 facet normal  6.778058e-01 -7.352410e-01  0.000000e+00
   outer loop
     vertex  6.500336e+01  7.669448e-01  1.500000e+00
     vertex  6.506310e+01  8.220135e-01  0.000000e+00
     vertex  6.506310e+01  8.220135e-01  1.500000e+00
   endloop
 endfacet
 facet normal  6.576473e-01 -7.533260e-01  0.000000e+00
   outer loop
     vertex  6.494216e+01  7.135138e-01  1.500000e+00
     vertex  6.494216e+01  7.135138e-01  0.000000e+00
     vertex  6.500336e+01  7.669448e-01  0.000000e+00
   endloop
 endfacet
 facet normal  6.576473e-01 -7.533260e-01  0.000000e+00
   outer loop
     vertex  6.494216e+01  7.135138e-01  1.500000e+00
     vertex  6.500336e+01  7.669448e-01  0.000000e+00
     vertex  6.500336e+01  7.669448e-01  1.500000e+00
   endloop
 endfacet
 facet normal  6.370065e-01 -7.708584e-01  0.000000e+00
   outer loop
     vertex  6.487953e+01  6.617599e-01  1.500000e+00
     vertex  6.487953e+01  6.617599e-01  0.000000e+00
     vertex  6.494216e+01  7.135138e-01  0.000000e+00
   endloop
 endfacet
 facet normal  6.370065e-01 -7.708584e-01  0.000000e+00
   outer loop
     vertex  6.487953e+01  6.617599e-01  1.500000e+00
     vertex  6.494216e+01  7.135138e-01  0.000000e+00
     vertex  6.494216e+01  7.135138e-01  1.500000e+00
   endloop
 endfacet
 facet normal  6.158986e-01 -7.878255e-01  0.000000e+00
   outer loop
     vertex  6.481552e+01  6.117208e-01  1.500000e+00
     vertex  6.481552e+01  6.117208e-01  0.000000e+00
     vertex  6.487953e+01  6.617599e-01  0.000000e+00
   endloop
 endfacet
 facet normal  5.943389e-01 -8.042147e-01  0.000000e+00
   outer loop
     vertex  6.481552e+01  6.117208e-01  1.500000e+00
     vertex  6.475018e+01  5.634334e-01  0.000000e+00
     vertex  6.481552e+01  6.117208e-01  0.000000e+00
   endloop
 endfacet
 facet normal  6.158986e-01 -7.878255e-01  0.000000e+00
   outer loop
     vertex  6.481552e+01  6.117208e-01  1.500000e+00
     vertex  6.487953e+01  6.617599e-01  0.000000e+00
     vertex  6.487953e+01  6.617599e-01  1.500000e+00
   endloop
 endfacet
 facet normal  5.943389e-01 -8.042147e-01  0.000000e+00
   outer loop
     vertex  6.475018e+01  5.634334e-01  1.500000e+00
     vertex  6.475018e+01  5.634334e-01  0.000000e+00
     vertex  6.481552e+01  6.117208e-01  1.500000e+00
   endloop
 endfacet
 facet normal  5.723433e-01 -8.200141e-01  0.000000e+00
   outer loop
     vertex  6.468356e+01  5.169330e-01  1.500000e+00
     vertex  6.468356e+01  5.169330e-01  0.000000e+00
     vertex  6.475018e+01  5.634334e-01  0.000000e+00
   endloop
 endfacet
 facet normal  5.723433e-01 -8.200141e-01  0.000000e+00
   outer loop
     vertex  6.468356e+01  5.169330e-01  1.500000e+00
     vertex  6.475018e+01  5.634334e-01  0.000000e+00
     vertex  6.475018e+01  5.634334e-01  1.500000e+00
   endloop
 endfacet
 facet normal  5.499279e-01 -8.352121e-01  0.000000e+00
   outer loop
     vertex  6.461570e+01  4.722538e-01  1.500000e+00
     vertex  6.461570e+01  4.722538e-01  0.000000e+00
     vertex  6.468356e+01  5.169330e-01  0.000000e+00
   endloop
 endfacet
 facet normal  5.499279e-01 -8.352121e-01  0.000000e+00
   outer loop
     vertex  6.461570e+01  4.722538e-01  1.500000e+00
     vertex  6.468356e+01  5.169330e-01  0.000000e+00
     vertex  6.468356e+01  5.169330e-01  1.500000e+00
   endloop
 endfacet
 facet normal  5.271092e-01 -8.497975e-01  0.000000e+00
   outer loop
     vertex  6.454666e+01  4.294285e-01  1.500000e+00
     vertex  6.454666e+01  4.294285e-01  0.000000e+00
     vertex  6.461570e+01  4.722538e-01  0.000000e+00
   endloop
 endfacet
 facet normal  5.271092e-01 -8.497975e-01  0.000000e+00
   outer loop
     vertex  6.454666e+01  4.294285e-01  1.500000e+00
     vertex  6.461570e+01  4.722538e-01  0.000000e+00
     vertex  6.461570e+01  4.722538e-01  1.500000e+00
   endloop
 endfacet
 facet normal  5.039039e-01 -8.637597e-01  0.000000e+00
   outer loop
     vertex  6.447648e+01  3.884885e-01  1.500000e+00
     vertex  6.447648e+01  3.884885e-01  0.000000e+00
     vertex  6.454666e+01  4.294285e-01  0.000000e+00
   endloop
 endfacet
 facet normal  5.039039e-01 -8.637597e-01  0.000000e+00
   outer loop
     vertex  6.447648e+01  3.884885e-01  1.500000e+00
     vertex  6.454666e+01  4.294285e-01  0.000000e+00
     vertex  6.454666e+01  4.294285e-01  1.500000e+00
   endloop
 endfacet
 facet normal  4.803291e-01 -8.770884e-01  0.000000e+00
   outer loop
     vertex  6.440523e+01  3.494639e-01  1.500000e+00
     vertex  6.440523e+01  3.494639e-01  0.000000e+00
     vertex  6.447648e+01  3.884885e-01  0.000000e+00
   endloop
 endfacet
 facet normal  4.803291e-01 -8.770884e-01  0.000000e+00
   outer loop
     vertex  6.440523e+01  3.494639e-01  1.500000e+00
     vertex  6.447648e+01  3.884885e-01  0.000000e+00
     vertex  6.447648e+01  3.884885e-01  1.500000e+00
   endloop
 endfacet
 facet normal  4.564019e-01 -8.897737e-01  0.000000e+00
   outer loop
     vertex  6.433294e+01  3.123832e-01  1.500000e+00
     vertex  6.433294e+01  3.123832e-01  0.000000e+00
     vertex  6.440523e+01  3.494639e-01  0.000000e+00
   endloop
 endfacet
 facet normal  4.564019e-01 -8.897737e-01  0.000000e+00
   outer loop
     vertex  6.433294e+01  3.123832e-01  1.500000e+00
     vertex  6.440523e+01  3.494639e-01  0.000000e+00
     vertex  6.440523e+01  3.494639e-01  1.500000e+00
   endloop
 endfacet
 facet normal  4.321400e-01 -9.018065e-01  0.000000e+00
   outer loop
     vertex  6.425967e+01  2.772737e-01  1.500000e+00
     vertex  6.425967e+01  2.772737e-01  0.000000e+00
     vertex  6.433294e+01  3.123832e-01  0.000000e+00
   endloop
 endfacet
 facet normal  4.075612e-01 -9.131779e-01  0.000000e+00
   outer loop
     vertex  6.425967e+01  2.772737e-01  1.500000e+00
     vertex  6.418548e+01  2.441612e-01  0.000000e+00
     vertex  6.425967e+01  2.772737e-01  0.000000e+00
   endloop
 endfacet
 facet normal  4.321400e-01 -9.018065e-01  0.000000e+00
   outer loop
     vertex  6.425967e+01  2.772737e-01  1.500000e+00
     vertex  6.433294e+01  3.123832e-01  0.000000e+00
     vertex  6.433294e+01  3.123832e-01  1.500000e+00
   endloop
 endfacet
 facet normal  4.075612e-01 -9.131779e-01  0.000000e+00
   outer loop
     vertex  6.418548e+01  2.441612e-01  1.500000e+00
     vertex  6.418548e+01  2.441612e-01  0.000000e+00
     vertex  6.425967e+01  2.772737e-01  1.500000e+00
   endloop
 endfacet
 facet normal  3.826834e-01 -9.238795e-01  0.000000e+00
   outer loop
     vertex  6.411041e+01  2.130698e-01  1.500000e+00
     vertex  6.411041e+01  2.130698e-01  0.000000e+00
     vertex  6.418548e+01  2.441612e-01  0.000000e+00
   endloop
 endfacet
 facet normal  3.575250e-01 -9.339036e-01  0.000000e+00
   outer loop
     vertex  6.411041e+01  2.130698e-01  1.500000e+00
     vertex  6.403454e+01  1.840225e-01  0.000000e+00
     vertex  6.411041e+01  2.130698e-01  0.000000e+00
   endloop
 endfacet
 facet normal  3.826834e-01 -9.238795e-01  0.000000e+00
   outer loop
     vertex  6.411041e+01  2.130698e-01  1.500000e+00
     vertex  6.418548e+01  2.441612e-01  0.000000e+00
     vertex  6.418548e+01  2.441612e-01  1.500000e+00
   endloop
 endfacet
 facet normal  3.575250e-01 -9.339036e-01  0.000000e+00
   outer loop
     vertex  6.403454e+01  1.840225e-01  1.500000e+00
     vertex  6.403454e+01  1.840225e-01  0.000000e+00
     vertex  6.411041e+01  2.130698e-01  1.500000e+00
   endloop
 endfacet
 facet normal  3.321044e-01 -9.432426e-01  0.000000e+00
   outer loop
     vertex  6.395790e+01  1.570405e-01  1.500000e+00
     vertex  6.403454e+01  1.840225e-01  0.000000e+00
     vertex  6.403454e+01  1.840225e-01  1.500000e+00
   endloop
 endfacet
 facet normal  3.321044e-01 -9.432426e-01  0.000000e+00
   outer loop
     vertex  6.395790e+01  1.570405e-01  1.500000e+00
     vertex  6.395790e+01  1.570405e-01  0.000000e+00
     vertex  6.403454e+01  1.840225e-01  0.000000e+00
   endloop
 endfacet
 facet normal  3.064401e-01 -9.518899e-01  0.000000e+00
   outer loop
     vertex  6.388057e+01  1.321436e-01  1.500000e+00
     vertex  6.395790e+01  1.570405e-01  0.000000e+00
     vertex  6.395790e+01  1.570405e-01  1.500000e+00
   endloop
 endfacet
 facet normal  3.064401e-01 -9.518899e-01  0.000000e+00
   outer loop
     vertex  6.388057e+01  1.321436e-01  1.500000e+00
     vertex  6.388057e+01  1.321436e-01  0.000000e+00
     vertex  6.395790e+01  1.570405e-01  0.000000e+00
   endloop
 endfacet
 facet normal  2.805512e-01 -9.598391e-01  0.000000e+00
   outer loop
     vertex  6.380259e+01  1.093500e-01  1.500000e+00
     vertex  6.388057e+01  1.321436e-01  0.000000e+00
     vertex  6.388057e+01  1.321436e-01  1.500000e+00
   endloop
 endfacet
 facet normal  2.805512e-01 -9.598391e-01  0.000000e+00
   outer loop
     vertex  6.380259e+01  1.093500e-01  1.500000e+00
     vertex  6.380259e+01  1.093500e-01  0.000000e+00
     vertex  6.388057e+01  1.321436e-01  0.000000e+00
   endloop
 endfacet
 facet normal  2.544564e-01 -9.670842e-01  0.000000e+00
   outer loop
     vertex  6.372401e+01  8.867656e-02  1.500000e+00
     vertex  6.380259e+01  1.093500e-01  0.000000e+00
     vertex  6.380259e+01  1.093500e-01  1.500000e+00
   endloop
 endfacet
 facet normal  2.544564e-01 -9.670842e-01  0.000000e+00
   outer loop
     vertex  6.372401e+01  8.867656e-02  1.500000e+00
     vertex  6.372401e+01  8.867656e-02  0.000000e+00
     vertex  6.380259e+01  1.093500e-01  0.000000e+00
   endloop
 endfacet
 facet normal  2.281751e-01 -9.736201e-01  0.000000e+00
   outer loop
     vertex  6.364491e+01  7.013833e-02  1.500000e+00
     vertex  6.372401e+01  8.867656e-02  0.000000e+00
     vertex  6.372401e+01  8.867656e-02  1.500000e+00
   endloop
 endfacet
 facet normal  2.281751e-01 -9.736201e-01  0.000000e+00
   outer loop
     vertex  6.364491e+01  7.013833e-02  1.500000e+00
     vertex  6.364491e+01  7.013833e-02  0.000000e+00
     vertex  6.372401e+01  8.867656e-02  0.000000e+00
   endloop
 endfacet
 facet normal  2.017264e-01 -9.794419e-01  0.000000e+00
   outer loop
     vertex  6.364491e+01  7.013833e-02  1.500000e+00
     vertex  6.356534e+01  5.374895e-02  0.000000e+00
     vertex  6.364491e+01  7.013833e-02  0.000000e+00
   endloop
 endfacet
 facet normal  2.017264e-01 -9.794419e-01  0.000000e+00
   outer loop
     vertex  6.356534e+01  5.374895e-02  1.500000e+00
     vertex  6.356534e+01  5.374895e-02  0.000000e+00
     vertex  6.364491e+01  7.013833e-02  1.500000e+00
   endloop
 endfacet
 facet normal  1.751297e-01 -9.845454e-01  0.000000e+00
   outer loop
     vertex  6.348535e+01  3.952043e-02  1.500000e+00
     vertex  6.356534e+01  5.374895e-02  0.000000e+00
     vertex  6.356534e+01  5.374895e-02  1.500000e+00
   endloop
 endfacet
 facet normal  1.751297e-01 -9.845454e-01  0.000000e+00
   outer loop
     vertex  6.348535e+01  3.952043e-02  1.500000e+00
     vertex  6.348535e+01  3.952043e-02  0.000000e+00
     vertex  6.356534e+01  5.374895e-02  0.000000e+00
   endloop
 endfacet
 facet normal  1.484046e-01 -9.889267e-01  0.000000e+00
   outer loop
     vertex  6.348535e+01  3.952043e-02  1.500000e+00
     vertex  6.340500e+01  2.746321e-02  0.000000e+00
     vertex  6.348535e+01  3.952043e-02  0.000000e+00
   endloop
 endfacet
 facet normal  1.484046e-01 -9.889267e-01  0.000000e+00
   outer loop
     vertex  6.340500e+01  2.746321e-02  1.500000e+00
     vertex  6.340500e+01  2.746321e-02  0.000000e+00
     vertex  6.348535e+01  3.952043e-02  1.500000e+00
   endloop
 endfacet
 facet normal  1.215707e-01 -9.925828e-01  0.000000e+00
   outer loop
     vertex  6.340500e+01  2.746321e-02  1.500000e+00
     vertex  6.332436e+01  1.758613e-02  0.000000e+00
     vertex  6.340500e+01  2.746321e-02  0.000000e+00
   endloop
 endfacet
 facet normal  1.215707e-01 -9.925828e-01  0.000000e+00
   outer loop
     vertex  6.332436e+01  1.758613e-02  1.500000e+00
     vertex  6.332436e+01  1.758613e-02  0.000000e+00
     vertex  6.340500e+01  2.746321e-02  1.500000e+00
   endloop
 endfacet
 facet normal  9.464755e-02 -9.955108e-01  0.000000e+00
   outer loop
     vertex  6.324348e+01  9.896431e-03  1.500000e+00
     vertex  6.332436e+01  1.758613e-02  0.000000e+00
     vertex  6.332436e+01  1.758613e-02  1.500000e+00
   endloop
 endfacet
 facet normal  9.464755e-02 -9.955108e-01  0.000000e+00
   outer loop
     vertex  6.324348e+01  9.896431e-03  1.500000e+00
     vertex  6.324348e+01  9.896431e-03  0.000000e+00
     vertex  6.332436e+01  1.758613e-02  0.000000e+00
   endloop
 endfacet
 facet normal  6.765502e-02 -9.977088e-01  0.000000e+00
   outer loop
     vertex  6.316242e+01  4.399758e-03  1.500000e+00
     vertex  6.324348e+01  9.896431e-03  0.000000e+00
     vertex  6.324348e+01  9.896431e-03  1.500000e+00
   endloop
 endfacet
 facet normal  6.765502e-02 -9.977088e-01  0.000000e+00
   outer loop
     vertex  6.316242e+01  4.399758e-03  1.500000e+00
     vertex  6.316242e+01  4.399758e-03  0.000000e+00
     vertex  6.324348e+01  9.896431e-03  0.000000e+00
   endloop
 endfacet
 facet normal  4.061287e-02 -9.991750e-01  0.000000e+00
   outer loop
     vertex  6.308124e+01  1.100141e-03  1.500000e+00
     vertex  6.316242e+01  4.399758e-03  0.000000e+00
     vertex  6.316242e+01  4.399758e-03  1.500000e+00
   endloop
 endfacet
 facet normal  4.061287e-02 -9.991750e-01  0.000000e+00
   outer loop
     vertex  6.308124e+01  1.100141e-03  1.500000e+00
     vertex  6.308124e+01  1.100141e-03  0.000000e+00
     vertex  6.316242e+01  4.399758e-03  0.000000e+00
   endloop
 endfacet
 facet normal  1.354093e-02 -9.999083e-01  0.000000e+00
   outer loop
     vertex  6.300000e+01 -4.440892e-16  1.500000e+00
     vertex  6.308124e+01  1.100141e-03  0.000000e+00
     vertex  6.308124e+01  1.100141e-03  1.500000e+00
   endloop
 endfacet
 facet normal  1.354093e-02 -9.999083e-01  0.000000e+00
   outer loop
     vertex  6.300000e+01 -4.440892e-16  1.500000e+00
     vertex  6.300000e+01 -4.440892e-16  0.000000e+00
     vertex  6.308124e+01  1.100141e-03  0.000000e+00
   endloop
 endfacet
 facet normal  9.999083e-01  1.354093e-02  0.000000e+00
   outer loop
     vertex  6.599890e+01  3.108124e+01  1.500000e+00
     vertex  6.600000e+01  3.100000e+01  0.000000e+00
     vertex  6.599890e+01  3.108124e+01  0.000000e+00
   endloop
 endfacet
 facet normal  9.999083e-01  1.354093e-02  0.000000e+00
   outer loop
     vertex  6.599890e+01  3.108124e+01  1.500000e+00
     vertex  6.600000e+01  3.100000e+01  1.500000e+00
     vertex  6.600000e+01  3.100000e+01  0.000000e+00
   endloop
 endfacet
 facet normal  9.991750e-01  4.061287e-02  0.000000e+00
   outer loop
     vertex  6.599560e+01  3.116242e+01  1.500000e+00
     vertex  6.599890e+01  3.108124e+01  0.000000e+00
     vertex  6.599560e+01  3.116242e+01  0.000000e+00
   endloop
 endfacet
 facet normal  9.991750e-01  4.061287e-02  0.000000e+00
   outer loop
     vertex  6.599560e+01  3.116242e+01  1.500000e+00
     vertex  6.599890e+01  3.108124e+01  1.500000e+00
     vertex  6.599890e+01  3.108124e+01  0.000000e+00
   endloop
 endfacet
 facet normal  9.977088e-01  6.765502e-02  0.000000e+00
   outer loop
     vertex  6.599010e+01  3.124348e+01  1.500000e+00
     vertex  6.599560e+01  3.116242e+01  0.000000e+00
     vertex  6.599010e+01  3.124348e+01  0.000000e+00
   endloop
 endfacet
 facet normal  9.977088e-01  6.765502e-02  0.000000e+00
   outer loop
     vertex  6.599010e+01  3.124348e+01  1.500000e+00
     vertex  6.599560e+01  3.116242e+01  1.500000e+00
     vertex  6.599560e+01  3.116242e+01  0.000000e+00
   endloop
 endfacet
 facet normal  9.955108e-01  9.464755e-02  0.000000e+00
   outer loop
     vertex  6.598241e+01  3.132436e+01  1.500000e+00
     vertex  6.599010e+01  3.124348e+01  0.000000e+00
     vertex  6.598241e+01  3.132436e+01  0.000000e+00
   endloop
 endfacet
 facet normal  9.955108e-01  9.464755e-02  0.000000e+00
   outer loop
     vertex  6.598241e+01  3.132436e+01  1.500000e+00
     vertex  6.599010e+01  3.124348e+01  1.500000e+00
     vertex  6.599010e+01  3.124348e+01  0.000000e+00
   endloop
 endfacet
 facet normal  9.925828e-01  1.215707e-01  0.000000e+00
   outer loop
     vertex  6.597254e+01  3.140500e+01  1.500000e+00
     vertex  6.598241e+01  3.132436e+01  0.000000e+00
     vertex  6.597254e+01  3.140500e+01  0.000000e+00
   endloop
 endfacet
 facet normal  9.925828e-01  1.215707e-01  0.000000e+00
   outer loop
     vertex  6.597254e+01  3.140500e+01  1.500000e+00
     vertex  6.598241e+01  3.132436e+01  1.500000e+00
     vertex  6.598241e+01  3.132436e+01  0.000000e+00
   endloop
 endfacet
 facet normal  9.889267e-01  1.484046e-01  0.000000e+00
   outer loop
     vertex  6.596048e+01  3.148535e+01  1.500000e+00
     vertex  6.597254e+01  3.140500e+01  0.000000e+00
     vertex  6.596048e+01  3.148535e+01  0.000000e+00
   endloop
 endfacet
 facet normal  9.889267e-01  1.484046e-01  0.000000e+00
   outer loop
     vertex  6.596048e+01  3.148535e+01  1.500000e+00
     vertex  6.597254e+01  3.140500e+01  1.500000e+00
     vertex  6.597254e+01  3.140500e+01  0.000000e+00
   endloop
 endfacet
 facet normal  9.845454e-01  1.751297e-01  0.000000e+00
   outer loop
     vertex  6.594625e+01  3.156534e+01  1.500000e+00
     vertex  6.596048e+01  3.148535e+01  0.000000e+00
     vertex  6.594625e+01  3.156534e+01  0.000000e+00
   endloop
 endfacet
 facet normal  9.845454e-01  1.751297e-01  0.000000e+00
   outer loop
     vertex  6.594625e+01  3.156534e+01  1.500000e+00
     vertex  6.596048e+01  3.148535e+01  1.500000e+00
     vertex  6.596048e+01  3.148535e+01  0.000000e+00
   endloop
 endfacet
 facet normal  9.794419e-01  2.017264e-01  0.000000e+00
   outer loop
     vertex  6.592986e+01  3.164491e+01  1.500000e+00
     vertex  6.594625e+01  3.156534e+01  0.000000e+00
     vertex  6.592986e+01  3.164491e+01  0.000000e+00
   endloop
 endfacet
 facet normal  9.794419e-01  2.017264e-01  0.000000e+00
   outer loop
     vertex  6.592986e+01  3.164491e+01  1.500000e+00
     vertex  6.594625e+01  3.156534e+01  1.500000e+00
     vertex  6.594625e+01  3.156534e+01  0.000000e+00
   endloop
 endfacet
 facet normal  9.736201e-01  2.281751e-01  0.000000e+00
   outer loop
     vertex  6.591132e+01  3.172401e+01  1.500000e+00
     vertex  6.592986e+01  3.164491e+01  0.000000e+00
     vertex  6.591132e+01  3.172401e+01  0.000000e+00
   endloop
 endfacet
 facet normal  9.736201e-01  2.281751e-01  0.000000e+00
   outer loop
     vertex  6.591132e+01  3.172401e+01  1.500000e+00
     vertex  6.592986e+01  3.164491e+01  1.500000e+00
     vertex  6.592986e+01  3.164491e+01  0.000000e+00
   endloop
 endfacet
 facet normal  9.670842e-01  2.544564e-01  0.000000e+00
   outer loop
     vertex  6.589065e+01  3.180259e+01  1.500000e+00
     vertex  6.591132e+01  3.172401e+01  0.000000e+00
     vertex  6.589065e+01  3.180259e+01  0.000000e+00
   endloop
 endfacet
 facet normal  9.670842e-01  2.544564e-01  0.000000e+00
   outer loop
     vertex  6.589065e+01  3.180259e+01  1.500000e+00
     vertex  6.591132e+01  3.172401e+01  1.500000e+00
     vertex  6.591132e+01  3.172401e+01  0.000000e+00
   endloop
 endfacet
 facet normal  9.598391e-01  2.805512e-01  0.000000e+00
   outer loop
     vertex  6.586786e+01  3.188057e+01  1.500000e+00
     vertex  6.589065e+01  3.180259e+01  0.000000e+00
     vertex  6.586786e+01  3.188057e+01  0.000000e+00
   endloop
 endfacet
 facet normal  9.598391e-01  2.805512e-01  0.000000e+00
   outer loop
     vertex  6.586786e+01  3.188057e+01  1.500000e+00
     vertex  6.589065e+01  3.180259e+01  1.500000e+00
     vertex  6.589065e+01  3.180259e+01  0.000000e+00
   endloop
 endfacet
 facet normal  9.518899e-01  3.064401e-01  0.000000e+00
   outer loop
     vertex  6.584296e+01  3.195790e+01  1.500000e+00
     vertex  6.586786e+01  3.188057e+01  0.000000e+00
     vertex  6.584296e+01  3.195790e+01  0.000000e+00
   endloop
 endfacet
 facet normal  9.432426e-01  3.321044e-01  0.000000e+00
   outer loop
     vertex  6.584296e+01  3.195790e+01  1.500000e+00
     vertex  6.584296e+01  3.195790e+01  0.000000e+00
     vertex  6.581598e+01  3.203454e+01  0.000000e+00
   endloop
 endfacet
 facet normal  9.518899e-01  3.064401e-01  0.000000e+00
   outer loop
     vertex  6.584296e+01  3.195790e+01  1.500000e+00
     vertex  6.586786e+01  3.188057e+01  1.500000e+00
     vertex  6.586786e+01  3.188057e+01  0.000000e+00
   endloop
 endfacet
 facet normal  9.339036e-01  3.575250e-01  0.000000e+00
   outer loop
     vertex  6.581598e+01  3.203454e+01  1.500000e+00
     vertex  6.581598e+01  3.203454e+01  0.000000e+00
     vertex  6.578693e+01  3.211041e+01  0.000000e+00
   endloop
 endfacet
 facet normal  9.432426e-01  3.321044e-01  0.000000e+00
   outer loop
     vertex  6.581598e+01  3.203454e+01  1.500000e+00
     vertex  6.584296e+01  3.195790e+01  1.500000e+00
     vertex  6.581598e+01  3.203454e+01  0.000000e+00
   endloop
 endfacet
 facet normal  9.339036e-01  3.575250e-01  0.000000e+00
   outer loop
     vertex  6.578693e+01  3.211041e+01  1.500000e+00
     vertex  6.581598e+01  3.203454e+01  1.500000e+00
     vertex  6.578693e+01  3.211041e+01  0.000000e+00
   endloop
 endfacet
 facet normal  9.238795e-01  3.826834e-01  0.000000e+00
   outer loop
     vertex  6.575584e+01  3.218548e+01  1.500000e+00
     vertex  6.578693e+01  3.211041e+01  0.000000e+00
     vertex  6.575584e+01  3.218548e+01  0.000000e+00
   endloop
 endfacet
 facet normal  9.238795e-01  3.826834e-01  0.000000e+00
   outer loop
     vertex  6.575584e+01  3.218548e+01  1.500000e+00
     vertex  6.578693e+01  3.211041e+01  1.500000e+00
     vertex  6.578693e+01  3.211041e+01  0.000000e+00
   endloop
 endfacet
 facet normal  9.131779e-01  4.075612e-01  0.000000e+00
   outer loop
     vertex  6.572273e+01  3.225967e+01  1.500000e+00
     vertex  6.575584e+01  3.218548e+01  0.000000e+00
     vertex  6.572273e+01  3.225967e+01  0.000000e+00
   endloop
 endfacet
 facet normal  9.131779e-01  4.075612e-01  0.000000e+00
   outer loop
     vertex  6.572273e+01  3.225967e+01  1.500000e+00
     vertex  6.575584e+01  3.218548e+01  1.500000e+00
     vertex  6.575584e+01  3.218548e+01  0.000000e+00
   endloop
 endfacet
 facet normal  9.018065e-01  4.321400e-01  0.000000e+00
   outer loop
     vertex  6.568762e+01  3.233294e+01  1.500000e+00
     vertex  6.572273e+01  3.225967e+01  0.000000e+00
     vertex  6.568762e+01  3.233294e+01  0.000000e+00
   endloop
 endfacet
 facet normal  9.018065e-01  4.321400e-01  0.000000e+00
   outer loop
     vertex  6.568762e+01  3.233294e+01  1.500000e+00
     vertex  6.572273e+01  3.225967e+01  1.500000e+00
     vertex  6.572273e+01  3.225967e+01  0.000000e+00
   endloop
 endfacet
 facet normal  8.897737e-01  4.564019e-01  0.000000e+00
   outer loop
     vertex  6.565054e+01  3.240523e+01  1.500000e+00
     vertex  6.568762e+01  3.233294e+01  0.000000e+00
     vertex  6.565054e+01  3.240523e+01  0.000000e+00
   endloop
 endfacet
 facet normal  8.897737e-01  4.564019e-01  0.000000e+00
   outer loop
     vertex  6.565054e+01  3.240523e+01  1.500000e+00
     vertex  6.568762e+01  3.233294e+01  1.500000e+00
     vertex  6.568762e+01  3.233294e+01  0.000000e+00
   endloop
 endfacet
 facet normal  8.770884e-01  4.803291e-01  0.000000e+00
   outer loop
     vertex  6.561151e+01  3.247648e+01  1.500000e+00
     vertex  6.565054e+01  3.240523e+01  0.000000e+00
     vertex  6.561151e+01  3.247648e+01  0.000000e+00
   endloop
 endfacet
 facet normal  8.637597e-01  5.039039e-01  0.000000e+00
   outer loop
     vertex  6.561151e+01  3.247648e+01  1.500000e+00
     vertex  6.561151e+01  3.247648e+01  0.000000e+00
     vertex  6.557057e+01  3.254666e+01  0.000000e+00
   endloop
 endfacet
 facet normal  8.770884e-01  4.803291e-01  0.000000e+00
   outer loop
     vertex  6.561151e+01  3.247648e+01  1.500000e+00
     vertex  6.565054e+01  3.240523e+01  1.500000e+00
     vertex  6.565054e+01  3.240523e+01  0.000000e+00
   endloop
 endfacet
 facet normal  8.637597e-01  5.039039e-01  0.000000e+00
   outer loop
     vertex  6.557057e+01  3.254666e+01  1.500000e+00
     vertex  6.561151e+01  3.247648e+01  1.500000e+00
     vertex  6.557057e+01  3.254666e+01  0.000000e+00
   endloop
 endfacet
 facet normal  8.497975e-01  5.271092e-01  0.000000e+00
   outer loop
     vertex  6.557057e+01  3.254666e+01  1.500000e+00
     vertex  6.557057e+01  3.254666e+01  0.000000e+00
     vertex  6.552775e+01  3.261570e+01  0.000000e+00
   endloop
 endfacet
 facet normal  8.497975e-01  5.271092e-01  0.000000e+00
   outer loop
     vertex  6.552775e+01  3.261570e+01  1.500000e+00
     vertex  6.557057e+01  3.254666e+01  1.500000e+00
     vertex  6.552775e+01  3.261570e+01  0.000000e+00
   endloop
 endfacet
 facet normal  8.352121e-01  5.499279e-01  0.000000e+00
   outer loop
     vertex  6.548307e+01  3.268356e+01  1.500000e+00
     vertex  6.552775e+01  3.261570e+01  1.500000e+00
     vertex  6.552775e+01  3.261570e+01  0.000000e+00
   endloop
 endfacet
 facet normal  8.352121e-01  5.499279e-01  0.000000e+00
   outer loop
     vertex  6.548307e+01  3.268356e+01  1.500000e+00
     vertex  6.552775e+01  3.261570e+01  0.000000e+00
     vertex  6.548307e+01  3.268356e+01  0.000000e+00
   endloop
 endfacet
 facet normal  8.200141e-01  5.723433e-01  0.000000e+00
   outer loop
     vertex  6.548307e+01  3.268356e+01  1.500000e+00
     vertex  6.548307e+01  3.268356e+01  0.000000e+00
     vertex  6.543657e+01  3.275018e+01  0.000000e+00
   endloop
 endfacet
 facet normal  8.200141e-01  5.723433e-01  0.000000e+00
   outer loop
     vertex  6.543657e+01  3.275018e+01  1.500000e+00
     vertex  6.548307e+01  3.268356e+01  1.500000e+00
     vertex  6.543657e+01  3.275018e+01  0.000000e+00
   endloop
 endfacet
 facet normal  8.042147e-01  5.943389e-01  0.000000e+00
   outer loop
     vertex  6.538828e+01  3.281552e+01  1.500000e+00
     vertex  6.543657e+01  3.275018e+01  1.500000e+00
     vertex  6.543657e+01  3.275018e+01  0.000000e+00
   endloop
 endfacet
 facet normal  8.042147e-01  5.943389e-01  0.000000e+00
   outer loop
     vertex  6.538828e+01  3.281552e+01  1.500000e+00
     vertex  6.543657e+01  3.275018e+01  0.000000e+00
     vertex  6.538828e+01  3.281552e+01  0.000000e+00
   endloop
 endfacet
 facet normal  7.878255e-01  6.158986e-01  0.000000e+00
   outer loop
     vertex  6.538828e+01  3.281552e+01  1.500000e+00
     vertex  6.538828e+01  3.281552e+01  0.000000e+00
     vertex  6.533824e+01  3.287953e+01  0.000000e+00
   endloop
 endfacet
 facet normal  7.878255e-01  6.158986e-01  0.000000e+00
   outer loop
     vertex  6.533824e+01  3.287953e+01  1.500000e+00
     vertex  6.538828e+01  3.281552e+01  1.500000e+00
     vertex  6.533824e+01  3.287953e+01  0.000000e+00
   endloop
 endfacet
 facet normal  7.708584e-01  6.370065e-01  0.000000e+00
   outer loop
     vertex  6.528649e+01  3.294216e+01  1.500000e+00
     vertex  6.533824e+01  3.287953e+01  0.000000e+00
     vertex  6.528649e+01  3.294216e+01  0.000000e+00
   endloop
 endfacet
 facet normal  7.708584e-01  6.370065e-01  0.000000e+00
   outer loop
     vertex  6.528649e+01  3.294216e+01  1.500000e+00
     vertex  6.533824e+01  3.287953e+01  1.500000e+00
     vertex  6.533824e+01  3.287953e+01  0.000000e+00
   endloop
 endfacet
 facet normal  7.533260e-01  6.576473e-01  0.000000e+00
   outer loop
     vertex  6.528649e+01  3.294216e+01  1.500000e+00
     vertex  6.528649e+01  3.294216e+01  0.000000e+00
     vertex  6.523306e+01  3.300336e+01  0.000000e+00
   endloop
 endfacet
 facet normal  7.533260e-01  6.576473e-01  0.000000e+00
   outer loop
     vertex  6.523306e+01  3.300336e+01  1.500000e+00
     vertex  6.528649e+01  3.294216e+01  1.500000e+00
     vertex  6.523306e+01  3.300336e+01  0.000000e+00
   endloop
 endfacet
 facet normal  7.352410e-01  6.778058e-01  0.000000e+00
   outer loop
     vertex  6.517799e+01  3.306310e+01  1.500000e+00
     vertex  6.523306e+01  3.300336e+01  0.000000e+00
     vertex  6.517799e+01  3.306310e+01  0.000000e+00
   endloop
 endfacet
 facet normal  7.352410e-01  6.778058e-01  0.000000e+00
   outer loop
     vertex  6.517799e+01  3.306310e+01  1.500000e+00
     vertex  6.523306e+01  3.300336e+01  1.500000e+00
     vertex  6.523306e+01  3.300336e+01  0.000000e+00
   endloop
 endfacet
 facet normal  7.166168e-01  6.974671e-01  0.000000e+00
   outer loop
     vertex  6.512132e+01  3.312132e+01  1.500000e+00
     vertex  6.517799e+01  3.306310e+01  0.000000e+00
     vertex  6.512132e+01  3.312132e+01  0.000000e+00
   endloop
 endfacet
 facet normal  6.974671e-01  7.166168e-01  0.000000e+00
   outer loop
     vertex  6.512132e+01  3.312132e+01  1.500000e+00
     vertex  6.512132e+01  3.312132e+01  0.000000e+00
     vertex  6.506310e+01  3.317799e+01  0.000000e+00
   endloop
 endfacet
 facet normal  7.166168e-01  6.974671e-01  0.000000e+00
   outer loop
     vertex  6.512132e+01  3.312132e+01  1.500000e+00
     vertex  6.517799e+01  3.306310e+01  1.500000e+00
     vertex  6.517799e+01  3.306310e+01  0.000000e+00
   endloop
 endfacet
 facet normal  6.974671e-01  7.166168e-01  0.000000e+00
   outer loop
     vertex  6.506310e+01  3.317799e+01  1.500000e+00
     vertex  6.512132e+01  3.312132e+01  1.500000e+00
     vertex  6.506310e+01  3.317799e+01  0.000000e+00
   endloop
 endfacet
 facet normal  6.778058e-01  7.352410e-01  0.000000e+00
   outer loop
     vertex  6.500336e+01  3.323306e+01  1.500000e+00
     vertex  6.506310e+01  3.317799e+01  0.000000e+00
     vertex  6.500336e+01  3.323306e+01  0.000000e+00
   endloop
 endfacet
 facet normal  6.778058e-01  7.352410e-01  0.000000e+00
   outer loop
     vertex  6.500336e+01  3.323306e+01  1.500000e+00
     vertex  6.506310e+01  3.317799e+01  1.500000e+00
     vertex  6.506310e+01  3.317799e+01  0.000000e+00
   endloop
 endfacet
 facet normal  6.576473e-01  7.533260e-01  0.000000e+00
   outer loop
     vertex  6.494216e+01  3.328649e+01  1.500000e+00
     vertex  6.500336e+01  3.323306e+01  0.000000e+00
     vertex  6.494216e+01  3.328649e+01  0.000000e+00
   endloop
 endfacet
 facet normal  6.576473e-01  7.533260e-01  0.000000e+00
   outer loop
     vertex  6.494216e+01  3.328649e+01  1.500000e+00
     vertex  6.500336e+01  3.323306e+01  1.500000e+00
     vertex  6.500336e+01  3.323306e+01  0.000000e+00
   endloop
 endfacet
 facet normal  6.370065e-01  7.708584e-01  0.000000e+00
   outer loop
     vertex  6.487953e+01  3.333824e+01  1.500000e+00
     vertex  6.494216e+01  3.328649e+01  0.000000e+00
     vertex  6.487953e+01  3.333824e+01  0.000000e+00
   endloop
 endfacet
 facet normal  6.158986e-01  7.878255e-01  0.000000e+00
   outer loop
     vertex  6.487953e+01  3.333824e+01  1.500000e+00
     vertex  6.487953e+01  3.333824e+01  0.000000e+00
     vertex  6.481552e+01  3.338828e+01  0.000000e+00
   endloop
 endfacet
 facet normal  6.370065e-01  7.708584e-01  0.000000e+00
   outer loop
     vertex  6.487953e+01  3.333824e+01  1.500000e+00
     vertex  6.494216e+01  3.328649e+01  1.500000e+00
     vertex  6.494216e+01  3.328649e+01  0.000000e+00
   endloop
 endfacet
 facet normal  5.943389e-01  8.042147e-01  0.000000e+00
   outer loop
     vertex  6.481552e+01  3.338828e+01  1.500000e+00
     vertex  6.481552e+01  3.338828e+01  0.000000e+00
     vertex  6.475018e+01  3.343657e+01  0.000000e+00
   endloop
 endfacet
 facet normal  6.158986e-01  7.878255e-01  0.000000e+00
   outer loop
     vertex  6.481552e+01  3.338828e+01  1.500000e+00
     vertex  6.487953e+01  3.333824e+01  1.500000e+00
     vertex  6.481552e+01  3.338828e+01  0.000000e+00
   endloop
 endfacet
 facet normal  5.943389e-01  8.042147e-01  0.000000e+00
   outer loop
     vertex  6.475018e+01  3.343657e+01  1.500000e+00
     vertex  6.481552e+01  3.338828e+01  1.500000e+00
     vertex  6.475018e+01  3.343657e+01  0.000000e+00
   endloop
 endfacet
 facet normal  5.723433e-01  8.200141e-01  0.000000e+00
   outer loop
     vertex  6.468356e+01  3.348307e+01  1.500000e+00
     vertex  6.475018e+01  3.343657e+01  0.000000e+00
     vertex  6.468356e+01  3.348307e+01  0.000000e+00
   endloop
 endfacet
 facet normal  5.723433e-01  8.200141e-01  0.000000e+00
   outer loop
     vertex  6.468356e+01  3.348307e+01  1.500000e+00
     vertex  6.475018e+01  3.343657e+01  1.500000e+00
     vertex  6.475018e+01  3.343657e+01  0.000000e+00
   endloop
 endfacet
 facet normal  5.499279e-01  8.352121e-01  0.000000e+00
   outer loop
     vertex  6.461570e+01  3.352775e+01  1.500000e+00
     vertex  6.468356e+01  3.348307e+01  0.000000e+00
     vertex  6.461570e+01  3.352775e+01  0.000000e+00
   endloop
 endfacet
 facet normal  5.499279e-01  8.352121e-01  0.000000e+00
   outer loop
     vertex  6.461570e+01  3.352775e+01  1.500000e+00
     vertex  6.468356e+01  3.348307e+01  1.500000e+00
     vertex  6.468356e+01  3.348307e+01  0.000000e+00
   endloop
 endfacet
 facet normal  5.271092e-01  8.497975e-01  0.000000e+00
   outer loop
     vertex  6.454666e+01  3.357057e+01  1.500000e+00
     vertex  6.461570e+01  3.352775e+01  0.000000e+00
     vertex  6.454666e+01  3.357057e+01  0.000000e+00
   endloop
 endfacet
 facet normal  5.271092e-01  8.497975e-01  0.000000e+00
   outer loop
     vertex  6.454666e+01  3.357057e+01  1.500000e+00
     vertex  6.461570e+01  3.352775e+01  1.500000e+00
     vertex  6.461570e+01  3.352775e+01  0.000000e+00
   endloop
 endfacet
 facet normal  5.039039e-01  8.637597e-01  0.000000e+00
   outer loop
     vertex  6.447648e+01  3.361151e+01  1.500000e+00
     vertex  6.454666e+01  3.357057e+01  0.000000e+00
     vertex  6.447648e+01  3.361151e+01  0.000000e+00
   endloop
 endfacet
 facet normal  5.039039e-01  8.637597e-01  0.000000e+00
   outer loop
     vertex  6.447648e+01  3.361151e+01  1.500000e+00
     vertex  6.454666e+01  3.357057e+01  1.500000e+00
     vertex  6.454666e+01  3.357057e+01  0.000000e+00
   endloop
 endfacet
 facet normal  4.803291e-01  8.770884e-01  0.000000e+00
   outer loop
     vertex  6.440523e+01  3.365054e+01  1.500000e+00
     vertex  6.447648e+01  3.361151e+01  0.000000e+00
     vertex  6.440523e+01  3.365054e+01  0.000000e+00
   endloop
 endfacet
 facet normal  4.803291e-01  8.770884e-01  0.000000e+00
   outer loop
     vertex  6.440523e+01  3.365054e+01  1.500000e+00
     vertex  6.447648e+01  3.361151e+01  1.500000e+00
     vertex  6.447648e+01  3.361151e+01  0.000000e+00
   endloop
 endfacet
 facet normal  4.564019e-01  8.897737e-01  0.000000e+00
   outer loop
     vertex  6.433294e+01  3.368762e+01  1.500000e+00
     vertex  6.440523e+01  3.365054e+01  0.000000e+00
     vertex  6.433294e+01  3.368762e+01  0.000000e+00
   endloop
 endfacet
 facet normal  4.321400e-01  9.018065e-01  0.000000e+00
   outer loop
     vertex  6.433294e+01  3.368762e+01  1.500000e+00
     vertex  6.433294e+01  3.368762e+01  0.000000e+00
     vertex  6.425967e+01  3.372273e+01  0.000000e+00
   endloop
 endfacet
 facet normal  4.564019e-01  8.897737e-01  0.000000e+00
   outer loop
     vertex  6.433294e+01  3.368762e+01  1.500000e+00
     vertex  6.440523e+01  3.365054e+01  1.500000e+00
     vertex  6.440523e+01  3.365054e+01  0.000000e+00
   endloop
 endfacet
 facet normal  4.321400e-01  9.018065e-01  0.000000e+00
   outer loop
     vertex  6.425967e+01  3.372273e+01  1.500000e+00
     vertex  6.433294e+01  3.368762e+01  1.500000e+00
     vertex  6.425967e+01  3.372273e+01  0.000000e+00
   endloop
 endfacet
 facet normal  4.075612e-01  9.131779e-01  0.000000e+00
   outer loop
     vertex  6.418548e+01  3.375584e+01  1.500000e+00
     vertex  6.425967e+01  3.372273e+01  0.000000e+00
     vertex  6.418548e+01  3.375584e+01  0.000000e+00
   endloop
 endfacet
 facet normal  3.826834e-01  9.238795e-01  0.000000e+00
   outer loop
     vertex  6.418548e+01  3.375584e+01  1.500000e+00
     vertex  6.418548e+01  3.375584e+01  0.000000e+00
     vertex  6.411041e+01  3.378693e+01  0.000000e+00
   endloop
 endfacet
 facet normal  4.075612e-01  9.131779e-01  0.000000e+00
   outer loop
     vertex  6.418548e+01  3.375584e+01  1.500000e+00
     vertex  6.425967e+01  3.372273e+01  1.500000e+00
     vertex  6.425967e+01  3.372273e+01  0.000000e+00
   endloop
 endfacet
 facet normal  3.826834e-01  9.238795e-01  0.000000e+00
   outer loop
     vertex  6.411041e+01  3.378693e+01  1.500000e+00
     vertex  6.418548e+01  3.375584e+01  1.500000e+00
     vertex  6.411041e+01  3.378693e+01  0.000000e+00
   endloop
 endfacet
 facet normal  3.575250e-01  9.339036e-01  0.000000e+00
   outer loop
     vertex  6.403454e+01  3.381598e+01  1.500000e+00
     vertex  6.411041e+01  3.378693e+01  0.000000e+00
     vertex  6.403454e+01  3.381598e+01  0.000000e+00
   endloop
 endfacet
 facet normal  3.575250e-01  9.339036e-01  0.000000e+00
   outer loop
     vertex  6.403454e+01  3.381598e+01  1.500000e+00
     vertex  6.411041e+01  3.378693e+01  1.500000e+00
     vertex  6.411041e+01  3.378693e+01  0.000000e+00
   endloop
 endfacet
 facet normal  3.321044e-01  9.432426e-01  0.000000e+00
   outer loop
     vertex  6.395790e+01  3.384296e+01  1.500000e+00
     vertex  6.403454e+01  3.381598e+01  1.500000e+00
     vertex  6.403454e+01  3.381598e+01  0.000000e+00
   endloop
 endfacet
 facet normal  3.321044e-01  9.432426e-01  0.000000e+00
   outer loop
     vertex  6.395790e+01  3.384296e+01  1.500000e+00
     vertex  6.403454e+01  3.381598e+01  0.000000e+00
     vertex  6.395790e+01  3.384296e+01  0.000000e+00
   endloop
 endfacet
 facet normal  3.064401e-01  9.518899e-01  0.000000e+00
   outer loop
     vertex  6.388057e+01  3.386786e+01  1.500000e+00
     vertex  6.395790e+01  3.384296e+01  1.500000e+00
     vertex  6.395790e+01  3.384296e+01  0.000000e+00
   endloop
 endfacet
 facet normal  3.064401e-01  9.518899e-01  0.000000e+00
   outer loop
     vertex  6.388057e+01  3.386786e+01  1.500000e+00
     vertex  6.395790e+01  3.384296e+01  0.000000e+00
     vertex  6.388057e+01  3.386786e+01  0.000000e+00
   endloop
 endfacet
 facet normal  2.805512e-01  9.598391e-01  0.000000e+00
   outer loop
     vertex  6.380259e+01  3.389065e+01  1.500000e+00
     vertex  6.388057e+01  3.386786e+01  1.500000e+00
     vertex  6.388057e+01  3.386786e+01  0.000000e+00
   endloop
 endfacet
 facet normal  2.805512e-01  9.598391e-01  0.000000e+00
   outer loop
     vertex  6.380259e+01  3.389065e+01  1.500000e+00
     vertex  6.388057e+01  3.386786e+01  0.000000e+00
     vertex  6.380259e+01  3.389065e+01  0.000000e+00
   endloop
 endfacet
 facet normal  2.544564e-01  9.670842e-01  0.000000e+00
   outer loop
     vertex  6.372401e+01  3.391132e+01  1.500000e+00
     vertex  6.380259e+01  3.389065e+01  1.500000e+00
     vertex  6.380259e+01  3.389065e+01  0.000000e+00
   endloop
 endfacet
 facet normal  2.544564e-01  9.670842e-01  0.000000e+00
   outer loop
     vertex  6.372401e+01  3.391132e+01  1.500000e+00
     vertex  6.380259e+01  3.389065e+01  0.000000e+00
     vertex  6.372401e+01  3.391132e+01  0.000000e+00
   endloop
 endfacet
 facet normal  2.281751e-01  9.736201e-01  0.000000e+00
   outer loop
     vertex  6.364491e+01  3.392986e+01  1.500000e+00
     vertex  6.372401e+01  3.391132e+01  1.500000e+00
     vertex  6.372401e+01  3.391132e+01  0.000000e+00
   endloop
 endfacet
 facet normal  2.281751e-01  9.736201e-01  0.000000e+00
   outer loop
     vertex  6.364491e+01  3.392986e+01  1.500000e+00
     vertex  6.372401e+01  3.391132e+01  0.000000e+00
     vertex  6.364491e+01  3.392986e+01  0.000000e+00
   endloop
 endfacet
 facet normal  2.017264e-01  9.794419e-01  0.000000e+00
   outer loop
     vertex  6.356534e+01  3.394625e+01  1.500000e+00
     vertex  6.364491e+01  3.392986e+01  1.500000e+00
     vertex  6.364491e+01  3.392986e+01  0.000000e+00
   endloop
 endfacet
 facet normal  2.017264e-01  9.794419e-01  0.000000e+00
   outer loop
     vertex  6.356534e+01  3.394625e+01  1.500000e+00
     vertex  6.364491e+01  3.392986e+01  0.000000e+00
     vertex  6.356534e+01  3.394625e+01  0.000000e+00
   endloop
 endfacet
 facet normal  1.751297e-01  9.845454e-01  0.000000e+00
   outer loop
     vertex  6.348535e+01  3.396048e+01  1.500000e+00
     vertex  6.356534e+01  3.394625e+01  1.500000e+00
     vertex  6.356534e+01  3.394625e+01  0.000000e+00
   endloop
 endfacet
 facet normal  1.751297e-01  9.845454e-01  0.000000e+00
   outer loop
     vertex  6.348535e+01  3.396048e+01  1.500000e+00
     vertex  6.356534e+01  3.394625e+01  0.000000e+00
     vertex  6.348535e+01  3.396048e+01  0.000000e+00
   endloop
 endfacet
 facet normal  1.484046e-01  9.889267e-01  0.000000e+00
   outer loop
     vertex  6.340500e+01  3.397254e+01  1.500000e+00
     vertex  6.348535e+01  3.396048e+01  1.500000e+00
     vertex  6.348535e+01  3.396048e+01  0.000000e+00
   endloop
 endfacet
 facet normal  1.484046e-01  9.889267e-01  0.000000e+00
   outer loop
     vertex  6.340500e+01  3.397254e+01  1.500000e+00
     vertex  6.348535e+01  3.396048e+01  0.000000e+00
     vertex  6.340500e+01  3.397254e+01  0.000000e+00
   endloop
 endfacet
 facet normal  1.215707e-01  9.925828e-01  0.000000e+00
   outer loop
     vertex  6.332436e+01  3.398241e+01  1.500000e+00
     vertex  6.340500e+01  3.397254e+01  1.500000e+00
     vertex  6.340500e+01  3.397254e+01  0.000000e+00
   endloop
 endfacet
 facet normal  1.215707e-01  9.925828e-01  0.000000e+00
   outer loop
     vertex  6.332436e+01  3.398241e+01  1.500000e+00
     vertex  6.340500e+01  3.397254e+01  0.000000e+00
     vertex  6.332436e+01  3.398241e+01  0.000000e+00
   endloop
 endfacet
 facet normal  9.464755e-02  9.955108e-01  0.000000e+00
   outer loop
     vertex  6.324348e+01  3.399010e+01  1.500000e+00
     vertex  6.332436e+01  3.398241e+01  1.500000e+00
     vertex  6.332436e+01  3.398241e+01  0.000000e+00
   endloop
 endfacet
 facet normal  9.464755e-02  9.955108e-01  0.000000e+00
   outer loop
     vertex  6.324348e+01  3.399010e+01  1.500000e+00
     vertex  6.332436e+01  3.398241e+01  0.000000e+00
     vertex  6.324348e+01  3.399010e+01  0.000000e+00
   endloop
 endfacet
 facet normal  6.765502e-02  9.977088e-01  0.000000e+00
   outer loop
     vertex  6.316242e+01  3.399560e+01  1.500000e+00
     vertex  6.324348e+01  3.399010e+01  1.500000e+00
     vertex  6.324348e+01  3.399010e+01  0.000000e+00
   endloop
 endfacet
 facet normal  6.765502e-02  9.977088e-01  0.000000e+00
   outer loop
     vertex  6.316242e+01  3.399560e+01  1.500000e+00
     vertex  6.324348e+01  3.399010e+01  0.000000e+00
     vertex  6.316242e+01  3.399560e+01  0.000000e+00
   endloop
 endfacet
 facet normal  4.061287e-02  9.991750e-01  0.000000e+00
   outer loop
     vertex  6.308124e+01  3.399890e+01  1.500000e+00
     vertex  6.316242e+01  3.399560e+01  1.500000e+00
     vertex  6.316242e+01  3.399560e+01  0.000000e+00
   endloop
 endfacet
 facet normal  4.061287e-02  9.991750e-01  0.000000e+00
   outer loop
     vertex  6.308124e+01  3.399890e+01  1.500000e+00
     vertex  6.316242e+01  3.399560e+01  0.000000e+00
     vertex  6.308124e+01  3.399890e+01  0.000000e+00
   endloop
 endfacet
 facet normal  1.354093e-02  9.999083e-01  0.000000e+00
   outer loop
     vertex  6.300000e+01  3.400000e+01  1.500000e+00
     vertex  6.308124e+01  3.399890e+01  1.500000e+00
     vertex  6.308124e+01  3.399890e+01  0.000000e+00
   endloop
 endfacet
 facet normal  1.354093e-02  9.999083e-01  0.000000e+00
   outer loop
     vertex  6.300000e+01  3.400000e+01  1.500000e+00
     vertex  6.308124e+01  3.399890e+01  0.000000e+00
     vertex  6.300000e+01  3.400000e+01  0.000000e+00
   endloop
 endfacet
 facet normal  1.000000e+00  0.000000e+00  0.000000e+00
   outer loop
     vertex  6.600000e+01  3.000000e+00  1.500000e+00
     vertex  6.600000e+01  3.000000e+00  0.000000e+00
     vertex  6.600000e+01  3.100000e+01  0.000000e+00
   endloop
 endfacet
 facet normal  1.000000e+00 -0.000000e+00  0.000000e+00
   outer loop
     vertex  6.600000e+01  3.000000e+00  1.500000e+00
     vertex  6.600000e+01  3.100000e+01  0.000000e+00
     vertex  6.600000e+01  3.100000e+01  1.500000e+00
   endloop
 endfacet
 facet normal  9.999083e-01  1.354093e-02  0.000000e+00
   outer loop
     vertex  9.000183e+00  1.048646e+01  1.500000e+00
     vertex  9.000000e+00  1.050000e+01  0.000000e+00
     vertex  9.000000e+00  1.050000e+01  1.500000e+00
   endloop
 endfacet
 facet normal  9.999083e-01  1.354093e-02  0.000000e+00
   outer loop
     vertex  9.000183e+00  1.048646e+01  1.500000e+00
     vertex  9.000183e+00  1.048646e+01  0.000000e+00
     vertex  9.000000e+00  1.050000e+01  0.000000e+00
   endloop
 endfacet
 facet normal  9.991750e-01  4.061287e-02  0.000000e+00
   outer loop
     vertex  9.000733e+00  1.047293e+01  1.500000e+00
     vertex  9.000733e+00  1.047293e+01  0.000000e+00
     vertex  9.000183e+00  1.048646e+01  0.000000e+00
   endloop
 endfacet
 facet normal  9.991750e-01  4.061287e-02  0.000000e+00
   outer loop
     vertex  9.000733e+00  1.047293e+01  1.500000e+00
     vertex  9.000183e+00  1.048646e+01  0.000000e+00
     vertex  9.000183e+00  1.048646e+01  1.500000e+00
   endloop
 endfacet
 facet normal  9.977088e-01  6.765502e-02  0.000000e+00
   outer loop
     vertex  9.001649e+00  1.045942e+01  1.500000e+00
     vertex  9.001649e+00  1.045942e+01  0.000000e+00
     vertex  9.000733e+00  1.047293e+01  0.000000e+00
   endloop
 endfacet
 facet normal  9.977088e-01  6.765502e-02  0.000000e+00
   outer loop
     vertex  9.001649e+00  1.045942e+01  1.500000e+00
     vertex  9.000733e+00  1.047293e+01  0.000000e+00
     vertex  9.000733e+00  1.047293e+01  1.500000e+00
   endloop
 endfacet
 facet normal  9.955108e-01  9.464755e-02  0.000000e+00
   outer loop
     vertex  9.002931e+00  1.044594e+01  1.500000e+00
     vertex  9.002931e+00  1.044594e+01  0.000000e+00
     vertex  9.001649e+00  1.045942e+01  0.000000e+00
   endloop
 endfacet
 facet normal  9.955108e-01  9.464755e-02  0.000000e+00
   outer loop
     vertex  9.002931e+00  1.044594e+01  1.500000e+00
     vertex  9.001649e+00  1.045942e+01  0.000000e+00
     vertex  9.001649e+00  1.045942e+01  1.500000e+00
   endloop
 endfacet
 facet normal  9.925828e-01  1.215707e-01  0.000000e+00
   outer loop
     vertex  9.004577e+00  1.043250e+01  1.500000e+00
     vertex  9.004577e+00  1.043250e+01  0.000000e+00
     vertex  9.002931e+00  1.044594e+01  0.000000e+00
   endloop
 endfacet
 facet normal  9.925828e-01  1.215707e-01  0.000000e+00
   outer loop
     vertex  9.004577e+00  1.043250e+01  1.500000e+00
     vertex  9.002931e+00  1.044594e+01  0.000000e+00
     vertex  9.002931e+00  1.044594e+01  1.500000e+00
   endloop
 endfacet
 facet normal  9.889267e-01  1.484046e-01  0.000000e+00
   outer loop
     vertex  9.006587e+00  1.041911e+01  1.500000e+00
     vertex  9.006587e+00  1.041911e+01  0.000000e+00
     vertex  9.004577e+00  1.043250e+01  0.000000e+00
   endloop
 endfacet
 facet normal  9.889267e-01  1.484046e-01  0.000000e+00
   outer loop
     vertex  9.006587e+00  1.041911e+01  1.500000e+00
     vertex  9.004577e+00  1.043250e+01  0.000000e+00
     vertex  9.004577e+00  1.043250e+01  1.500000e+00
   endloop
 endfacet
 facet normal  9.845454e-01  1.751297e-01  0.000000e+00
   outer loop
     vertex  9.008958e+00  1.040578e+01  1.500000e+00
     vertex  9.008958e+00  1.040578e+01  0.000000e+00
     vertex  9.006587e+00  1.041911e+01  0.000000e+00
   endloop
 endfacet
 facet normal  9.794419e-01  2.017264e-01  0.000000e+00
   outer loop
     vertex  9.008958e+00  1.040578e+01  1.500000e+00
     vertex  9.011690e+00  1.039251e+01  0.000000e+00
     vertex  9.008958e+00  1.040578e+01  0.000000e+00
   endloop
 endfacet
 facet normal  9.845454e-01  1.751297e-01  0.000000e+00
   outer loop
     vertex  9.008958e+00  1.040578e+01  1.500000e+00
     vertex  9.006587e+00  1.041911e+01  0.000000e+00
     vertex  9.006587e+00  1.041911e+01  1.500000e+00
   endloop
 endfacet
 facet normal  9.794419e-01  2.017264e-01  0.000000e+00
   outer loop
     vertex  9.011690e+00  1.039251e+01  1.500000e+00
     vertex  9.011690e+00  1.039251e+01  0.000000e+00
     vertex  9.008958e+00  1.040578e+01  1.500000e+00
   endloop
 endfacet
 facet normal  9.736201e-01  2.281751e-01  0.000000e+00
   outer loop
     vertex  9.014779e+00  1.037933e+01  1.500000e+00
     vertex  9.014779e+00  1.037933e+01  0.000000e+00
     vertex  9.011690e+00  1.039251e+01  0.000000e+00
   endloop
 endfacet
 facet normal  9.736201e-01  2.281751e-01  0.000000e+00
   outer loop
     vertex  9.014779e+00  1.037933e+01  1.500000e+00
     vertex  9.011690e+00  1.039251e+01  0.000000e+00
     vertex  9.011690e+00  1.039251e+01  1.500000e+00
   endloop
 endfacet
 facet normal  9.670842e-01  2.544564e-01  0.000000e+00
   outer loop
     vertex  9.018225e+00  1.036624e+01  1.500000e+00
     vertex  9.018225e+00  1.036624e+01  0.000000e+00
     vertex  9.014779e+00  1.037933e+01  0.000000e+00
   endloop
 endfacet
 facet normal  9.598391e-01  2.805512e-01  0.000000e+00
   outer loop
     vertex  9.018225e+00  1.036624e+01  1.500000e+00
     vertex  9.022024e+00  1.035324e+01  0.000000e+00
     vertex  9.018225e+00  1.036624e+01  0.000000e+00
   endloop
 endfacet
 facet normal  9.670842e-01  2.544564e-01  0.000000e+00
   outer loop
     vertex  9.018225e+00  1.036624e+01  1.500000e+00
     vertex  9.014779e+00  1.037933e+01  0.000000e+00
     vertex  9.014779e+00  1.037933e+01  1.500000e+00
   endloop
 endfacet
 facet normal  9.598391e-01  2.805512e-01  0.000000e+00
   outer loop
     vertex  9.022024e+00  1.035324e+01  1.500000e+00
     vertex  9.022024e+00  1.035324e+01  0.000000e+00
     vertex  9.018225e+00  1.036624e+01  1.500000e+00
   endloop
 endfacet
 facet normal  9.518899e-01  3.064401e-01  0.000000e+00
   outer loop
     vertex  9.026173e+00  1.034035e+01  1.500000e+00
     vertex  9.026173e+00  1.034035e+01  0.000000e+00
     vertex  9.022024e+00  1.035324e+01  0.000000e+00
   endloop
 endfacet
 facet normal  9.432426e-01  3.321044e-01  0.000000e+00
   outer loop
     vertex  9.026173e+00  1.034035e+01  1.500000e+00
     vertex  9.030670e+00  1.032758e+01  0.000000e+00
     vertex  9.026173e+00  1.034035e+01  0.000000e+00
   endloop
 endfacet
 facet normal  9.518899e-01  3.064401e-01  0.000000e+00
   outer loop
     vertex  9.026173e+00  1.034035e+01  1.500000e+00
     vertex  9.022024e+00  1.035324e+01  0.000000e+00
     vertex  9.022024e+00  1.035324e+01  1.500000e+00
   endloop
 endfacet
 facet normal  9.432426e-01  3.321044e-01  0.000000e+00
   outer loop
     vertex  9.030670e+00  1.032758e+01  1.500000e+00
     vertex  9.030670e+00  1.032758e+01  0.000000e+00
     vertex  9.026173e+00  1.034035e+01  1.500000e+00
   endloop
 endfacet
 facet normal  9.339036e-01  3.575250e-01  0.000000e+00
   outer loop
     vertex  9.035512e+00  1.031493e+01  1.500000e+00
     vertex  9.035512e+00  1.031493e+01  0.000000e+00
     vertex  9.030670e+00  1.032758e+01  0.000000e+00
   endloop
 endfacet
 facet normal  9.339036e-01  3.575250e-01  0.000000e+00
   outer loop
     vertex  9.035512e+00  1.031493e+01  1.500000e+00
     vertex  9.030670e+00  1.032758e+01  0.000000e+00
     vertex  9.030670e+00  1.032758e+01  1.500000e+00
   endloop
 endfacet
 facet normal  9.238795e-01  3.826834e-01  0.000000e+00
   outer loop
     vertex  9.040694e+00  1.030242e+01  1.500000e+00
     vertex  9.040694e+00  1.030242e+01  0.000000e+00
     vertex  9.035512e+00  1.031493e+01  0.000000e+00
   endloop
 endfacet
 facet normal  9.131779e-01  4.075612e-01  0.000000e+00
   outer loop
     vertex  9.040694e+00  1.030242e+01  1.500000e+00
     vertex  9.046212e+00  1.029006e+01  0.000000e+00
     vertex  9.040694e+00  1.030242e+01  0.000000e+00
   endloop
 endfacet
 facet normal  9.238795e-01  3.826834e-01  0.000000e+00
   outer loop
     vertex  9.040694e+00  1.030242e+01  1.500000e+00
     vertex  9.035512e+00  1.031493e+01  0.000000e+00
     vertex  9.035512e+00  1.031493e+01  1.500000e+00
   endloop
 endfacet
 facet normal  9.131779e-01  4.075612e-01  0.000000e+00
   outer loop
     vertex  9.046212e+00  1.029006e+01  1.500000e+00
     vertex  9.046212e+00  1.029006e+01  0.000000e+00
     vertex  9.040694e+00  1.030242e+01  1.500000e+00
   endloop
 endfacet
 facet normal  9.018065e-01  4.321400e-01  0.000000e+00
   outer loop
     vertex  9.052064e+00  1.027784e+01  1.500000e+00
     vertex  9.052064e+00  1.027784e+01  0.000000e+00
     vertex  9.046212e+00  1.029006e+01  0.000000e+00
   endloop
 endfacet
 facet normal  9.018065e-01  4.321400e-01  0.000000e+00
   outer loop
     vertex  9.052064e+00  1.027784e+01  1.500000e+00
     vertex  9.046212e+00  1.029006e+01  0.000000e+00
     vertex  9.046212e+00  1.029006e+01  1.500000e+00
   endloop
 endfacet
 facet normal  8.897737e-01  4.564019e-01  0.000000e+00
   outer loop
     vertex  9.058244e+00  1.026580e+01  1.500000e+00
     vertex  9.058244e+00  1.026580e+01  0.000000e+00
     vertex  9.052064e+00  1.027784e+01  0.000000e+00
   endloop
 endfacet
 facet normal  8.897737e-01  4.564019e-01  0.000000e+00
   outer loop
     vertex  9.058244e+00  1.026580e+01  1.500000e+00
     vertex  9.052064e+00  1.027784e+01  0.000000e+00
     vertex  9.052064e+00  1.027784e+01  1.500000e+00
   endloop
 endfacet
 facet normal  8.770884e-01  4.803291e-01  0.000000e+00
   outer loop
     vertex  9.064748e+00  1.025392e+01  1.500000e+00
     vertex  9.064748e+00  1.025392e+01  0.000000e+00
     vertex  9.058244e+00  1.026580e+01  0.000000e+00
   endloop
 endfacet
 facet normal  8.770884e-01  4.803291e-01  0.000000e+00
   outer loop
     vertex  9.064748e+00  1.025392e+01  1.500000e+00
     vertex  9.058244e+00  1.026580e+01  0.000000e+00
     vertex  9.058244e+00  1.026580e+01  1.500000e+00
   endloop
 endfacet
 facet normal  8.637597e-01  5.039039e-01  0.000000e+00
   outer loop
     vertex  9.071571e+00  1.024222e+01  1.500000e+00
     vertex  9.071571e+00  1.024222e+01  0.000000e+00
     vertex  9.064748e+00  1.025392e+01  0.000000e+00
   endloop
 endfacet
 facet normal  8.637597e-01  5.039039e-01  0.000000e+00
   outer loop
     vertex  9.071571e+00  1.024222e+01  1.500000e+00
     vertex  9.064748e+00  1.025392e+01  0.000000e+00
     vertex  9.064748e+00  1.025392e+01  1.500000e+00
   endloop
 endfacet
 facet normal  8.497975e-01  5.271092e-01  0.000000e+00
   outer loop
     vertex  9.078709e+00  1.023072e+01  1.500000e+00
     vertex  9.071571e+00  1.024222e+01  0.000000e+00
     vertex  9.071571e+00  1.024222e+01  1.500000e+00
   endloop
 endfacet
 facet normal  8.497975e-01  5.271092e-01  0.000000e+00
   outer loop
     vertex  9.078709e+00  1.023072e+01  1.500000e+00
     vertex  9.078709e+00  1.023072e+01  0.000000e+00
     vertex  9.071571e+00  1.024222e+01  0.000000e+00
   endloop
 endfacet
 facet normal  8.352121e-01  5.499279e-01  0.000000e+00
   outer loop
     vertex  9.078709e+00  1.023072e+01  1.500000e+00
     vertex  9.086156e+00  1.021941e+01  0.000000e+00
     vertex  9.078709e+00  1.023072e+01  0.000000e+00
   endloop
 endfacet
 facet normal  8.352121e-01  5.499279e-01  0.000000e+00
   outer loop
     vertex  9.086156e+00  1.021941e+01  1.500000e+00
     vertex  9.086156e+00  1.021941e+01  0.000000e+00
     vertex  9.078709e+00  1.023072e+01  1.500000e+00
   endloop
 endfacet
 facet normal  8.200141e-01  5.723433e-01  0.000000e+00
   outer loop
     vertex  9.086156e+00  1.021941e+01  1.500000e+00
     vertex  9.093906e+00  1.020830e+01  0.000000e+00
     vertex  9.086156e+00  1.021941e+01  0.000000e+00
   endloop
 endfacet
 facet normal  8.200141e-01  5.723433e-01  0.000000e+00
   outer loop
     vertex  9.093906e+00  1.020830e+01  1.500000e+00
     vertex  9.093906e+00  1.020830e+01  0.000000e+00
     vertex  9.086156e+00  1.021941e+01  1.500000e+00
   endloop
 endfacet
 facet normal  8.042147e-01  5.943389e-01  0.000000e+00
   outer loop
     vertex  9.101953e+00  1.019741e+01  1.500000e+00
     vertex  9.093906e+00  1.020830e+01  0.000000e+00
     vertex  9.093906e+00  1.020830e+01  1.500000e+00
   endloop
 endfacet
 facet normal  8.042147e-01  5.943389e-01  0.000000e+00
   outer loop
     vertex  9.101953e+00  1.019741e+01  1.500000e+00
     vertex  9.101953e+00  1.019741e+01  0.000000e+00
     vertex  9.093906e+00  1.020830e+01  0.000000e+00
   endloop
 endfacet
 facet normal  7.878255e-01  6.158986e-01  0.000000e+00
   outer loop
     vertex  9.110293e+00  1.018675e+01  1.500000e+00
     vertex  9.101953e+00  1.019741e+01  0.000000e+00
     vertex  9.101953e+00  1.019741e+01  1.500000e+00
   endloop
 endfacet
 facet normal  7.878255e-01  6.158986e-01  0.000000e+00
   outer loop
     vertex  9.110293e+00  1.018675e+01  1.500000e+00
     vertex  9.110293e+00  1.018675e+01  0.000000e+00
     vertex  9.101953e+00  1.019741e+01  0.000000e+00
   endloop
 endfacet
 facet normal  7.708584e-01  6.370065e-01  0.000000e+00
   outer loop
     vertex  9.110293e+00  1.018675e+01  1.500000e+00
     vertex  9.118919e+00  1.017631e+01  0.000000e+00
     vertex  9.110293e+00  1.018675e+01  0.000000e+00
   endloop
 endfacet
 facet normal  7.708584e-01  6.370065e-01  0.000000e+00
   outer loop
     vertex  9.118919e+00  1.017631e+01  1.500000e+00
     vertex  9.118919e+00  1.017631e+01  0.000000e+00
     vertex  9.110293e+00  1.018675e+01  1.500000e+00
   endloop
 endfacet
 facet normal  7.533260e-01  6.576473e-01  0.000000e+00
   outer loop
     vertex  9.127824e+00  1.016611e+01  1.500000e+00
     vertex  9.127824e+00  1.016611e+01  0.000000e+00
     vertex  9.118919e+00  1.017631e+01  0.000000e+00
   endloop
 endfacet
 facet normal  7.533260e-01  6.576473e-01  0.000000e+00
   outer loop
     vertex  9.127824e+00  1.016611e+01  1.500000e+00
     vertex  9.118919e+00  1.017631e+01  0.000000e+00
     vertex  9.118919e+00  1.017631e+01  1.500000e+00
   endloop
 endfacet
 facet normal  7.352410e-01  6.778058e-01  0.000000e+00
   outer loop
     vertex  9.137002e+00  1.015615e+01  1.500000e+00
     vertex  9.137002e+00  1.015615e+01  0.000000e+00
     vertex  9.127824e+00  1.016611e+01  0.000000e+00
   endloop
 endfacet
 facet normal  7.166168e-01  6.974671e-01  0.000000e+00
   outer loop
     vertex  9.137002e+00  1.015615e+01  1.500000e+00
     vertex  9.146447e+00  1.014645e+01  0.000000e+00
     vertex  9.137002e+00  1.015615e+01  0.000000e+00
   endloop
 endfacet
 facet normal  7.352410e-01  6.778058e-01  0.000000e+00
   outer loop
     vertex  9.137002e+00  1.015615e+01  1.500000e+00
     vertex  9.127824e+00  1.016611e+01  0.000000e+00
     vertex  9.127824e+00  1.016611e+01  1.500000e+00
   endloop
 endfacet
 facet normal  7.166168e-01  6.974671e-01  0.000000e+00
   outer loop
     vertex  9.146447e+00  1.014645e+01  1.500000e+00
     vertex  9.146447e+00  1.014645e+01  0.000000e+00
     vertex  9.137002e+00  1.015615e+01  1.500000e+00
   endloop
 endfacet
 facet normal  6.974671e-01  7.166168e-01  0.000000e+00
   outer loop
     vertex  9.156150e+00  1.013700e+01  1.500000e+00
     vertex  9.156150e+00  1.013700e+01  0.000000e+00
     vertex  9.146447e+00  1.014645e+01  0.000000e+00
   endloop
 endfacet
 facet normal  6.778058e-01  7.352410e-01  0.000000e+00
   outer loop
     vertex  9.156150e+00  1.013700e+01  1.500000e+00
     vertex  9.166106e+00  1.012782e+01  0.000000e+00
     vertex  9.156150e+00  1.013700e+01  0.000000e+00
   endloop
 endfacet
 facet normal  6.974671e-01  7.166168e-01  0.000000e+00
   outer loop
     vertex  9.156150e+00  1.013700e+01  1.500000e+00
     vertex  9.146447e+00  1.014645e+01  0.000000e+00
     vertex  9.146447e+00  1.014645e+01  1.500000e+00
   endloop
 endfacet
 facet normal  6.576473e-01  7.533260e-01  0.000000e+00
   outer loop
     vertex  9.166106e+00  1.012782e+01  1.500000e+00
     vertex  9.176307e+00  1.011892e+01  0.000000e+00
     vertex  9.166106e+00  1.012782e+01  0.000000e+00
   endloop
 endfacet
 facet normal  6.778058e-01  7.352410e-01  0.000000e+00
   outer loop
     vertex  9.166106e+00  1.012782e+01  1.500000e+00
     vertex  9.166106e+00  1.012782e+01  0.000000e+00
     vertex  9.156150e+00  1.013700e+01  1.500000e+00
   endloop
 endfacet
 facet normal  6.576473e-01  7.533260e-01  0.000000e+00
   outer loop
     vertex  9.176307e+00  1.011892e+01  1.500000e+00
     vertex  9.176307e+00  1.011892e+01  0.000000e+00
     vertex  9.166106e+00  1.012782e+01  1.500000e+00
   endloop
 endfacet
 facet normal  6.370065e-01  7.708584e-01  0.000000e+00
   outer loop
     vertex  9.186745e+00  1.011029e+01  1.500000e+00
     vertex  9.186745e+00  1.011029e+01  0.000000e+00
     vertex  9.176307e+00  1.011892e+01  0.000000e+00
   endloop
 endfacet
 facet normal  6.158986e-01  7.878255e-01  0.000000e+00
   outer loop
     vertex  9.186745e+00  1.011029e+01  1.500000e+00
     vertex  9.197413e+00  1.010195e+01  0.000000e+00
     vertex  9.186745e+00  1.011029e+01  0.000000e+00
   endloop
 endfacet
 facet normal  6.370065e-01  7.708584e-01  0.000000e+00
   outer loop
     vertex  9.186745e+00  1.011029e+01  1.500000e+00
     vertex  9.176307e+00  1.011892e+01  0.000000e+00
     vertex  9.176307e+00  1.011892e+01  1.500000e+00
   endloop
 endfacet
 facet normal  6.158986e-01  7.878255e-01  0.000000e+00
   outer loop
     vertex  9.197413e+00  1.010195e+01  1.500000e+00
     vertex  9.197413e+00  1.010195e+01  0.000000e+00
     vertex  9.186745e+00  1.011029e+01  1.500000e+00
   endloop
 endfacet
 facet normal  5.943389e-01  8.042147e-01  0.000000e+00
   outer loop
     vertex  9.208303e+00  1.009391e+01  1.500000e+00
     vertex  9.208303e+00  1.009391e+01  0.000000e+00
     vertex  9.197413e+00  1.010195e+01  0.000000e+00
   endloop
 endfacet
 facet normal  5.943389e-01  8.042147e-01  0.000000e+00
   outer loop
     vertex  9.208303e+00  1.009391e+01  1.500000e+00
     vertex  9.197413e+00  1.010195e+01  0.000000e+00
     vertex  9.197413e+00  1.010195e+01  1.500000e+00
   endloop
 endfacet
 facet normal  5.723433e-01  8.200141e-01  0.000000e+00
   outer loop
     vertex  9.219406e+00  1.008616e+01  1.500000e+00
     vertex  9.219406e+00  1.008616e+01  0.000000e+00
     vertex  9.208303e+00  1.009391e+01  0.000000e+00
   endloop
 endfacet
 facet normal  5.723433e-01  8.200141e-01  0.000000e+00
   outer loop
     vertex  9.219406e+00  1.008616e+01  1.500000e+00
     vertex  9.208303e+00  1.009391e+01  0.000000e+00
     vertex  9.208303e+00  1.009391e+01  1.500000e+00
   endloop
 endfacet
 facet normal  5.499279e-01  8.352121e-01  0.000000e+00
   outer loop
     vertex  9.230716e+00  1.007871e+01  1.500000e+00
     vertex  9.230716e+00  1.007871e+01  0.000000e+00
     vertex  9.219406e+00  1.008616e+01  0.000000e+00
   endloop
 endfacet
 facet normal  5.499279e-01  8.352121e-01  0.000000e+00
   outer loop
     vertex  9.230716e+00  1.007871e+01  1.500000e+00
     vertex  9.219406e+00  1.008616e+01  0.000000e+00
     vertex  9.219406e+00  1.008616e+01  1.500000e+00
   endloop
 endfacet
 facet normal  5.271092e-01  8.497975e-01  0.000000e+00
   outer loop
     vertex  9.242223e+00  1.007157e+01  1.500000e+00
     vertex  9.242223e+00  1.007157e+01  0.000000e+00
     vertex  9.230716e+00  1.007871e+01  0.000000e+00
   endloop
 endfacet
 facet normal  5.039039e-01  8.637597e-01  0.000000e+00
   outer loop
     vertex  9.242223e+00  1.007157e+01  1.500000e+00
     vertex  9.253919e+00  1.006475e+01  0.000000e+00
     vertex  9.242223e+00  1.007157e+01  0.000000e+00
   endloop
 endfacet
 facet normal  5.271092e-01  8.497975e-01  0.000000e+00
   outer loop
     vertex  9.242223e+00  1.007157e+01  1.500000e+00
     vertex  9.230716e+00  1.007871e+01  0.000000e+00
     vertex  9.230716e+00  1.007871e+01  1.500000e+00
   endloop
 endfacet
 facet normal  5.039039e-01  8.637597e-01  0.000000e+00
   outer loop
     vertex  9.253919e+00  1.006475e+01  1.500000e+00
     vertex  9.253919e+00  1.006475e+01  0.000000e+00
     vertex  9.242223e+00  1.007157e+01  1.500000e+00
   endloop
 endfacet
 facet normal  4.803291e-01  8.770884e-01  0.000000e+00
   outer loop
     vertex  9.265796e+00  1.005824e+01  1.500000e+00
     vertex  9.265796e+00  1.005824e+01  0.000000e+00
     vertex  9.253919e+00  1.006475e+01  0.000000e+00
   endloop
 endfacet
 facet normal  4.803291e-01  8.770884e-01  0.000000e+00
   outer loop
     vertex  9.265796e+00  1.005824e+01  1.500000e+00
     vertex  9.253919e+00  1.006475e+01  0.000000e+00
     vertex  9.253919e+00  1.006475e+01  1.500000e+00
   endloop
 endfacet
 facet normal  4.564019e-01  8.897737e-01  0.000000e+00
   outer loop
     vertex  9.277844e+00  1.005206e+01  1.500000e+00
     vertex  9.277844e+00  1.005206e+01  0.000000e+00
     vertex  9.265796e+00  1.005824e+01  0.000000e+00
   endloop
 endfacet
 facet normal  4.564019e-01  8.897737e-01  0.000000e+00
   outer loop
     vertex  9.277844e+00  1.005206e+01  1.500000e+00
     vertex  9.265796e+00  1.005824e+01  0.000000e+00
     vertex  9.265796e+00  1.005824e+01  1.500000e+00
   endloop
 endfacet
 facet normal  4.321400e-01  9.018065e-01  0.000000e+00
   outer loop
     vertex  9.290055e+00  1.004621e+01  1.500000e+00
     vertex  9.290055e+00  1.004621e+01  0.000000e+00
     vertex  9.277844e+00  1.005206e+01  0.000000e+00
   endloop
 endfacet
 facet normal  4.321400e-01  9.018065e-01  0.000000e+00
   outer loop
     vertex  9.290055e+00  1.004621e+01  1.500000e+00
     vertex  9.277844e+00  1.005206e+01  0.000000e+00
     vertex  9.277844e+00  1.005206e+01  1.500000e+00
   endloop
 endfacet
 facet normal  4.075612e-01  9.131779e-01  0.000000e+00
   outer loop
     vertex  9.302421e+00  1.004069e+01  1.500000e+00
     vertex  9.302421e+00  1.004069e+01  0.000000e+00
     vertex  9.290055e+00  1.004621e+01  0.000000e+00
   endloop
 endfacet
 facet normal  4.075612e-01  9.131779e-01  0.000000e+00
   outer loop
     vertex  9.302421e+00  1.004069e+01  1.500000e+00
     vertex  9.290055e+00  1.004621e+01  0.000000e+00
     vertex  9.290055e+00  1.004621e+01  1.500000e+00
   endloop
 endfacet
 facet normal  3.826834e-01  9.238795e-01  0.000000e+00
   outer loop
     vertex  9.314931e+00  1.003551e+01  1.500000e+00
     vertex  9.314931e+00  1.003551e+01  0.000000e+00
     vertex  9.302421e+00  1.004069e+01  0.000000e+00
   endloop
 endfacet
 facet normal  3.826834e-01  9.238795e-01  0.000000e+00
   outer loop
     vertex  9.314931e+00  1.003551e+01  1.500000e+00
     vertex  9.302421e+00  1.004069e+01  0.000000e+00
     vertex  9.302421e+00  1.004069e+01  1.500000e+00
   endloop
 endfacet
 facet normal  3.575250e-01  9.339036e-01  0.000000e+00
   outer loop
     vertex  9.327577e+00  1.003067e+01  1.500000e+00
     vertex  9.327577e+00  1.003067e+01  0.000000e+00
     vertex  9.314931e+00  1.003551e+01  0.000000e+00
   endloop
 endfacet
 facet normal  3.575250e-01  9.339036e-01  0.000000e+00
   outer loop
     vertex  9.327577e+00  1.003067e+01  1.500000e+00
     vertex  9.314931e+00  1.003551e+01  0.000000e+00
     vertex  9.314931e+00  1.003551e+01  1.500000e+00
   endloop
 endfacet
 facet normal  3.321044e-01  9.432426e-01  0.000000e+00
   outer loop
     vertex  9.340349e+00  1.002617e+01  1.500000e+00
     vertex  9.327577e+00  1.003067e+01  0.000000e+00
     vertex  9.327577e+00  1.003067e+01  1.500000e+00
   endloop
 endfacet
 facet normal  3.321044e-01  9.432426e-01  0.000000e+00
   outer loop
     vertex  9.340349e+00  1.002617e+01  1.500000e+00
     vertex  9.340349e+00  1.002617e+01  0.000000e+00
     vertex  9.327577e+00  1.003067e+01  0.000000e+00
   endloop
 endfacet
 facet normal  3.064401e-01  9.518899e-01  0.000000e+00
   outer loop
     vertex  9.353239e+00  1.002202e+01  1.500000e+00
     vertex  9.340349e+00  1.002617e+01  0.000000e+00
     vertex  9.340349e+00  1.002617e+01  1.500000e+00
   endloop
 endfacet
 facet normal  3.064401e-01  9.518899e-01  0.000000e+00
   outer loop
     vertex  9.353239e+00  1.002202e+01  1.500000e+00
     vertex  9.353239e+00  1.002202e+01  0.000000e+00
     vertex  9.340349e+00  1.002617e+01  0.000000e+00
   endloop
 endfacet
 facet normal  2.805512e-01  9.598391e-01  0.000000e+00
   outer loop
     vertex  9.366236e+00  1.001823e+01  1.500000e+00
     vertex  9.353239e+00  1.002202e+01  0.000000e+00
     vertex  9.353239e+00  1.002202e+01  1.500000e+00
   endloop
 endfacet
 facet normal  2.805512e-01  9.598391e-01  0.000000e+00
   outer loop
     vertex  9.366236e+00  1.001823e+01  1.500000e+00
     vertex  9.366236e+00  1.001823e+01  0.000000e+00
     vertex  9.353239e+00  1.002202e+01  0.000000e+00
   endloop
 endfacet
 facet normal  2.544564e-01  9.670842e-01  0.000000e+00
   outer loop
     vertex  9.379331e+00  1.001478e+01  1.500000e+00
     vertex  9.366236e+00  1.001823e+01  0.000000e+00
     vertex  9.366236e+00  1.001823e+01  1.500000e+00
   endloop
 endfacet
 facet normal  2.544564e-01  9.670842e-01  0.000000e+00
   outer loop
     vertex  9.379331e+00  1.001478e+01  1.500000e+00
     vertex  9.379331e+00  1.001478e+01  0.000000e+00
     vertex  9.366236e+00  1.001823e+01  0.000000e+00
   endloop
 endfacet
 facet normal  2.281751e-01  9.736201e-01  0.000000e+00
   outer loop
     vertex  9.392515e+00  1.001169e+01  1.500000e+00
     vertex  9.379331e+00  1.001478e+01  0.000000e+00
     vertex  9.379331e+00  1.001478e+01  1.500000e+00
   endloop
 endfacet
 facet normal  2.281751e-01  9.736201e-01  0.000000e+00
   outer loop
     vertex  9.392515e+00  1.001169e+01  1.500000e+00
     vertex  9.392515e+00  1.001169e+01  0.000000e+00
     vertex  9.379331e+00  1.001478e+01  0.000000e+00
   endloop
 endfacet
 facet normal  2.017264e-01  9.794419e-01  0.000000e+00
   outer loop
     vertex  9.392515e+00  1.001169e+01  1.500000e+00
     vertex  9.405777e+00  1.000896e+01  0.000000e+00
     vertex  9.392515e+00  1.001169e+01  0.000000e+00
   endloop
 endfacet
 facet normal  2.017264e-01  9.794419e-01  0.000000e+00
   outer loop
     vertex  9.405777e+00  1.000896e+01  1.500000e+00
     vertex  9.405777e+00  1.000896e+01  0.000000e+00
     vertex  9.392515e+00  1.001169e+01  1.500000e+00
   endloop
 endfacet
 facet normal  1.751297e-01  9.845454e-01  0.000000e+00
   outer loop
     vertex  9.419109e+00  1.000659e+01  1.500000e+00
     vertex  9.405777e+00  1.000896e+01  0.000000e+00
     vertex  9.405777e+00  1.000896e+01  1.500000e+00
   endloop
 endfacet
 facet normal  1.751297e-01  9.845454e-01  0.000000e+00
   outer loop
     vertex  9.419109e+00  1.000659e+01  1.500000e+00
     vertex  9.419109e+00  1.000659e+01  0.000000e+00
     vertex  9.405777e+00  1.000896e+01  0.000000e+00
   endloop
 endfacet
 facet normal  1.484046e-01  9.889267e-01  0.000000e+00
   outer loop
     vertex  9.419109e+00  1.000659e+01  1.500000e+00
     vertex  9.432500e+00  1.000458e+01  0.000000e+00
     vertex  9.419109e+00  1.000659e+01  0.000000e+00
   endloop
 endfacet
 facet normal  1.484046e-01  9.889267e-01  0.000000e+00
   outer loop
     vertex  9.432500e+00  1.000458e+01  1.500000e+00
     vertex  9.432500e+00  1.000458e+01  0.000000e+00
     vertex  9.419109e+00  1.000659e+01  1.500000e+00
   endloop
 endfacet
 facet normal  1.215707e-01  9.925828e-01  0.000000e+00
   outer loop
     vertex  9.445940e+00  1.000293e+01  1.500000e+00
     vertex  9.432500e+00  1.000458e+01  0.000000e+00
     vertex  9.432500e+00  1.000458e+01  1.500000e+00
   endloop
 endfacet
 facet normal  1.215707e-01  9.925828e-01  0.000000e+00
   outer loop
     vertex  9.445940e+00  1.000293e+01  1.500000e+00
     vertex  9.445940e+00  1.000293e+01  0.000000e+00
     vertex  9.432500e+00  1.000458e+01  0.000000e+00
   endloop
 endfacet
 facet normal  9.464755e-02  9.955108e-01  0.000000e+00
   outer loop
     vertex  9.459421e+00  1.000165e+01  1.500000e+00
     vertex  9.445940e+00  1.000293e+01  0.000000e+00
     vertex  9.445940e+00  1.000293e+01  1.500000e+00
   endloop
 endfacet
 facet normal  9.464755e-02  9.955108e-01  0.000000e+00
   outer loop
     vertex  9.459421e+00  1.000165e+01  1.500000e+00
     vertex  9.459421e+00  1.000165e+01  0.000000e+00
     vertex  9.445940e+00  1.000293e+01  0.000000e+00
   endloop
 endfacet
 facet normal  6.765502e-02  9.977088e-01  0.000000e+00
   outer loop
     vertex  9.459421e+00  1.000165e+01  1.500000e+00
     vertex  9.472931e+00  1.000073e+01  0.000000e+00
     vertex  9.459421e+00  1.000165e+01  0.000000e+00
   endloop
 endfacet
 facet normal  6.765502e-02  9.977088e-01  0.000000e+00
   outer loop
     vertex  9.472931e+00  1.000073e+01  1.500000e+00
     vertex  9.472931e+00  1.000073e+01  0.000000e+00
     vertex  9.459421e+00  1.000165e+01  1.500000e+00
   endloop
 endfacet
 facet normal  4.061287e-02  9.991750e-01  0.000000e+00
   outer loop
     vertex  9.486460e+00  1.000018e+01  1.500000e+00
     vertex  9.472931e+00  1.000073e+01  0.000000e+00
     vertex  9.472931e+00  1.000073e+01  1.500000e+00
   endloop
 endfacet
 facet normal  4.061287e-02  9.991750e-01  0.000000e+00
   outer loop
     vertex  9.486460e+00  1.000018e+01  1.500000e+00
     vertex  9.486460e+00  1.000018e+01  0.000000e+00
     vertex  9.472931e+00  1.000073e+01  0.000000e+00
   endloop
 endfacet
 facet normal  1.354093e-02  9.999083e-01  0.000000e+00
   outer loop
     vertex  9.500000e+00  1.000000e+01  1.500000e+00
     vertex  9.486460e+00  1.000018e+01  0.000000e+00
     vertex  9.486460e+00  1.000018e+01  1.500000e+00
   endloop
 endfacet
 facet normal  1.354093e-02  9.999083e-01  0.000000e+00
   outer loop
     vertex  9.500000e+00  1.000000e+01  1.500000e+00
     vertex  9.500000e+00  1.000000e+01  0.000000e+00
     vertex  9.486460e+00  1.000018e+01  0.000000e+00
   endloop
 endfacet
 facet normal  1.000000e+00  0.000000e+00  0.000000e+00
   outer loop
     vertex  9.000000e+00  1.050000e+01  1.500000e+00
     vertex  9.000000e+00  1.050000e+01  0.000000e+00
     vertex  9.000000e+00  2.190000e+01  0.000000e+00
   endloop
 endfacet
 facet normal  1.000000e+00 -0.000000e+00  0.000000e+00
   outer loop
     vertex  9.000000e+00  1.050000e+01  1.500000e+00
     vertex  9.000000e+00  2.190000e+01  0.000000e+00
     vertex  9.000000e+00  2.190000e+01  1.500000e+00
   endloop
 endfacet
 facet normal  0.000000e+00  1.000000e+00  0.000000e+00
   outer loop
     vertex  2.090000e+01  1.000000e+01  1.500000e+00
     vertex  2.090000e+01  1.000000e+01  0.000000e+00
     vertex  9.500000e+00  1.000000e+01  0.000000e+00
   endloop
 endfacet
 facet normal  0.000000e+00  1.000000e+00  0.000000e+00
   outer loop
     vertex  2.090000e+01  1.000000e+01  1.500000e+00
     vertex  9.500000e+00  1.000000e+01  0.000000e+00
     vertex  9.500000e+00  1.000000e+01  1.500000e+00
   endloop
 endfacet
 facet normal  9.999083e-01 -1.354093e-02  0.000000e+00
   outer loop
     vertex  9.000183e+00  2.191354e+01  1.500000e+00
     vertex  9.000000e+00  2.190000e+01  1.500000e+00
     vertex  9.000000e+00  2.190000e+01  0.000000e+00
   endloop
 endfacet
 facet normal  9.999083e-01 -1.354093e-02  0.000000e+00
   outer loop
     vertex  9.000183e+00  2.191354e+01  1.500000e+00
     vertex  9.000000e+00  2.190000e+01  0.000000e+00
     vertex  9.000183e+00  2.191354e+01  0.000000e+00
   endloop
 endfacet
 facet normal  9.991750e-01 -4.061287e-02  0.000000e+00
   outer loop
     vertex  9.000733e+00  2.192707e+01  1.500000e+00
     vertex  9.000183e+00  2.191354e+01  1.500000e+00
     vertex  9.000183e+00  2.191354e+01  0.000000e+00
   endloop
 endfacet
 facet normal  9.991750e-01 -4.061287e-02  0.000000e+00
   outer loop
     vertex  9.000733e+00  2.192707e+01  1.500000e+00
     vertex  9.000183e+00  2.191354e+01  0.000000e+00
     vertex  9.000733e+00  2.192707e+01  0.000000e+00
   endloop
 endfacet
 facet normal  9.977088e-01 -6.765502e-02  0.000000e+00
   outer loop
     vertex  9.001649e+00  2.194058e+01  1.500000e+00
     vertex  9.000733e+00  2.192707e+01  1.500000e+00
     vertex  9.000733e+00  2.192707e+01  0.000000e+00
   endloop
 endfacet
 facet normal  9.955108e-01 -9.464755e-02  0.000000e+00
   outer loop
     vertex  9.001649e+00  2.194058e+01  1.500000e+00
     vertex  9.001649e+00  2.194058e+01  0.000000e+00
     vertex  9.002931e+00  2.195406e+01  0.000000e+00
   endloop
 endfacet
 facet normal  9.977088e-01 -6.765502e-02  0.000000e+00
   outer loop
     vertex  9.001649e+00  2.194058e+01  1.500000e+00
     vertex  9.000733e+00  2.192707e+01  0.000000e+00
     vertex  9.001649e+00  2.194058e+01  0.000000e+00
   endloop
 endfacet
 facet normal  9.955108e-01 -9.464755e-02  0.000000e+00
   outer loop
     vertex  9.002931e+00  2.195406e+01  1.500000e+00
     vertex  9.001649e+00  2.194058e+01  1.500000e+00
     vertex  9.002931e+00  2.195406e+01  0.000000e+00
   endloop
 endfacet
 facet normal  9.925828e-01 -1.215707e-01  0.000000e+00
   outer loop
     vertex  9.004577e+00  2.196750e+01  1.500000e+00
     vertex  9.002931e+00  2.195406e+01  1.500000e+00
     vertex  9.002931e+00  2.195406e+01  0.000000e+00
   endloop
 endfacet
 facet normal  9.889267e-01 -1.484046e-01  0.000000e+00
   outer loop
     vertex  9.004577e+00  2.196750e+01  1.500000e+00
     vertex  9.004577e+00  2.196750e+01  0.000000e+00
     vertex  9.006587e+00  2.198089e+01  0.000000e+00
   endloop
 endfacet
 facet normal  9.925828e-01 -1.215707e-01  0.000000e+00
   outer loop
     vertex  9.004577e+00  2.196750e+01  1.500000e+00
     vertex  9.002931e+00  2.195406e+01  0.000000e+00
     vertex  9.004577e+00  2.196750e+01  0.000000e+00
   endloop
 endfacet
 facet normal  9.889267e-01 -1.484046e-01  0.000000e+00
   outer loop
     vertex  9.006587e+00  2.198089e+01  1.500000e+00
     vertex  9.004577e+00  2.196750e+01  1.500000e+00
     vertex  9.006587e+00  2.198089e+01  0.000000e+00
   endloop
 endfacet
 facet normal  9.845454e-01 -1.751297e-01  0.000000e+00
   outer loop
     vertex  9.008958e+00  2.199422e+01  1.500000e+00
     vertex  9.006587e+00  2.198089e+01  1.500000e+00
     vertex  9.006587e+00  2.198089e+01  0.000000e+00
   endloop
 endfacet
 facet normal  9.794419e-01 -2.017264e-01  0.000000e+00
   outer loop
     vertex  9.008958e+00  2.199422e+01  1.500000e+00
     vertex  9.008958e+00  2.199422e+01  0.000000e+00
     vertex  9.011690e+00  2.200749e+01  0.000000e+00
   endloop
 endfacet
 facet normal  9.845454e-01 -1.751297e-01  0.000000e+00
   outer loop
     vertex  9.008958e+00  2.199422e+01  1.500000e+00
     vertex  9.006587e+00  2.198089e+01  0.000000e+00
     vertex  9.008958e+00  2.199422e+01  0.000000e+00
   endloop
 endfacet
 facet normal  9.794419e-01 -2.017264e-01  0.000000e+00
   outer loop
     vertex  9.011690e+00  2.200749e+01  1.500000e+00
     vertex  9.008958e+00  2.199422e+01  1.500000e+00
     vertex  9.011690e+00  2.200749e+01  0.000000e+00
   endloop
 endfacet
 facet normal  9.670842e-01 -2.544564e-01  0.000000e+00
   outer loop
     vertex  9.014779e+00  2.202067e+01  1.500000e+00
     vertex  9.014779e+00  2.202067e+01  0.000000e+00
     vertex  9.018225e+00  2.203376e+01  0.000000e+00
   endloop
 endfacet
 facet normal  9.736201e-01 -2.281751e-01  0.000000e+00
   outer loop
     vertex  9.014779e+00  2.202067e+01  1.500000e+00
     vertex  9.011690e+00  2.200749e+01  0.000000e+00
     vertex  9.014779e+00  2.202067e+01  0.000000e+00
   endloop
 endfacet
 facet normal  9.736201e-01 -2.281751e-01  0.000000e+00
   outer loop
     vertex  9.014779e+00  2.202067e+01  1.500000e+00
     vertex  9.011690e+00  2.200749e+01  1.500000e+00
     vertex  9.011690e+00  2.200749e+01  0.000000e+00
   endloop
 endfacet
 facet normal  9.598391e-01 -2.805512e-01  0.000000e+00
   outer loop
     vertex  9.018225e+00  2.203376e+01  1.500000e+00
     vertex  9.018225e+00  2.203376e+01  0.000000e+00
     vertex  9.022024e+00  2.204676e+01  0.000000e+00
   endloop
 endfacet
 facet normal  9.670842e-01 -2.544564e-01  0.000000e+00
   outer loop
     vertex  9.018225e+00  2.203376e+01  1.500000e+00
     vertex  9.014779e+00  2.202067e+01  1.500000e+00
     vertex  9.018225e+00  2.203376e+01  0.000000e+00
   endloop
 endfacet
 facet normal  9.598391e-01 -2.805512e-01  0.000000e+00
   outer loop
     vertex  9.022024e+00  2.204676e+01  1.500000e+00
     vertex  9.018225e+00  2.203376e+01  1.500000e+00
     vertex  9.022024e+00  2.204676e+01  0.000000e+00
   endloop
 endfacet
 facet normal  9.518899e-01 -3.064401e-01  0.000000e+00
   outer loop
     vertex  9.026173e+00  2.205965e+01  1.500000e+00
     vertex  9.022024e+00  2.204676e+01  0.000000e+00
     vertex  9.026173e+00  2.205965e+01  0.000000e+00
   endloop
 endfacet
 facet normal  9.518899e-01 -3.064401e-01  0.000000e+00
   outer loop
     vertex  9.026173e+00  2.205965e+01  1.500000e+00
     vertex  9.022024e+00  2.204676e+01  1.500000e+00
     vertex  9.022024e+00  2.204676e+01  0.000000e+00
   endloop
 endfacet
 facet normal  9.432426e-01 -3.321044e-01  0.000000e+00
   outer loop
     vertex  9.030670e+00  2.207242e+01  1.500000e+00
     vertex  9.026173e+00  2.205965e+01  0.000000e+00
     vertex  9.030670e+00  2.207242e+01  0.000000e+00
   endloop
 endfacet
 facet normal  9.432426e-01 -3.321044e-01  0.000000e+00
   outer loop
     vertex  9.030670e+00  2.207242e+01  1.500000e+00
     vertex  9.026173e+00  2.205965e+01  1.500000e+00
     vertex  9.026173e+00  2.205965e+01  0.000000e+00
   endloop
 endfacet
 facet normal  9.339036e-01 -3.575250e-01  0.000000e+00
   outer loop
     vertex  9.035512e+00  2.208507e+01  1.500000e+00
     vertex  9.030670e+00  2.207242e+01  0.000000e+00
     vertex  9.035512e+00  2.208507e+01  0.000000e+00
   endloop
 endfacet
 facet normal  9.339036e-01 -3.575250e-01  0.000000e+00
   outer loop
     vertex  9.035512e+00  2.208507e+01  1.500000e+00
     vertex  9.030670e+00  2.207242e+01  1.500000e+00
     vertex  9.030670e+00  2.207242e+01  0.000000e+00
   endloop
 endfacet
 facet normal  9.238795e-01 -3.826834e-01  0.000000e+00
   outer loop
     vertex  9.040694e+00  2.209758e+01  1.500000e+00
     vertex  9.035512e+00  2.208507e+01  0.000000e+00
     vertex  9.040694e+00  2.209758e+01  0.000000e+00
   endloop
 endfacet
 facet normal  9.238795e-01 -3.826834e-01  0.000000e+00
   outer loop
     vertex  9.040694e+00  2.209758e+01  1.500000e+00
     vertex  9.035512e+00  2.208507e+01  1.500000e+00
     vertex  9.035512e+00  2.208507e+01  0.000000e+00
   endloop
 endfacet
 facet normal  9.131779e-01 -4.075612e-01  0.000000e+00
   outer loop
     vertex  9.046212e+00  2.210994e+01  1.500000e+00
     vertex  9.040694e+00  2.209758e+01  0.000000e+00
     vertex  9.046212e+00  2.210994e+01  0.000000e+00
   endloop
 endfacet
 facet normal  9.131779e-01 -4.075612e-01  0.000000e+00
   outer loop
     vertex  9.046212e+00  2.210994e+01  1.500000e+00
     vertex  9.040694e+00  2.209758e+01  1.500000e+00
     vertex  9.040694e+00  2.209758e+01  0.000000e+00
   endloop
 endfacet
 facet normal  9.018065e-01 -4.321400e-01  0.000000e+00
   outer loop
     vertex  9.052064e+00  2.212216e+01  1.500000e+00
     vertex  9.046212e+00  2.210994e+01  0.000000e+00
     vertex  9.052064e+00  2.212216e+01  0.000000e+00
   endloop
 endfacet
 facet normal  9.018065e-01 -4.321400e-01  0.000000e+00
   outer loop
     vertex  9.052064e+00  2.212216e+01  1.500000e+00
     vertex  9.046212e+00  2.210994e+01  1.500000e+00
     vertex  9.046212e+00  2.210994e+01  0.000000e+00
   endloop
 endfacet
 facet normal  8.770884e-01 -4.803291e-01  0.000000e+00
   outer loop
     vertex  9.058244e+00  2.213420e+01  1.500000e+00
     vertex  9.058244e+00  2.213420e+01  0.000000e+00
     vertex  9.064748e+00  2.214608e+01  0.000000e+00
   endloop
 endfacet
 facet normal  8.897737e-01 -4.564019e-01  0.000000e+00
   outer loop
     vertex  9.058244e+00  2.213420e+01  1.500000e+00
     vertex  9.052064e+00  2.212216e+01  0.000000e+00
     vertex  9.058244e+00  2.213420e+01  0.000000e+00
   endloop
 endfacet
 facet normal  8.897737e-01 -4.564019e-01  0.000000e+00
   outer loop
     vertex  9.058244e+00  2.213420e+01  1.500000e+00
     vertex  9.052064e+00  2.212216e+01  1.500000e+00
     vertex  9.052064e+00  2.212216e+01  0.000000e+00
   endloop
 endfacet
 facet normal  8.770884e-01 -4.803291e-01  0.000000e+00
   outer loop
     vertex  9.064748e+00  2.214608e+01  1.500000e+00
     vertex  9.058244e+00  2.213420e+01  1.500000e+00
     vertex  9.064748e+00  2.214608e+01  0.000000e+00
   endloop
 endfacet
 facet normal  8.637597e-01 -5.039039e-01  0.000000e+00
   outer loop
     vertex  9.071571e+00  2.215778e+01  1.500000e+00
     vertex  9.064748e+00  2.214608e+01  1.500000e+00
     vertex  9.064748e+00  2.214608e+01  0.000000e+00
   endloop
 endfacet
 facet normal  8.637597e-01 -5.039039e-01  0.000000e+00
   outer loop
     vertex  9.071571e+00  2.215778e+01  1.500000e+00
     vertex  9.064748e+00  2.214608e+01  0.000000e+00
     vertex  9.071571e+00  2.215778e+01  0.000000e+00
   endloop
 endfacet
 facet normal  8.497975e-01 -5.271092e-01  0.000000e+00
   outer loop
     vertex  9.078709e+00  2.216928e+01  1.500000e+00
     vertex  9.071571e+00  2.215778e+01  1.500000e+00
     vertex  9.071571e+00  2.215778e+01  0.000000e+00
   endloop
 endfacet
 facet normal  8.497975e-01 -5.271092e-01  0.000000e+00
   outer loop
     vertex  9.078709e+00  2.216928e+01  1.500000e+00
     vertex  9.071571e+00  2.215778e+01  0.000000e+00
     vertex  9.078709e+00  2.216928e+01  0.000000e+00
   endloop
 endfacet
 facet normal  8.352121e-01 -5.499279e-01  0.000000e+00
   outer loop
     vertex  9.086156e+00  2.218059e+01  1.500000e+00
     vertex  9.078709e+00  2.216928e+01  1.500000e+00
     vertex  9.078709e+00  2.216928e+01  0.000000e+00
   endloop
 endfacet
 facet normal  8.352121e-01 -5.499279e-01  0.000000e+00
   outer loop
     vertex  9.086156e+00  2.218059e+01  1.500000e+00
     vertex  9.078709e+00  2.216928e+01  0.000000e+00
     vertex  9.086156e+00  2.218059e+01  0.000000e+00
   endloop
 endfacet
 facet normal  8.200141e-01 -5.723433e-01  0.000000e+00
   outer loop
     vertex  9.093906e+00  2.219170e+01  1.500000e+00
     vertex  9.086156e+00  2.218059e+01  1.500000e+00
     vertex  9.086156e+00  2.218059e+01  0.000000e+00
   endloop
 endfacet
 facet normal  8.200141e-01 -5.723433e-01  0.000000e+00
   outer loop
     vertex  9.093906e+00  2.219170e+01  1.500000e+00
     vertex  9.086156e+00  2.218059e+01  0.000000e+00
     vertex  9.093906e+00  2.219170e+01  0.000000e+00
   endloop
 endfacet
 facet normal  8.042147e-01 -5.943389e-01  0.000000e+00
   outer loop
     vertex  9.101953e+00  2.220259e+01  1.500000e+00
     vertex  9.093906e+00  2.219170e+01  1.500000e+00
     vertex  9.093906e+00  2.219170e+01  0.000000e+00
   endloop
 endfacet
 facet normal  7.878255e-01 -6.158986e-01  0.000000e+00
   outer loop
     vertex  9.101953e+00  2.220259e+01  1.500000e+00
     vertex  9.101953e+00  2.220259e+01  0.000000e+00
     vertex  9.110293e+00  2.221325e+01  0.000000e+00
   endloop
 endfacet
 facet normal  8.042147e-01 -5.943389e-01  0.000000e+00
   outer loop
     vertex  9.101953e+00  2.220259e+01  1.500000e+00
     vertex  9.093906e+00  2.219170e+01  0.000000e+00
     vertex  9.101953e+00  2.220259e+01  0.000000e+00
   endloop
 endfacet
 facet normal  7.878255e-01 -6.158986e-01  0.000000e+00
   outer loop
     vertex  9.110293e+00  2.221325e+01  1.500000e+00
     vertex  9.101953e+00  2.220259e+01  1.500000e+00
     vertex  9.110293e+00  2.221325e+01  0.000000e+00
   endloop
 endfacet
 facet normal  7.708584e-01 -6.370065e-01  0.000000e+00
   outer loop
     vertex  9.110293e+00  2.221325e+01  1.500000e+00
     vertex  9.110293e+00  2.221325e+01  0.000000e+00
     vertex  9.118919e+00  2.222369e+01  0.000000e+00
   endloop
 endfacet
 facet normal  7.708584e-01 -6.370065e-01  0.000000e+00
   outer loop
     vertex  9.118919e+00  2.222369e+01  1.500000e+00
     vertex  9.110293e+00  2.221325e+01  1.500000e+00
     vertex  9.118919e+00  2.222369e+01  0.000000e+00
   endloop
 endfacet
 facet normal  7.533260e-01 -6.576473e-01  0.000000e+00
   outer loop
     vertex  9.127824e+00  2.223389e+01  1.500000e+00
     vertex  9.118919e+00  2.222369e+01  1.500000e+00
     vertex  9.118919e+00  2.222369e+01  0.000000e+00
   endloop
 endfacet
 facet normal  7.352410e-01 -6.778058e-01  0.000000e+00
   outer loop
     vertex  9.127824e+00  2.223389e+01  1.500000e+00
     vertex  9.127824e+00  2.223389e+01  0.000000e+00
     vertex  9.137002e+00  2.224385e+01  0.000000e+00
   endloop
 endfacet
 facet normal  7.533260e-01 -6.576473e-01  0.000000e+00
   outer loop
     vertex  9.127824e+00  2.223389e+01  1.500000e+00
     vertex  9.118919e+00  2.222369e+01  0.000000e+00
     vertex  9.127824e+00  2.223389e+01  0.000000e+00
   endloop
 endfacet
 facet normal  7.352410e-01 -6.778058e-01  0.000000e+00
   outer loop
     vertex  9.137002e+00  2.224385e+01  1.500000e+00
     vertex  9.127824e+00  2.223389e+01  1.500000e+00
     vertex  9.137002e+00  2.224385e+01  0.000000e+00
   endloop
 endfacet
 facet normal  7.166168e-01 -6.974671e-01  0.000000e+00
   outer loop
     vertex  9.146447e+00  2.225355e+01  1.500000e+00
     vertex  9.137002e+00  2.224385e+01  0.000000e+00
     vertex  9.146447e+00  2.225355e+01  0.000000e+00
   endloop
 endfacet
 facet normal  7.166168e-01 -6.974671e-01  0.000000e+00
   outer loop
     vertex  9.146447e+00  2.225355e+01  1.500000e+00
     vertex  9.137002e+00  2.224385e+01  1.500000e+00
     vertex  9.137002e+00  2.224385e+01  0.000000e+00
   endloop
 endfacet
 facet normal  6.974671e-01 -7.166168e-01  0.000000e+00
   outer loop
     vertex  9.156150e+00  2.226300e+01  1.500000e+00
     vertex  9.146447e+00  2.225355e+01  0.000000e+00
     vertex  9.156150e+00  2.226300e+01  0.000000e+00
   endloop
 endfacet
 facet normal  6.974671e-01 -7.166168e-01  0.000000e+00
   outer loop
     vertex  9.156150e+00  2.226300e+01  1.500000e+00
     vertex  9.146447e+00  2.225355e+01  1.500000e+00
     vertex  9.146447e+00  2.225355e+01  0.000000e+00
   endloop
 endfacet
 facet normal  6.576473e-01 -7.533260e-01  0.000000e+00
   outer loop
     vertex  9.166106e+00  2.227218e+01  1.500000e+00
     vertex  9.166106e+00  2.227218e+01  0.000000e+00
     vertex  9.176307e+00  2.228108e+01  0.000000e+00
   endloop
 endfacet
 facet normal  6.778058e-01 -7.352410e-01  0.000000e+00
   outer loop
     vertex  9.166106e+00  2.227218e+01  1.500000e+00
     vertex  9.156150e+00  2.226300e+01  0.000000e+00
     vertex  9.166106e+00  2.227218e+01  0.000000e+00
   endloop
 endfacet
 facet normal  6.778058e-01 -7.352410e-01  0.000000e+00
   outer loop
     vertex  9.166106e+00  2.227218e+01  1.500000e+00
     vertex  9.156150e+00  2.226300e+01  1.500000e+00
     vertex  9.156150e+00  2.226300e+01  0.000000e+00
   endloop
 endfacet
 facet normal  6.370065e-01 -7.708584e-01  0.000000e+00
   outer loop
     vertex  9.176307e+00  2.228108e+01  1.500000e+00
     vertex  9.176307e+00  2.228108e+01  0.000000e+00
     vertex  9.186745e+00  2.228971e+01  0.000000e+00
   endloop
 endfacet
 facet normal  6.576473e-01 -7.533260e-01  0.000000e+00
   outer loop
     vertex  9.176307e+00  2.228108e+01  1.500000e+00
     vertex  9.166106e+00  2.227218e+01  1.500000e+00
     vertex  9.176307e+00  2.228108e+01  0.000000e+00
   endloop
 endfacet
 facet normal  6.158986e-01 -7.878255e-01  0.000000e+00
   outer loop
     vertex  9.186745e+00  2.228971e+01  1.500000e+00
     vertex  9.186745e+00  2.228971e+01  0.000000e+00
     vertex  9.197413e+00  2.229805e+01  0.000000e+00
   endloop
 endfacet
 facet normal  6.370065e-01 -7.708584e-01  0.000000e+00
   outer loop
     vertex  9.186745e+00  2.228971e+01  1.500000e+00
     vertex  9.176307e+00  2.228108e+01  1.500000e+00
     vertex  9.186745e+00  2.228971e+01  0.000000e+00
   endloop
 endfacet
 facet normal  5.943389e-01 -8.042147e-01  0.000000e+00
   outer loop
     vertex  9.197413e+00  2.229805e+01  1.500000e+00
     vertex  9.197413e+00  2.229805e+01  0.000000e+00
     vertex  9.208303e+00  2.230609e+01  0.000000e+00
   endloop
 endfacet
 facet normal  6.158986e-01 -7.878255e-01  0.000000e+00
   outer loop
     vertex  9.197413e+00  2.229805e+01  1.500000e+00
     vertex  9.186745e+00  2.228971e+01  1.500000e+00
     vertex  9.197413e+00  2.229805e+01  0.000000e+00
   endloop
 endfacet
 facet normal  5.723433e-01 -8.200141e-01  0.000000e+00
   outer loop
     vertex  9.208303e+00  2.230609e+01  1.500000e+00
     vertex  9.208303e+00  2.230609e+01  0.000000e+00
     vertex  9.219406e+00  2.231384e+01  0.000000e+00
   endloop
 endfacet
 facet normal  5.943389e-01 -8.042147e-01  0.000000e+00
   outer loop
     vertex  9.208303e+00  2.230609e+01  1.500000e+00
     vertex  9.197413e+00  2.229805e+01  1.500000e+00
     vertex  9.208303e+00  2.230609e+01  0.000000e+00
   endloop
 endfacet
 facet normal  5.723433e-01 -8.200141e-01  0.000000e+00
   outer loop
     vertex  9.219406e+00  2.231384e+01  1.500000e+00
     vertex  9.208303e+00  2.230609e+01  1.500000e+00
     vertex  9.219406e+00  2.231384e+01  0.000000e+00
   endloop
 endfacet
 facet normal  5.499279e-01 -8.352121e-01  0.000000e+00
   outer loop
     vertex  9.230716e+00  2.232129e+01  1.500000e+00
     vertex  9.219406e+00  2.231384e+01  0.000000e+00
     vertex  9.230716e+00  2.232129e+01  0.000000e+00
   endloop
 endfacet
 facet normal  5.499279e-01 -8.352121e-01  0.000000e+00
   outer loop
     vertex  9.230716e+00  2.232129e+01  1.500000e+00
     vertex  9.219406e+00  2.231384e+01  1.500000e+00
     vertex  9.219406e+00  2.231384e+01  0.000000e+00
   endloop
 endfacet
 facet normal  5.039039e-01 -8.637597e-01  0.000000e+00
   outer loop
     vertex  9.242223e+00  2.232843e+01  1.500000e+00
     vertex  9.242223e+00  2.232843e+01  0.000000e+00
     vertex  9.253919e+00  2.233525e+01  0.000000e+00
   endloop
 endfacet
 facet normal  5.271092e-01 -8.497975e-01  0.000000e+00
   outer loop
     vertex  9.242223e+00  2.232843e+01  1.500000e+00
     vertex  9.230716e+00  2.232129e+01  0.000000e+00
     vertex  9.242223e+00  2.232843e+01  0.000000e+00
   endloop
 endfacet
 facet normal  5.271092e-01 -8.497975e-01  0.000000e+00
   outer loop
     vertex  9.242223e+00  2.232843e+01  1.500000e+00
     vertex  9.230716e+00  2.232129e+01  1.500000e+00
     vertex  9.230716e+00  2.232129e+01  0.000000e+00
   endloop
 endfacet
 facet normal  4.803291e-01 -8.770884e-01  0.000000e+00
   outer loop
     vertex  9.253919e+00  2.233525e+01  1.500000e+00
     vertex  9.253919e+00  2.233525e+01  0.000000e+00
     vertex  9.265796e+00  2.234176e+01  0.000000e+00
   endloop
 endfacet
 facet normal  5.039039e-01 -8.637597e-01  0.000000e+00
   outer loop
     vertex  9.253919e+00  2.233525e+01  1.500000e+00
     vertex  9.242223e+00  2.232843e+01  1.500000e+00
     vertex  9.253919e+00  2.233525e+01  0.000000e+00
   endloop
 endfacet
 facet normal  4.803291e-01 -8.770884e-01  0.000000e+00
   outer loop
     vertex  9.265796e+00  2.234176e+01  1.500000e+00
     vertex  9.253919e+00  2.233525e+01  1.500000e+00
     vertex  9.265796e+00  2.234176e+01  0.000000e+00
   endloop
 endfacet
 facet normal  4.321400e-01 -9.018065e-01  0.000000e+00
   outer loop
     vertex  9.277844e+00  2.234794e+01  1.500000e+00
     vertex  9.277844e+00  2.234794e+01  0.000000e+00
     vertex  9.290055e+00  2.235379e+01  0.000000e+00
   endloop
 endfacet
 facet normal  4.564019e-01 -8.897737e-01  0.000000e+00
   outer loop
     vertex  9.277844e+00  2.234794e+01  1.500000e+00
     vertex  9.265796e+00  2.234176e+01  0.000000e+00
     vertex  9.277844e+00  2.234794e+01  0.000000e+00
   endloop
 endfacet
 facet normal  4.564019e-01 -8.897737e-01  0.000000e+00
   outer loop
     vertex  9.277844e+00  2.234794e+01  1.500000e+00
     vertex  9.265796e+00  2.234176e+01  1.500000e+00
     vertex  9.265796e+00  2.234176e+01  0.000000e+00
   endloop
 endfacet
 facet normal  4.321400e-01 -9.018065e-01  0.000000e+00
   outer loop
     vertex  9.290055e+00  2.235379e+01  1.500000e+00
     vertex  9.277844e+00  2.234794e+01  1.500000e+00
     vertex  9.290055e+00  2.235379e+01  0.000000e+00
   endloop
 endfacet
 facet normal  4.075612e-01 -9.131779e-01  0.000000e+00
   outer loop
     vertex  9.302421e+00  2.235931e+01  1.500000e+00
     vertex  9.290055e+00  2.235379e+01  0.000000e+00
     vertex  9.302421e+00  2.235931e+01  0.000000e+00
   endloop
 endfacet
 facet normal  4.075612e-01 -9.131779e-01  0.000000e+00
   outer loop
     vertex  9.302421e+00  2.235931e+01  1.500000e+00
     vertex  9.290055e+00  2.235379e+01  1.500000e+00
     vertex  9.290055e+00  2.235379e+01  0.000000e+00
   endloop
 endfacet
 facet normal  3.575250e-01 -9.339036e-01  0.000000e+00
   outer loop
     vertex  9.314931e+00  2.236449e+01  1.500000e+00
     vertex  9.314931e+00  2.236449e+01  0.000000e+00
     vertex  9.327577e+00  2.236933e+01  0.000000e+00
   endloop
 endfacet
 facet normal  3.826834e-01 -9.238795e-01  0.000000e+00
   outer loop
     vertex  9.314931e+00  2.236449e+01  1.500000e+00
     vertex  9.302421e+00  2.235931e+01  0.000000e+00
     vertex  9.314931e+00  2.236449e+01  0.000000e+00
   endloop
 endfacet
 facet normal  3.826834e-01 -9.238795e-01  0.000000e+00
   outer loop
     vertex  9.314931e+00  2.236449e+01  1.500000e+00
     vertex  9.302421e+00  2.235931e+01  1.500000e+00
     vertex  9.302421e+00  2.235931e+01  0.000000e+00
   endloop
 endfacet
 facet normal  3.575250e-01 -9.339036e-01  0.000000e+00
   outer loop
     vertex  9.327577e+00  2.236933e+01  1.500000e+00
     vertex  9.314931e+00  2.236449e+01  1.500000e+00
     vertex  9.327577e+00  2.236933e+01  0.000000e+00
   endloop
 endfacet
 facet normal  3.321044e-01 -9.432426e-01  0.000000e+00
   outer loop
     vertex  9.340349e+00  2.237383e+01  1.500000e+00
     vertex  9.327577e+00  2.236933e+01  1.500000e+00
     vertex  9.327577e+00  2.236933e+01  0.000000e+00
   endloop
 endfacet
 facet normal  3.321044e-01 -9.432426e-01  0.000000e+00
   outer loop
     vertex  9.340349e+00  2.237383e+01  1.500000e+00
     vertex  9.327577e+00  2.236933e+01  0.000000e+00
     vertex  9.340349e+00  2.237383e+01  0.000000e+00
   endloop
 endfacet
 facet normal  3.064401e-01 -9.518899e-01  0.000000e+00
   outer loop
     vertex  9.353239e+00  2.237798e+01  1.500000e+00
     vertex  9.340349e+00  2.237383e+01  1.500000e+00
     vertex  9.340349e+00  2.237383e+01  0.000000e+00
   endloop
 endfacet
 facet normal  3.064401e-01 -9.518899e-01  0.000000e+00
   outer loop
     vertex  9.353239e+00  2.237798e+01  1.500000e+00
     vertex  9.340349e+00  2.237383e+01  0.000000e+00
     vertex  9.353239e+00  2.237798e+01  0.000000e+00
   endloop
 endfacet
 facet normal  2.805512e-01 -9.598391e-01  0.000000e+00
   outer loop
     vertex  9.366236e+00  2.238177e+01  1.500000e+00
     vertex  9.353239e+00  2.237798e+01  0.000000e+00
     vertex  9.366236e+00  2.238177e+01  0.000000e+00
   endloop
 endfacet
 facet normal  2.805512e-01 -9.598391e-01  0.000000e+00
   outer loop
     vertex  9.366236e+00  2.238177e+01  1.500000e+00
     vertex  9.353239e+00  2.237798e+01  1.500000e+00
     vertex  9.353239e+00  2.237798e+01  0.000000e+00
   endloop
 endfacet
 facet normal  2.544564e-01 -9.670842e-01  0.000000e+00
   outer loop
     vertex  9.379331e+00  2.238522e+01  1.500000e+00
     vertex  9.366236e+00  2.238177e+01  1.500000e+00
     vertex  9.366236e+00  2.238177e+01  0.000000e+00
   endloop
 endfacet
 facet normal  2.544564e-01 -9.670842e-01  0.000000e+00
   outer loop
     vertex  9.379331e+00  2.238522e+01  1.500000e+00
     vertex  9.366236e+00  2.238177e+01  0.000000e+00
     vertex  9.379331e+00  2.238522e+01  0.000000e+00
   endloop
 endfacet
 facet normal  2.281751e-01 -9.736201e-01  0.000000e+00
   outer loop
     vertex  9.392515e+00  2.238831e+01  1.500000e+00
     vertex  9.379331e+00  2.238522e+01  0.000000e+00
     vertex  9.392515e+00  2.238831e+01  0.000000e+00
   endloop
 endfacet
 facet normal  2.281751e-01 -9.736201e-01  0.000000e+00
   outer loop
     vertex  9.392515e+00  2.238831e+01  1.500000e+00
     vertex  9.379331e+00  2.238522e+01  1.500000e+00
     vertex  9.379331e+00  2.238522e+01  0.000000e+00
   endloop
 endfacet
 facet normal  2.017264e-01 -9.794419e-01  0.000000e+00
   outer loop
     vertex  9.405777e+00  2.239104e+01  1.500000e+00
     vertex  9.392515e+00  2.238831e+01  0.000000e+00
     vertex  9.405777e+00  2.239104e+01  0.000000e+00
   endloop
 endfacet
 facet normal  2.017264e-01 -9.794419e-01  0.000000e+00
   outer loop
     vertex  9.405777e+00  2.239104e+01  1.500000e+00
     vertex  9.392515e+00  2.238831e+01  1.500000e+00
     vertex  9.392515e+00  2.238831e+01  0.000000e+00
   endloop
 endfacet
 facet normal  1.751297e-01 -9.845454e-01  0.000000e+00
   outer loop
     vertex  9.419109e+00  2.239341e+01  1.500000e+00
     vertex  9.405777e+00  2.239104e+01  0.000000e+00
     vertex  9.419109e+00  2.239341e+01  0.000000e+00
   endloop
 endfacet
 facet normal  1.751297e-01 -9.845454e-01  0.000000e+00
   outer loop
     vertex  9.419109e+00  2.239341e+01  1.500000e+00
     vertex  9.405777e+00  2.239104e+01  1.500000e+00
     vertex  9.405777e+00  2.239104e+01  0.000000e+00
   endloop
 endfacet
 facet normal  1.484046e-01 -9.889267e-01  0.000000e+00
   outer loop
     vertex  9.432500e+00  2.239542e+01  1.500000e+00
     vertex  9.419109e+00  2.239341e+01  0.000000e+00
     vertex  9.432500e+00  2.239542e+01  0.000000e+00
   endloop
 endfacet
 facet normal  1.484046e-01 -9.889267e-01  0.000000e+00
   outer loop
     vertex  9.432500e+00  2.239542e+01  1.500000e+00
     vertex  9.419109e+00  2.239341e+01  1.500000e+00
     vertex  9.419109e+00  2.239341e+01  0.000000e+00
   endloop
 endfacet
 facet normal  1.215707e-01 -9.925828e-01  0.000000e+00
   outer loop
     vertex  9.445940e+00  2.239707e+01  1.500000e+00
     vertex  9.432500e+00  2.239542e+01  0.000000e+00
     vertex  9.445940e+00  2.239707e+01  0.000000e+00
   endloop
 endfacet
 facet normal  1.215707e-01 -9.925828e-01  0.000000e+00
   outer loop
     vertex  9.445940e+00  2.239707e+01  1.500000e+00
     vertex  9.432500e+00  2.239542e+01  1.500000e+00
     vertex  9.432500e+00  2.239542e+01  0.000000e+00
   endloop
 endfacet
 facet normal  6.765502e-02 -9.977088e-01  0.000000e+00
   outer loop
     vertex  9.459421e+00  2.239835e+01  1.500000e+00
     vertex  9.459421e+00  2.239835e+01  0.000000e+00
     vertex  9.472931e+00  2.239927e+01  0.000000e+00
   endloop
 endfacet
 facet normal  9.464755e-02 -9.955108e-01  0.000000e+00
   outer loop
     vertex  9.459421e+00  2.239835e+01  1.500000e+00
     vertex  9.445940e+00  2.239707e+01  0.000000e+00
     vertex  9.459421e+00  2.239835e+01  0.000000e+00
   endloop
 endfacet
 facet normal  9.464755e-02 -9.955108e-01  0.000000e+00
   outer loop
     vertex  9.459421e+00  2.239835e+01  1.500000e+00
     vertex  9.445940e+00  2.239707e+01  1.500000e+00
     vertex  9.445940e+00  2.239707e+01  0.000000e+00
   endloop
 endfacet
 facet normal  6.765502e-02 -9.977088e-01  0.000000e+00
   outer loop
     vertex  9.472931e+00  2.239927e+01  1.500000e+00
     vertex  9.459421e+00  2.239835e+01  1.500000e+00
     vertex  9.472931e+00  2.239927e+01  0.000000e+00
   endloop
 endfacet
 facet normal  4.061287e-02 -9.991750e-01  0.000000e+00
   outer loop
     vertex  9.486460e+00  2.239982e+01  1.500000e+00
     vertex  9.472931e+00  2.239927e+01  0.000000e+00
     vertex  9.486460e+00  2.239982e+01  0.000000e+00
   endloop
 endfacet
 facet normal  4.061287e-02 -9.991750e-01  0.000000e+00
   outer loop
     vertex  9.486460e+00  2.239982e+01  1.500000e+00
     vertex  9.472931e+00  2.239927e+01  1.500000e+00
     vertex  9.472931e+00  2.239927e+01  0.000000e+00
   endloop
 endfacet
 facet normal  1.354093e-02 -9.999083e-01  0.000000e+00
   outer loop
     vertex  9.500000e+00  2.240000e+01  1.500000e+00
     vertex  9.486460e+00  2.239982e+01  0.000000e+00
     vertex  9.500000e+00  2.240000e+01  0.000000e+00
   endloop
 endfacet
 facet normal  1.354093e-02 -9.999083e-01  0.000000e+00
   outer loop
     vertex  9.500000e+00  2.240000e+01  1.500000e+00
     vertex  9.486460e+00  2.239982e+01  1.500000e+00
     vertex  9.486460e+00  2.239982e+01  0.000000e+00
   endloop
 endfacet
 facet normal -9.999083e-01  1.354093e-02  0.000000e+00
   outer loop
     vertex  2.139982e+01  1.048646e+01  1.500000e+00
     vertex  2.140000e+01  1.050000e+01  1.500000e+00
     vertex  2.140000e+01  1.050000e+01  0.000000e+00
   endloop
 endfacet
 facet normal -9.999083e-01  1.354093e-02  0.000000e+00
   outer loop
     vertex  2.139982e+01  1.048646e+01  1.500000e+00
     vertex  2.140000e+01  1.050000e+01  0.000000e+00
     vertex  2.139982e+01  1.048646e+01  0.000000e+00
   endloop
 endfacet
 facet normal -9.991750e-01  4.061287e-02  0.000000e+00
   outer loop
     vertex  2.139927e+01  1.047293e+01  1.500000e+00
     vertex  2.139982e+01  1.048646e+01  1.500000e+00
     vertex  2.139982e+01  1.048646e+01  0.000000e+00
   endloop
 endfacet
 facet normal -9.991750e-01  4.061287e-02  0.000000e+00
   outer loop
     vertex  2.139927e+01  1.047293e+01  1.500000e+00
     vertex  2.139982e+01  1.048646e+01  0.000000e+00
     vertex  2.139927e+01  1.047293e+01  0.000000e+00
   endloop
 endfacet
 facet normal -9.977088e-01  6.765502e-02  0.000000e+00
   outer loop
     vertex  2.139835e+01  1.045942e+01  1.500000e+00
     vertex  2.139927e+01  1.047293e+01  1.500000e+00
     vertex  2.139927e+01  1.047293e+01  0.000000e+00
   endloop
 endfacet
 facet normal -9.955108e-01  9.464755e-02  0.000000e+00
   outer loop
     vertex  2.139835e+01  1.045942e+01  1.500000e+00
     vertex  2.139835e+01  1.045942e+01  0.000000e+00
     vertex  2.139707e+01  1.044594e+01  0.000000e+00
   endloop
 endfacet
 facet normal -9.977088e-01  6.765502e-02  0.000000e+00
   outer loop
     vertex  2.139835e+01  1.045942e+01  1.500000e+00
     vertex  2.139927e+01  1.047293e+01  0.000000e+00
     vertex  2.139835e+01  1.045942e+01  0.000000e+00
   endloop
 endfacet
 facet normal -9.955108e-01  9.464755e-02  0.000000e+00
   outer loop
     vertex  2.139707e+01  1.044594e+01  1.500000e+00
     vertex  2.139835e+01  1.045942e+01  1.500000e+00
     vertex  2.139707e+01  1.044594e+01  0.000000e+00
   endloop
 endfacet
 facet normal -9.925828e-01  1.215707e-01  0.000000e+00
   outer loop
     vertex  2.139542e+01  1.043250e+01  1.500000e+00
     vertex  2.139707e+01  1.044594e+01  1.500000e+00
     vertex  2.139707e+01  1.044594e+01  0.000000e+00
   endloop
 endfacet
 facet normal -9.889267e-01  1.484046e-01  0.000000e+00
   outer loop
     vertex  2.139542e+01  1.043250e+01  1.500000e+00
     vertex  2.139542e+01  1.043250e+01  0.000000e+00
     vertex  2.139341e+01  1.041911e+01  0.000000e+00
   endloop
 endfacet
 facet normal -9.925828e-01  1.215707e-01  0.000000e+00
   outer loop
     vertex  2.139542e+01  1.043250e+01  1.500000e+00
     vertex  2.139707e+01  1.044594e+01  0.000000e+00
     vertex  2.139542e+01  1.043250e+01  0.000000e+00
   endloop
 endfacet
 facet normal -9.889267e-01  1.484046e-01  0.000000e+00
   outer loop
     vertex  2.139341e+01  1.041911e+01  1.500000e+00
     vertex  2.139542e+01  1.043250e+01  1.500000e+00
     vertex  2.139341e+01  1.041911e+01  0.000000e+00
   endloop
 endfacet
 facet normal -9.845454e-01  1.751297e-01  0.000000e+00
   outer loop
     vertex  2.139104e+01  1.040578e+01  1.500000e+00
     vertex  2.139341e+01  1.041911e+01  1.500000e+00
     vertex  2.139341e+01  1.041911e+01  0.000000e+00
   endloop
 endfacet
 facet normal -9.794419e-01  2.017264e-01  0.000000e+00
   outer loop
     vertex  2.139104e+01  1.040578e+01  1.500000e+00
     vertex  2.139104e+01  1.040578e+01  0.000000e+00
     vertex  2.138831e+01  1.039251e+01  0.000000e+00
   endloop
 endfacet
 facet normal -9.845454e-01  1.751297e-01  0.000000e+00
   outer loop
     vertex  2.139104e+01  1.040578e+01  1.500000e+00
     vertex  2.139341e+01  1.041911e+01  0.000000e+00
     vertex  2.139104e+01  1.040578e+01  0.000000e+00
   endloop
 endfacet
 facet normal -9.794419e-01  2.017264e-01  0.000000e+00
   outer loop
     vertex  2.138831e+01  1.039251e+01  1.500000e+00
     vertex  2.139104e+01  1.040578e+01  1.500000e+00
     vertex  2.138831e+01  1.039251e+01  0.000000e+00
   endloop
 endfacet
 facet normal -9.670842e-01  2.544564e-01  0.000000e+00
   outer loop
     vertex  2.138522e+01  1.037933e+01  1.500000e+00
     vertex  2.138522e+01  1.037933e+01  0.000000e+00
     vertex  2.138177e+01  1.036624e+01  0.000000e+00
   endloop
 endfacet
 facet normal -9.736201e-01  2.281751e-01  0.000000e+00
   outer loop
     vertex  2.138522e+01  1.037933e+01  1.500000e+00
     vertex  2.138831e+01  1.039251e+01  0.000000e+00
     vertex  2.138522e+01  1.037933e+01  0.000000e+00
   endloop
 endfacet
 facet normal -9.736201e-01  2.281751e-01  0.000000e+00
   outer loop
     vertex  2.138522e+01  1.037933e+01  1.500000e+00
     vertex  2.138831e+01  1.039251e+01  1.500000e+00
     vertex  2.138831e+01  1.039251e+01  0.000000e+00
   endloop
 endfacet
 facet normal -9.598391e-01  2.805512e-01  0.000000e+00
   outer loop
     vertex  2.138177e+01  1.036624e+01  1.500000e+00
     vertex  2.138177e+01  1.036624e+01  0.000000e+00
     vertex  2.137798e+01  1.035324e+01  0.000000e+00
   endloop
 endfacet
 facet normal -9.670842e-01  2.544564e-01  0.000000e+00
   outer loop
     vertex  2.138177e+01  1.036624e+01  1.500000e+00
     vertex  2.138522e+01  1.037933e+01  1.500000e+00
     vertex  2.138177e+01  1.036624e+01  0.000000e+00
   endloop
 endfacet
 facet normal -9.598391e-01  2.805512e-01  0.000000e+00
   outer loop
     vertex  2.137798e+01  1.035324e+01  1.500000e+00
     vertex  2.138177e+01  1.036624e+01  1.500000e+00
     vertex  2.137798e+01  1.035324e+01  0.000000e+00
   endloop
 endfacet
 facet normal -9.518899e-01  3.064401e-01  0.000000e+00
   outer loop
     vertex  2.137383e+01  1.034035e+01  1.500000e+00
     vertex  2.137798e+01  1.035324e+01  0.000000e+00
     vertex  2.137383e+01  1.034035e+01  0.000000e+00
   endloop
 endfacet
 facet normal -9.518899e-01  3.064401e-01  0.000000e+00
   outer loop
     vertex  2.137383e+01  1.034035e+01  1.500000e+00
     vertex  2.137798e+01  1.035324e+01  1.500000e+00
     vertex  2.137798e+01  1.035324e+01  0.000000e+00
   endloop
 endfacet
 facet normal -9.432426e-01  3.321044e-01  0.000000e+00
   outer loop
     vertex  2.136933e+01  1.032758e+01  1.500000e+00
     vertex  2.137383e+01  1.034035e+01  0.000000e+00
     vertex  2.136933e+01  1.032758e+01  0.000000e+00
   endloop
 endfacet
 facet normal -9.432426e-01  3.321044e-01  0.000000e+00
   outer loop
     vertex  2.136933e+01  1.032758e+01  1.500000e+00
     vertex  2.137383e+01  1.034035e+01  1.500000e+00
     vertex  2.137383e+01  1.034035e+01  0.000000e+00
   endloop
 endfacet
 facet normal -9.339036e-01  3.575250e-01  0.000000e+00
   outer loop
     vertex  2.136449e+01  1.031493e+01  1.500000e+00
     vertex  2.136933e+01  1.032758e+01  0.000000e+00
     vertex  2.136449e+01  1.031493e+01  0.000000e+00
   endloop
 endfacet
 facet normal -9.339036e-01  3.575250e-01  0.000000e+00
   outer loop
     vertex  2.136449e+01  1.031493e+01  1.500000e+00
     vertex  2.136933e+01  1.032758e+01  1.500000e+00
     vertex  2.136933e+01  1.032758e+01  0.000000e+00
   endloop
 endfacet
 facet normal -9.238795e-01  3.826834e-01  0.000000e+00
   outer loop
     vertex  2.135931e+01  1.030242e+01  1.500000e+00
     vertex  2.136449e+01  1.031493e+01  0.000000e+00
     vertex  2.135931e+01  1.030242e+01  0.000000e+00
   endloop
 endfacet
 facet normal -9.238795e-01  3.826834e-01  0.000000e+00
   outer loop
     vertex  2.135931e+01  1.030242e+01  1.500000e+00
     vertex  2.136449e+01  1.031493e+01  1.500000e+00
     vertex  2.136449e+01  1.031493e+01  0.000000e+00
   endloop
 endfacet
 facet normal -9.131779e-01  4.075612e-01  0.000000e+00
   outer loop
     vertex  2.135379e+01  1.029006e+01  1.500000e+00
     vertex  2.135931e+01  1.030242e+01  0.000000e+00
     vertex  2.135379e+01  1.029006e+01  0.000000e+00
   endloop
 endfacet
 facet normal -9.131779e-01  4.075612e-01  0.000000e+00
   outer loop
     vertex  2.135379e+01  1.029006e+01  1.500000e+00
     vertex  2.135931e+01  1.030242e+01  1.500000e+00
     vertex  2.135931e+01  1.030242e+01  0.000000e+00
   endloop
 endfacet
 facet normal -9.018065e-01  4.321400e-01  0.000000e+00
   outer loop
     vertex  2.134794e+01  1.027784e+01  1.500000e+00
     vertex  2.135379e+01  1.029006e+01  0.000000e+00
     vertex  2.134794e+01  1.027784e+01  0.000000e+00
   endloop
 endfacet
 facet normal -9.018065e-01  4.321400e-01  0.000000e+00
   outer loop
     vertex  2.134794e+01  1.027784e+01  1.500000e+00
     vertex  2.135379e+01  1.029006e+01  1.500000e+00
     vertex  2.135379e+01  1.029006e+01  0.000000e+00
   endloop
 endfacet
 facet normal -8.770884e-01  4.803291e-01  0.000000e+00
   outer loop
     vertex  2.134176e+01  1.026580e+01  1.500000e+00
     vertex  2.134176e+01  1.026580e+01  0.000000e+00
     vertex  2.133525e+01  1.025392e+01  0.000000e+00
   endloop
 endfacet
 facet normal -8.897737e-01  4.564019e-01  0.000000e+00
   outer loop
     vertex  2.134176e+01  1.026580e+01  1.500000e+00
     vertex  2.134794e+01  1.027784e+01  0.000000e+00
     vertex  2.134176e+01  1.026580e+01  0.000000e+00
   endloop
 endfacet
 facet normal -8.897737e-01  4.564019e-01  0.000000e+00
   outer loop
     vertex  2.134176e+01  1.026580e+01  1.500000e+00
     vertex  2.134794e+01  1.027784e+01  1.500000e+00
     vertex  2.134794e+01  1.027784e+01  0.000000e+00
   endloop
 endfacet
 facet normal -8.770884e-01  4.803291e-01  0.000000e+00
   outer loop
     vertex  2.133525e+01  1.025392e+01  1.500000e+00
     vertex  2.134176e+01  1.026580e+01  1.500000e+00
     vertex  2.133525e+01  1.025392e+01  0.000000e+00
   endloop
 endfacet
 facet normal -8.637597e-01  5.039039e-01  0.000000e+00
   outer loop
     vertex  2.132843e+01  1.024222e+01  1.500000e+00
     vertex  2.133525e+01  1.025392e+01  1.500000e+00
     vertex  2.133525e+01  1.025392e+01  0.000000e+00
   endloop
 endfacet
 facet normal -8.637597e-01  5.039039e-01  0.000000e+00
   outer loop
     vertex  2.132843e+01  1.024222e+01  1.500000e+00
     vertex  2.133525e+01  1.025392e+01  0.000000e+00
     vertex  2.132843e+01  1.024222e+01  0.000000e+00
   endloop
 endfacet
 facet normal -8.497975e-01  5.271092e-01  0.000000e+00
   outer loop
     vertex  2.132129e+01  1.023072e+01  1.500000e+00
     vertex  2.132843e+01  1.024222e+01  1.500000e+00
     vertex  2.132843e+01  1.024222e+01  0.000000e+00
   endloop
 endfacet
 facet normal -8.497975e-01  5.271092e-01  0.000000e+00
   outer loop
     vertex  2.132129e+01  1.023072e+01  1.500000e+00
     vertex  2.132843e+01  1.024222e+01  0.000000e+00
     vertex  2.132129e+01  1.023072e+01  0.000000e+00
   endloop
 endfacet
 facet normal -8.352121e-01  5.499279e-01  0.000000e+00
   outer loop
     vertex  2.131384e+01  1.021941e+01  1.500000e+00
     vertex  2.132129e+01  1.023072e+01  1.500000e+00
     vertex  2.132129e+01  1.023072e+01  0.000000e+00
   endloop
 endfacet
 facet normal -8.352121e-01  5.499279e-01  0.000000e+00
   outer loop
     vertex  2.131384e+01  1.021941e+01  1.500000e+00
     vertex  2.132129e+01  1.023072e+01  0.000000e+00
     vertex  2.131384e+01  1.021941e+01  0.000000e+00
   endloop
 endfacet
 facet normal -8.200141e-01  5.723433e-01  0.000000e+00
   outer loop
     vertex  2.130609e+01  1.020830e+01  1.500000e+00
     vertex  2.131384e+01  1.021941e+01  1.500000e+00
     vertex  2.131384e+01  1.021941e+01  0.000000e+00
   endloop
 endfacet
 facet normal -8.200141e-01  5.723433e-01  0.000000e+00
   outer loop
     vertex  2.130609e+01  1.020830e+01  1.500000e+00
     vertex  2.131384e+01  1.021941e+01  0.000000e+00
     vertex  2.130609e+01  1.020830e+01  0.000000e+00
   endloop
 endfacet
 facet normal -8.042147e-01  5.943389e-01  0.000000e+00
   outer loop
     vertex  2.129805e+01  1.019741e+01  1.500000e+00
     vertex  2.130609e+01  1.020830e+01  1.500000e+00
     vertex  2.130609e+01  1.020830e+01  0.000000e+00
   endloop
 endfacet
 facet normal -7.878255e-01  6.158986e-01  0.000000e+00
   outer loop
     vertex  2.129805e+01  1.019741e+01  1.500000e+00
     vertex  2.129805e+01  1.019741e+01  0.000000e+00
     vertex  2.128971e+01  1.018675e+01  0.000000e+00
   endloop
 endfacet
 facet normal -8.042147e-01  5.943389e-01  0.000000e+00
   outer loop
     vertex  2.129805e+01  1.019741e+01  1.500000e+00
     vertex  2.130609e+01  1.020830e+01  0.000000e+00
     vertex  2.129805e+01  1.019741e+01  0.000000e+00
   endloop
 endfacet
 facet normal -7.878255e-01  6.158986e-01  0.000000e+00
   outer loop
     vertex  2.128971e+01  1.018675e+01  1.500000e+00
     vertex  2.129805e+01  1.019741e+01  1.500000e+00
     vertex  2.128971e+01  1.018675e+01  0.000000e+00
   endloop
 endfacet
 facet normal -7.708584e-01  6.370065e-01  0.000000e+00
   outer loop
     vertex  2.128971e+01  1.018675e+01  1.500000e+00
     vertex  2.128971e+01  1.018675e+01  0.000000e+00
     vertex  2.128108e+01  1.017631e+01  0.000000e+00
   endloop
 endfacet
 facet normal -7.708584e-01  6.370065e-01  0.000000e+00
   outer loop
     vertex  2.128108e+01  1.017631e+01  1.500000e+00
     vertex  2.128971e+01  1.018675e+01  1.500000e+00
     vertex  2.128108e+01  1.017631e+01  0.000000e+00
   endloop
 endfacet
 facet normal -7.533260e-01  6.576473e-01  0.000000e+00
   outer loop
     vertex  2.127218e+01  1.016611e+01  1.500000e+00
     vertex  2.128108e+01  1.017631e+01  1.500000e+00
     vertex  2.128108e+01  1.017631e+01  0.000000e+00
   endloop
 endfacet
 facet normal -7.352410e-01  6.778058e-01  0.000000e+00
   outer loop
     vertex  2.127218e+01  1.016611e+01  1.500000e+00
     vertex  2.127218e+01  1.016611e+01  0.000000e+00
     vertex  2.126300e+01  1.015615e+01  0.000000e+00
   endloop
 endfacet
 facet normal -7.533260e-01  6.576473e-01  0.000000e+00
   outer loop
     vertex  2.127218e+01  1.016611e+01  1.500000e+00
     vertex  2.128108e+01  1.017631e+01  0.000000e+00
     vertex  2.127218e+01  1.016611e+01  0.000000e+00
   endloop
 endfacet
 facet normal -7.352410e-01  6.778058e-01  0.000000e+00
   outer loop
     vertex  2.126300e+01  1.015615e+01  1.500000e+00
     vertex  2.127218e+01  1.016611e+01  1.500000e+00
     vertex  2.126300e+01  1.015615e+01  0.000000e+00
   endloop
 endfacet
 facet normal -7.166168e-01  6.974671e-01  0.000000e+00
   outer loop
     vertex  2.125355e+01  1.014645e+01  1.500000e+00
     vertex  2.126300e+01  1.015615e+01  0.000000e+00
     vertex  2.125355e+01  1.014645e+01  0.000000e+00
   endloop
 endfacet
 facet normal -7.166168e-01  6.974671e-01  0.000000e+00
   outer loop
     vertex  2.125355e+01  1.014645e+01  1.500000e+00
     vertex  2.126300e+01  1.015615e+01  1.500000e+00
     vertex  2.126300e+01  1.015615e+01  0.000000e+00
   endloop
 endfacet
 facet normal -6.974671e-01  7.166168e-01  0.000000e+00
   outer loop
     vertex  2.124385e+01  1.013700e+01  1.500000e+00
     vertex  2.125355e+01  1.014645e+01  0.000000e+00
     vertex  2.124385e+01  1.013700e+01  0.000000e+00
   endloop
 endfacet
 facet normal -6.974671e-01  7.166168e-01  0.000000e+00
   outer loop
     vertex  2.124385e+01  1.013700e+01  1.500000e+00
     vertex  2.125355e+01  1.014645e+01  1.500000e+00
     vertex  2.125355e+01  1.014645e+01  0.000000e+00
   endloop
 endfacet
 facet normal -6.576473e-01  7.533260e-01  0.000000e+00
   outer loop
     vertex  2.123389e+01  1.012782e+01  1.500000e+00
     vertex  2.123389e+01  1.012782e+01  0.000000e+00
     vertex  2.122369e+01  1.011892e+01  0.000000e+00
   endloop
 endfacet
 facet normal -6.778058e-01  7.352410e-01  0.000000e+00
   outer loop
     vertex  2.123389e+01  1.012782e+01  1.500000e+00
     vertex  2.124385e+01  1.013700e+01  0.000000e+00
     vertex  2.123389e+01  1.012782e+01  0.000000e+00
   endloop
 endfacet
 facet normal -6.778058e-01  7.352410e-01  0.000000e+00
   outer loop
     vertex  2.123389e+01  1.012782e+01  1.500000e+00
     vertex  2.124385e+01  1.013700e+01  1.500000e+00
     vertex  2.124385e+01  1.013700e+01  0.000000e+00
   endloop
 endfacet
 facet normal -6.370065e-01  7.708584e-01  0.000000e+00
   outer loop
     vertex  2.122369e+01  1.011892e+01  1.500000e+00
     vertex  2.122369e+01  1.011892e+01  0.000000e+00
     vertex  2.121325e+01  1.011029e+01  0.000000e+00
   endloop
 endfacet
 facet normal -6.576473e-01  7.533260e-01  0.000000e+00
   outer loop
     vertex  2.122369e+01  1.011892e+01  1.500000e+00
     vertex  2.123389e+01  1.012782e+01  1.500000e+00
     vertex  2.122369e+01  1.011892e+01  0.000000e+00
   endloop
 endfacet
 facet normal -6.158986e-01  7.878255e-01  0.000000e+00
   outer loop
     vertex  2.121325e+01  1.011029e+01  1.500000e+00
     vertex  2.121325e+01  1.011029e+01  0.000000e+00
     vertex  2.120259e+01  1.010195e+01  0.000000e+00
   endloop
 endfacet
 facet normal -6.370065e-01  7.708584e-01  0.000000e+00
   outer loop
     vertex  2.121325e+01  1.011029e+01  1.500000e+00
     vertex  2.122369e+01  1.011892e+01  1.500000e+00
     vertex  2.121325e+01  1.011029e+01  0.000000e+00
   endloop
 endfacet
 facet normal -5.943389e-01  8.042147e-01  0.000000e+00
   outer loop
     vertex  2.120259e+01  1.010195e+01  1.500000e+00
     vertex  2.120259e+01  1.010195e+01  0.000000e+00
     vertex  2.119170e+01  1.009391e+01  0.000000e+00
   endloop
 endfacet
 facet normal -6.158986e-01  7.878255e-01  0.000000e+00
   outer loop
     vertex  2.120259e+01  1.010195e+01  1.500000e+00
     vertex  2.121325e+01  1.011029e+01  1.500000e+00
     vertex  2.120259e+01  1.010195e+01  0.000000e+00
   endloop
 endfacet
 facet normal -5.723433e-01  8.200141e-01  0.000000e+00
   outer loop
     vertex  2.119170e+01  1.009391e+01  1.500000e+00
     vertex  2.119170e+01  1.009391e+01  0.000000e+00
     vertex  2.118059e+01  1.008616e+01  0.000000e+00
   endloop
 endfacet
 facet normal -5.943389e-01  8.042147e-01  0.000000e+00
   outer loop
     vertex  2.119170e+01  1.009391e+01  1.500000e+00
     vertex  2.120259e+01  1.010195e+01  1.500000e+00
     vertex  2.119170e+01  1.009391e+01  0.000000e+00
   endloop
 endfacet
 facet normal -5.723433e-01  8.200141e-01  0.000000e+00
   outer loop
     vertex  2.118059e+01  1.008616e+01  1.500000e+00
     vertex  2.119170e+01  1.009391e+01  1.500000e+00
     vertex  2.118059e+01  1.008616e+01  0.000000e+00
   endloop
 endfacet
 facet normal -5.499279e-01  8.352121e-01  0.000000e+00
   outer loop
     vertex  2.116928e+01  1.007871e+01  1.500000e+00
     vertex  2.118059e+01  1.008616e+01  0.000000e+00
     vertex  2.116928e+01  1.007871e+01  0.000000e+00
   endloop
 endfacet
 facet normal -5.499279e-01  8.352121e-01  0.000000e+00
   outer loop
     vertex  2.116928e+01  1.007871e+01  1.500000e+00
     vertex  2.118059e+01  1.008616e+01  1.500000e+00
     vertex  2.118059e+01  1.008616e+01  0.000000e+00
   endloop
 endfacet
 facet normal -5.039039e-01  8.637597e-01  0.000000e+00
   outer loop
     vertex  2.115778e+01  1.007157e+01  1.500000e+00
     vertex  2.115778e+01  1.007157e+01  0.000000e+00
     vertex  2.114608e+01  1.006475e+01  0.000000e+00
   endloop
 endfacet
 facet normal -5.271092e-01  8.497975e-01  0.000000e+00
   outer loop
     vertex  2.115778e+01  1.007157e+01  1.500000e+00
     vertex  2.116928e+01  1.007871e+01  0.000000e+00
     vertex  2.115778e+01  1.007157e+01  0.000000e+00
   endloop
 endfacet
 facet normal -5.271092e-01  8.497975e-01  0.000000e+00
   outer loop
     vertex  2.115778e+01  1.007157e+01  1.500000e+00
     vertex  2.116928e+01  1.007871e+01  1.500000e+00
     vertex  2.116928e+01  1.007871e+01  0.000000e+00
   endloop
 endfacet
 facet normal -4.803291e-01  8.770884e-01  0.000000e+00
   outer loop
     vertex  2.114608e+01  1.006475e+01  1.500000e+00
     vertex  2.114608e+01  1.006475e+01  0.000000e+00
     vertex  2.113420e+01  1.005824e+01  0.000000e+00
   endloop
 endfacet
 facet normal -5.039039e-01  8.637597e-01  0.000000e+00
   outer loop
     vertex  2.114608e+01  1.006475e+01  1.500000e+00
     vertex  2.115778e+01  1.007157e+01  1.500000e+00
     vertex  2.114608e+01  1.006475e+01  0.000000e+00
   endloop
 endfacet
 facet normal -4.803291e-01  8.770884e-01  0.000000e+00
   outer loop
     vertex  2.113420e+01  1.005824e+01  1.500000e+00
     vertex  2.114608e+01  1.006475e+01  1.500000e+00
     vertex  2.113420e+01  1.005824e+01  0.000000e+00
   endloop
 endfacet
 facet normal -4.321400e-01  9.018065e-01  0.000000e+00
   outer loop
     vertex  2.112216e+01  1.005206e+01  1.500000e+00
     vertex  2.112216e+01  1.005206e+01  0.000000e+00
     vertex  2.110994e+01  1.004621e+01  0.000000e+00
   endloop
 endfacet
 facet normal -4.564019e-01  8.897737e-01  0.000000e+00
   outer loop
     vertex  2.112216e+01  1.005206e+01  1.500000e+00
     vertex  2.113420e+01  1.005824e+01  0.000000e+00
     vertex  2.112216e+01  1.005206e+01  0.000000e+00
   endloop
 endfacet
 facet normal -4.564019e-01  8.897737e-01  0.000000e+00
   outer loop
     vertex  2.112216e+01  1.005206e+01  1.500000e+00
     vertex  2.113420e+01  1.005824e+01  1.500000e+00
     vertex  2.113420e+01  1.005824e+01  0.000000e+00
   endloop
 endfacet
 facet normal -4.321400e-01  9.018065e-01  0.000000e+00
   outer loop
     vertex  2.110994e+01  1.004621e+01  1.500000e+00
     vertex  2.112216e+01  1.005206e+01  1.500000e+00
     vertex  2.110994e+01  1.004621e+01  0.000000e+00
   endloop
 endfacet
 facet normal -4.075612e-01  9.131779e-01  0.000000e+00
   outer loop
     vertex  2.109758e+01  1.004069e+01  1.500000e+00
     vertex  2.110994e+01  1.004621e+01  0.000000e+00
     vertex  2.109758e+01  1.004069e+01  0.000000e+00
   endloop
 endfacet
 facet normal -4.075612e-01  9.131779e-01  0.000000e+00
   outer loop
     vertex  2.109758e+01  1.004069e+01  1.500000e+00
     vertex  2.110994e+01  1.004621e+01  1.500000e+00
     vertex  2.110994e+01  1.004621e+01  0.000000e+00
   endloop
 endfacet
 facet normal -3.575250e-01  9.339036e-01  0.000000e+00
   outer loop
     vertex  2.108507e+01  1.003551e+01  1.500000e+00
     vertex  2.108507e+01  1.003551e+01  0.000000e+00
     vertex  2.107242e+01  1.003067e+01  0.000000e+00
   endloop
 endfacet
 facet normal -3.826834e-01  9.238795e-01  0.000000e+00
   outer loop
     vertex  2.108507e+01  1.003551e+01  1.500000e+00
     vertex  2.109758e+01  1.004069e+01  0.000000e+00
     vertex  2.108507e+01  1.003551e+01  0.000000e+00
   endloop
 endfacet
 facet normal -3.826834e-01  9.238795e-01  0.000000e+00
   outer loop
     vertex  2.108507e+01  1.003551e+01  1.500000e+00
     vertex  2.109758e+01  1.004069e+01  1.500000e+00
     vertex  2.109758e+01  1.004069e+01  0.000000e+00
   endloop
 endfacet
 facet normal -3.575250e-01  9.339036e-01  0.000000e+00
   outer loop
     vertex  2.107242e+01  1.003067e+01  1.500000e+00
     vertex  2.108507e+01  1.003551e+01  1.500000e+00
     vertex  2.107242e+01  1.003067e+01  0.000000e+00
   endloop
 endfacet
 facet normal -3.321044e-01  9.432426e-01  0.000000e+00
   outer loop
     vertex  2.105965e+01  1.002617e+01  1.500000e+00
     vertex  2.107242e+01  1.003067e+01  1.500000e+00
     vertex  2.107242e+01  1.003067e+01  0.000000e+00
   endloop
 endfacet
 facet normal -3.321044e-01  9.432426e-01  0.000000e+00
   outer loop
     vertex  2.105965e+01  1.002617e+01  1.500000e+00
     vertex  2.107242e+01  1.003067e+01  0.000000e+00
     vertex  2.105965e+01  1.002617e+01  0.000000e+00
   endloop
 endfacet
 facet normal -3.064401e-01  9.518899e-01  0.000000e+00
   outer loop
     vertex  2.104676e+01  1.002202e+01  1.500000e+00
     vertex  2.105965e+01  1.002617e+01  1.500000e+00
     vertex  2.105965e+01  1.002617e+01  0.000000e+00
   endloop
 endfacet
 facet normal -3.064401e-01  9.518899e-01  0.000000e+00
   outer loop
     vertex  2.104676e+01  1.002202e+01  1.500000e+00
     vertex  2.105965e+01  1.002617e+01  0.000000e+00
     vertex  2.104676e+01  1.002202e+01  0.000000e+00
   endloop
 endfacet
 facet normal -2.805512e-01  9.598391e-01  0.000000e+00
   outer loop
     vertex  2.103376e+01  1.001823e+01  1.500000e+00
     vertex  2.104676e+01  1.002202e+01  0.000000e+00
     vertex  2.103376e+01  1.001823e+01  0.000000e+00
   endloop
 endfacet
 facet normal -2.805512e-01  9.598391e-01  0.000000e+00
   outer loop
     vertex  2.103376e+01  1.001823e+01  1.500000e+00
     vertex  2.104676e+01  1.002202e+01  1.500000e+00
     vertex  2.104676e+01  1.002202e+01  0.000000e+00
   endloop
 endfacet
 facet normal -2.544564e-01  9.670842e-01  0.000000e+00
   outer loop
     vertex  2.102067e+01  1.001478e+01  1.500000e+00
     vertex  2.103376e+01  1.001823e+01  1.500000e+00
     vertex  2.103376e+01  1.001823e+01  0.000000e+00
   endloop
 endfacet
 facet normal -2.544564e-01  9.670842e-01  0.000000e+00
   outer loop
     vertex  2.102067e+01  1.001478e+01  1.500000e+00
     vertex  2.103376e+01  1.001823e+01  0.000000e+00
     vertex  2.102067e+01  1.001478e+01  0.000000e+00
   endloop
 endfacet
 facet normal -2.281751e-01  9.736201e-01  0.000000e+00
   outer loop
     vertex  2.100749e+01  1.001169e+01  1.500000e+00
     vertex  2.102067e+01  1.001478e+01  0.000000e+00
     vertex  2.100749e+01  1.001169e+01  0.000000e+00
   endloop
 endfacet
 facet normal -2.281751e-01  9.736201e-01  0.000000e+00
   outer loop
     vertex  2.100749e+01  1.001169e+01  1.500000e+00
     vertex  2.102067e+01  1.001478e+01  1.500000e+00
     vertex  2.102067e+01  1.001478e+01  0.000000e+00
   endloop
 endfacet
 facet normal -2.017264e-01  9.794419e-01  0.000000e+00
   outer loop
     vertex  2.099422e+01  1.000896e+01  1.500000e+00
     vertex  2.100749e+01  1.001169e+01  0.000000e+00
     vertex  2.099422e+01  1.000896e+01  0.000000e+00
   endloop
 endfacet
 facet normal -2.017264e-01  9.794419e-01  0.000000e+00
   outer loop
     vertex  2.099422e+01  1.000896e+01  1.500000e+00
     vertex  2.100749e+01  1.001169e+01  1.500000e+00
     vertex  2.100749e+01  1.001169e+01  0.000000e+00
   endloop
 endfacet
 facet normal -1.751297e-01  9.845454e-01  0.000000e+00
   outer loop
     vertex  2.098089e+01  1.000659e+01  1.500000e+00
     vertex  2.099422e+01  1.000896e+01  0.000000e+00
     vertex  2.098089e+01  1.000659e+01  0.000000e+00
   endloop
 endfacet
 facet normal -1.751297e-01  9.845454e-01  0.000000e+00
   outer loop
     vertex  2.098089e+01  1.000659e+01  1.500000e+00
     vertex  2.099422e+01  1.000896e+01  1.500000e+00
     vertex  2.099422e+01  1.000896e+01  0.000000e+00
   endloop
 endfacet
 facet normal -1.484046e-01  9.889267e-01  0.000000e+00
   outer loop
     vertex  2.096750e+01  1.000458e+01  1.500000e+00
     vertex  2.098089e+01  1.000659e+01  0.000000e+00
     vertex  2.096750e+01  1.000458e+01  0.000000e+00
   endloop
 endfacet
 facet normal -1.484046e-01  9.889267e-01  0.000000e+00
   outer loop
     vertex  2.096750e+01  1.000458e+01  1.500000e+00
     vertex  2.098089e+01  1.000659e+01  1.500000e+00
     vertex  2.098089e+01  1.000659e+01  0.000000e+00
   endloop
 endfacet
 facet normal -1.215707e-01  9.925828e-01  0.000000e+00
   outer loop
     vertex  2.095406e+01  1.000293e+01  1.500000e+00
     vertex  2.096750e+01  1.000458e+01  0.000000e+00
     vertex  2.095406e+01  1.000293e+01  0.000000e+00
   endloop
 endfacet
 facet normal -1.215707e-01  9.925828e-01  0.000000e+00
   outer loop
     vertex  2.095406e+01  1.000293e+01  1.500000e+00
     vertex  2.096750e+01  1.000458e+01  1.500000e+00
     vertex  2.096750e+01  1.000458e+01  0.000000e+00
   endloop
 endfacet
 facet normal -6.765502e-02  9.977088e-01  0.000000e+00
   outer loop
     vertex  2.094058e+01  1.000165e+01  1.500000e+00
     vertex  2.094058e+01  1.000165e+01  0.000000e+00
     vertex  2.092707e+01  1.000073e+01  0.000000e+00
   endloop
 endfacet
 facet normal -9.464755e-02  9.955108e-01  0.000000e+00
   outer loop
     vertex  2.094058e+01  1.000165e+01  1.500000e+00
     vertex  2.095406e+01  1.000293e+01  0.000000e+00
     vertex  2.094058e+01  1.000165e+01  0.000000e+00
   endloop
 endfacet
 facet normal -9.464755e-02  9.955108e-01  0.000000e+00
   outer loop
     vertex  2.094058e+01  1.000165e+01  1.500000e+00
     vertex  2.095406e+01  1.000293e+01  1.500000e+00
     vertex  2.095406e+01  1.000293e+01  0.000000e+00
   endloop
 endfacet
 facet normal -6.765502e-02  9.977088e-01  0.000000e+00
   outer loop
     vertex  2.092707e+01  1.000073e+01  1.500000e+00
     vertex  2.094058e+01  1.000165e+01  1.500000e+00
     vertex  2.092707e+01  1.000073e+01  0.000000e+00
   endloop
 endfacet
 facet normal -4.061287e-02  9.991750e-01  0.000000e+00
   outer loop
     vertex  2.091354e+01  1.000018e+01  1.500000e+00
     vertex  2.092707e+01  1.000073e+01  0.000000e+00
     vertex  2.091354e+01  1.000018e+01  0.000000e+00
   endloop
 endfacet
 facet normal -4.061287e-02  9.991750e-01  0.000000e+00
   outer loop
     vertex  2.091354e+01  1.000018e+01  1.500000e+00
     vertex  2.092707e+01  1.000073e+01  1.500000e+00
     vertex  2.092707e+01  1.000073e+01  0.000000e+00
   endloop
 endfacet
 facet normal -1.354093e-02  9.999083e-01  0.000000e+00
   outer loop
     vertex  2.090000e+01  1.000000e+01  1.500000e+00
     vertex  2.091354e+01  1.000018e+01  0.000000e+00
     vertex  2.090000e+01  1.000000e+01  0.000000e+00
   endloop
 endfacet
 facet normal -1.354093e-02  9.999083e-01  0.000000e+00
   outer loop
     vertex  2.090000e+01  1.000000e+01  1.500000e+00
     vertex  2.091354e+01  1.000018e+01  1.500000e+00
     vertex  2.091354e+01  1.000018e+01  0.000000e+00
   endloop
 endfacet
 facet normal  0.000000e+00 -1.000000e+00 -0.000000e+00
   outer loop
     vertex  2.090000e+01  2.240000e+01  1.500000e+00
     vertex  9.500000e+00  2.240000e+01  0.000000e+00
     vertex  2.090000e+01  2.240000e+01  0.000000e+00
   endloop
 endfacet
 facet normal -0.000000e+00 -1.000000e+00  0.000000e+00
   outer loop
     vertex  2.090000e+01  2.240000e+01  1.500000e+00
     vertex  9.500000e+00  2.240000e+01  1.500000e+00
     vertex  9.500000e+00  2.240000e+01  0.000000e+00
   endloop
 endfacet
 facet normal -1.000000e+00  0.000000e+00  0.000000e+00
   outer loop
     vertex  2.140000e+01  1.050000e+01  1.500000e+00
     vertex  2.140000e+01  2.190000e+01  0.000000e+00
     vertex  2.140000e+01  1.050000e+01  0.000000e+00
   endloop
 endfacet
 facet normal -1.000000e+00  0.000000e+00  0.000000e+00
   outer loop
     vertex  2.140000e+01  1.050000e+01  1.500000e+00
     vertex  2.140000e+01  2.190000e+01  1.500000e+00
     vertex  2.140000e+01  2.190000e+01  0.000000e+00
   endloop
 endfacet
 facet normal -9.999083e-01 -1.354093e-02  0.000000e+00
   outer loop
     vertex  2.139982e+01  2.191354e+01  1.500000e+00
     vertex  2.140000e+01  2.190000e+01  0.000000e+00
     vertex  2.140000e+01  2.190000e+01  1.500000e+00
   endloop
 endfacet
 facet normal -9.999083e-01 -1.354093e-02 -0.000000e+00
   outer loop
     vertex  2.139982e+01  2.191354e+01  1.500000e+00
     vertex  2.139982e+01  2.191354e+01  0.000000e+00
     vertex  2.140000e+01  2.190000e+01  0.000000e+00
   endloop
 endfacet
 facet normal -9.991750e-01 -4.061287e-02 -0.000000e+00
   outer loop
     vertex  2.139927e+01  2.192707e+01  1.500000e+00
     vertex  2.139927e+01  2.192707e+01  0.000000e+00
     vertex  2.139982e+01  2.191354e+01  0.000000e+00
   endloop
 endfacet
 facet normal -9.991750e-01 -4.061287e-02  0.000000e+00
   outer loop
     vertex  2.139927e+01  2.192707e+01  1.500000e+00
     vertex  2.139982e+01  2.191354e+01  0.000000e+00
     vertex  2.139982e+01  2.191354e+01  1.500000e+00
   endloop
 endfacet
 facet normal -9.977088e-01 -6.765502e-02 -0.000000e+00
   outer loop
     vertex  2.139835e+01  2.194058e+01  1.500000e+00
     vertex  2.139835e+01  2.194058e+01  0.000000e+00
     vertex  2.139927e+01  2.192707e+01  0.000000e+00
   endloop
 endfacet
 facet normal -9.977088e-01 -6.765502e-02  0.000000e+00
   outer loop
     vertex  2.139835e+01  2.194058e+01  1.500000e+00
     vertex  2.139927e+01  2.192707e+01  0.000000e+00
     vertex  2.139927e+01  2.192707e+01  1.500000e+00
   endloop
 endfacet
 facet normal -9.955108e-01 -9.464755e-02 -0.000000e+00
   outer loop
     vertex  2.139707e+01  2.195406e+01  1.500000e+00
     vertex  2.139707e+01  2.195406e+01  0.000000e+00
     vertex  2.139835e+01  2.194058e+01  0.000000e+00
   endloop
 endfacet
 facet normal -9.955108e-01 -9.464755e-02  0.000000e+00
   outer loop
     vertex  2.139707e+01  2.195406e+01  1.500000e+00
     vertex  2.139835e+01  2.194058e+01  0.000000e+00
     vertex  2.139835e+01  2.194058e+01  1.500000e+00
   endloop
 endfacet
 facet normal -9.925828e-01 -1.215707e-01 -0.000000e+00
   outer loop
     vertex  2.139542e+01  2.196750e+01  1.500000e+00
     vertex  2.139542e+01  2.196750e+01  0.000000e+00
     vertex  2.139707e+01  2.195406e+01  0.000000e+00
   endloop
 endfacet
 facet normal -9.925828e-01 -1.215707e-01  0.000000e+00
   outer loop
     vertex  2.139542e+01  2.196750e+01  1.500000e+00
     vertex  2.139707e+01  2.195406e+01  0.000000e+00
     vertex  2.139707e+01  2.195406e+01  1.500000e+00
   endloop
 endfacet
 facet normal -9.889267e-01 -1.484046e-01 -0.000000e+00
   outer loop
     vertex  2.139341e+01  2.198089e+01  1.500000e+00
     vertex  2.139341e+01  2.198089e+01  0.000000e+00
     vertex  2.139542e+01  2.196750e+01  0.000000e+00
   endloop
 endfacet
 facet normal -9.889267e-01 -1.484046e-01  0.000000e+00
   outer loop
     vertex  2.139341e+01  2.198089e+01  1.500000e+00
     vertex  2.139542e+01  2.196750e+01  0.000000e+00
     vertex  2.139542e+01  2.196750e+01  1.500000e+00
   endloop
 endfacet
 facet normal -9.845454e-01 -1.751297e-01 -0.000000e+00
   outer loop
     vertex  2.139104e+01  2.199422e+01  1.500000e+00
     vertex  2.139104e+01  2.199422e+01  0.000000e+00
     vertex  2.139341e+01  2.198089e+01  0.000000e+00
   endloop
 endfacet
 facet normal -9.794419e-01 -2.017264e-01 -0.000000e+00
   outer loop
     vertex  2.139104e+01  2.199422e+01  1.500000e+00
     vertex  2.138831e+01  2.200749e+01  0.000000e+00
     vertex  2.139104e+01  2.199422e+01  0.000000e+00
   endloop
 endfacet
 facet normal -9.845454e-01 -1.751297e-01  0.000000e+00
   outer loop
     vertex  2.139104e+01  2.199422e+01  1.500000e+00
     vertex  2.139341e+01  2.198089e+01  0.000000e+00
     vertex  2.139341e+01  2.198089e+01  1.500000e+00
   endloop
 endfacet
 facet normal -9.794419e-01 -2.017264e-01 -0.000000e+00
   outer loop
     vertex  2.138831e+01  2.200749e+01  1.500000e+00
     vertex  2.138831e+01  2.200749e+01  0.000000e+00
     vertex  2.139104e+01  2.199422e+01  1.500000e+00
   endloop
 endfacet
 facet normal -9.736201e-01 -2.281751e-01 -0.000000e+00
   outer loop
     vertex  2.138522e+01  2.202067e+01  1.500000e+00
     vertex  2.138522e+01  2.202067e+01  0.000000e+00
     vertex  2.138831e+01  2.200749e+01  0.000000e+00
   endloop
 endfacet
 facet normal -9.736201e-01 -2.281751e-01  0.000000e+00
   outer loop
     vertex  2.138522e+01  2.202067e+01  1.500000e+00
     vertex  2.138831e+01  2.200749e+01  0.000000e+00
     vertex  2.138831e+01  2.200749e+01  1.500000e+00
   endloop
 endfacet
 facet normal -9.670842e-01 -2.544564e-01 -0.000000e+00
   outer loop
     vertex  2.138177e+01  2.203376e+01  1.500000e+00
     vertex  2.138177e+01  2.203376e+01  0.000000e+00
     vertex  2.138522e+01  2.202067e+01  0.000000e+00
   endloop
 endfacet
 facet normal -9.598391e-01 -2.805512e-01 -0.000000e+00
   outer loop
     vertex  2.138177e+01  2.203376e+01  1.500000e+00
     vertex  2.137798e+01  2.204676e+01  0.000000e+00
     vertex  2.138177e+01  2.203376e+01  0.000000e+00
   endloop
 endfacet
 facet normal -9.670842e-01 -2.544564e-01  0.000000e+00
   outer loop
     vertex  2.138177e+01  2.203376e+01  1.500000e+00
     vertex  2.138522e+01  2.202067e+01  0.000000e+00
     vertex  2.138522e+01  2.202067e+01  1.500000e+00
   endloop
 endfacet
 facet normal -9.598391e-01 -2.805512e-01 -0.000000e+00
   outer loop
     vertex  2.137798e+01  2.204676e+01  1.500000e+00
     vertex  2.137798e+01  2.204676e+01  0.000000e+00
     vertex  2.138177e+01  2.203376e+01  1.500000e+00
   endloop
 endfacet
 facet normal -9.518899e-01 -3.064401e-01 -0.000000e+00
   outer loop
     vertex  2.137383e+01  2.205965e+01  1.500000e+00
     vertex  2.137383e+01  2.205965e+01  0.000000e+00
     vertex  2.137798e+01  2.204676e+01  0.000000e+00
   endloop
 endfacet
 facet normal -9.432426e-01 -3.321044e-01 -0.000000e+00
   outer loop
     vertex  2.137383e+01  2.205965e+01  1.500000e+00
     vertex  2.136933e+01  2.207242e+01  0.000000e+00
     vertex  2.137383e+01  2.205965e+01  0.000000e+00
   endloop
 endfacet
 facet normal -9.518899e-01 -3.064401e-01  0.000000e+00
   outer loop
     vertex  2.137383e+01  2.205965e+01  1.500000e+00
     vertex  2.137798e+01  2.204676e+01  0.000000e+00
     vertex  2.137798e+01  2.204676e+01  1.500000e+00
   endloop
 endfacet
 facet normal -9.432426e-01 -3.321044e-01 -0.000000e+00
   outer loop
     vertex  2.136933e+01  2.207242e+01  1.500000e+00
     vertex  2.136933e+01  2.207242e+01  0.000000e+00
     vertex  2.137383e+01  2.205965e+01  1.500000e+00
   endloop
 endfacet
 facet normal -9.339036e-01 -3.575250e-01 -0.000000e+00
   outer loop
     vertex  2.136449e+01  2.208507e+01  1.500000e+00
     vertex  2.136449e+01  2.208507e+01  0.000000e+00
     vertex  2.136933e+01  2.207242e+01  0.000000e+00
   endloop
 endfacet
 facet normal -9.339036e-01 -3.575250e-01  0.000000e+00
   outer loop
     vertex  2.136449e+01  2.208507e+01  1.500000e+00
     vertex  2.136933e+01  2.207242e+01  0.000000e+00
     vertex  2.136933e+01  2.207242e+01  1.500000e+00
   endloop
 endfacet
 facet normal -9.238795e-01 -3.826834e-01 -0.000000e+00
   outer loop
     vertex  2.135931e+01  2.209758e+01  1.500000e+00
     vertex  2.135931e+01  2.209758e+01  0.000000e+00
     vertex  2.136449e+01  2.208507e+01  0.000000e+00
   endloop
 endfacet
 facet normal -9.131779e-01 -4.075612e-01 -0.000000e+00
   outer loop
     vertex  2.135931e+01  2.209758e+01  1.500000e+00
     vertex  2.135379e+01  2.210994e+01  0.000000e+00
     vertex  2.135931e+01  2.209758e+01  0.000000e+00
   endloop
 endfacet
 facet normal -9.238795e-01 -3.826834e-01  0.000000e+00
   outer loop
     vertex  2.135931e+01  2.209758e+01  1.500000e+00
     vertex  2.136449e+01  2.208507e+01  0.000000e+00
     vertex  2.136449e+01  2.208507e+01  1.500000e+00
   endloop
 endfacet
 facet normal -9.131779e-01 -4.075612e-01 -0.000000e+00
   outer loop
     vertex  2.135379e+01  2.210994e+01  1.500000e+00
     vertex  2.135379e+01  2.210994e+01  0.000000e+00
     vertex  2.135931e+01  2.209758e+01  1.500000e+00
   endloop
 endfacet
 facet normal -9.018065e-01 -4.321400e-01 -0.000000e+00
   outer loop
     vertex  2.134794e+01  2.212216e+01  1.500000e+00
     vertex  2.134794e+01  2.212216e+01  0.000000e+00
     vertex  2.135379e+01  2.210994e+01  0.000000e+00
   endloop
 endfacet
 facet normal -9.018065e-01 -4.321400e-01  0.000000e+00
   outer loop
     vertex  2.134794e+01  2.212216e+01  1.500000e+00
     vertex  2.135379e+01  2.210994e+01  0.000000e+00
     vertex  2.135379e+01  2.210994e+01  1.500000e+00
   endloop
 endfacet
 facet normal -8.897737e-01 -4.564019e-01 -0.000000e+00
   outer loop
     vertex  2.134176e+01  2.213420e+01  1.500000e+00
     vertex  2.134176e+01  2.213420e+01  0.000000e+00
     vertex  2.134794e+01  2.212216e+01  0.000000e+00
   endloop
 endfacet
 facet normal -8.897737e-01 -4.564019e-01  0.000000e+00
   outer loop
     vertex  2.134176e+01  2.213420e+01  1.500000e+00
     vertex  2.134794e+01  2.212216e+01  0.000000e+00
     vertex  2.134794e+01  2.212216e+01  1.500000e+00
   endloop
 endfacet
 facet normal -8.770884e-01 -4.803291e-01 -0.000000e+00
   outer loop
     vertex  2.133525e+01  2.214608e+01  1.500000e+00
     vertex  2.133525e+01  2.214608e+01  0.000000e+00
     vertex  2.134176e+01  2.213420e+01  0.000000e+00
   endloop
 endfacet
 facet normal -8.770884e-01 -4.803291e-01  0.000000e+00
   outer loop
     vertex  2.133525e+01  2.214608e+01  1.500000e+00
     vertex  2.134176e+01  2.213420e+01  0.000000e+00
     vertex  2.134176e+01  2.213420e+01  1.500000e+00
   endloop
 endfacet
 facet normal -8.637597e-01 -5.039039e-01 -0.000000e+00
   outer loop
     vertex  2.132843e+01  2.215778e+01  1.500000e+00
     vertex  2.132843e+01  2.215778e+01  0.000000e+00
     vertex  2.133525e+01  2.214608e+01  0.000000e+00
   endloop
 endfacet
 facet normal -8.637597e-01 -5.039039e-01  0.000000e+00
   outer loop
     vertex  2.132843e+01  2.215778e+01  1.500000e+00
     vertex  2.133525e+01  2.214608e+01  0.000000e+00
     vertex  2.133525e+01  2.214608e+01  1.500000e+00
   endloop
 endfacet
 facet normal -8.497975e-01 -5.271092e-01  0.000000e+00
   outer loop
     vertex  2.132129e+01  2.216928e+01  1.500000e+00
     vertex  2.132843e+01  2.215778e+01  0.000000e+00
     vertex  2.132843e+01  2.215778e+01  1.500000e+00
   endloop
 endfacet
 facet normal -8.497975e-01 -5.271092e-01 -0.000000e+00
   outer loop
     vertex  2.132129e+01  2.216928e+01  1.500000e+00
     vertex  2.132129e+01  2.216928e+01  0.000000e+00
     vertex  2.132843e+01  2.215778e+01  0.000000e+00
   endloop
 endfacet
 facet normal -8.352121e-01 -5.499279e-01 -0.000000e+00
   outer loop
     vertex  2.132129e+01  2.216928e+01  1.500000e+00
     vertex  2.131384e+01  2.218059e+01  0.000000e+00
     vertex  2.132129e+01  2.216928e+01  0.000000e+00
   endloop
 endfacet
 facet normal -8.352121e-01 -5.499279e-01 -0.000000e+00
   outer loop
     vertex  2.131384e+01  2.218059e+01  1.500000e+00
     vertex  2.131384e+01  2.218059e+01  0.000000e+00
     vertex  2.132129e+01  2.216928e+01  1.500000e+00
   endloop
 endfacet
 facet normal -8.200141e-01 -5.723433e-01 -0.000000e+00
   outer loop
     vertex  2.131384e+01  2.218059e+01  1.500000e+00
     vertex  2.130609e+01  2.219170e+01  0.000000e+00
     vertex  2.131384e+01  2.218059e+01  0.000000e+00
   endloop
 endfacet
 facet normal -8.200141e-01 -5.723433e-01 -0.000000e+00
   outer loop
     vertex  2.130609e+01  2.219170e+01  1.500000e+00
     vertex  2.130609e+01  2.219170e+01  0.000000e+00
     vertex  2.131384e+01  2.218059e+01  1.500000e+00
   endloop
 endfacet
 facet normal -8.042147e-01 -5.943389e-01  0.000000e+00
   outer loop
     vertex  2.129805e+01  2.220259e+01  1.500000e+00
     vertex  2.130609e+01  2.219170e+01  0.000000e+00
     vertex  2.130609e+01  2.219170e+01  1.500000e+00
   endloop
 endfacet
 facet normal -8.042147e-01 -5.943389e-01 -0.000000e+00
   outer loop
     vertex  2.129805e+01  2.220259e+01  1.500000e+00
     vertex  2.129805e+01  2.220259e+01  0.000000e+00
     vertex  2.130609e+01  2.219170e+01  0.000000e+00
   endloop
 endfacet
 facet normal -7.878255e-01 -6.158986e-01  0.000000e+00
   outer loop
     vertex  2.128971e+01  2.221325e+01  1.500000e+00
     vertex  2.129805e+01  2.220259e+01  0.000000e+00
     vertex  2.129805e+01  2.220259e+01  1.500000e+00
   endloop
 endfacet
 facet normal -7.878255e-01 -6.158986e-01 -0.000000e+00
   outer loop
     vertex  2.128971e+01  2.221325e+01  1.500000e+00
     vertex  2.128971e+01  2.221325e+01  0.000000e+00
     vertex  2.129805e+01  2.220259e+01  0.000000e+00
   endloop
 endfacet
 facet normal -7.708584e-01 -6.370065e-01 -0.000000e+00
   outer loop
     vertex  2.128971e+01  2.221325e+01  1.500000e+00
     vertex  2.128108e+01  2.222369e+01  0.000000e+00
     vertex  2.128971e+01  2.221325e+01  0.000000e+00
   endloop
 endfacet
 facet normal -7.708584e-01 -6.370065e-01 -0.000000e+00
   outer loop
     vertex  2.128108e+01  2.222369e+01  1.500000e+00
     vertex  2.128108e+01  2.222369e+01  0.000000e+00
     vertex  2.128971e+01  2.221325e+01  1.500000e+00
   endloop
 endfacet
 facet normal -7.533260e-01 -6.576473e-01 -0.000000e+00
   outer loop
     vertex  2.127218e+01  2.223389e+01  1.500000e+00
     vertex  2.127218e+01  2.223389e+01  0.000000e+00
     vertex  2.128108e+01  2.222369e+01  0.000000e+00
   endloop
 endfacet
 facet normal -7.533260e-01 -6.576473e-01  0.000000e+00
   outer loop
     vertex  2.127218e+01  2.223389e+01  1.500000e+00
     vertex  2.128108e+01  2.222369e+01  0.000000e+00
     vertex  2.128108e+01  2.222369e+01  1.500000e+00
   endloop
 endfacet
 facet normal -7.352410e-01 -6.778058e-01 -0.000000e+00
   outer loop
     vertex  2.126300e+01  2.224385e+01  1.500000e+00
     vertex  2.126300e+01  2.224385e+01  0.000000e+00
     vertex  2.127218e+01  2.223389e+01  0.000000e+00
   endloop
 endfacet
 facet normal -7.166168e-01 -6.974671e-01 -0.000000e+00
   outer loop
     vertex  2.126300e+01  2.224385e+01  1.500000e+00
     vertex  2.125355e+01  2.225355e+01  0.000000e+00
     vertex  2.126300e+01  2.224385e+01  0.000000e+00
   endloop
 endfacet
 facet normal -7.352410e-01 -6.778058e-01  0.000000e+00
   outer loop
     vertex  2.126300e+01  2.224385e+01  1.500000e+00
     vertex  2.127218e+01  2.223389e+01  0.000000e+00
     vertex  2.127218e+01  2.223389e+01  1.500000e+00
   endloop
 endfacet
 facet normal -7.166168e-01 -6.974671e-01 -0.000000e+00
   outer loop
     vertex  2.125355e+01  2.225355e+01  1.500000e+00
     vertex  2.125355e+01  2.225355e+01  0.000000e+00
     vertex  2.126300e+01  2.224385e+01  1.500000e+00
   endloop
 endfacet
 facet normal -6.974671e-01 -7.166168e-01 -0.000000e+00
   outer loop
     vertex  2.124385e+01  2.226300e+01  1.500000e+00
     vertex  2.124385e+01  2.226300e+01  0.000000e+00
     vertex  2.125355e+01  2.225355e+01  0.000000e+00
   endloop
 endfacet
 facet normal -6.778058e-01 -7.352410e-01 -0.000000e+00
   outer loop
     vertex  2.124385e+01  2.226300e+01  1.500000e+00
     vertex  2.123389e+01  2.227218e+01  0.000000e+00
     vertex  2.124385e+01  2.226300e+01  0.000000e+00
   endloop
 endfacet
 facet normal -6.974671e-01 -7.166168e-01  0.000000e+00
   outer loop
     vertex  2.124385e+01  2.226300e+01  1.500000e+00
     vertex  2.125355e+01  2.225355e+01  0.000000e+00
     vertex  2.125355e+01  2.225355e+01  1.500000e+00
   endloop
 endfacet
 facet normal -6.576473e-01 -7.533260e-01 -0.000000e+00
   outer loop
     vertex  2.123389e+01  2.227218e+01  1.500000e+00
     vertex  2.122369e+01  2.228108e+01  0.000000e+00
     vertex  2.123389e+01  2.227218e+01  0.000000e+00
   endloop
 endfacet
 facet normal -6.778058e-01 -7.352410e-01 -0.000000e+00
   outer loop
     vertex  2.123389e+01  2.227218e+01  1.500000e+00
     vertex  2.123389e+01  2.227218e+01  0.000000e+00
     vertex  2.124385e+01  2.226300e+01  1.500000e+00
   endloop
 endfacet
 facet normal -6.576473e-01 -7.533260e-01 -0.000000e+00
   outer loop
     vertex  2.122369e+01  2.228108e+01  1.500000e+00
     vertex  2.122369e+01  2.228108e+01  0.000000e+00
     vertex  2.123389e+01  2.227218e+01  1.500000e+00
   endloop
 endfacet
 facet normal -6.370065e-01 -7.708584e-01 -0.000000e+00
   outer loop
     vertex  2.121325e+01  2.228971e+01  1.500000e+00
     vertex  2.121325e+01  2.228971e+01  0.000000e+00
     vertex  2.122369e+01  2.228108e+01  0.000000e+00
   endloop
 endfacet
 facet normal -6.158986e-01 -7.878255e-01 -0.000000e+00
   outer loop
     vertex  2.121325e+01  2.228971e+01  1.500000e+00
     vertex  2.120259e+01  2.229805e+01  0.000000e+00
     vertex  2.121325e+01  2.228971e+01  0.000000e+00
   endloop
 endfacet
 facet normal -6.370065e-01 -7.708584e-01  0.000000e+00
   outer loop
     vertex  2.121325e+01  2.228971e+01  1.500000e+00
     vertex  2.122369e+01  2.228108e+01  0.000000e+00
     vertex  2.122369e+01  2.228108e+01  1.500000e+00
   endloop
 endfacet
 facet normal -6.158986e-01 -7.878255e-01 -0.000000e+00
   outer loop
     vertex  2.120259e+01  2.229805e+01  1.500000e+00
     vertex  2.120259e+01  2.229805e+01  0.000000e+00
     vertex  2.121325e+01  2.228971e+01  1.500000e+00
   endloop
 endfacet
 facet normal -5.943389e-01 -8.042147e-01 -0.000000e+00
   outer loop
     vertex  2.119170e+01  2.230609e+01  1.500000e+00
     vertex  2.119170e+01  2.230609e+01  0.000000e+00
     vertex  2.120259e+01  2.229805e+01  0.000000e+00
   endloop
 endfacet
 facet normal -5.943389e-01 -8.042147e-01  0.000000e+00
   outer loop
     vertex  2.119170e+01  2.230609e+01  1.500000e+00
     vertex  2.120259e+01  2.229805e+01  0.000000e+00
     vertex  2.120259e+01  2.229805e+01  1.500000e+00
   endloop
 endfacet
 facet normal -5.723433e-01 -8.200141e-01 -0.000000e+00
   outer loop
     vertex  2.118059e+01  2.231384e+01  1.500000e+00
     vertex  2.118059e+01  2.231384e+01  0.000000e+00
     vertex  2.119170e+01  2.230609e+01  0.000000e+00
   endloop
 endfacet
 facet normal -5.723433e-01 -8.200141e-01  0.000000e+00
   outer loop
     vertex  2.118059e+01  2.231384e+01  1.500000e+00
     vertex  2.119170e+01  2.230609e+01  0.000000e+00
     vertex  2.119170e+01  2.230609e+01  1.500000e+00
   endloop
 endfacet
 facet normal -5.499279e-01 -8.352121e-01 -0.000000e+00
   outer loop
     vertex  2.116928e+01  2.232129e+01  1.500000e+00
     vertex  2.116928e+01  2.232129e+01  0.000000e+00
     vertex  2.118059e+01  2.231384e+01  0.000000e+00
   endloop
 endfacet
 facet normal -5.499279e-01 -8.352121e-01  0.000000e+00
   outer loop
     vertex  2.116928e+01  2.232129e+01  1.500000e+00
     vertex  2.118059e+01  2.231384e+01  0.000000e+00
     vertex  2.118059e+01  2.231384e+01  1.500000e+00
   endloop
 endfacet
 facet normal -5.271092e-01 -8.497975e-01 -0.000000e+00
   outer loop
     vertex  2.115778e+01  2.232843e+01  1.500000e+00
     vertex  2.115778e+01  2.232843e+01  0.000000e+00
     vertex  2.116928e+01  2.232129e+01  0.000000e+00
   endloop
 endfacet
 facet normal -5.039039e-01 -8.637597e-01 -0.000000e+00
   outer loop
     vertex  2.115778e+01  2.232843e+01  1.500000e+00
     vertex  2.114608e+01  2.233525e+01  0.000000e+00
     vertex  2.115778e+01  2.232843e+01  0.000000e+00
   endloop
 endfacet
 facet normal -5.271092e-01 -8.497975e-01  0.000000e+00
   outer loop
     vertex  2.115778e+01  2.232843e+01  1.500000e+00
     vertex  2.116928e+01  2.232129e+01  0.000000e+00
     vertex  2.116928e+01  2.232129e+01  1.500000e+00
   endloop
 endfacet
 facet normal -5.039039e-01 -8.637597e-01 -0.000000e+00
   outer loop
     vertex  2.114608e+01  2.233525e+01  1.500000e+00
     vertex  2.114608e+01  2.233525e+01  0.000000e+00
     vertex  2.115778e+01  2.232843e+01  1.500000e+00
   endloop
 endfacet
 facet normal -4.803291e-01 -8.770884e-01 -0.000000e+00
   outer loop
     vertex  2.113420e+01  2.234176e+01  1.500000e+00
     vertex  2.113420e+01  2.234176e+01  0.000000e+00
     vertex  2.114608e+01  2.233525e+01  0.000000e+00
   endloop
 endfacet
 facet normal -4.803291e-01 -8.770884e-01  0.000000e+00
   outer loop
     vertex  2.113420e+01  2.234176e+01  1.500000e+00
     vertex  2.114608e+01  2.233525e+01  0.000000e+00
     vertex  2.114608e+01  2.233525e+01  1.500000e+00
   endloop
 endfacet
 facet normal -4.564019e-01 -8.897737e-01 -0.000000e+00
   outer loop
     vertex  2.112216e+01  2.234794e+01  1.500000e+00
     vertex  2.112216e+01  2.234794e+01  0.000000e+00
     vertex  2.113420e+01  2.234176e+01  0.000000e+00
   endloop
 endfacet
 facet normal -4.564019e-01 -8.897737e-01  0.000000e+00
   outer loop
     vertex  2.112216e+01  2.234794e+01  1.500000e+00
     vertex  2.113420e+01  2.234176e+01  0.000000e+00
     vertex  2.113420e+01  2.234176e+01  1.500000e+00
   endloop
 endfacet
 facet normal -4.321400e-01 -9.018065e-01 -0.000000e+00
   outer loop
     vertex  2.110994e+01  2.235379e+01  1.500000e+00
     vertex  2.110994e+01  2.235379e+01  0.000000e+00
     vertex  2.112216e+01  2.234794e+01  0.000000e+00
   endloop
 endfacet
 facet normal -4.321400e-01 -9.018065e-01  0.000000e+00
   outer loop
     vertex  2.110994e+01  2.235379e+01  1.500000e+00
     vertex  2.112216e+01  2.234794e+01  0.000000e+00
     vertex  2.112216e+01  2.234794e+01  1.500000e+00
   endloop
 endfacet
 facet normal -4.075612e-01 -9.131779e-01 -0.000000e+00
   outer loop
     vertex  2.109758e+01  2.235931e+01  1.500000e+00
     vertex  2.109758e+01  2.235931e+01  0.000000e+00
     vertex  2.110994e+01  2.235379e+01  0.000000e+00
   endloop
 endfacet
 facet normal -4.075612e-01 -9.131779e-01  0.000000e+00
   outer loop
     vertex  2.109758e+01  2.235931e+01  1.500000e+00
     vertex  2.110994e+01  2.235379e+01  0.000000e+00
     vertex  2.110994e+01  2.235379e+01  1.500000e+00
   endloop
 endfacet
 facet normal -3.826834e-01 -9.238795e-01 -0.000000e+00
   outer loop
     vertex  2.108507e+01  2.236449e+01  1.500000e+00
     vertex  2.108507e+01  2.236449e+01  0.000000e+00
     vertex  2.109758e+01  2.235931e+01  0.000000e+00
   endloop
 endfacet
 facet normal -3.826834e-01 -9.238795e-01  0.000000e+00
   outer loop
     vertex  2.108507e+01  2.236449e+01  1.500000e+00
     vertex  2.109758e+01  2.235931e+01  0.000000e+00
     vertex  2.109758e+01  2.235931e+01  1.500000e+00
   endloop
 endfacet
 facet normal -3.575250e-01 -9.339036e-01 -0.000000e+00
   outer loop
     vertex  2.107242e+01  2.236933e+01  1.500000e+00
     vertex  2.107242e+01  2.236933e+01  0.000000e+00
     vertex  2.108507e+01  2.236449e+01  0.000000e+00
   endloop
 endfacet
 facet normal -3.575250e-01 -9.339036e-01  0.000000e+00
   outer loop
     vertex  2.107242e+01  2.236933e+01  1.500000e+00
     vertex  2.108507e+01  2.236449e+01  0.000000e+00
     vertex  2.108507e+01  2.236449e+01  1.500000e+00
   endloop
 endfacet
 facet normal -3.321044e-01 -9.432426e-01  0.000000e+00
   outer loop
     vertex  2.105965e+01  2.237383e+01  1.500000e+00
     vertex  2.107242e+01  2.236933e+01  0.000000e+00
     vertex  2.107242e+01  2.236933e+01  1.500000e+00
   endloop
 endfacet
 facet normal -3.321044e-01 -9.432426e-01 -0.000000e+00
   outer loop
     vertex  2.105965e+01  2.237383e+01  1.500000e+00
     vertex  2.105965e+01  2.237383e+01  0.000000e+00
     vertex  2.107242e+01  2.236933e+01  0.000000e+00
   endloop
 endfacet
 facet normal -3.064401e-01 -9.518899e-01  0.000000e+00
   outer loop
     vertex  2.104676e+01  2.237798e+01  1.500000e+00
     vertex  2.105965e+01  2.237383e+01  0.000000e+00
     vertex  2.105965e+01  2.237383e+01  1.500000e+00
   endloop
 endfacet
 facet normal -3.064401e-01 -9.518899e-01 -0.000000e+00
   outer loop
     vertex  2.104676e+01  2.237798e+01  1.500000e+00
     vertex  2.104676e+01  2.237798e+01  0.000000e+00
     vertex  2.105965e+01  2.237383e+01  0.000000e+00
   endloop
 endfacet
 facet normal -2.805512e-01 -9.598391e-01  0.000000e+00
   outer loop
     vertex  2.103376e+01  2.238177e+01  1.500000e+00
     vertex  2.104676e+01  2.237798e+01  0.000000e+00
     vertex  2.104676e+01  2.237798e+01  1.500000e+00
   endloop
 endfacet
 facet normal -2.805512e-01 -9.598391e-01 -0.000000e+00
   outer loop
     vertex  2.103376e+01  2.238177e+01  1.500000e+00
     vertex  2.103376e+01  2.238177e+01  0.000000e+00
     vertex  2.104676e+01  2.237798e+01  0.000000e+00
   endloop
 endfacet
 facet normal -2.544564e-01 -9.670842e-01  0.000000e+00
   outer loop
     vertex  2.102067e+01  2.238522e+01  1.500000e+00
     vertex  2.103376e+01  2.238177e+01  0.000000e+00
     vertex  2.103376e+01  2.238177e+01  1.500000e+00
   endloop
 endfacet
 facet normal -2.544564e-01 -9.670842e-01 -0.000000e+00
   outer loop
     vertex  2.102067e+01  2.238522e+01  1.500000e+00
     vertex  2.102067e+01  2.238522e+01  0.000000e+00
     vertex  2.103376e+01  2.238177e+01  0.000000e+00
   endloop
 endfacet
 facet normal -2.281751e-01 -9.736201e-01  0.000000e+00
   outer loop
     vertex  2.100749e+01  2.238831e+01  1.500000e+00
     vertex  2.102067e+01  2.238522e+01  0.000000e+00
     vertex  2.102067e+01  2.238522e+01  1.500000e+00
   endloop
 endfacet
 facet normal -2.281751e-01 -9.736201e-01 -0.000000e+00
   outer loop
     vertex  2.100749e+01  2.238831e+01  1.500000e+00
     vertex  2.100749e+01  2.238831e+01  0.000000e+00
     vertex  2.102067e+01  2.238522e+01  0.000000e+00
   endloop
 endfacet
 facet normal -2.017264e-01 -9.794419e-01 -0.000000e+00
   outer loop
     vertex  2.100749e+01  2.238831e+01  1.500000e+00
     vertex  2.099422e+01  2.239104e+01  0.000000e+00
     vertex  2.100749e+01  2.238831e+01  0.000000e+00
   endloop
 endfacet
 facet normal -2.017264e-01 -9.794419e-01 -0.000000e+00
   outer loop
     vertex  2.099422e+01  2.239104e+01  1.500000e+00
     vertex  2.099422e+01  2.239104e+01  0.000000e+00
     vertex  2.100749e+01  2.238831e+01  1.500000e+00
   endloop
 endfacet
 facet normal -1.751297e-01 -9.845454e-01  0.000000e+00
   outer loop
     vertex  2.098089e+01  2.239341e+01  1.500000e+00
     vertex  2.099422e+01  2.239104e+01  0.000000e+00
     vertex  2.099422e+01  2.239104e+01  1.500000e+00
   endloop
 endfacet
 facet normal -1.751297e-01 -9.845454e-01 -0.000000e+00
   outer loop
     vertex  2.098089e+01  2.239341e+01  1.500000e+00
     vertex  2.098089e+01  2.239341e+01  0.000000e+00
     vertex  2.099422e+01  2.239104e+01  0.000000e+00
   endloop
 endfacet
 facet normal -1.484046e-01 -9.889267e-01 -0.000000e+00
   outer loop
     vertex  2.098089e+01  2.239341e+01  1.500000e+00
     vertex  2.096750e+01  2.239542e+01  0.000000e+00
     vertex  2.098089e+01  2.239341e+01  0.000000e+00
   endloop
 endfacet
 facet normal -1.484046e-01 -9.889267e-01 -0.000000e+00
   outer loop
     vertex  2.096750e+01  2.239542e+01  1.500000e+00
     vertex  2.096750e+01  2.239542e+01  0.000000e+00
     vertex  2.098089e+01  2.239341e+01  1.500000e+00
   endloop
 endfacet
 facet normal -1.215707e-01 -9.925828e-01  0.000000e+00
   outer loop
     vertex  2.095406e+01  2.239707e+01  1.500000e+00
     vertex  2.096750e+01  2.239542e+01  0.000000e+00
     vertex  2.096750e+01  2.239542e+01  1.500000e+00
   endloop
 endfacet
 facet normal -1.215707e-01 -9.925828e-01 -0.000000e+00
   outer loop
     vertex  2.095406e+01  2.239707e+01  1.500000e+00
     vertex  2.095406e+01  2.239707e+01  0.000000e+00
     vertex  2.096750e+01  2.239542e+01  0.000000e+00
   endloop
 endfacet
 facet normal -9.464755e-02 -9.955108e-01  0.000000e+00
   outer loop
     vertex  2.094058e+01  2.239835e+01  1.500000e+00
     vertex  2.095406e+01  2.239707e+01  0.000000e+00
     vertex  2.095406e+01  2.239707e+01  1.500000e+00
   endloop
 endfacet
 facet normal -9.464755e-02 -9.955108e-01 -0.000000e+00
   outer loop
     vertex  2.094058e+01  2.239835e+01  1.500000e+00
     vertex  2.094058e+01  2.239835e+01  0.000000e+00
     vertex  2.095406e+01  2.239707e+01  0.000000e+00
   endloop
 endfacet
 facet normal -6.765502e-02 -9.977088e-01 -0.000000e+00
   outer loop
     vertex  2.094058e+01  2.239835e+01  1.500000e+00
     vertex  2.092707e+01  2.239927e+01  0.000000e+00
     vertex  2.094058e+01  2.239835e+01  0.000000e+00
   endloop
 endfacet
 facet normal -6.765502e-02 -9.977088e-01 -0.000000e+00
   outer loop
     vertex  2.092707e+01  2.239927e+01  1.500000e+00
     vertex  2.092707e+01  2.239927e+01  0.000000e+00
     vertex  2.094058e+01  2.239835e+01  1.500000e+00
   endloop
 endfacet
 facet normal -4.061287e-02 -9.991750e-01  0.000000e+00
   outer loop
     vertex  2.091354e+01  2.239982e+01  1.500000e+00
     vertex  2.092707e+01  2.239927e+01  0.000000e+00
     vertex  2.092707e+01  2.239927e+01  1.500000e+00
   endloop
 endfacet
 facet normal -4.061287e-02 -9.991750e-01 -0.000000e+00
   outer loop
     vertex  2.091354e+01  2.239982e+01  1.500000e+00
     vertex  2.091354e+01  2.239982e+01  0.000000e+00
     vertex  2.092707e+01  2.239927e+01  0.000000e+00
   endloop
 endfacet
 facet normal -1.354093e-02 -9.999083e-01  0.000000e+00
   outer loop
     vertex  2.090000e+01  2.240000e+01  1.500000e+00
     vertex  2.091354e+01  2.239982e+01  0.000000e+00
     vertex  2.091354e+01  2.239982e+01  1.500000e+00
   endloop
 endfacet
 facet normal -1.354093e-02 -9.999083e-01 -0.000000e+00
   outer loop
     vertex  2.090000e+01  2.240000e+01  1.500000e+00
     vertex  2.090000e+01  2.240000e+01  0.000000e+00
     vertex  2.091354e+01  2.239982e+01  0.000000e+00
   endloop
 endfacet
 facet normal  9.999083e-01  1.354093e-02  0.000000e+00
   outer loop
     vertex  3.700015e+01  5.889168e+00  1.500000e+00
     vertex  3.700000e+01  5.900000e+00  0.000000e+00
     vertex  3.700000e+01  5.900000e+00  1.500000e+00
   endloop
 endfacet
 facet normal  9.999083e-01  1.354093e-02  0.000000e+00
   outer loop
     vertex  3.700015e+01  5.889168e+00  1.500000e+00
     vertex  3.700015e+01  5.889168e+00  0.000000e+00
     vertex  3.700000e+01  5.900000e+00  0.000000e+00
   endloop
 endfacet
 facet normal  9.991750e-01  4.061287e-02  0.000000e+00
   outer loop
     vertex  3.700059e+01  5.878344e+00  1.500000e+00
     vertex  3.700059e+01  5.878344e+00  0.000000e+00
     vertex  3.700015e+01  5.889168e+00  0.000000e+00
   endloop
 endfacet
 facet normal  9.991750e-01  4.061287e-02  0.000000e+00
   outer loop
     vertex  3.700059e+01  5.878344e+00  1.500000e+00
     vertex  3.700015e+01  5.889168e+00  0.000000e+00
     vertex  3.700015e+01  5.889168e+00  1.500000e+00
   endloop
 endfacet
 facet normal  9.977088e-01  6.765502e-02  0.000000e+00
   outer loop
     vertex  3.700132e+01  5.867537e+00  1.500000e+00
     vertex  3.700132e+01  5.867537e+00  0.000000e+00
     vertex  3.700059e+01  5.878344e+00  0.000000e+00
   endloop
 endfacet
 facet normal  9.977088e-01  6.765502e-02  0.000000e+00
   outer loop
     vertex  3.700132e+01  5.867537e+00  1.500000e+00
     vertex  3.700059e+01  5.878344e+00  0.000000e+00
     vertex  3.700059e+01  5.878344e+00  1.500000e+00
   endloop
 endfacet
 facet normal  9.955108e-01  9.464755e-02  0.000000e+00
   outer loop
     vertex  3.700234e+01  5.856752e+00  1.500000e+00
     vertex  3.700234e+01  5.856752e+00  0.000000e+00
     vertex  3.700132e+01  5.867537e+00  0.000000e+00
   endloop
 endfacet
 facet normal  9.955108e-01  9.464755e-02  0.000000e+00
   outer loop
     vertex  3.700234e+01  5.856752e+00  1.500000e+00
     vertex  3.700132e+01  5.867537e+00  0.000000e+00
     vertex  3.700132e+01  5.867537e+00  1.500000e+00
   endloop
 endfacet
 facet normal  9.925828e-01  1.215707e-01  0.000000e+00
   outer loop
     vertex  3.700366e+01  5.846000e+00  1.500000e+00
     vertex  3.700366e+01  5.846000e+00  0.000000e+00
     vertex  3.700234e+01  5.856752e+00  0.000000e+00
   endloop
 endfacet
 facet normal  9.925828e-01  1.215707e-01  0.000000e+00
   outer loop
     vertex  3.700366e+01  5.846000e+00  1.500000e+00
     vertex  3.700234e+01  5.856752e+00  0.000000e+00
     vertex  3.700234e+01  5.856752e+00  1.500000e+00
   endloop
 endfacet
 facet normal  9.889267e-01  1.484046e-01  0.000000e+00
   outer loop
     vertex  3.700527e+01  5.835287e+00  1.500000e+00
     vertex  3.700527e+01  5.835287e+00  0.000000e+00
     vertex  3.700366e+01  5.846000e+00  0.000000e+00
   endloop
 endfacet
 facet normal  9.889267e-01  1.484046e-01  0.000000e+00
   outer loop
     vertex  3.700527e+01  5.835287e+00  1.500000e+00
     vertex  3.700366e+01  5.846000e+00  0.000000e+00
     vertex  3.700366e+01  5.846000e+00  1.500000e+00
   endloop
 endfacet
 facet normal  9.845454e-01  1.751297e-01  0.000000e+00
   outer loop
     vertex  3.700717e+01  5.824622e+00  1.500000e+00
     vertex  3.700717e+01  5.824622e+00  0.000000e+00
     vertex  3.700527e+01  5.835287e+00  0.000000e+00
   endloop
 endfacet
 facet normal  9.794419e-01  2.017264e-01  0.000000e+00
   outer loop
     vertex  3.700717e+01  5.824622e+00  1.500000e+00
     vertex  3.700935e+01  5.814012e+00  0.000000e+00
     vertex  3.700717e+01  5.824622e+00  0.000000e+00
   endloop
 endfacet
 facet normal  9.845454e-01  1.751297e-01  0.000000e+00
   outer loop
     vertex  3.700717e+01  5.824622e+00  1.500000e+00
     vertex  3.700527e+01  5.835287e+00  0.000000e+00
     vertex  3.700527e+01  5.835287e+00  1.500000e+00
   endloop
 endfacet
 facet normal  9.794419e-01  2.017264e-01  0.000000e+00
   outer loop
     vertex  3.700935e+01  5.814012e+00  1.500000e+00
     vertex  3.700935e+01  5.814012e+00  0.000000e+00
     vertex  3.700717e+01  5.824622e+00  1.500000e+00
   endloop
 endfacet
 facet normal  9.736201e-01  2.281751e-01  0.000000e+00
   outer loop
     vertex  3.701182e+01  5.803465e+00  1.500000e+00
     vertex  3.701182e+01  5.803465e+00  0.000000e+00
     vertex  3.700935e+01  5.814012e+00  0.000000e+00
   endloop
 endfacet
 facet normal  9.736201e-01  2.281751e-01  0.000000e+00
   outer loop
     vertex  3.701182e+01  5.803465e+00  1.500000e+00
     vertex  3.700935e+01  5.814012e+00  0.000000e+00
     vertex  3.700935e+01  5.814012e+00  1.500000e+00
   endloop
 endfacet
 facet normal  9.670842e-01  2.544564e-01  0.000000e+00
   outer loop
     vertex  3.701458e+01  5.792989e+00  1.500000e+00
     vertex  3.701458e+01  5.792989e+00  0.000000e+00
     vertex  3.701182e+01  5.803465e+00  0.000000e+00
   endloop
 endfacet
 facet normal  9.598391e-01  2.805512e-01  0.000000e+00
   outer loop
     vertex  3.701458e+01  5.792989e+00  1.500000e+00
     vertex  3.701762e+01  5.782591e+00  0.000000e+00
     vertex  3.701458e+01  5.792989e+00  0.000000e+00
   endloop
 endfacet
 facet normal  9.670842e-01  2.544564e-01  0.000000e+00
   outer loop
     vertex  3.701458e+01  5.792989e+00  1.500000e+00
     vertex  3.701182e+01  5.803465e+00  0.000000e+00
     vertex  3.701182e+01  5.803465e+00  1.500000e+00
   endloop
 endfacet
 facet normal  9.598391e-01  2.805512e-01  0.000000e+00
   outer loop
     vertex  3.701762e+01  5.782591e+00  1.500000e+00
     vertex  3.701762e+01  5.782591e+00  0.000000e+00
     vertex  3.701458e+01  5.792989e+00  1.500000e+00
   endloop
 endfacet
 facet normal  9.518899e-01  3.064401e-01  0.000000e+00
   outer loop
     vertex  3.702094e+01  5.772279e+00  1.500000e+00
     vertex  3.702094e+01  5.772279e+00  0.000000e+00
     vertex  3.701762e+01  5.782591e+00  0.000000e+00
   endloop
 endfacet
 facet normal  9.432426e-01  3.321044e-01  0.000000e+00
   outer loop
     vertex  3.702094e+01  5.772279e+00  1.500000e+00
     vertex  3.702454e+01  5.762061e+00  0.000000e+00
     vertex  3.702094e+01  5.772279e+00  0.000000e+00
   endloop
 endfacet
 facet normal  9.518899e-01  3.064401e-01  0.000000e+00
   outer loop
     vertex  3.702094e+01  5.772279e+00  1.500000e+00
     vertex  3.701762e+01  5.782591e+00  0.000000e+00
     vertex  3.701762e+01  5.782591e+00  1.500000e+00
   endloop
 endfacet
 facet normal  9.432426e-01  3.321044e-01  0.000000e+00
   outer loop
     vertex  3.702454e+01  5.762061e+00  1.500000e+00
     vertex  3.702454e+01  5.762061e+00  0.000000e+00
     vertex  3.702094e+01  5.772279e+00  1.500000e+00
   endloop
 endfacet
 facet normal  9.339036e-01  3.575250e-01  0.000000e+00
   outer loop
     vertex  3.702841e+01  5.751945e+00  1.500000e+00
     vertex  3.702841e+01  5.751945e+00  0.000000e+00
     vertex  3.702454e+01  5.762061e+00  0.000000e+00
   endloop
 endfacet
 facet normal  9.339036e-01  3.575250e-01  0.000000e+00
   outer loop
     vertex  3.702841e+01  5.751945e+00  1.500000e+00
     vertex  3.702454e+01  5.762061e+00  0.000000e+00
     vertex  3.702454e+01  5.762061e+00  1.500000e+00
   endloop
 endfacet
 facet normal  9.238795e-01  3.826834e-01  0.000000e+00
   outer loop
     vertex  3.703255e+01  5.741937e+00  1.500000e+00
     vertex  3.703255e+01  5.741937e+00  0.000000e+00
     vertex  3.702841e+01  5.751945e+00  0.000000e+00
   endloop
 endfacet
 facet normal  9.131779e-01  4.075612e-01  0.000000e+00
   outer loop
     vertex  3.703255e+01  5.741937e+00  1.500000e+00
     vertex  3.703697e+01  5.732044e+00  0.000000e+00
     vertex  3.703255e+01  5.741937e+00  0.000000e+00
   endloop
 endfacet
 facet normal  9.238795e-01  3.826834e-01  0.000000e+00
   outer loop
     vertex  3.703255e+01  5.741937e+00  1.500000e+00
     vertex  3.702841e+01  5.751945e+00  0.000000e+00
     vertex  3.702841e+01  5.751945e+00  1.500000e+00
   endloop
 endfacet
 facet normal  9.131779e-01  4.075612e-01  0.000000e+00
   outer loop
     vertex  3.703697e+01  5.732044e+00  1.500000e+00
     vertex  3.703697e+01  5.732044e+00  0.000000e+00
     vertex  3.703255e+01  5.741937e+00  1.500000e+00
   endloop
 endfacet
 facet normal  9.018065e-01  4.321400e-01  0.000000e+00
   outer loop
     vertex  3.704165e+01  5.722275e+00  1.500000e+00
     vertex  3.704165e+01  5.722275e+00  0.000000e+00
     vertex  3.703697e+01  5.732044e+00  0.000000e+00
   endloop
 endfacet
 facet normal  9.018065e-01  4.321400e-01  0.000000e+00
   outer loop
     vertex  3.704165e+01  5.722275e+00  1.500000e+00
     vertex  3.703697e+01  5.732044e+00  0.000000e+00
     vertex  3.703697e+01  5.732044e+00  1.500000e+00
   endloop
 endfacet
 facet normal  8.897737e-01  4.564019e-01  0.000000e+00
   outer loop
     vertex  3.704660e+01  5.712637e+00  1.500000e+00
     vertex  3.704660e+01  5.712637e+00  0.000000e+00
     vertex  3.704165e+01  5.722275e+00  0.000000e+00
   endloop
 endfacet
 facet normal  8.897737e-01  4.564019e-01  0.000000e+00
   outer loop
     vertex  3.704660e+01  5.712637e+00  1.500000e+00
     vertex  3.704165e+01  5.722275e+00  0.000000e+00
     vertex  3.704165e+01  5.722275e+00  1.500000e+00
   endloop
 endfacet
 facet normal  8.770884e-01  4.803291e-01  0.000000e+00
   outer loop
     vertex  3.705180e+01  5.703135e+00  1.500000e+00
     vertex  3.705180e+01  5.703135e+00  0.000000e+00
     vertex  3.704660e+01  5.712637e+00  0.000000e+00
   endloop
 endfacet
 facet normal  8.770884e-01  4.803291e-01  0.000000e+00
   outer loop
     vertex  3.705180e+01  5.703135e+00  1.500000e+00
     vertex  3.704660e+01  5.712637e+00  0.000000e+00
     vertex  3.704660e+01  5.712637e+00  1.500000e+00
   endloop
 endfacet
 facet normal  8.637597e-01  5.039039e-01  0.000000e+00
   outer loop
     vertex  3.705726e+01  5.693778e+00  1.500000e+00
     vertex  3.705726e+01  5.693778e+00  0.000000e+00
     vertex  3.705180e+01  5.703135e+00  0.000000e+00
   endloop
 endfacet
 facet normal  8.637597e-01  5.039039e-01  0.000000e+00
   outer loop
     vertex  3.705726e+01  5.693778e+00  1.500000e+00
     vertex  3.705180e+01  5.703135e+00  0.000000e+00
     vertex  3.705180e+01  5.703135e+00  1.500000e+00
   endloop
 endfacet
 facet normal  8.497975e-01  5.271092e-01  0.000000e+00
   outer loop
     vertex  3.706297e+01  5.684573e+00  1.500000e+00
     vertex  3.705726e+01  5.693778e+00  0.000000e+00
     vertex  3.705726e+01  5.693778e+00  1.500000e+00
   endloop
 endfacet
 facet normal  8.497975e-01  5.271092e-01  0.000000e+00
   outer loop
     vertex  3.706297e+01  5.684573e+00  1.500000e+00
     vertex  3.706297e+01  5.684573e+00  0.000000e+00
     vertex  3.705726e+01  5.693778e+00  0.000000e+00
   endloop
 endfacet
 facet normal  8.352121e-01  5.499279e-01  0.000000e+00
   outer loop
     vertex  3.706297e+01  5.684573e+00  1.500000e+00
     vertex  3.706892e+01  5.675525e+00  0.000000e+00
     vertex  3.706297e+01  5.684573e+00  0.000000e+00
   endloop
 endfacet
 facet normal  8.352121e-01  5.499279e-01  0.000000e+00
   outer loop
     vertex  3.706892e+01  5.675525e+00  1.500000e+00
     vertex  3.706892e+01  5.675525e+00  0.000000e+00
     vertex  3.706297e+01  5.684573e+00  1.500000e+00
   endloop
 endfacet
 facet normal  8.200141e-01  5.723433e-01  0.000000e+00
   outer loop
     vertex  3.706892e+01  5.675525e+00  1.500000e+00
     vertex  3.707512e+01  5.666642e+00  0.000000e+00
     vertex  3.706892e+01  5.675525e+00  0.000000e+00
   endloop
 endfacet
 facet normal  8.200141e-01  5.723433e-01  0.000000e+00
   outer loop
     vertex  3.707512e+01  5.666642e+00  1.500000e+00
     vertex  3.707512e+01  5.666642e+00  0.000000e+00
     vertex  3.706892e+01  5.675525e+00  1.500000e+00
   endloop
 endfacet
 facet normal  8.042147e-01  5.943389e-01  0.000000e+00
   outer loop
     vertex  3.708156e+01  5.657930e+00  1.500000e+00
     vertex  3.707512e+01  5.666642e+00  0.000000e+00
     vertex  3.707512e+01  5.666642e+00  1.500000e+00
   endloop
 endfacet
 facet normal  8.042147e-01  5.943389e-01  0.000000e+00
   outer loop
     vertex  3.708156e+01  5.657930e+00  1.500000e+00
     vertex  3.708156e+01  5.657930e+00  0.000000e+00
     vertex  3.707512e+01  5.666642e+00  0.000000e+00
   endloop
 endfacet
 facet normal  7.878255e-01  6.158986e-01  0.000000e+00
   outer loop
     vertex  3.708823e+01  5.649396e+00  1.500000e+00
     vertex  3.708156e+01  5.657930e+00  0.000000e+00
     vertex  3.708156e+01  5.657930e+00  1.500000e+00
   endloop
 endfacet
 facet normal  7.878255e-01  6.158986e-01  0.000000e+00
   outer loop
     vertex  3.708823e+01  5.649396e+00  1.500000e+00
     vertex  3.708823e+01  5.649396e+00  0.000000e+00
     vertex  3.708156e+01  5.657930e+00  0.000000e+00
   endloop
 endfacet
 facet normal  7.708584e-01  6.370065e-01  0.000000e+00
   outer loop
     vertex  3.708823e+01  5.649396e+00  1.500000e+00
     vertex  3.709514e+01  5.641045e+00  0.000000e+00
     vertex  3.708823e+01  5.649396e+00  0.000000e+00
   endloop
 endfacet
 facet normal  7.708584e-01  6.370065e-01  0.000000e+00
   outer loop
     vertex  3.709514e+01  5.641045e+00  1.500000e+00
     vertex  3.709514e+01  5.641045e+00  0.000000e+00
     vertex  3.708823e+01  5.649396e+00  1.500000e+00
   endloop
 endfacet
 facet normal  7.533260e-01  6.576473e-01  0.000000e+00
   outer loop
     vertex  3.710226e+01  5.632885e+00  1.500000e+00
     vertex  3.710226e+01  5.632885e+00  0.000000e+00
     vertex  3.709514e+01  5.641045e+00  0.000000e+00
   endloop
 endfacet
 facet normal  7.533260e-01  6.576473e-01  0.000000e+00
   outer loop
     vertex  3.710226e+01  5.632885e+00  1.500000e+00
     vertex  3.709514e+01  5.641045e+00  0.000000e+00
     vertex  3.709514e+01  5.641045e+00  1.500000e+00
   endloop
 endfacet
 facet normal  7.352410e-01  6.778058e-01  0.000000e+00
   outer loop
     vertex  3.710960e+01  5.624920e+00  1.500000e+00
     vertex  3.710960e+01  5.624920e+00  0.000000e+00
     vertex  3.710226e+01  5.632885e+00  0.000000e+00
   endloop
 endfacet
 facet normal  7.166168e-01  6.974671e-01  0.000000e+00
   outer loop
     vertex  3.710960e+01  5.624920e+00  1.500000e+00
     vertex  3.711716e+01  5.617157e+00  0.000000e+00
     vertex  3.710960e+01  5.624920e+00  0.000000e+00
   endloop
 endfacet
 facet normal  7.352410e-01  6.778058e-01  0.000000e+00
   outer loop
     vertex  3.710960e+01  5.624920e+00  1.500000e+00
     vertex  3.710226e+01  5.632885e+00  0.000000e+00
     vertex  3.710226e+01  5.632885e+00  1.500000e+00
   endloop
 endfacet
 facet normal  7.166168e-01  6.974671e-01  0.000000e+00
   outer loop
     vertex  3.711716e+01  5.617157e+00  1.500000e+00
     vertex  3.711716e+01  5.617157e+00  0.000000e+00
     vertex  3.710960e+01  5.624920e+00  1.500000e+00
   endloop
 endfacet
 facet normal  6.974671e-01  7.166168e-01  0.000000e+00
   outer loop
     vertex  3.712492e+01  5.609602e+00  1.500000e+00
     vertex  3.712492e+01  5.609602e+00  0.000000e+00
     vertex  3.711716e+01  5.617157e+00  0.000000e+00
   endloop
 endfacet
 facet normal  6.778058e-01  7.352410e-01  0.000000e+00
   outer loop
     vertex  3.712492e+01  5.609602e+00  1.500000e+00
     vertex  3.713288e+01  5.602259e+00  0.000000e+00
     vertex  3.712492e+01  5.609602e+00  0.000000e+00
   endloop
 endfacet
 facet normal  6.974671e-01  7.166168e-01  0.000000e+00
   outer loop
     vertex  3.712492e+01  5.609602e+00  1.500000e+00
     vertex  3.711716e+01  5.617157e+00  0.000000e+00
     vertex  3.711716e+01  5.617157e+00  1.500000e+00
   endloop
 endfacet
 facet normal  6.576473e-01  7.533260e-01  0.000000e+00
   outer loop
     vertex  3.713288e+01  5.602259e+00  1.500000e+00
     vertex  3.714105e+01  5.595135e+00  0.000000e+00
     vertex  3.713288e+01  5.602259e+00  0.000000e+00
   endloop
 endfacet
 facet normal  6.778058e-01  7.352410e-01  0.000000e+00
   outer loop
     vertex  3.713288e+01  5.602259e+00  1.500000e+00
     vertex  3.713288e+01  5.602259e+00  0.000000e+00
     vertex  3.712492e+01  5.609602e+00  1.500000e+00
   endloop
 endfacet
 facet normal  6.576473e-01  7.533260e-01  0.000000e+00
   outer loop
     vertex  3.714105e+01  5.595135e+00  1.500000e+00
     vertex  3.714105e+01  5.595135e+00  0.000000e+00
     vertex  3.713288e+01  5.602259e+00  1.500000e+00
   endloop
 endfacet
 facet normal  6.370065e-01  7.708584e-01  0.000000e+00
   outer loop
     vertex  3.714940e+01  5.588235e+00  1.500000e+00
     vertex  3.714940e+01  5.588235e+00  0.000000e+00
     vertex  3.714105e+01  5.595135e+00  0.000000e+00
   endloop
 endfacet
 facet normal  6.158986e-01  7.878255e-01  0.000000e+00
   outer loop
     vertex  3.714940e+01  5.588235e+00  1.500000e+00
     vertex  3.715793e+01  5.581563e+00  0.000000e+00
     vertex  3.714940e+01  5.588235e+00  0.000000e+00
   endloop
 endfacet
 facet normal  6.370065e-01  7.708584e-01  0.000000e+00
   outer loop
     vertex  3.714940e+01  5.588235e+00  1.500000e+00
     vertex  3.714105e+01  5.595135e+00  0.000000e+00
     vertex  3.714105e+01  5.595135e+00  1.500000e+00
   endloop
 endfacet
 facet normal  6.158986e-01  7.878255e-01  0.000000e+00
   outer loop
     vertex  3.715793e+01  5.581563e+00  1.500000e+00
     vertex  3.715793e+01  5.581563e+00  0.000000e+00
     vertex  3.714940e+01  5.588235e+00  1.500000e+00
   endloop
 endfacet
 facet normal  5.943389e-01  8.042147e-01  0.000000e+00
   outer loop
     vertex  3.716664e+01  5.575124e+00  1.500000e+00
     vertex  3.716664e+01  5.575124e+00  0.000000e+00
     vertex  3.715793e+01  5.581563e+00  0.000000e+00
   endloop
 endfacet
 facet normal  5.943389e-01  8.042147e-01  0.000000e+00
   outer loop
     vertex  3.716664e+01  5.575124e+00  1.500000e+00
     vertex  3.715793e+01  5.581563e+00  0.000000e+00
     vertex  3.715793e+01  5.581563e+00  1.500000e+00
   endloop
 endfacet
 facet normal  5.723433e-01  8.200141e-01  0.000000e+00
   outer loop
     vertex  3.717553e+01  5.568924e+00  1.500000e+00
     vertex  3.717553e+01  5.568924e+00  0.000000e+00
     vertex  3.716664e+01  5.575124e+00  0.000000e+00
   endloop
 endfacet
 facet normal  5.723433e-01  8.200141e-01  0.000000e+00
   outer loop
     vertex  3.717553e+01  5.568924e+00  1.500000e+00
     vertex  3.716664e+01  5.575124e+00  0.000000e+00
     vertex  3.716664e+01  5.575124e+00  1.500000e+00
   endloop
 endfacet
 facet normal  5.499279e-01  8.352121e-01  0.000000e+00
   outer loop
     vertex  3.718457e+01  5.562967e+00  1.500000e+00
     vertex  3.718457e+01  5.562967e+00  0.000000e+00
     vertex  3.717553e+01  5.568924e+00  0.000000e+00
   endloop
 endfacet
 facet normal  5.499279e-01  8.352121e-01  0.000000e+00
   outer loop
     vertex  3.718457e+01  5.562967e+00  1.500000e+00
     vertex  3.717553e+01  5.568924e+00  0.000000e+00
     vertex  3.717553e+01  5.568924e+00  1.500000e+00
   endloop
 endfacet
 facet normal  5.271092e-01  8.497975e-01  0.000000e+00
   outer loop
     vertex  3.719378e+01  5.557257e+00  1.500000e+00
     vertex  3.719378e+01  5.557257e+00  0.000000e+00
     vertex  3.718457e+01  5.562967e+00  0.000000e+00
   endloop
 endfacet
 facet normal  5.039039e-01  8.637597e-01  0.000000e+00
   outer loop
     vertex  3.719378e+01  5.557257e+00  1.500000e+00
     vertex  3.720314e+01  5.551798e+00  0.000000e+00
     vertex  3.719378e+01  5.557257e+00  0.000000e+00
   endloop
 endfacet
 facet normal  5.271092e-01  8.497975e-01  0.000000e+00
   outer loop
     vertex  3.719378e+01  5.557257e+00  1.500000e+00
     vertex  3.718457e+01  5.562967e+00  0.000000e+00
     vertex  3.718457e+01  5.562967e+00  1.500000e+00
   endloop
 endfacet
 facet normal  5.039039e-01  8.637597e-01  0.000000e+00
   outer loop
     vertex  3.720314e+01  5.551798e+00  1.500000e+00
     vertex  3.720314e+01  5.551798e+00  0.000000e+00
     vertex  3.719378e+01  5.557257e+00  1.500000e+00
   endloop
 endfacet
 facet normal  4.803291e-01  8.770884e-01  0.000000e+00
   outer loop
     vertex  3.721264e+01  5.546595e+00  1.500000e+00
     vertex  3.721264e+01  5.546595e+00  0.000000e+00
     vertex  3.720314e+01  5.551798e+00  0.000000e+00
   endloop
 endfacet
 facet normal  4.803291e-01  8.770884e-01  0.000000e+00
   outer loop
     vertex  3.721264e+01  5.546595e+00  1.500000e+00
     vertex  3.720314e+01  5.551798e+00  0.000000e+00
     vertex  3.720314e+01  5.551798e+00  1.500000e+00
   endloop
 endfacet
 facet normal  4.564019e-01  8.897737e-01  0.000000e+00
   outer loop
     vertex  3.722228e+01  5.541651e+00  1.500000e+00
     vertex  3.722228e+01  5.541651e+00  0.000000e+00
     vertex  3.721264e+01  5.546595e+00  0.000000e+00
   endloop
 endfacet
 facet normal  4.564019e-01  8.897737e-01  0.000000e+00
   outer loop
     vertex  3.722228e+01  5.541651e+00  1.500000e+00
     vertex  3.721264e+01  5.546595e+00  0.000000e+00
     vertex  3.721264e+01  5.546595e+00  1.500000e+00
   endloop
 endfacet
 facet normal  4.321400e-01  9.018065e-01  0.000000e+00
   outer loop
     vertex  3.723204e+01  5.536970e+00  1.500000e+00
     vertex  3.723204e+01  5.536970e+00  0.000000e+00
     vertex  3.722228e+01  5.541651e+00  0.000000e+00
   endloop
 endfacet
 facet normal  4.321400e-01  9.018065e-01  0.000000e+00
   outer loop
     vertex  3.723204e+01  5.536970e+00  1.500000e+00
     vertex  3.722228e+01  5.541651e+00  0.000000e+00
     vertex  3.722228e+01  5.541651e+00  1.500000e+00
   endloop
 endfacet
 facet normal  4.075612e-01  9.131779e-01  0.000000e+00
   outer loop
     vertex  3.724194e+01  5.532555e+00  1.500000e+00
     vertex  3.724194e+01  5.532555e+00  0.000000e+00
     vertex  3.723204e+01  5.536970e+00  0.000000e+00
   endloop
 endfacet
 facet normal  4.075612e-01  9.131779e-01  0.000000e+00
   outer loop
     vertex  3.724194e+01  5.532555e+00  1.500000e+00
     vertex  3.723204e+01  5.536970e+00  0.000000e+00
     vertex  3.723204e+01  5.536970e+00  1.500000e+00
   endloop
 endfacet
 facet normal  3.826834e-01  9.238795e-01  0.000000e+00
   outer loop
     vertex  3.725194e+01  5.528409e+00  1.500000e+00
     vertex  3.725194e+01  5.528409e+00  0.000000e+00
     vertex  3.724194e+01  5.532555e+00  0.000000e+00
   endloop
 endfacet
 facet normal  3.826834e-01  9.238795e-01  0.000000e+00
   outer loop
     vertex  3.725194e+01  5.528409e+00  1.500000e+00
     vertex  3.724194e+01  5.532555e+00  0.000000e+00
     vertex  3.724194e+01  5.532555e+00  1.500000e+00
   endloop
 endfacet
 facet normal  3.575250e-01  9.339036e-01  0.000000e+00
   outer loop
     vertex  3.726206e+01  5.524536e+00  1.500000e+00
     vertex  3.726206e+01  5.524536e+00  0.000000e+00
     vertex  3.725194e+01  5.528409e+00  0.000000e+00
   endloop
 endfacet
 facet normal  3.575250e-01  9.339036e-01  0.000000e+00
   outer loop
     vertex  3.726206e+01  5.524536e+00  1.500000e+00
     vertex  3.725194e+01  5.528409e+00  0.000000e+00
     vertex  3.725194e+01  5.528409e+00  1.500000e+00
   endloop
 endfacet
 facet normal  3.321044e-01  9.432426e-01  0.000000e+00
   outer loop
     vertex  3.727228e+01  5.520939e+00  1.500000e+00
     vertex  3.726206e+01  5.524536e+00  0.000000e+00
     vertex  3.726206e+01  5.524536e+00  1.500000e+00
   endloop
 endfacet
 facet normal  3.321044e-01  9.432426e-01  0.000000e+00
   outer loop
     vertex  3.727228e+01  5.520939e+00  1.500000e+00
     vertex  3.727228e+01  5.520939e+00  0.000000e+00
     vertex  3.726206e+01  5.524536e+00  0.000000e+00
   endloop
 endfacet
 facet normal  3.064401e-01  9.518899e-01  0.000000e+00
   outer loop
     vertex  3.728259e+01  5.517619e+00  1.500000e+00
     vertex  3.727228e+01  5.520939e+00  0.000000e+00
     vertex  3.727228e+01  5.520939e+00  1.500000e+00
   endloop
 endfacet
 facet normal  3.064401e-01  9.518899e-01  0.000000e+00
   outer loop
     vertex  3.728259e+01  5.517619e+00  1.500000e+00
     vertex  3.728259e+01  5.517619e+00  0.000000e+00
     vertex  3.727228e+01  5.520939e+00  0.000000e+00
   endloop
 endfacet
 facet normal  2.805512e-01  9.598391e-01  0.000000e+00
   outer loop
     vertex  3.729299e+01  5.514580e+00  1.500000e+00
     vertex  3.728259e+01  5.517619e+00  0.000000e+00
     vertex  3.728259e+01  5.517619e+00  1.500000e+00
   endloop
 endfacet
 facet normal  2.805512e-01  9.598391e-01  0.000000e+00
   outer loop
     vertex  3.729299e+01  5.514580e+00  1.500000e+00
     vertex  3.729299e+01  5.514580e+00  0.000000e+00
     vertex  3.728259e+01  5.517619e+00  0.000000e+00
   endloop
 endfacet
 facet normal  2.544564e-01  9.670842e-01  0.000000e+00
   outer loop
     vertex  3.730346e+01  5.511824e+00  1.500000e+00
     vertex  3.729299e+01  5.514580e+00  0.000000e+00
     vertex  3.729299e+01  5.514580e+00  1.500000e+00
   endloop
 endfacet
 facet normal  2.544564e-01  9.670842e-01  0.000000e+00
   outer loop
     vertex  3.730346e+01  5.511824e+00  1.500000e+00
     vertex  3.730346e+01  5.511824e+00  0.000000e+00
     vertex  3.729299e+01  5.514580e+00  0.000000e+00
   endloop
 endfacet
 facet normal  2.281751e-01  9.736201e-01  0.000000e+00
   outer loop
     vertex  3.731401e+01  5.509352e+00  1.500000e+00
     vertex  3.730346e+01  5.511824e+00  0.000000e+00
     vertex  3.730346e+01  5.511824e+00  1.500000e+00
   endloop
 endfacet
 facet normal  2.281751e-01  9.736201e-01  0.000000e+00
   outer loop
     vertex  3.731401e+01  5.509352e+00  1.500000e+00
     vertex  3.731401e+01  5.509352e+00  0.000000e+00
     vertex  3.730346e+01  5.511824e+00  0.000000e+00
   endloop
 endfacet
 facet normal  2.017264e-01  9.794419e-01  0.000000e+00
   outer loop
     vertex  3.731401e+01  5.509352e+00  1.500000e+00
     vertex  3.732462e+01  5.507167e+00  0.000000e+00
     vertex  3.731401e+01  5.509352e+00  0.000000e+00
   endloop
 endfacet
 facet normal  2.017264e-01  9.794419e-01  0.000000e+00
   outer loop
     vertex  3.732462e+01  5.507167e+00  1.500000e+00
     vertex  3.732462e+01  5.507167e+00  0.000000e+00
     vertex  3.731401e+01  5.509352e+00  1.500000e+00
   endloop
 endfacet
 facet normal  1.751297e-01  9.845454e-01  0.000000e+00
   outer loop
     vertex  3.733529e+01  5.505269e+00  1.500000e+00
     vertex  3.732462e+01  5.507167e+00  0.000000e+00
     vertex  3.732462e+01  5.507167e+00  1.500000e+00
   endloop
 endfacet
 facet normal  1.751297e-01  9.845454e-01  0.000000e+00
   outer loop
     vertex  3.733529e+01  5.505269e+00  1.500000e+00
     vertex  3.733529e+01  5.505269e+00  0.000000e+00
     vertex  3.732462e+01  5.507167e+00  0.000000e+00
   endloop
 endfacet
 facet normal  1.484046e-01  9.889267e-01  0.000000e+00
   outer loop
     vertex  3.733529e+01  5.505269e+00  1.500000e+00
     vertex  3.734600e+01  5.503662e+00  0.000000e+00
     vertex  3.733529e+01  5.505269e+00  0.000000e+00
   endloop
 endfacet
 facet normal  1.484046e-01  9.889267e-01  0.000000e+00
   outer loop
     vertex  3.734600e+01  5.503662e+00  1.500000e+00
     vertex  3.734600e+01  5.503662e+00  0.000000e+00
     vertex  3.733529e+01  5.505269e+00  1.500000e+00
   endloop
 endfacet
 facet normal  1.215707e-01  9.925828e-01  0.000000e+00
   outer loop
     vertex  3.735675e+01  5.502345e+00  1.500000e+00
     vertex  3.734600e+01  5.503662e+00  0.000000e+00
     vertex  3.734600e+01  5.503662e+00  1.500000e+00
   endloop
 endfacet
 facet normal  1.215707e-01  9.925828e-01  0.000000e+00
   outer loop
     vertex  3.735675e+01  5.502345e+00  1.500000e+00
     vertex  3.735675e+01  5.502345e+00  0.000000e+00
     vertex  3.734600e+01  5.503662e+00  0.000000e+00
   endloop
 endfacet
 facet normal  9.464755e-02  9.955108e-01  0.000000e+00
   outer loop
     vertex  3.736754e+01  5.501320e+00  1.500000e+00
     vertex  3.735675e+01  5.502345e+00  0.000000e+00
     vertex  3.735675e+01  5.502345e+00  1.500000e+00
   endloop
 endfacet
 facet normal  9.464755e-02  9.955108e-01  0.000000e+00
   outer loop
     vertex  3.736754e+01  5.501320e+00  1.500000e+00
     vertex  3.736754e+01  5.501320e+00  0.000000e+00
     vertex  3.735675e+01  5.502345e+00  0.000000e+00
   endloop
 endfacet
 facet normal  6.765502e-02  9.977088e-01  0.000000e+00
   outer loop
     vertex  3.736754e+01  5.501320e+00  1.500000e+00
     vertex  3.737834e+01  5.500587e+00  0.000000e+00
     vertex  3.736754e+01  5.501320e+00  0.000000e+00
   endloop
 endfacet
 facet normal  6.765502e-02  9.977088e-01  0.000000e+00
   outer loop
     vertex  3.737834e+01  5.500587e+00  1.500000e+00
     vertex  3.737834e+01  5.500587e+00  0.000000e+00
     vertex  3.736754e+01  5.501320e+00  1.500000e+00
   endloop
 endfacet
 facet normal  4.061287e-02  9.991750e-01  0.000000e+00
   outer loop
     vertex  3.738917e+01  5.500147e+00  1.500000e+00
     vertex  3.737834e+01  5.500587e+00  0.000000e+00
     vertex  3.737834e+01  5.500587e+00  1.500000e+00
   endloop
 endfacet
 facet normal  4.061287e-02  9.991750e-01  0.000000e+00
   outer loop
     vertex  3.738917e+01  5.500147e+00  1.500000e+00
     vertex  3.738917e+01  5.500147e+00  0.000000e+00
     vertex  3.737834e+01  5.500587e+00  0.000000e+00
   endloop
 endfacet
 facet normal  1.354093e-02  9.999083e-01  0.000000e+00
   outer loop
     vertex  3.740000e+01  5.500000e+00  1.500000e+00
     vertex  3.738917e+01  5.500147e+00  0.000000e+00
     vertex  3.738917e+01  5.500147e+00  1.500000e+00
   endloop
 endfacet
 facet normal  1.354093e-02  9.999083e-01  0.000000e+00
   outer loop
     vertex  3.740000e+01  5.500000e+00  1.500000e+00
     vertex  3.740000e+01  5.500000e+00  0.000000e+00
     vertex  3.738917e+01  5.500147e+00  0.000000e+00
   endloop
 endfacet
 facet normal  0.000000e+00  1.000000e+00  0.000000e+00
   outer loop
     vertex  5.520000e+01  5.500000e+00  1.500000e+00
     vertex  5.520000e+01  5.500000e+00  0.000000e+00
     vertex  3.740000e+01  5.500000e+00  0.000000e+00
   endloop
 endfacet
 facet normal  0.000000e+00  1.000000e+00  0.000000e+00
   outer loop
     vertex  5.520000e+01  5.500000e+00  1.500000e+00
     vertex  3.740000e+01  5.500000e+00  0.000000e+00
     vertex  3.740000e+01  5.500000e+00  1.500000e+00
   endloop
 endfacet
 facet normal -9.999083e-01  1.354093e-02  0.000000e+00
   outer loop
     vertex  5.559985e+01  5.889168e+00  1.500000e+00
     vertex  5.560000e+01  5.900000e+00  1.500000e+00
     vertex  5.560000e+01  5.900000e+00  0.000000e+00
   endloop
 endfacet
 facet normal -9.999083e-01  1.354093e-02  0.000000e+00
   outer loop
     vertex  5.559985e+01  5.889168e+00  1.500000e+00
     vertex  5.560000e+01  5.900000e+00  0.000000e+00
     vertex  5.559985e+01  5.889168e+00  0.000000e+00
   endloop
 endfacet
 facet normal -9.991750e-01  4.061287e-02  0.000000e+00
   outer loop
     vertex  5.559941e+01  5.878344e+00  1.500000e+00
     vertex  5.559985e+01  5.889168e+00  1.500000e+00
     vertex  5.559985e+01  5.889168e+00  0.000000e+00
   endloop
 endfacet
 facet normal -9.991750e-01  4.061287e-02  0.000000e+00
   outer loop
     vertex  5.559941e+01  5.878344e+00  1.500000e+00
     vertex  5.559985e+01  5.889168e+00  0.000000e+00
     vertex  5.559941e+01  5.878344e+00  0.000000e+00
   endloop
 endfacet
 facet normal -9.977088e-01  6.765502e-02  0.000000e+00
   outer loop
     vertex  5.559868e+01  5.867537e+00  1.500000e+00
     vertex  5.559941e+01  5.878344e+00  1.500000e+00
     vertex  5.559941e+01  5.878344e+00  0.000000e+00
   endloop
 endfacet
 facet normal -9.955108e-01  9.464755e-02  0.000000e+00
   outer loop
     vertex  5.559868e+01  5.867537e+00  1.500000e+00
     vertex  5.559868e+01  5.867537e+00  0.000000e+00
     vertex  5.559766e+01  5.856752e+00  0.000000e+00
   endloop
 endfacet
 facet normal -9.977088e-01  6.765502e-02  0.000000e+00
   outer loop
     vertex  5.559868e+01  5.867537e+00  1.500000e+00
     vertex  5.559941e+01  5.878344e+00  0.000000e+00
     vertex  5.559868e+01  5.867537e+00  0.000000e+00
   endloop
 endfacet
 facet normal -9.955108e-01  9.464755e-02  0.000000e+00
   outer loop
     vertex  5.559766e+01  5.856752e+00  1.500000e+00
     vertex  5.559868e+01  5.867537e+00  1.500000e+00
     vertex  5.559766e+01  5.856752e+00  0.000000e+00
   endloop
 endfacet
 facet normal -9.925828e-01  1.215707e-01  0.000000e+00
   outer loop
     vertex  5.559634e+01  5.846000e+00  1.500000e+00
     vertex  5.559766e+01  5.856752e+00  1.500000e+00
     vertex  5.559766e+01  5.856752e+00  0.000000e+00
   endloop
 endfacet
 facet normal -9.889267e-01  1.484046e-01  0.000000e+00
   outer loop
     vertex  5.559634e+01  5.846000e+00  1.500000e+00
     vertex  5.559634e+01  5.846000e+00  0.000000e+00
     vertex  5.559473e+01  5.835287e+00  0.000000e+00
   endloop
 endfacet
 facet normal -9.925828e-01  1.215707e-01  0.000000e+00
   outer loop
     vertex  5.559634e+01  5.846000e+00  1.500000e+00
     vertex  5.559766e+01  5.856752e+00  0.000000e+00
     vertex  5.559634e+01  5.846000e+00  0.000000e+00
   endloop
 endfacet
 facet normal -9.889267e-01  1.484046e-01  0.000000e+00
   outer loop
     vertex  5.559473e+01  5.835287e+00  1.500000e+00
     vertex  5.559634e+01  5.846000e+00  1.500000e+00
     vertex  5.559473e+01  5.835287e+00  0.000000e+00
   endloop
 endfacet
 facet normal -9.845454e-01  1.751297e-01  0.000000e+00
   outer loop
     vertex  5.559283e+01  5.824622e+00  1.500000e+00
     vertex  5.559473e+01  5.835287e+00  1.500000e+00
     vertex  5.559473e+01  5.835287e+00  0.000000e+00
   endloop
 endfacet
 facet normal -9.794419e-01  2.017264e-01  0.000000e+00
   outer loop
     vertex  5.559283e+01  5.824622e+00  1.500000e+00
     vertex  5.559283e+01  5.824622e+00  0.000000e+00
     vertex  5.559065e+01  5.814012e+00  0.000000e+00
   endloop
 endfacet
 facet normal -9.845454e-01  1.751297e-01  0.000000e+00
   outer loop
     vertex  5.559283e+01  5.824622e+00  1.500000e+00
     vertex  5.559473e+01  5.835287e+00  0.000000e+00
     vertex  5.559283e+01  5.824622e+00  0.000000e+00
   endloop
 endfacet
 facet normal -9.794419e-01  2.017264e-01  0.000000e+00
   outer loop
     vertex  5.559065e+01  5.814012e+00  1.500000e+00
     vertex  5.559283e+01  5.824622e+00  1.500000e+00
     vertex  5.559065e+01  5.814012e+00  0.000000e+00
   endloop
 endfacet
 facet normal -9.670842e-01  2.544564e-01  0.000000e+00
   outer loop
     vertex  5.558818e+01  5.803465e+00  1.500000e+00
     vertex  5.558818e+01  5.803465e+00  0.000000e+00
     vertex  5.558542e+01  5.792989e+00  0.000000e+00
   endloop
 endfacet
 facet normal -9.736201e-01  2.281751e-01  0.000000e+00
   outer loop
     vertex  5.558818e+01  5.803465e+00  1.500000e+00
     vertex  5.559065e+01  5.814012e+00  0.000000e+00
     vertex  5.558818e+01  5.803465e+00  0.000000e+00
   endloop
 endfacet
 facet normal -9.736201e-01  2.281751e-01  0.000000e+00
   outer loop
     vertex  5.558818e+01  5.803465e+00  1.500000e+00
     vertex  5.559065e+01  5.814012e+00  1.500000e+00
     vertex  5.559065e+01  5.814012e+00  0.000000e+00
   endloop
 endfacet
 facet normal -9.598391e-01  2.805512e-01  0.000000e+00
   outer loop
     vertex  5.558542e+01  5.792989e+00  1.500000e+00
     vertex  5.558542e+01  5.792989e+00  0.000000e+00
     vertex  5.558238e+01  5.782591e+00  0.000000e+00
   endloop
 endfacet
 facet normal -9.670842e-01  2.544564e-01  0.000000e+00
   outer loop
     vertex  5.558542e+01  5.792989e+00  1.500000e+00
     vertex  5.558818e+01  5.803465e+00  1.500000e+00
     vertex  5.558542e+01  5.792989e+00  0.000000e+00
   endloop
 endfacet
 facet normal -9.598391e-01  2.805512e-01  0.000000e+00
   outer loop
     vertex  5.558238e+01  5.782591e+00  1.500000e+00
     vertex  5.558542e+01  5.792989e+00  1.500000e+00
     vertex  5.558238e+01  5.782591e+00  0.000000e+00
   endloop
 endfacet
 facet normal -9.518899e-01  3.064401e-01  0.000000e+00
   outer loop
     vertex  5.557906e+01  5.772279e+00  1.500000e+00
     vertex  5.558238e+01  5.782591e+00  0.000000e+00
     vertex  5.557906e+01  5.772279e+00  0.000000e+00
   endloop
 endfacet
 facet normal -9.518899e-01  3.064401e-01  0.000000e+00
   outer loop
     vertex  5.557906e+01  5.772279e+00  1.500000e+00
     vertex  5.558238e+01  5.782591e+00  1.500000e+00
     vertex  5.558238e+01  5.782591e+00  0.000000e+00
   endloop
 endfacet
 facet normal -9.432426e-01  3.321044e-01  0.000000e+00
   outer loop
     vertex  5.557546e+01  5.762061e+00  1.500000e+00
     vertex  5.557906e+01  5.772279e+00  0.000000e+00
     vertex  5.557546e+01  5.762061e+00  0.000000e+00
   endloop
 endfacet
 facet normal -9.432426e-01  3.321044e-01  0.000000e+00
   outer loop
     vertex  5.557546e+01  5.762061e+00  1.500000e+00
     vertex  5.557906e+01  5.772279e+00  1.500000e+00
     vertex  5.557906e+01  5.772279e+00  0.000000e+00
   endloop
 endfacet
 facet normal -9.339036e-01  3.575250e-01  0.000000e+00
   outer loop
     vertex  5.557159e+01  5.751945e+00  1.500000e+00
     vertex  5.557546e+01  5.762061e+00  0.000000e+00
     vertex  5.557159e+01  5.751945e+00  0.000000e+00
   endloop
 endfacet
 facet normal -9.339036e-01  3.575250e-01  0.000000e+00
   outer loop
     vertex  5.557159e+01  5.751945e+00  1.500000e+00
     vertex  5.557546e+01  5.762061e+00  1.500000e+00
     vertex  5.557546e+01  5.762061e+00  0.000000e+00
   endloop
 endfacet
 facet normal -9.238795e-01  3.826834e-01  0.000000e+00
   outer loop
     vertex  5.556745e+01  5.741937e+00  1.500000e+00
     vertex  5.557159e+01  5.751945e+00  0.000000e+00
     vertex  5.556745e+01  5.741937e+00  0.000000e+00
   endloop
 endfacet
 facet normal -9.238795e-01  3.826834e-01  0.000000e+00
   outer loop
     vertex  5.556745e+01  5.741937e+00  1.500000e+00
     vertex  5.557159e+01  5.751945e+00  1.500000e+00
     vertex  5.557159e+01  5.751945e+00  0.000000e+00
   endloop
 endfacet
 facet normal -9.131779e-01  4.075612e-01  0.000000e+00
   outer loop
     vertex  5.556303e+01  5.732044e+00  1.500000e+00
     vertex  5.556745e+01  5.741937e+00  0.000000e+00
     vertex  5.556303e+01  5.732044e+00  0.000000e+00
   endloop
 endfacet
 facet normal -9.131779e-01  4.075612e-01  0.000000e+00
   outer loop
     vertex  5.556303e+01  5.732044e+00  1.500000e+00
     vertex  5.556745e+01  5.741937e+00  1.500000e+00
     vertex  5.556745e+01  5.741937e+00  0.000000e+00
   endloop
 endfacet
 facet normal -9.018065e-01  4.321400e-01  0.000000e+00
   outer loop
     vertex  5.555835e+01  5.722275e+00  1.500000e+00
     vertex  5.556303e+01  5.732044e+00  0.000000e+00
     vertex  5.555835e+01  5.722275e+00  0.000000e+00
   endloop
 endfacet
 facet normal -9.018065e-01  4.321400e-01  0.000000e+00
   outer loop
     vertex  5.555835e+01  5.722275e+00  1.500000e+00
     vertex  5.556303e+01  5.732044e+00  1.500000e+00
     vertex  5.556303e+01  5.732044e+00  0.000000e+00
   endloop
 endfacet
 facet normal -8.770884e-01  4.803291e-01  0.000000e+00
   outer loop
     vertex  5.555340e+01  5.712637e+00  1.500000e+00
     vertex  5.555340e+01  5.712637e+00  0.000000e+00
     vertex  5.554820e+01  5.703135e+00  0.000000e+00
   endloop
 endfacet
 facet normal -8.897737e-01  4.564019e-01  0.000000e+00
   outer loop
     vertex  5.555340e+01  5.712637e+00  1.500000e+00
     vertex  5.555835e+01  5.722275e+00  0.000000e+00
     vertex  5.555340e+01  5.712637e+00  0.000000e+00
   endloop
 endfacet
 facet normal -8.897737e-01  4.564019e-01  0.000000e+00
   outer loop
     vertex  5.555340e+01  5.712637e+00  1.500000e+00
     vertex  5.555835e+01  5.722275e+00  1.500000e+00
     vertex  5.555835e+01  5.722275e+00  0.000000e+00
   endloop
 endfacet
 facet normal -8.770884e-01  4.803291e-01  0.000000e+00
   outer loop
     vertex  5.554820e+01  5.703135e+00  1.500000e+00
     vertex  5.555340e+01  5.712637e+00  1.500000e+00
     vertex  5.554820e+01  5.703135e+00  0.000000e+00
   endloop
 endfacet
 facet normal -8.637597e-01  5.039039e-01  0.000000e+00
   outer loop
     vertex  5.554274e+01  5.693778e+00  1.500000e+00
     vertex  5.554820e+01  5.703135e+00  1.500000e+00
     vertex  5.554820e+01  5.703135e+00  0.000000e+00
   endloop
 endfacet
 facet normal -8.637597e-01  5.039039e-01  0.000000e+00
   outer loop
     vertex  5.554274e+01  5.693778e+00  1.500000e+00
     vertex  5.554820e+01  5.703135e+00  0.000000e+00
     vertex  5.554274e+01  5.693778e+00  0.000000e+00
   endloop
 endfacet
 facet normal -8.497975e-01  5.271092e-01  0.000000e+00
   outer loop
     vertex  5.553703e+01  5.684573e+00  1.500000e+00
     vertex  5.554274e+01  5.693778e+00  1.500000e+00
     vertex  5.554274e+01  5.693778e+00  0.000000e+00
   endloop
 endfacet
 facet normal -8.497975e-01  5.271092e-01  0.000000e+00
   outer loop
     vertex  5.553703e+01  5.684573e+00  1.500000e+00
     vertex  5.554274e+01  5.693778e+00  0.000000e+00
     vertex  5.553703e+01  5.684573e+00  0.000000e+00
   endloop
 endfacet
 facet normal -8.352121e-01  5.499279e-01  0.000000e+00
   outer loop
     vertex  5.553108e+01  5.675525e+00  1.500000e+00
     vertex  5.553703e+01  5.684573e+00  1.500000e+00
     vertex  5.553703e+01  5.684573e+00  0.000000e+00
   endloop
 endfacet
 facet normal -8.352121e-01  5.499279e-01  0.000000e+00
   outer loop
     vertex  5.553108e+01  5.675525e+00  1.500000e+00
     vertex  5.553703e+01  5.684573e+00  0.000000e+00
     vertex  5.553108e+01  5.675525e+00  0.000000e+00
   endloop
 endfacet
 facet normal -8.200141e-01  5.723433e-01  0.000000e+00
   outer loop
     vertex  5.552488e+01  5.666642e+00  1.500000e+00
     vertex  5.553108e+01  5.675525e+00  1.500000e+00
     vertex  5.553108e+01  5.675525e+00  0.000000e+00
   endloop
 endfacet
 facet normal -8.200141e-01  5.723433e-01  0.000000e+00
   outer loop
     vertex  5.552488e+01  5.666642e+00  1.500000e+00
     vertex  5.553108e+01  5.675525e+00  0.000000e+00
     vertex  5.552488e+01  5.666642e+00  0.000000e+00
   endloop
 endfacet
 facet normal -8.042147e-01  5.943389e-01  0.000000e+00
   outer loop
     vertex  5.551844e+01  5.657930e+00  1.500000e+00
     vertex  5.552488e+01  5.666642e+00  1.500000e+00
     vertex  5.552488e+01  5.666642e+00  0.000000e+00
   endloop
 endfacet
 facet normal -7.878255e-01  6.158986e-01  0.000000e+00
   outer loop
     vertex  5.551844e+01  5.657930e+00  1.500000e+00
     vertex  5.551844e+01  5.657930e+00  0.000000e+00
     vertex  5.551177e+01  5.649396e+00  0.000000e+00
   endloop
 endfacet
 facet normal -8.042147e-01  5.943389e-01  0.000000e+00
   outer loop
     vertex  5.551844e+01  5.657930e+00  1.500000e+00
     vertex  5.552488e+01  5.666642e+00  0.000000e+00
     vertex  5.551844e+01  5.657930e+00  0.000000e+00
   endloop
 endfacet
 facet normal -7.878255e-01  6.158986e-01  0.000000e+00
   outer loop
     vertex  5.551177e+01  5.649396e+00  1.500000e+00
     vertex  5.551844e+01  5.657930e+00  1.500000e+00
     vertex  5.551177e+01  5.649396e+00  0.000000e+00
   endloop
 endfacet
 facet normal -7.708584e-01  6.370065e-01  0.000000e+00
   outer loop
     vertex  5.551177e+01  5.649396e+00  1.500000e+00
     vertex  5.551177e+01  5.649396e+00  0.000000e+00
     vertex  5.550486e+01  5.641045e+00  0.000000e+00
   endloop
 endfacet
 facet normal -7.708584e-01  6.370065e-01  0.000000e+00
   outer loop
     vertex  5.550486e+01  5.641045e+00  1.500000e+00
     vertex  5.551177e+01  5.649396e+00  1.500000e+00
     vertex  5.550486e+01  5.641045e+00  0.000000e+00
   endloop
 endfacet
 facet normal -7.533260e-01  6.576473e-01  0.000000e+00
   outer loop
     vertex  5.549774e+01  5.632885e+00  1.500000e+00
     vertex  5.550486e+01  5.641045e+00  1.500000e+00
     vertex  5.550486e+01  5.641045e+00  0.000000e+00
   endloop
 endfacet
 facet normal -7.352410e-01  6.778058e-01  0.000000e+00
   outer loop
     vertex  5.549774e+01  5.632885e+00  1.500000e+00
     vertex  5.549774e+01  5.632885e+00  0.000000e+00
     vertex  5.549040e+01  5.624920e+00  0.000000e+00
   endloop
 endfacet
 facet normal -7.533260e-01  6.576473e-01  0.000000e+00
   outer loop
     vertex  5.549774e+01  5.632885e+00  1.500000e+00
     vertex  5.550486e+01  5.641045e+00  0.000000e+00
     vertex  5.549774e+01  5.632885e+00  0.000000e+00
   endloop
 endfacet
 facet normal -7.352410e-01  6.778058e-01  0.000000e+00
   outer loop
     vertex  5.549040e+01  5.624920e+00  1.500000e+00
     vertex  5.549774e+01  5.632885e+00  1.500000e+00
     vertex  5.549040e+01  5.624920e+00  0.000000e+00
   endloop
 endfacet
 facet normal -7.166168e-01  6.974671e-01  0.000000e+00
   outer loop
     vertex  5.548284e+01  5.617157e+00  1.500000e+00
     vertex  5.549040e+01  5.624920e+00  0.000000e+00
     vertex  5.548284e+01  5.617157e+00  0.000000e+00
   endloop
 endfacet
 facet normal -7.166168e-01  6.974671e-01  0.000000e+00
   outer loop
     vertex  5.548284e+01  5.617157e+00  1.500000e+00
     vertex  5.549040e+01  5.624920e+00  1.500000e+00
     vertex  5.549040e+01  5.624920e+00  0.000000e+00
   endloop
 endfacet
 facet normal -6.974671e-01  7.166168e-01  0.000000e+00
   outer loop
     vertex  5.547508e+01  5.609602e+00  1.500000e+00
     vertex  5.548284e+01  5.617157e+00  0.000000e+00
     vertex  5.547508e+01  5.609602e+00  0.000000e+00
   endloop
 endfacet
 facet normal -6.974671e-01  7.166168e-01  0.000000e+00
   outer loop
     vertex  5.547508e+01  5.609602e+00  1.500000e+00
     vertex  5.548284e+01  5.617157e+00  1.500000e+00
     vertex  5.548284e+01  5.617157e+00  0.000000e+00
   endloop
 endfacet
 facet normal -6.576473e-01  7.533260e-01  0.000000e+00
   outer loop
     vertex  5.546712e+01  5.602259e+00  1.500000e+00
     vertex  5.546712e+01  5.602259e+00  0.000000e+00
     vertex  5.545895e+01  5.595135e+00  0.000000e+00
   endloop
 endfacet
 facet normal -6.778058e-01  7.352410e-01  0.000000e+00
   outer loop
     vertex  5.546712e+01  5.602259e+00  1.500000e+00
     vertex  5.547508e+01  5.609602e+00  0.000000e+00
     vertex  5.546712e+01  5.602259e+00  0.000000e+00
   endloop
 endfacet
 facet normal -6.778058e-01  7.352410e-01  0.000000e+00
   outer loop
     vertex  5.546712e+01  5.602259e+00  1.500000e+00
     vertex  5.547508e+01  5.609602e+00  1.500000e+00
     vertex  5.547508e+01  5.609602e+00  0.000000e+00
   endloop
 endfacet
 facet normal -6.370065e-01  7.708584e-01  0.000000e+00
   outer loop
     vertex  5.545895e+01  5.595135e+00  1.500000e+00
     vertex  5.545895e+01  5.595135e+00  0.000000e+00
     vertex  5.545060e+01  5.588235e+00  0.000000e+00
   endloop
 endfacet
 facet normal -6.576473e-01  7.533260e-01  0.000000e+00
   outer loop
     vertex  5.545895e+01  5.595135e+00  1.500000e+00
     vertex  5.546712e+01  5.602259e+00  1.500000e+00
     vertex  5.545895e+01  5.595135e+00  0.000000e+00
   endloop
 endfacet
 facet normal -6.158986e-01  7.878255e-01  0.000000e+00
   outer loop
     vertex  5.545060e+01  5.588235e+00  1.500000e+00
     vertex  5.545060e+01  5.588235e+00  0.000000e+00
     vertex  5.544207e+01  5.581563e+00  0.000000e+00
   endloop
 endfacet
 facet normal -6.370065e-01  7.708584e-01  0.000000e+00
   outer loop
     vertex  5.545060e+01  5.588235e+00  1.500000e+00
     vertex  5.545895e+01  5.595135e+00  1.500000e+00
     vertex  5.545060e+01  5.588235e+00  0.000000e+00
   endloop
 endfacet
 facet normal -5.943389e-01  8.042147e-01  0.000000e+00
   outer loop
     vertex  5.544207e+01  5.581563e+00  1.500000e+00
     vertex  5.544207e+01  5.581563e+00  0.000000e+00
     vertex  5.543336e+01  5.575124e+00  0.000000e+00
   endloop
 endfacet
 facet normal -6.158986e-01  7.878255e-01  0.000000e+00
   outer loop
     vertex  5.544207e+01  5.581563e+00  1.500000e+00
     vertex  5.545060e+01  5.588235e+00  1.500000e+00
     vertex  5.544207e+01  5.581563e+00  0.000000e+00
   endloop
 endfacet
 facet normal -5.723433e-01  8.200141e-01  0.000000e+00
   outer loop
     vertex  5.543336e+01  5.575124e+00  1.500000e+00
     vertex  5.543336e+01  5.575124e+00  0.000000e+00
     vertex  5.542447e+01  5.568924e+00  0.000000e+00
   endloop
 endfacet
 facet normal -5.943389e-01  8.042147e-01  0.000000e+00
   outer loop
     vertex  5.543336e+01  5.575124e+00  1.500000e+00
     vertex  5.544207e+01  5.581563e+00  1.500000e+00
     vertex  5.543336e+01  5.575124e+00  0.000000e+00
   endloop
 endfacet
 facet normal -5.723433e-01  8.200141e-01  0.000000e+00
   outer loop
     vertex  5.542447e+01  5.568924e+00  1.500000e+00
     vertex  5.543336e+01  5.575124e+00  1.500000e+00
     vertex  5.542447e+01  5.568924e+00  0.000000e+00
   endloop
 endfacet
 facet normal -5.499279e-01  8.352121e-01  0.000000e+00
   outer loop
     vertex  5.541543e+01  5.562967e+00  1.500000e+00
     vertex  5.542447e+01  5.568924e+00  0.000000e+00
     vertex  5.541543e+01  5.562967e+00  0.000000e+00
   endloop
 endfacet
 facet normal -5.499279e-01  8.352121e-01  0.000000e+00
   outer loop
     vertex  5.541543e+01  5.562967e+00  1.500000e+00
     vertex  5.542447e+01  5.568924e+00  1.500000e+00
     vertex  5.542447e+01  5.568924e+00  0.000000e+00
   endloop
 endfacet
 facet normal -5.039039e-01  8.637597e-01  0.000000e+00
   outer loop
     vertex  5.540622e+01  5.557257e+00  1.500000e+00
     vertex  5.540622e+01  5.557257e+00  0.000000e+00
     vertex  5.539686e+01  5.551798e+00  0.000000e+00
   endloop
 endfacet
 facet normal -5.271092e-01  8.497975e-01  0.000000e+00
   outer loop
     vertex  5.540622e+01  5.557257e+00  1.500000e+00
     vertex  5.541543e+01  5.562967e+00  0.000000e+00
     vertex  5.540622e+01  5.557257e+00  0.000000e+00
   endloop
 endfacet
 facet normal -5.271092e-01  8.497975e-01  0.000000e+00
   outer loop
     vertex  5.540622e+01  5.557257e+00  1.500000e+00
     vertex  5.541543e+01  5.562967e+00  1.500000e+00
     vertex  5.541543e+01  5.562967e+00  0.000000e+00
   endloop
 endfacet
 facet normal -4.803291e-01  8.770884e-01  0.000000e+00
   outer loop
     vertex  5.539686e+01  5.551798e+00  1.500000e+00
     vertex  5.539686e+01  5.551798e+00  0.000000e+00
     vertex  5.538736e+01  5.546595e+00  0.000000e+00
   endloop
 endfacet
 facet normal -5.039039e-01  8.637597e-01  0.000000e+00
   outer loop
     vertex  5.539686e+01  5.551798e+00  1.500000e+00
     vertex  5.540622e+01  5.557257e+00  1.500000e+00
     vertex  5.539686e+01  5.551798e+00  0.000000e+00
   endloop
 endfacet
 facet normal -4.803291e-01  8.770884e-01  0.000000e+00
   outer loop
     vertex  5.538736e+01  5.546595e+00  1.500000e+00
     vertex  5.539686e+01  5.551798e+00  1.500000e+00
     vertex  5.538736e+01  5.546595e+00  0.000000e+00
   endloop
 endfacet
 facet normal -4.321400e-01  9.018065e-01  0.000000e+00
   outer loop
     vertex  5.537772e+01  5.541651e+00  1.500000e+00
     vertex  5.537772e+01  5.541651e+00  0.000000e+00
     vertex  5.536796e+01  5.536970e+00  0.000000e+00
   endloop
 endfacet
 facet normal -4.564019e-01  8.897737e-01  0.000000e+00
   outer loop
     vertex  5.537772e+01  5.541651e+00  1.500000e+00
     vertex  5.538736e+01  5.546595e+00  0.000000e+00
     vertex  5.537772e+01  5.541651e+00  0.000000e+00
   endloop
 endfacet
 facet normal -4.564019e-01  8.897737e-01  0.000000e+00
   outer loop
     vertex  5.537772e+01  5.541651e+00  1.500000e+00
     vertex  5.538736e+01  5.546595e+00  1.500000e+00
     vertex  5.538736e+01  5.546595e+00  0.000000e+00
   endloop
 endfacet
 facet normal -4.321400e-01  9.018065e-01  0.000000e+00
   outer loop
     vertex  5.536796e+01  5.536970e+00  1.500000e+00
     vertex  5.537772e+01  5.541651e+00  1.500000e+00
     vertex  5.536796e+01  5.536970e+00  0.000000e+00
   endloop
 endfacet
 facet normal -4.075612e-01  9.131779e-01  0.000000e+00
   outer loop
     vertex  5.535806e+01  5.532555e+00  1.500000e+00
     vertex  5.536796e+01  5.536970e+00  0.000000e+00
     vertex  5.535806e+01  5.532555e+00  0.000000e+00
   endloop
 endfacet
 facet normal -4.075612e-01  9.131779e-01  0.000000e+00
   outer loop
     vertex  5.535806e+01  5.532555e+00  1.500000e+00
     vertex  5.536796e+01  5.536970e+00  1.500000e+00
     vertex  5.536796e+01  5.536970e+00  0.000000e+00
   endloop
 endfacet
 facet normal -3.575250e-01  9.339036e-01  0.000000e+00
   outer loop
     vertex  5.534806e+01  5.528409e+00  1.500000e+00
     vertex  5.534806e+01  5.528409e+00  0.000000e+00
     vertex  5.533794e+01  5.524536e+00  0.000000e+00
   endloop
 endfacet
 facet normal -3.826834e-01  9.238795e-01  0.000000e+00
   outer loop
     vertex  5.534806e+01  5.528409e+00  1.500000e+00
     vertex  5.535806e+01  5.532555e+00  0.000000e+00
     vertex  5.534806e+01  5.528409e+00  0.000000e+00
   endloop
 endfacet
 facet normal -3.826834e-01  9.238795e-01  0.000000e+00
   outer loop
     vertex  5.534806e+01  5.528409e+00  1.500000e+00
     vertex  5.535806e+01  5.532555e+00  1.500000e+00
     vertex  5.535806e+01  5.532555e+00  0.000000e+00
   endloop
 endfacet
 facet normal -3.575250e-01  9.339036e-01  0.000000e+00
   outer loop
     vertex  5.533794e+01  5.524536e+00  1.500000e+00
     vertex  5.534806e+01  5.528409e+00  1.500000e+00
     vertex  5.533794e+01  5.524536e+00  0.000000e+00
   endloop
 endfacet
 facet normal -3.321044e-01  9.432426e-01  0.000000e+00
   outer loop
     vertex  5.532772e+01  5.520939e+00  1.500000e+00
     vertex  5.533794e+01  5.524536e+00  1.500000e+00
     vertex  5.533794e+01  5.524536e+00  0.000000e+00
   endloop
 endfacet
 facet normal -3.321044e-01  9.432426e-01  0.000000e+00
   outer loop
     vertex  5.532772e+01  5.520939e+00  1.500000e+00
     vertex  5.533794e+01  5.524536e+00  0.000000e+00
     vertex  5.532772e+01  5.520939e+00  0.000000e+00
   endloop
 endfacet
 facet normal -3.064401e-01  9.518899e-01  0.000000e+00
   outer loop
     vertex  5.531741e+01  5.517619e+00  1.500000e+00
     vertex  5.532772e+01  5.520939e+00  1.500000e+00
     vertex  5.532772e+01  5.520939e+00  0.000000e+00
   endloop
 endfacet
 facet normal -3.064401e-01  9.518899e-01  0.000000e+00
   outer loop
     vertex  5.531741e+01  5.517619e+00  1.500000e+00
     vertex  5.532772e+01  5.520939e+00  0.000000e+00
     vertex  5.531741e+01  5.517619e+00  0.000000e+00
   endloop
 endfacet
 facet normal -2.805512e-01  9.598391e-01  0.000000e+00
   outer loop
     vertex  5.530701e+01  5.514580e+00  1.500000e+00
     vertex  5.531741e+01  5.517619e+00  0.000000e+00
     vertex  5.530701e+01  5.514580e+00  0.000000e+00
   endloop
 endfacet
 facet normal -2.805512e-01  9.598391e-01  0.000000e+00
   outer loop
     vertex  5.530701e+01  5.514580e+00  1.500000e+00
     vertex  5.531741e+01  5.517619e+00  1.500000e+00
     vertex  5.531741e+01  5.517619e+00  0.000000e+00
   endloop
 endfacet
 facet normal -2.544564e-01  9.670842e-01  0.000000e+00
   outer loop
     vertex  5.529654e+01  5.511824e+00  1.500000e+00
     vertex  5.530701e+01  5.514580e+00  1.500000e+00
     vertex  5.530701e+01  5.514580e+00  0.000000e+00
   endloop
 endfacet
 facet normal -2.544564e-01  9.670842e-01  0.000000e+00
   outer loop
     vertex  5.529654e+01  5.511824e+00  1.500000e+00
     vertex  5.530701e+01  5.514580e+00  0.000000e+00
     vertex  5.529654e+01  5.511824e+00  0.000000e+00
   endloop
 endfacet
 facet normal -2.281751e-01  9.736201e-01  0.000000e+00
   outer loop
     vertex  5.528599e+01  5.509352e+00  1.500000e+00
     vertex  5.529654e+01  5.511824e+00  0.000000e+00
     vertex  5.528599e+01  5.509352e+00  0.000000e+00
   endloop
 endfacet
 facet normal -2.281751e-01  9.736201e-01  0.000000e+00
   outer loop
     vertex  5.528599e+01  5.509352e+00  1.500000e+00
     vertex  5.529654e+01  5.511824e+00  1.500000e+00
     vertex  5.529654e+01  5.511824e+00  0.000000e+00
   endloop
 endfacet
 facet normal -2.017264e-01  9.794419e-01  0.000000e+00
   outer loop
     vertex  5.527538e+01  5.507167e+00  1.500000e+00
     vertex  5.528599e+01  5.509352e+00  0.000000e+00
     vertex  5.527538e+01  5.507167e+00  0.000000e+00
   endloop
 endfacet
 facet normal -2.017264e-01  9.794419e-01  0.000000e+00
   outer loop
     vertex  5.527538e+01  5.507167e+00  1.500000e+00
     vertex  5.528599e+01  5.509352e+00  1.500000e+00
     vertex  5.528599e+01  5.509352e+00  0.000000e+00
   endloop
 endfacet
 facet normal -1.751297e-01  9.845454e-01  0.000000e+00
   outer loop
     vertex  5.526471e+01  5.505269e+00  1.500000e+00
     vertex  5.527538e+01  5.507167e+00  0.000000e+00
     vertex  5.526471e+01  5.505269e+00  0.000000e+00
   endloop
 endfacet
 facet normal -1.751297e-01  9.845454e-01  0.000000e+00
   outer loop
     vertex  5.526471e+01  5.505269e+00  1.500000e+00
     vertex  5.527538e+01  5.507167e+00  1.500000e+00
     vertex  5.527538e+01  5.507167e+00  0.000000e+00
   endloop
 endfacet
 facet normal -1.484046e-01  9.889267e-01  0.000000e+00
   outer loop
     vertex  5.525400e+01  5.503662e+00  1.500000e+00
     vertex  5.526471e+01  5.505269e+00  0.000000e+00
     vertex  5.525400e+01  5.503662e+00  0.000000e+00
   endloop
 endfacet
 facet normal -1.484046e-01  9.889267e-01  0.000000e+00
   outer loop
     vertex  5.525400e+01  5.503662e+00  1.500000e+00
     vertex  5.526471e+01  5.505269e+00  1.500000e+00
     vertex  5.526471e+01  5.505269e+00  0.000000e+00
   endloop
 endfacet
 facet normal -1.215707e-01  9.925828e-01  0.000000e+00
   outer loop
     vertex  5.524325e+01  5.502345e+00  1.500000e+00
     vertex  5.525400e+01  5.503662e+00  0.000000e+00
     vertex  5.524325e+01  5.502345e+00  0.000000e+00
   endloop
 endfacet
 facet normal -1.215707e-01  9.925828e-01  0.000000e+00
   outer loop
     vertex  5.524325e+01  5.502345e+00  1.500000e+00
     vertex  5.525400e+01  5.503662e+00  1.500000e+00
     vertex  5.525400e+01  5.503662e+00  0.000000e+00
   endloop
 endfacet
 facet normal -6.765502e-02  9.977088e-01  0.000000e+00
   outer loop
     vertex  5.523246e+01  5.501320e+00  1.500000e+00
     vertex  5.523246e+01  5.501320e+00  0.000000e+00
     vertex  5.522166e+01  5.500587e+00  0.000000e+00
   endloop
 endfacet
 facet normal -9.464755e-02  9.955108e-01  0.000000e+00
   outer loop
     vertex  5.523246e+01  5.501320e+00  1.500000e+00
     vertex  5.524325e+01  5.502345e+00  0.000000e+00
     vertex  5.523246e+01  5.501320e+00  0.000000e+00
   endloop
 endfacet
 facet normal -9.464755e-02  9.955108e-01  0.000000e+00
   outer loop
     vertex  5.523246e+01  5.501320e+00  1.500000e+00
     vertex  5.524325e+01  5.502345e+00  1.500000e+00
     vertex  5.524325e+01  5.502345e+00  0.000000e+00
   endloop
 endfacet
 facet normal -6.765502e-02  9.977088e-01  0.000000e+00
   outer loop
     vertex  5.522166e+01  5.500587e+00  1.500000e+00
     vertex  5.523246e+01  5.501320e+00  1.500000e+00
     vertex  5.522166e+01  5.500587e+00  0.000000e+00
   endloop
 endfacet
 facet normal -4.061287e-02  9.991750e-01  0.000000e+00
   outer loop
     vertex  5.521083e+01  5.500147e+00  1.500000e+00
     vertex  5.522166e+01  5.500587e+00  0.000000e+00
     vertex  5.521083e+01  5.500147e+00  0.000000e+00
   endloop
 endfacet
 facet normal -4.061287e-02  9.991750e-01  0.000000e+00
   outer loop
     vertex  5.521083e+01  5.500147e+00  1.500000e+00
     vertex  5.522166e+01  5.500587e+00  1.500000e+00
     vertex  5.522166e+01  5.500587e+00  0.000000e+00
   endloop
 endfacet
 facet normal -1.354093e-02  9.999083e-01  0.000000e+00
   outer loop
     vertex  5.520000e+01  5.500000e+00  1.500000e+00
     vertex  5.521083e+01  5.500147e+00  0.000000e+00
     vertex  5.520000e+01  5.500000e+00  0.000000e+00
   endloop
 endfacet
 facet normal -1.354093e-02  9.999083e-01  0.000000e+00
   outer loop
     vertex  5.520000e+01  5.500000e+00  1.500000e+00
     vertex  5.521083e+01  5.500147e+00  1.500000e+00
     vertex  5.521083e+01  5.500147e+00  0.000000e+00
   endloop
 endfacet
 facet normal -1.000000e+00  0.000000e+00  0.000000e+00
   outer loop
     vertex  5.560000e+01  5.900000e+00  1.500000e+00
     vertex  5.560000e+01  2.720000e+01  0.000000e+00
     vertex  5.560000e+01  5.900000e+00  0.000000e+00
   endloop
 endfacet
 facet normal -1.000000e+00  0.000000e+00  0.000000e+00
   outer loop
     vertex  5.560000e+01  5.900000e+00  1.500000e+00
     vertex  5.560000e+01  2.720000e+01  1.500000e+00
     vertex  5.560000e+01  2.720000e+01  0.000000e+00
   endloop
 endfacet
 facet normal -9.999083e-01 -1.354093e-02  0.000000e+00
   outer loop
     vertex  5.559985e+01  2.721083e+01  1.500000e+00
     vertex  5.560000e+01  2.720000e+01  0.000000e+00
     vertex  5.560000e+01  2.720000e+01  1.500000e+00
   endloop
 endfacet
 facet normal -9.999083e-01 -1.354093e-02 -0.000000e+00
   outer loop
     vertex  5.559985e+01  2.721083e+01  1.500000e+00
     vertex  5.559985e+01  2.721083e+01  0.000000e+00
     vertex  5.560000e+01  2.720000e+01  0.000000e+00
   endloop
 endfacet
 facet normal -9.991750e-01 -4.061287e-02 -0.000000e+00
   outer loop
     vertex  5.559941e+01  2.722166e+01  1.500000e+00
     vertex  5.559941e+01  2.722166e+01  0.000000e+00
     vertex  5.559985e+01  2.721083e+01  0.000000e+00
   endloop
 endfacet
 facet normal -9.991750e-01 -4.061287e-02  0.000000e+00
   outer loop
     vertex  5.559941e+01  2.722166e+01  1.500000e+00
     vertex  5.559985e+01  2.721083e+01  0.000000e+00
     vertex  5.559985e+01  2.721083e+01  1.500000e+00
   endloop
 endfacet
 facet normal -9.977088e-01 -6.765502e-02 -0.000000e+00
   outer loop
     vertex  5.559868e+01  2.723246e+01  1.500000e+00
     vertex  5.559868e+01  2.723246e+01  0.000000e+00
     vertex  5.559941e+01  2.722166e+01  0.000000e+00
   endloop
 endfacet
 facet normal -9.977088e-01 -6.765502e-02  0.000000e+00
   outer loop
     vertex  5.559868e+01  2.723246e+01  1.500000e+00
     vertex  5.559941e+01  2.722166e+01  0.000000e+00
     vertex  5.559941e+01  2.722166e+01  1.500000e+00
   endloop
 endfacet
 facet normal -9.955108e-01 -9.464755e-02 -0.000000e+00
   outer loop
     vertex  5.559766e+01  2.724325e+01  1.500000e+00
     vertex  5.559766e+01  2.724325e+01  0.000000e+00
     vertex  5.559868e+01  2.723246e+01  0.000000e+00
   endloop
 endfacet
 facet normal -9.955108e-01 -9.464755e-02  0.000000e+00
   outer loop
     vertex  5.559766e+01  2.724325e+01  1.500000e+00
     vertex  5.559868e+01  2.723246e+01  0.000000e+00
     vertex  5.559868e+01  2.723246e+01  1.500000e+00
   endloop
 endfacet
 facet normal -9.925828e-01 -1.215707e-01 -0.000000e+00
   outer loop
     vertex  5.559634e+01  2.725400e+01  1.500000e+00
     vertex  5.559634e+01  2.725400e+01  0.000000e+00
     vertex  5.559766e+01  2.724325e+01  0.000000e+00
   endloop
 endfacet
 facet normal -9.925828e-01 -1.215707e-01  0.000000e+00
   outer loop
     vertex  5.559634e+01  2.725400e+01  1.500000e+00
     vertex  5.559766e+01  2.724325e+01  0.000000e+00
     vertex  5.559766e+01  2.724325e+01  1.500000e+00
   endloop
 endfacet
 facet normal -9.889267e-01 -1.484046e-01 -0.000000e+00
   outer loop
     vertex  5.559473e+01  2.726471e+01  1.500000e+00
     vertex  5.559473e+01  2.726471e+01  0.000000e+00
     vertex  5.559634e+01  2.725400e+01  0.000000e+00
   endloop
 endfacet
 facet normal -9.889267e-01 -1.484046e-01  0.000000e+00
   outer loop
     vertex  5.559473e+01  2.726471e+01  1.500000e+00
     vertex  5.559634e+01  2.725400e+01  0.000000e+00
     vertex  5.559634e+01  2.725400e+01  1.500000e+00
   endloop
 endfacet
 facet normal -9.845454e-01 -1.751297e-01 -0.000000e+00
   outer loop
     vertex  5.559283e+01  2.727538e+01  1.500000e+00
     vertex  5.559283e+01  2.727538e+01  0.000000e+00
     vertex  5.559473e+01  2.726471e+01  0.000000e+00
   endloop
 endfacet
 facet normal -9.794419e-01 -2.017264e-01 -0.000000e+00
   outer loop
     vertex  5.559283e+01  2.727538e+01  1.500000e+00
     vertex  5.559065e+01  2.728599e+01  0.000000e+00
     vertex  5.559283e+01  2.727538e+01  0.000000e+00
   endloop
 endfacet
 facet normal -9.845454e-01 -1.751297e-01  0.000000e+00
   outer loop
     vertex  5.559283e+01  2.727538e+01  1.500000e+00
     vertex  5.559473e+01  2.726471e+01  0.000000e+00
     vertex  5.559473e+01  2.726471e+01  1.500000e+00
   endloop
 endfacet
 facet normal -9.794419e-01 -2.017264e-01 -0.000000e+00
   outer loop
     vertex  5.559065e+01  2.728599e+01  1.500000e+00
     vertex  5.559065e+01  2.728599e+01  0.000000e+00
     vertex  5.559283e+01  2.727538e+01  1.500000e+00
   endloop
 endfacet
 facet normal -9.736201e-01 -2.281751e-01 -0.000000e+00
   outer loop
     vertex  5.558818e+01  2.729654e+01  1.500000e+00
     vertex  5.558818e+01  2.729654e+01  0.000000e+00
     vertex  5.559065e+01  2.728599e+01  0.000000e+00
   endloop
 endfacet
 facet normal -9.736201e-01 -2.281751e-01  0.000000e+00
   outer loop
     vertex  5.558818e+01  2.729654e+01  1.500000e+00
     vertex  5.559065e+01  2.728599e+01  0.000000e+00
     vertex  5.559065e+01  2.728599e+01  1.500000e+00
   endloop
 endfacet
 facet normal -9.670842e-01 -2.544564e-01 -0.000000e+00
   outer loop
     vertex  5.558542e+01  2.730701e+01  1.500000e+00
     vertex  5.558542e+01  2.730701e+01  0.000000e+00
     vertex  5.558818e+01  2.729654e+01  0.000000e+00
   endloop
 endfacet
 facet normal -9.598391e-01 -2.805512e-01 -0.000000e+00
   outer loop
     vertex  5.558542e+01  2.730701e+01  1.500000e+00
     vertex  5.558238e+01  2.731741e+01  0.000000e+00
     vertex  5.558542e+01  2.730701e+01  0.000000e+00
   endloop
 endfacet
 facet normal -9.670842e-01 -2.544564e-01  0.000000e+00
   outer loop
     vertex  5.558542e+01  2.730701e+01  1.500000e+00
     vertex  5.558818e+01  2.729654e+01  0.000000e+00
     vertex  5.558818e+01  2.729654e+01  1.500000e+00
   endloop
 endfacet
 facet normal -9.598391e-01 -2.805512e-01 -0.000000e+00
   outer loop
     vertex  5.558238e+01  2.731741e+01  1.500000e+00
     vertex  5.558238e+01  2.731741e+01  0.000000e+00
     vertex  5.558542e+01  2.730701e+01  1.500000e+00
   endloop
 endfacet
 facet normal -9.518899e-01 -3.064401e-01 -0.000000e+00
   outer loop
     vertex  5.557906e+01  2.732772e+01  1.500000e+00
     vertex  5.557906e+01  2.732772e+01  0.000000e+00
     vertex  5.558238e+01  2.731741e+01  0.000000e+00
   endloop
 endfacet
 facet normal -9.432426e-01 -3.321044e-01 -0.000000e+00
   outer loop
     vertex  5.557906e+01  2.732772e+01  1.500000e+00
     vertex  5.557546e+01  2.733794e+01  0.000000e+00
     vertex  5.557906e+01  2.732772e+01  0.000000e+00
   endloop
 endfacet
 facet normal -9.518899e-01 -3.064401e-01  0.000000e+00
   outer loop
     vertex  5.557906e+01  2.732772e+01  1.500000e+00
     vertex  5.558238e+01  2.731741e+01  0.000000e+00
     vertex  5.558238e+01  2.731741e+01  1.500000e+00
   endloop
 endfacet
 facet normal -9.432426e-01 -3.321044e-01 -0.000000e+00
   outer loop
     vertex  5.557546e+01  2.733794e+01  1.500000e+00
     vertex  5.557546e+01  2.733794e+01  0.000000e+00
     vertex  5.557906e+01  2.732772e+01  1.500000e+00
   endloop
 endfacet
 facet normal -9.339036e-01 -3.575250e-01 -0.000000e+00
   outer loop
     vertex  5.557159e+01  2.734806e+01  1.500000e+00
     vertex  5.557159e+01  2.734806e+01  0.000000e+00
     vertex  5.557546e+01  2.733794e+01  0.000000e+00
   endloop
 endfacet
 facet normal -9.339036e-01 -3.575250e-01  0.000000e+00
   outer loop
     vertex  5.557159e+01  2.734806e+01  1.500000e+00
     vertex  5.557546e+01  2.733794e+01  0.000000e+00
     vertex  5.557546e+01  2.733794e+01  1.500000e+00
   endloop
 endfacet
 facet normal -9.238795e-01 -3.826834e-01 -0.000000e+00
   outer loop
     vertex  5.556745e+01  2.735806e+01  1.500000e+00
     vertex  5.556745e+01  2.735806e+01  0.000000e+00
     vertex  5.557159e+01  2.734806e+01  0.000000e+00
   endloop
 endfacet
 facet normal -9.131779e-01 -4.075612e-01 -0.000000e+00
   outer loop
     vertex  5.556745e+01  2.735806e+01  1.500000e+00
     vertex  5.556303e+01  2.736796e+01  0.000000e+00
     vertex  5.556745e+01  2.735806e+01  0.000000e+00
   endloop
 endfacet
 facet normal -9.238795e-01 -3.826834e-01  0.000000e+00
   outer loop
     vertex  5.556745e+01  2.735806e+01  1.500000e+00
     vertex  5.557159e+01  2.734806e+01  0.000000e+00
     vertex  5.557159e+01  2.734806e+01  1.500000e+00
   endloop
 endfacet
 facet normal -9.131779e-01 -4.075612e-01 -0.000000e+00
   outer loop
     vertex  5.556303e+01  2.736796e+01  1.500000e+00
     vertex  5.556303e+01  2.736796e+01  0.000000e+00
     vertex  5.556745e+01  2.735806e+01  1.500000e+00
   endloop
 endfacet
 facet normal -9.018065e-01 -4.321400e-01 -0.000000e+00
   outer loop
     vertex  5.555835e+01  2.737772e+01  1.500000e+00
     vertex  5.555835e+01  2.737772e+01  0.000000e+00
     vertex  5.556303e+01  2.736796e+01  0.000000e+00
   endloop
 endfacet
 facet normal -9.018065e-01 -4.321400e-01  0.000000e+00
   outer loop
     vertex  5.555835e+01  2.737772e+01  1.500000e+00
     vertex  5.556303e+01  2.736796e+01  0.000000e+00
     vertex  5.556303e+01  2.736796e+01  1.500000e+00
   endloop
 endfacet
 facet normal -8.897737e-01 -4.564019e-01 -0.000000e+00
   outer loop
     vertex  5.555340e+01  2.738736e+01  1.500000e+00
     vertex  5.555340e+01  2.738736e+01  0.000000e+00
     vertex  5.555835e+01  2.737772e+01  0.000000e+00
   endloop
 endfacet
 facet normal -8.897737e-01 -4.564019e-01  0.000000e+00
   outer loop
     vertex  5.555340e+01  2.738736e+01  1.500000e+00
     vertex  5.555835e+01  2.737772e+01  0.000000e+00
     vertex  5.555835e+01  2.737772e+01  1.500000e+00
   endloop
 endfacet
 facet normal -8.770884e-01 -4.803291e-01 -0.000000e+00
   outer loop
     vertex  5.554820e+01  2.739686e+01  1.500000e+00
     vertex  5.554820e+01  2.739686e+01  0.000000e+00
     vertex  5.555340e+01  2.738736e+01  0.000000e+00
   endloop
 endfacet
 facet normal -8.770884e-01 -4.803291e-01  0.000000e+00
   outer loop
     vertex  5.554820e+01  2.739686e+01  1.500000e+00
     vertex  5.555340e+01  2.738736e+01  0.000000e+00
     vertex  5.555340e+01  2.738736e+01  1.500000e+00
   endloop
 endfacet
 facet normal -8.637597e-01 -5.039039e-01 -0.000000e+00
   outer loop
     vertex  5.554274e+01  2.740622e+01  1.500000e+00
     vertex  5.554274e+01  2.740622e+01  0.000000e+00
     vertex  5.554820e+01  2.739686e+01  0.000000e+00
   endloop
 endfacet
 facet normal -8.637597e-01 -5.039039e-01  0.000000e+00
   outer loop
     vertex  5.554274e+01  2.740622e+01  1.500000e+00
     vertex  5.554820e+01  2.739686e+01  0.000000e+00
     vertex  5.554820e+01  2.739686e+01  1.500000e+00
   endloop
 endfacet
 facet normal -8.497975e-01 -5.271092e-01  0.000000e+00
   outer loop
     vertex  5.553703e+01  2.741543e+01  1.500000e+00
     vertex  5.554274e+01  2.740622e+01  0.000000e+00
     vertex  5.554274e+01  2.740622e+01  1.500000e+00
   endloop
 endfacet
 facet normal -8.497975e-01 -5.271092e-01 -0.000000e+00
   outer loop
     vertex  5.553703e+01  2.741543e+01  1.500000e+00
     vertex  5.553703e+01  2.741543e+01  0.000000e+00
     vertex  5.554274e+01  2.740622e+01  0.000000e+00
   endloop
 endfacet
 facet normal -8.352121e-01 -5.499279e-01 -0.000000e+00
   outer loop
     vertex  5.553703e+01  2.741543e+01  1.500000e+00
     vertex  5.553108e+01  2.742447e+01  0.000000e+00
     vertex  5.553703e+01  2.741543e+01  0.000000e+00
   endloop
 endfacet
 facet normal -8.352121e-01 -5.499279e-01 -0.000000e+00
   outer loop
     vertex  5.553108e+01  2.742447e+01  1.500000e+00
     vertex  5.553108e+01  2.742447e+01  0.000000e+00
     vertex  5.553703e+01  2.741543e+01  1.500000e+00
   endloop
 endfacet
 facet normal -8.200141e-01 -5.723433e-01 -0.000000e+00
   outer loop
     vertex  5.553108e+01  2.742447e+01  1.500000e+00
     vertex  5.552488e+01  2.743336e+01  0.000000e+00
     vertex  5.553108e+01  2.742447e+01  0.000000e+00
   endloop
 endfacet
 facet normal -8.200141e-01 -5.723433e-01 -0.000000e+00
   outer loop
     vertex  5.552488e+01  2.743336e+01  1.500000e+00
     vertex  5.552488e+01  2.743336e+01  0.000000e+00
     vertex  5.553108e+01  2.742447e+01  1.500000e+00
   endloop
 endfacet
 facet normal -8.042147e-01 -5.943389e-01  0.000000e+00
   outer loop
     vertex  5.551844e+01  2.744207e+01  1.500000e+00
     vertex  5.552488e+01  2.743336e+01  0.000000e+00
     vertex  5.552488e+01  2.743336e+01  1.500000e+00
   endloop
 endfacet
 facet normal -8.042147e-01 -5.943389e-01 -0.000000e+00
   outer loop
     vertex  5.551844e+01  2.744207e+01  1.500000e+00
     vertex  5.551844e+01  2.744207e+01  0.000000e+00
     vertex  5.552488e+01  2.743336e+01  0.000000e+00
   endloop
 endfacet
 facet normal -7.878255e-01 -6.158986e-01  0.000000e+00
   outer loop
     vertex  5.551177e+01  2.745060e+01  1.500000e+00
     vertex  5.551844e+01  2.744207e+01  0.000000e+00
     vertex  5.551844e+01  2.744207e+01  1.500000e+00
   endloop
 endfacet
 facet normal -7.878255e-01 -6.158986e-01 -0.000000e+00
   outer loop
     vertex  5.551177e+01  2.745060e+01  1.500000e+00
     vertex  5.551177e+01  2.745060e+01  0.000000e+00
     vertex  5.551844e+01  2.744207e+01  0.000000e+00
   endloop
 endfacet
 facet normal -7.708584e-01 -6.370065e-01 -0.000000e+00
   outer loop
     vertex  5.551177e+01  2.745060e+01  1.500000e+00
     vertex  5.550486e+01  2.745895e+01  0.000000e+00
     vertex  5.551177e+01  2.745060e+01  0.000000e+00
   endloop
 endfacet
 facet normal -7.708584e-01 -6.370065e-01 -0.000000e+00
   outer loop
     vertex  5.550486e+01  2.745895e+01  1.500000e+00
     vertex  5.550486e+01  2.745895e+01  0.000000e+00
     vertex  5.551177e+01  2.745060e+01  1.500000e+00
   endloop
 endfacet
 facet normal -7.533260e-01 -6.576473e-01 -0.000000e+00
   outer loop
     vertex  5.549774e+01  2.746712e+01  1.500000e+00
     vertex  5.549774e+01  2.746712e+01  0.000000e+00
     vertex  5.550486e+01  2.745895e+01  0.000000e+00
   endloop
 endfacet
 facet normal -7.533260e-01 -6.576473e-01  0.000000e+00
   outer loop
     vertex  5.549774e+01  2.746712e+01  1.500000e+00
     vertex  5.550486e+01  2.745895e+01  0.000000e+00
     vertex  5.550486e+01  2.745895e+01  1.500000e+00
   endloop
 endfacet
 facet normal -7.352410e-01 -6.778058e-01 -0.000000e+00
   outer loop
     vertex  5.549040e+01  2.747508e+01  1.500000e+00
     vertex  5.549040e+01  2.747508e+01  0.000000e+00
     vertex  5.549774e+01  2.746712e+01  0.000000e+00
   endloop
 endfacet
 facet normal -7.166168e-01 -6.974671e-01 -0.000000e+00
   outer loop
     vertex  5.549040e+01  2.747508e+01  1.500000e+00
     vertex  5.548284e+01  2.748284e+01  0.000000e+00
     vertex  5.549040e+01  2.747508e+01  0.000000e+00
   endloop
 endfacet
 facet normal -7.352410e-01 -6.778058e-01  0.000000e+00
   outer loop
     vertex  5.549040e+01  2.747508e+01  1.500000e+00
     vertex  5.549774e+01  2.746712e+01  0.000000e+00
     vertex  5.549774e+01  2.746712e+01  1.500000e+00
   endloop
 endfacet
 facet normal -7.166168e-01 -6.974671e-01 -0.000000e+00
   outer loop
     vertex  5.548284e+01  2.748284e+01  1.500000e+00
     vertex  5.548284e+01  2.748284e+01  0.000000e+00
     vertex  5.549040e+01  2.747508e+01  1.500000e+00
   endloop
 endfacet
 facet normal -6.974671e-01 -7.166168e-01 -0.000000e+00
   outer loop
     vertex  5.547508e+01  2.749040e+01  1.500000e+00
     vertex  5.547508e+01  2.749040e+01  0.000000e+00
     vertex  5.548284e+01  2.748284e+01  0.000000e+00
   endloop
 endfacet
 facet normal -6.778058e-01 -7.352410e-01 -0.000000e+00
   outer loop
     vertex  5.547508e+01  2.749040e+01  1.500000e+00
     vertex  5.546712e+01  2.749774e+01  0.000000e+00
     vertex  5.547508e+01  2.749040e+01  0.000000e+00
   endloop
 endfacet
 facet normal -6.974671e-01 -7.166168e-01  0.000000e+00
   outer loop
     vertex  5.547508e+01  2.749040e+01  1.500000e+00
     vertex  5.548284e+01  2.748284e+01  0.000000e+00
     vertex  5.548284e+01  2.748284e+01  1.500000e+00
   endloop
 endfacet
 facet normal -6.576473e-01 -7.533260e-01 -0.000000e+00
   outer loop
     vertex  5.546712e+01  2.749774e+01  1.500000e+00
     vertex  5.545895e+01  2.750486e+01  0.000000e+00
     vertex  5.546712e+01  2.749774e+01  0.000000e+00
   endloop
 endfacet
 facet normal -6.778058e-01 -7.352410e-01 -0.000000e+00
   outer loop
     vertex  5.546712e+01  2.749774e+01  1.500000e+00
     vertex  5.546712e+01  2.749774e+01  0.000000e+00
     vertex  5.547508e+01  2.749040e+01  1.500000e+00
   endloop
 endfacet
 facet normal -6.576473e-01 -7.533260e-01 -0.000000e+00
   outer loop
     vertex  5.545895e+01  2.750486e+01  1.500000e+00
     vertex  5.545895e+01  2.750486e+01  0.000000e+00
     vertex  5.546712e+01  2.749774e+01  1.500000e+00
   endloop
 endfacet
 facet normal -6.370065e-01 -7.708584e-01 -0.000000e+00
   outer loop
     vertex  5.545060e+01  2.751177e+01  1.500000e+00
     vertex  5.545060e+01  2.751177e+01  0.000000e+00
     vertex  5.545895e+01  2.750486e+01  0.000000e+00
   endloop
 endfacet
 facet normal -6.158986e-01 -7.878255e-01 -0.000000e+00
   outer loop
     vertex  5.545060e+01  2.751177e+01  1.500000e+00
     vertex  5.544207e+01  2.751844e+01  0.000000e+00
     vertex  5.545060e+01  2.751177e+01  0.000000e+00
   endloop
 endfacet
 facet normal -6.370065e-01 -7.708584e-01  0.000000e+00
   outer loop
     vertex  5.545060e+01  2.751177e+01  1.500000e+00
     vertex  5.545895e+01  2.750486e+01  0.000000e+00
     vertex  5.545895e+01  2.750486e+01  1.500000e+00
   endloop
 endfacet
 facet normal -6.158986e-01 -7.878255e-01 -0.000000e+00
   outer loop
     vertex  5.544207e+01  2.751844e+01  1.500000e+00
     vertex  5.544207e+01  2.751844e+01  0.000000e+00
     vertex  5.545060e+01  2.751177e+01  1.500000e+00
   endloop
 endfacet
 facet normal -5.943389e-01 -8.042147e-01 -0.000000e+00
   outer loop
     vertex  5.543336e+01  2.752488e+01  1.500000e+00
     vertex  5.543336e+01  2.752488e+01  0.000000e+00
     vertex  5.544207e+01  2.751844e+01  0.000000e+00
   endloop
 endfacet
 facet normal -5.943389e-01 -8.042147e-01  0.000000e+00
   outer loop
     vertex  5.543336e+01  2.752488e+01  1.500000e+00
     vertex  5.544207e+01  2.751844e+01  0.000000e+00
     vertex  5.544207e+01  2.751844e+01  1.500000e+00
   endloop
 endfacet
 facet normal -5.723433e-01 -8.200141e-01 -0.000000e+00
   outer loop
     vertex  5.542447e+01  2.753108e+01  1.500000e+00
     vertex  5.542447e+01  2.753108e+01  0.000000e+00
     vertex  5.543336e+01  2.752488e+01  0.000000e+00
   endloop
 endfacet
 facet normal -5.723433e-01 -8.200141e-01  0.000000e+00
   outer loop
     vertex  5.542447e+01  2.753108e+01  1.500000e+00
     vertex  5.543336e+01  2.752488e+01  0.000000e+00
     vertex  5.543336e+01  2.752488e+01  1.500000e+00
   endloop
 endfacet
 facet normal -5.499279e-01 -8.352121e-01 -0.000000e+00
   outer loop
     vertex  5.541543e+01  2.753703e+01  1.500000e+00
     vertex  5.541543e+01  2.753703e+01  0.000000e+00
     vertex  5.542447e+01  2.753108e+01  0.000000e+00
   endloop
 endfacet
 facet normal -5.499279e-01 -8.352121e-01  0.000000e+00
   outer loop
     vertex  5.541543e+01  2.753703e+01  1.500000e+00
     vertex  5.542447e+01  2.753108e+01  0.000000e+00
     vertex  5.542447e+01  2.753108e+01  1.500000e+00
   endloop
 endfacet
 facet normal -5.271092e-01 -8.497975e-01 -0.000000e+00
   outer loop
     vertex  5.540622e+01  2.754274e+01  1.500000e+00
     vertex  5.540622e+01  2.754274e+01  0.000000e+00
     vertex  5.541543e+01  2.753703e+01  0.000000e+00
   endloop
 endfacet
 facet normal -5.039039e-01 -8.637597e-01 -0.000000e+00
   outer loop
     vertex  5.540622e+01  2.754274e+01  1.500000e+00
     vertex  5.539686e+01  2.754820e+01  0.000000e+00
     vertex  5.540622e+01  2.754274e+01  0.000000e+00
   endloop
 endfacet
 facet normal -5.271092e-01 -8.497975e-01  0.000000e+00
   outer loop
     vertex  5.540622e+01  2.754274e+01  1.500000e+00
     vertex  5.541543e+01  2.753703e+01  0.000000e+00
     vertex  5.541543e+01  2.753703e+01  1.500000e+00
   endloop
 endfacet
 facet normal -5.039039e-01 -8.637597e-01 -0.000000e+00
   outer loop
     vertex  5.539686e+01  2.754820e+01  1.500000e+00
     vertex  5.539686e+01  2.754820e+01  0.000000e+00
     vertex  5.540622e+01  2.754274e+01  1.500000e+00
   endloop
 endfacet
 facet normal -4.803291e-01 -8.770884e-01 -0.000000e+00
   outer loop
     vertex  5.538736e+01  2.755340e+01  1.500000e+00
     vertex  5.538736e+01  2.755340e+01  0.000000e+00
     vertex  5.539686e+01  2.754820e+01  0.000000e+00
   endloop
 endfacet
 facet normal -4.803291e-01 -8.770884e-01  0.000000e+00
   outer loop
     vertex  5.538736e+01  2.755340e+01  1.500000e+00
     vertex  5.539686e+01  2.754820e+01  0.000000e+00
     vertex  5.539686e+01  2.754820e+01  1.500000e+00
   endloop
 endfacet
 facet normal -4.564019e-01 -8.897737e-01 -0.000000e+00
   outer loop
     vertex  5.537772e+01  2.755835e+01  1.500000e+00
     vertex  5.537772e+01  2.755835e+01  0.000000e+00
     vertex  5.538736e+01  2.755340e+01  0.000000e+00
   endloop
 endfacet
 facet normal -4.564019e-01 -8.897737e-01  0.000000e+00
   outer loop
     vertex  5.537772e+01  2.755835e+01  1.500000e+00
     vertex  5.538736e+01  2.755340e+01  0.000000e+00
     vertex  5.538736e+01  2.755340e+01  1.500000e+00
   endloop
 endfacet
 facet normal -4.321400e-01 -9.018065e-01 -0.000000e+00
   outer loop
     vertex  5.536796e+01  2.756303e+01  1.500000e+00
     vertex  5.536796e+01  2.756303e+01  0.000000e+00
     vertex  5.537772e+01  2.755835e+01  0.000000e+00
   endloop
 endfacet
 facet normal -4.321400e-01 -9.018065e-01  0.000000e+00
   outer loop
     vertex  5.536796e+01  2.756303e+01  1.500000e+00
     vertex  5.537772e+01  2.755835e+01  0.000000e+00
     vertex  5.537772e+01  2.755835e+01  1.500000e+00
   endloop
 endfacet
 facet normal -4.075612e-01 -9.131779e-01 -0.000000e+00
   outer loop
     vertex  5.535806e+01  2.756745e+01  1.500000e+00
     vertex  5.535806e+01  2.756745e+01  0.000000e+00
     vertex  5.536796e+01  2.756303e+01  0.000000e+00
   endloop
 endfacet
 facet normal -4.075612e-01 -9.131779e-01  0.000000e+00
   outer loop
     vertex  5.535806e+01  2.756745e+01  1.500000e+00
     vertex  5.536796e+01  2.756303e+01  0.000000e+00
     vertex  5.536796e+01  2.756303e+01  1.500000e+00
   endloop
 endfacet
 facet normal -3.826834e-01 -9.238795e-01 -0.000000e+00
   outer loop
     vertex  5.534806e+01  2.757159e+01  1.500000e+00
     vertex  5.534806e+01  2.757159e+01  0.000000e+00
     vertex  5.535806e+01  2.756745e+01  0.000000e+00
   endloop
 endfacet
 facet normal -3.826834e-01 -9.238795e-01  0.000000e+00
   outer loop
     vertex  5.534806e+01  2.757159e+01  1.500000e+00
     vertex  5.535806e+01  2.756745e+01  0.000000e+00
     vertex  5.535806e+01  2.756745e+01  1.500000e+00
   endloop
 endfacet
 facet normal -3.575250e-01 -9.339036e-01 -0.000000e+00
   outer loop
     vertex  5.533794e+01  2.757546e+01  1.500000e+00
     vertex  5.533794e+01  2.757546e+01  0.000000e+00
     vertex  5.534806e+01  2.757159e+01  0.000000e+00
   endloop
 endfacet
 facet normal -3.575250e-01 -9.339036e-01  0.000000e+00
   outer loop
     vertex  5.533794e+01  2.757546e+01  1.500000e+00
     vertex  5.534806e+01  2.757159e+01  0.000000e+00
     vertex  5.534806e+01  2.757159e+01  1.500000e+00
   endloop
 endfacet
 facet normal -3.321044e-01 -9.432426e-01  0.000000e+00
   outer loop
     vertex  5.532772e+01  2.757906e+01  1.500000e+00
     vertex  5.533794e+01  2.757546e+01  0.000000e+00
     vertex  5.533794e+01  2.757546e+01  1.500000e+00
   endloop
 endfacet
 facet normal -3.321044e-01 -9.432426e-01 -0.000000e+00
   outer loop
     vertex  5.532772e+01  2.757906e+01  1.500000e+00
     vertex  5.532772e+01  2.757906e+01  0.000000e+00
     vertex  5.533794e+01  2.757546e+01  0.000000e+00
   endloop
 endfacet
 facet normal -3.064401e-01 -9.518899e-01  0.000000e+00
   outer loop
     vertex  5.531741e+01  2.758238e+01  1.500000e+00
     vertex  5.532772e+01  2.757906e+01  0.000000e+00
     vertex  5.532772e+01  2.757906e+01  1.500000e+00
   endloop
 endfacet
 facet normal -3.064401e-01 -9.518899e-01 -0.000000e+00
   outer loop
     vertex  5.531741e+01  2.758238e+01  1.500000e+00
     vertex  5.531741e+01  2.758238e+01  0.000000e+00
     vertex  5.532772e+01  2.757906e+01  0.000000e+00
   endloop
 endfacet
 facet normal -2.805512e-01 -9.598391e-01  0.000000e+00
   outer loop
     vertex  5.530701e+01  2.758542e+01  1.500000e+00
     vertex  5.531741e+01  2.758238e+01  0.000000e+00
     vertex  5.531741e+01  2.758238e+01  1.500000e+00
   endloop
 endfacet
 facet normal -2.805512e-01 -9.598391e-01 -0.000000e+00
   outer loop
     vertex  5.530701e+01  2.758542e+01  1.500000e+00
     vertex  5.530701e+01  2.758542e+01  0.000000e+00
     vertex  5.531741e+01  2.758238e+01  0.000000e+00
   endloop
 endfacet
 facet normal -2.544564e-01 -9.670842e-01  0.000000e+00
   outer loop
     vertex  5.529654e+01  2.758818e+01  1.500000e+00
     vertex  5.530701e+01  2.758542e+01  0.000000e+00
     vertex  5.530701e+01  2.758542e+01  1.500000e+00
   endloop
 endfacet
 facet normal -2.544564e-01 -9.670842e-01 -0.000000e+00
   outer loop
     vertex  5.529654e+01  2.758818e+01  1.500000e+00
     vertex  5.529654e+01  2.758818e+01  0.000000e+00
     vertex  5.530701e+01  2.758542e+01  0.000000e+00
   endloop
 endfacet
 facet normal -2.281751e-01 -9.736201e-01  0.000000e+00
   outer loop
     vertex  5.528599e+01  2.759065e+01  1.500000e+00
     vertex  5.529654e+01  2.758818e+01  0.000000e+00
     vertex  5.529654e+01  2.758818e+01  1.500000e+00
   endloop
 endfacet
 facet normal -2.281751e-01 -9.736201e-01 -0.000000e+00
   outer loop
     vertex  5.528599e+01  2.759065e+01  1.500000e+00
     vertex  5.528599e+01  2.759065e+01  0.000000e+00
     vertex  5.529654e+01  2.758818e+01  0.000000e+00
   endloop
 endfacet
 facet normal -2.017264e-01 -9.794419e-01 -0.000000e+00
   outer loop
     vertex  5.528599e+01  2.759065e+01  1.500000e+00
     vertex  5.527538e+01  2.759283e+01  0.000000e+00
     vertex  5.528599e+01  2.759065e+01  0.000000e+00
   endloop
 endfacet
 facet normal -2.017264e-01 -9.794419e-01 -0.000000e+00
   outer loop
     vertex  5.527538e+01  2.759283e+01  1.500000e+00
     vertex  5.527538e+01  2.759283e+01  0.000000e+00
     vertex  5.528599e+01  2.759065e+01  1.500000e+00
   endloop
 endfacet
 facet normal -1.751297e-01 -9.845454e-01  0.000000e+00
   outer loop
     vertex  5.526471e+01  2.759473e+01  1.500000e+00
     vertex  5.527538e+01  2.759283e+01  0.000000e+00
     vertex  5.527538e+01  2.759283e+01  1.500000e+00
   endloop
 endfacet
 facet normal -1.751297e-01 -9.845454e-01 -0.000000e+00
   outer loop
     vertex  5.526471e+01  2.759473e+01  1.500000e+00
     vertex  5.526471e+01  2.759473e+01  0.000000e+00
     vertex  5.527538e+01  2.759283e+01  0.000000e+00
   endloop
 endfacet
 facet normal -1.484046e-01 -9.889267e-01 -0.000000e+00
   outer loop
     vertex  5.526471e+01  2.759473e+01  1.500000e+00
     vertex  5.525400e+01  2.759634e+01  0.000000e+00
     vertex  5.526471e+01  2.759473e+01  0.000000e+00
   endloop
 endfacet
 facet normal -1.484046e-01 -9.889267e-01 -0.000000e+00
   outer loop
     vertex  5.525400e+01  2.759634e+01  1.500000e+00
     vertex  5.525400e+01  2.759634e+01  0.000000e+00
     vertex  5.526471e+01  2.759473e+01  1.500000e+00
   endloop
 endfacet
 facet normal -1.215707e-01 -9.925828e-01  0.000000e+00
   outer loop
     vertex  5.524325e+01  2.759766e+01  1.500000e+00
     vertex  5.525400e+01  2.759634e+01  0.000000e+00
     vertex  5.525400e+01  2.759634e+01  1.500000e+00
   endloop
 endfacet
 facet normal -1.215707e-01 -9.925828e-01 -0.000000e+00
   outer loop
     vertex  5.524325e+01  2.759766e+01  1.500000e+00
     vertex  5.524325e+01  2.759766e+01  0.000000e+00
     vertex  5.525400e+01  2.759634e+01  0.000000e+00
   endloop
 endfacet
 facet normal -9.464755e-02 -9.955108e-01  0.000000e+00
   outer loop
     vertex  5.523246e+01  2.759868e+01  1.500000e+00
     vertex  5.524325e+01  2.759766e+01  0.000000e+00
     vertex  5.524325e+01  2.759766e+01  1.500000e+00
   endloop
 endfacet
 facet normal -9.464755e-02 -9.955108e-01 -0.000000e+00
   outer loop
     vertex  5.523246e+01  2.759868e+01  1.500000e+00
     vertex  5.523246e+01  2.759868e+01  0.000000e+00
     vertex  5.524325e+01  2.759766e+01  0.000000e+00
   endloop
 endfacet
 facet normal -6.765502e-02 -9.977088e-01 -0.000000e+00
   outer loop
     vertex  5.523246e+01  2.759868e+01  1.500000e+00
     vertex  5.522166e+01  2.759941e+01  0.000000e+00
     vertex  5.523246e+01  2.759868e+01  0.000000e+00
   endloop
 endfacet
 facet normal -6.765502e-02 -9.977088e-01 -0.000000e+00
   outer loop
     vertex  5.522166e+01  2.759941e+01  1.500000e+00
     vertex  5.522166e+01  2.759941e+01  0.000000e+00
     vertex  5.523246e+01  2.759868e+01  1.500000e+00
   endloop
 endfacet
 facet normal -4.061287e-02 -9.991750e-01  0.000000e+00
   outer loop
     vertex  5.521083e+01  2.759985e+01  1.500000e+00
     vertex  5.522166e+01  2.759941e+01  0.000000e+00
     vertex  5.522166e+01  2.759941e+01  1.500000e+00
   endloop
 endfacet
 facet normal -4.061287e-02 -9.991750e-01 -0.000000e+00
   outer loop
     vertex  5.521083e+01  2.759985e+01  1.500000e+00
     vertex  5.521083e+01  2.759985e+01  0.000000e+00
     vertex  5.522166e+01  2.759941e+01  0.000000e+00
   endloop
 endfacet
 facet normal -1.354093e-02 -9.999083e-01  0.000000e+00
   outer loop
     vertex  5.520000e+01  2.760000e+01  1.500000e+00
     vertex  5.521083e+01  2.759985e+01  0.000000e+00
     vertex  5.521083e+01  2.759985e+01  1.500000e+00
   endloop
 endfacet
 facet normal -1.354093e-02 -9.999083e-01 -0.000000e+00
   outer loop
     vertex  5.520000e+01  2.760000e+01  1.500000e+00
     vertex  5.520000e+01  2.760000e+01  0.000000e+00
     vertex  5.521083e+01  2.759985e+01  0.000000e+00
   endloop
 endfacet
 facet normal  0.000000e+00 -1.000000e+00 -0.000000e+00
   outer loop
     vertex  5.520000e+01  2.760000e+01  1.500000e+00
     vertex  3.740000e+01  2.760000e+01  0.000000e+00
     vertex  5.520000e+01  2.760000e+01  0.000000e+00
   endloop
 endfacet
 facet normal -0.000000e+00 -1.000000e+00  0.000000e+00
   outer loop
     vertex  5.520000e+01  2.760000e+01  1.500000e+00
     vertex  3.740000e+01  2.760000e+01  1.500000e+00
     vertex  3.740000e+01  2.760000e+01  0.000000e+00
   endloop
 endfacet
 facet normal  9.999083e-01 -1.354093e-02  0.000000e+00
   outer loop
     vertex  3.700015e+01  2.721083e+01  1.500000e+00
     vertex  3.700000e+01  2.720000e+01  1.500000e+00
     vertex  3.700000e+01  2.720000e+01  0.000000e+00
   endloop
 endfacet
 facet normal  9.999083e-01 -1.354093e-02  0.000000e+00
   outer loop
     vertex  3.700015e+01  2.721083e+01  1.500000e+00
     vertex  3.700000e+01  2.720000e+01  0.000000e+00
     vertex  3.700015e+01  2.721083e+01  0.000000e+00
   endloop
 endfacet
 facet normal  9.991750e-01 -4.061287e-02  0.000000e+00
   outer loop
     vertex  3.700059e+01  2.722166e+01  1.500000e+00
     vertex  3.700015e+01  2.721083e+01  1.500000e+00
     vertex  3.700015e+01  2.721083e+01  0.000000e+00
   endloop
 endfacet
 facet normal  9.991750e-01 -4.061287e-02  0.000000e+00
   outer loop
     vertex  3.700059e+01  2.722166e+01  1.500000e+00
     vertex  3.700015e+01  2.721083e+01  0.000000e+00
     vertex  3.700059e+01  2.722166e+01  0.000000e+00
   endloop
 endfacet
 facet normal  9.977088e-01 -6.765502e-02  0.000000e+00
   outer loop
     vertex  3.700132e+01  2.723246e+01  1.500000e+00
     vertex  3.700059e+01  2.722166e+01  1.500000e+00
     vertex  3.700059e+01  2.722166e+01  0.000000e+00
   endloop
 endfacet
 facet normal  9.955108e-01 -9.464755e-02  0.000000e+00
   outer loop
     vertex  3.700132e+01  2.723246e+01  1.500000e+00
     vertex  3.700132e+01  2.723246e+01  0.000000e+00
     vertex  3.700234e+01  2.724325e+01  0.000000e+00
   endloop
 endfacet
 facet normal  9.977088e-01 -6.765502e-02  0.000000e+00
   outer loop
     vertex  3.700132e+01  2.723246e+01  1.500000e+00
     vertex  3.700059e+01  2.722166e+01  0.000000e+00
     vertex  3.700132e+01  2.723246e+01  0.000000e+00
   endloop
 endfacet
 facet normal  9.955108e-01 -9.464755e-02  0.000000e+00
   outer loop
     vertex  3.700234e+01  2.724325e+01  1.500000e+00
     vertex  3.700132e+01  2.723246e+01  1.500000e+00
     vertex  3.700234e+01  2.724325e+01  0.000000e+00
   endloop
 endfacet
 facet normal  9.925828e-01 -1.215707e-01  0.000000e+00
   outer loop
     vertex  3.700366e+01  2.725400e+01  1.500000e+00
     vertex  3.700234e+01  2.724325e+01  1.500000e+00
     vertex  3.700234e+01  2.724325e+01  0.000000e+00
   endloop
 endfacet
 facet normal  9.889267e-01 -1.484046e-01  0.000000e+00
   outer loop
     vertex  3.700366e+01  2.725400e+01  1.500000e+00
     vertex  3.700366e+01  2.725400e+01  0.000000e+00
     vertex  3.700527e+01  2.726471e+01  0.000000e+00
   endloop
 endfacet
 facet normal  9.925828e-01 -1.215707e-01  0.000000e+00
   outer loop
     vertex  3.700366e+01  2.725400e+01  1.500000e+00
     vertex  3.700234e+01  2.724325e+01  0.000000e+00
     vertex  3.700366e+01  2.725400e+01  0.000000e+00
   endloop
 endfacet
 facet normal  9.889267e-01 -1.484046e-01  0.000000e+00
   outer loop
     vertex  3.700527e+01  2.726471e+01  1.500000e+00
     vertex  3.700366e+01  2.725400e+01  1.500000e+00
     vertex  3.700527e+01  2.726471e+01  0.000000e+00
   endloop
 endfacet
 facet normal  9.845454e-01 -1.751297e-01  0.000000e+00
   outer loop
     vertex  3.700717e+01  2.727538e+01  1.500000e+00
     vertex  3.700527e+01  2.726471e+01  1.500000e+00
     vertex  3.700527e+01  2.726471e+01  0.000000e+00
   endloop
 endfacet
 facet normal  9.794419e-01 -2.017264e-01  0.000000e+00
   outer loop
     vertex  3.700717e+01  2.727538e+01  1.500000e+00
     vertex  3.700717e+01  2.727538e+01  0.000000e+00
     vertex  3.700935e+01  2.728599e+01  0.000000e+00
   endloop
 endfacet
 facet normal  9.845454e-01 -1.751297e-01  0.000000e+00
   outer loop
     vertex  3.700717e+01  2.727538e+01  1.500000e+00
     vertex  3.700527e+01  2.726471e+01  0.000000e+00
     vertex  3.700717e+01  2.727538e+01  0.000000e+00
   endloop
 endfacet
 facet normal  9.794419e-01 -2.017264e-01  0.000000e+00
   outer loop
     vertex  3.700935e+01  2.728599e+01  1.500000e+00
     vertex  3.700717e+01  2.727538e+01  1.500000e+00
     vertex  3.700935e+01  2.728599e+01  0.000000e+00
   endloop
 endfacet
 facet normal  9.670842e-01 -2.544564e-01  0.000000e+00
   outer loop
     vertex  3.701182e+01  2.729654e+01  1.500000e+00
     vertex  3.701182e+01  2.729654e+01  0.000000e+00
     vertex  3.701458e+01  2.730701e+01  0.000000e+00
   endloop
 endfacet
 facet normal  9.736201e-01 -2.281751e-01  0.000000e+00
   outer loop
     vertex  3.701182e+01  2.729654e+01  1.500000e+00
     vertex  3.700935e+01  2.728599e+01  0.000000e+00
     vertex  3.701182e+01  2.729654e+01  0.000000e+00
   endloop
 endfacet
 facet normal  9.736201e-01 -2.281751e-01  0.000000e+00
   outer loop
     vertex  3.701182e+01  2.729654e+01  1.500000e+00
     vertex  3.700935e+01  2.728599e+01  1.500000e+00
     vertex  3.700935e+01  2.728599e+01  0.000000e+00
   endloop
 endfacet
 facet normal  9.598391e-01 -2.805512e-01  0.000000e+00
   outer loop
     vertex  3.701458e+01  2.730701e+01  1.500000e+00
     vertex  3.701458e+01  2.730701e+01  0.000000e+00
     vertex  3.701762e+01  2.731741e+01  0.000000e+00
   endloop
 endfacet
 facet normal  9.670842e-01 -2.544564e-01  0.000000e+00
   outer loop
     vertex  3.701458e+01  2.730701e+01  1.500000e+00
     vertex  3.701182e+01  2.729654e+01  1.500000e+00
     vertex  3.701458e+01  2.730701e+01  0.000000e+00
   endloop
 endfacet
 facet normal  9.598391e-01 -2.805512e-01  0.000000e+00
   outer loop
     vertex  3.701762e+01  2.731741e+01  1.500000e+00
     vertex  3.701458e+01  2.730701e+01  1.500000e+00
     vertex  3.701762e+01  2.731741e+01  0.000000e+00
   endloop
 endfacet
 facet normal  9.518899e-01 -3.064401e-01  0.000000e+00
   outer loop
     vertex  3.702094e+01  2.732772e+01  1.500000e+00
     vertex  3.701762e+01  2.731741e+01  0.000000e+00
     vertex  3.702094e+01  2.732772e+01  0.000000e+00
   endloop
 endfacet
 facet normal  9.518899e-01 -3.064401e-01  0.000000e+00
   outer loop
     vertex  3.702094e+01  2.732772e+01  1.500000e+00
     vertex  3.701762e+01  2.731741e+01  1.500000e+00
     vertex  3.701762e+01  2.731741e+01  0.000000e+00
   endloop
 endfacet
 facet normal  9.432426e-01 -3.321044e-01  0.000000e+00
   outer loop
     vertex  3.702454e+01  2.733794e+01  1.500000e+00
     vertex  3.702094e+01  2.732772e+01  0.000000e+00
     vertex  3.702454e+01  2.733794e+01  0.000000e+00
   endloop
 endfacet
 facet normal  9.432426e-01 -3.321044e-01  0.000000e+00
   outer loop
     vertex  3.702454e+01  2.733794e+01  1.500000e+00
     vertex  3.702094e+01  2.732772e+01  1.500000e+00
     vertex  3.702094e+01  2.732772e+01  0.000000e+00
   endloop
 endfacet
 facet normal  9.339036e-01 -3.575250e-01  0.000000e+00
   outer loop
     vertex  3.702841e+01  2.734806e+01  1.500000e+00
     vertex  3.702454e+01  2.733794e+01  0.000000e+00
     vertex  3.702841e+01  2.734806e+01  0.000000e+00
   endloop
 endfacet
 facet normal  9.339036e-01 -3.575250e-01  0.000000e+00
   outer loop
     vertex  3.702841e+01  2.734806e+01  1.500000e+00
     vertex  3.702454e+01  2.733794e+01  1.500000e+00
     vertex  3.702454e+01  2.733794e+01  0.000000e+00
   endloop
 endfacet
 facet normal  9.238795e-01 -3.826834e-01  0.000000e+00
   outer loop
     vertex  3.703255e+01  2.735806e+01  1.500000e+00
     vertex  3.702841e+01  2.734806e+01  0.000000e+00
     vertex  3.703255e+01  2.735806e+01  0.000000e+00
   endloop
 endfacet
 facet normal  9.238795e-01 -3.826834e-01  0.000000e+00
   outer loop
     vertex  3.703255e+01  2.735806e+01  1.500000e+00
     vertex  3.702841e+01  2.734806e+01  1.500000e+00
     vertex  3.702841e+01  2.734806e+01  0.000000e+00
   endloop
 endfacet
 facet normal  9.131779e-01 -4.075612e-01  0.000000e+00
   outer loop
     vertex  3.703697e+01  2.736796e+01  1.500000e+00
     vertex  3.703255e+01  2.735806e+01  0.000000e+00
     vertex  3.703697e+01  2.736796e+01  0.000000e+00
   endloop
 endfacet
 facet normal  9.131779e-01 -4.075612e-01  0.000000e+00
   outer loop
     vertex  3.703697e+01  2.736796e+01  1.500000e+00
     vertex  3.703255e+01  2.735806e+01  1.500000e+00
     vertex  3.703255e+01  2.735806e+01  0.000000e+00
   endloop
 endfacet
 facet normal  9.018065e-01 -4.321400e-01  0.000000e+00
   outer loop
     vertex  3.704165e+01  2.737772e+01  1.500000e+00
     vertex  3.703697e+01  2.736796e+01  0.000000e+00
     vertex  3.704165e+01  2.737772e+01  0.000000e+00
   endloop
 endfacet
 facet normal  9.018065e-01 -4.321400e-01  0.000000e+00
   outer loop
     vertex  3.704165e+01  2.737772e+01  1.500000e+00
     vertex  3.703697e+01  2.736796e+01  1.500000e+00
     vertex  3.703697e+01  2.736796e+01  0.000000e+00
   endloop
 endfacet
 facet normal  8.770884e-01 -4.803291e-01  0.000000e+00
   outer loop
     vertex  3.704660e+01  2.738736e+01  1.500000e+00
     vertex  3.704660e+01  2.738736e+01  0.000000e+00
     vertex  3.705180e+01  2.739686e+01  0.000000e+00
   endloop
 endfacet
 facet normal  8.897737e-01 -4.564019e-01  0.000000e+00
   outer loop
     vertex  3.704660e+01  2.738736e+01  1.500000e+00
     vertex  3.704165e+01  2.737772e+01  0.000000e+00
     vertex  3.704660e+01  2.738736e+01  0.000000e+00
   endloop
 endfacet
 facet normal  8.897737e-01 -4.564019e-01  0.000000e+00
   outer loop
     vertex  3.704660e+01  2.738736e+01  1.500000e+00
     vertex  3.704165e+01  2.737772e+01  1.500000e+00
     vertex  3.704165e+01  2.737772e+01  0.000000e+00
   endloop
 endfacet
 facet normal  8.770884e-01 -4.803291e-01  0.000000e+00
   outer loop
     vertex  3.705180e+01  2.739686e+01  1.500000e+00
     vertex  3.704660e+01  2.738736e+01  1.500000e+00
     vertex  3.705180e+01  2.739686e+01  0.000000e+00
   endloop
 endfacet
 facet normal  8.637597e-01 -5.039039e-01  0.000000e+00
   outer loop
     vertex  3.705726e+01  2.740622e+01  1.500000e+00
     vertex  3.705180e+01  2.739686e+01  1.500000e+00
     vertex  3.705180e+01  2.739686e+01  0.000000e+00
   endloop
 endfacet
 facet normal  8.637597e-01 -5.039039e-01  0.000000e+00
   outer loop
     vertex  3.705726e+01  2.740622e+01  1.500000e+00
     vertex  3.705180e+01  2.739686e+01  0.000000e+00
     vertex  3.705726e+01  2.740622e+01  0.000000e+00
   endloop
 endfacet
 facet normal  8.497975e-01 -5.271092e-01  0.000000e+00
   outer loop
     vertex  3.706297e+01  2.741543e+01  1.500000e+00
     vertex  3.705726e+01  2.740622e+01  1.500000e+00
     vertex  3.705726e+01  2.740622e+01  0.000000e+00
   endloop
 endfacet
 facet normal  8.497975e-01 -5.271092e-01  0.000000e+00
   outer loop
     vertex  3.706297e+01  2.741543e+01  1.500000e+00
     vertex  3.705726e+01  2.740622e+01  0.000000e+00
     vertex  3.706297e+01  2.741543e+01  0.000000e+00
   endloop
 endfacet
 facet normal  8.352121e-01 -5.499279e-01  0.000000e+00
   outer loop
     vertex  3.706892e+01  2.742447e+01  1.500000e+00
     vertex  3.706297e+01  2.741543e+01  1.500000e+00
     vertex  3.706297e+01  2.741543e+01  0.000000e+00
   endloop
 endfacet
 facet normal  8.352121e-01 -5.499279e-01  0.000000e+00
   outer loop
     vertex  3.706892e+01  2.742447e+01  1.500000e+00
     vertex  3.706297e+01  2.741543e+01  0.000000e+00
     vertex  3.706892e+01  2.742447e+01  0.000000e+00
   endloop
 endfacet
 facet normal  8.200141e-01 -5.723433e-01  0.000000e+00
   outer loop
     vertex  3.707512e+01  2.743336e+01  1.500000e+00
     vertex  3.706892e+01  2.742447e+01  1.500000e+00
     vertex  3.706892e+01  2.742447e+01  0.000000e+00
   endloop
 endfacet
 facet normal  8.200141e-01 -5.723433e-01  0.000000e+00
   outer loop
     vertex  3.707512e+01  2.743336e+01  1.500000e+00
     vertex  3.706892e+01  2.742447e+01  0.000000e+00
     vertex  3.707512e+01  2.743336e+01  0.000000e+00
   endloop
 endfacet
 facet normal  8.042147e-01 -5.943389e-01  0.000000e+00
   outer loop
     vertex  3.708156e+01  2.744207e+01  1.500000e+00
     vertex  3.707512e+01  2.743336e+01  1.500000e+00
     vertex  3.707512e+01  2.743336e+01  0.000000e+00
   endloop
 endfacet
 facet normal  7.878255e-01 -6.158986e-01  0.000000e+00
   outer loop
     vertex  3.708156e+01  2.744207e+01  1.500000e+00
     vertex  3.708156e+01  2.744207e+01  0.000000e+00
     vertex  3.708823e+01  2.745060e+01  0.000000e+00
   endloop
 endfacet
 facet normal  8.042147e-01 -5.943389e-01  0.000000e+00
   outer loop
     vertex  3.708156e+01  2.744207e+01  1.500000e+00
     vertex  3.707512e+01  2.743336e+01  0.000000e+00
     vertex  3.708156e+01  2.744207e+01  0.000000e+00
   endloop
 endfacet
 facet normal  7.878255e-01 -6.158986e-01  0.000000e+00
   outer loop
     vertex  3.708823e+01  2.745060e+01  1.500000e+00
     vertex  3.708156e+01  2.744207e+01  1.500000e+00
     vertex  3.708823e+01  2.745060e+01  0.000000e+00
   endloop
 endfacet
 facet normal  7.708584e-01 -6.370065e-01  0.000000e+00
   outer loop
     vertex  3.708823e+01  2.745060e+01  1.500000e+00
     vertex  3.708823e+01  2.745060e+01  0.000000e+00
     vertex  3.709514e+01  2.745895e+01  0.000000e+00
   endloop
 endfacet
 facet normal  7.708584e-01 -6.370065e-01  0.000000e+00
   outer loop
     vertex  3.709514e+01  2.745895e+01  1.500000e+00
     vertex  3.708823e+01  2.745060e+01  1.500000e+00
     vertex  3.709514e+01  2.745895e+01  0.000000e+00
   endloop
 endfacet
 facet normal  7.533260e-01 -6.576473e-01  0.000000e+00
   outer loop
     vertex  3.710226e+01  2.746712e+01  1.500000e+00
     vertex  3.709514e+01  2.745895e+01  1.500000e+00
     vertex  3.709514e+01  2.745895e+01  0.000000e+00
   endloop
 endfacet
 facet normal  7.352410e-01 -6.778058e-01  0.000000e+00
   outer loop
     vertex  3.710226e+01  2.746712e+01  1.500000e+00
     vertex  3.710226e+01  2.746712e+01  0.000000e+00
     vertex  3.710960e+01  2.747508e+01  0.000000e+00
   endloop
 endfacet
 facet normal  7.533260e-01 -6.576473e-01  0.000000e+00
   outer loop
     vertex  3.710226e+01  2.746712e+01  1.500000e+00
     vertex  3.709514e+01  2.745895e+01  0.000000e+00
     vertex  3.710226e+01  2.746712e+01  0.000000e+00
   endloop
 endfacet
 facet normal  7.352410e-01 -6.778058e-01  0.000000e+00
   outer loop
     vertex  3.710960e+01  2.747508e+01  1.500000e+00
     vertex  3.710226e+01  2.746712e+01  1.500000e+00
     vertex  3.710960e+01  2.747508e+01  0.000000e+00
   endloop
 endfacet
 facet normal  7.166168e-01 -6.974671e-01  0.000000e+00
   outer loop
     vertex  3.711716e+01  2.748284e+01  1.500000e+00
     vertex  3.710960e+01  2.747508e+01  0.000000e+00
     vertex  3.711716e+01  2.748284e+01  0.000000e+00
   endloop
 endfacet
 facet normal  7.166168e-01 -6.974671e-01  0.000000e+00
   outer loop
     vertex  3.711716e+01  2.748284e+01  1.500000e+00
     vertex  3.710960e+01  2.747508e+01  1.500000e+00
     vertex  3.710960e+01  2.747508e+01  0.000000e+00
   endloop
 endfacet
 facet normal  6.974671e-01 -7.166168e-01  0.000000e+00
   outer loop
     vertex  3.712492e+01  2.749040e+01  1.500000e+00
     vertex  3.711716e+01  2.748284e+01  0.000000e+00
     vertex  3.712492e+01  2.749040e+01  0.000000e+00
   endloop
 endfacet
 facet normal  6.974671e-01 -7.166168e-01  0.000000e+00
   outer loop
     vertex  3.712492e+01  2.749040e+01  1.500000e+00
     vertex  3.711716e+01  2.748284e+01  1.500000e+00
     vertex  3.711716e+01  2.748284e+01  0.000000e+00
   endloop
 endfacet
 facet normal  6.576473e-01 -7.533260e-01  0.000000e+00
   outer loop
     vertex  3.713288e+01  2.749774e+01  1.500000e+00
     vertex  3.713288e+01  2.749774e+01  0.000000e+00
     vertex  3.714105e+01  2.750486e+01  0.000000e+00
   endloop
 endfacet
 facet normal  6.778058e-01 -7.352410e-01  0.000000e+00
   outer loop
     vertex  3.713288e+01  2.749774e+01  1.500000e+00
     vertex  3.712492e+01  2.749040e+01  0.000000e+00
     vertex  3.713288e+01  2.749774e+01  0.000000e+00
   endloop
 endfacet
 facet normal  6.778058e-01 -7.352410e-01  0.000000e+00
   outer loop
     vertex  3.713288e+01  2.749774e+01  1.500000e+00
     vertex  3.712492e+01  2.749040e+01  1.500000e+00
     vertex  3.712492e+01  2.749040e+01  0.000000e+00
   endloop
 endfacet
 facet normal  6.370065e-01 -7.708584e-01  0.000000e+00
   outer loop
     vertex  3.714105e+01  2.750486e+01  1.500000e+00
     vertex  3.714105e+01  2.750486e+01  0.000000e+00
     vertex  3.714940e+01  2.751177e+01  0.000000e+00
   endloop
 endfacet
 facet normal  6.576473e-01 -7.533260e-01  0.000000e+00
   outer loop
     vertex  3.714105e+01  2.750486e+01  1.500000e+00
     vertex  3.713288e+01  2.749774e+01  1.500000e+00
     vertex  3.714105e+01  2.750486e+01  0.000000e+00
   endloop
 endfacet
 facet normal  6.158986e-01 -7.878255e-01  0.000000e+00
   outer loop
     vertex  3.714940e+01  2.751177e+01  1.500000e+00
     vertex  3.714940e+01  2.751177e+01  0.000000e+00
     vertex  3.715793e+01  2.751844e+01  0.000000e+00
   endloop
 endfacet
 facet normal  6.370065e-01 -7.708584e-01  0.000000e+00
   outer loop
     vertex  3.714940e+01  2.751177e+01  1.500000e+00
     vertex  3.714105e+01  2.750486e+01  1.500000e+00
     vertex  3.714940e+01  2.751177e+01  0.000000e+00
   endloop
 endfacet
 facet normal  5.943389e-01 -8.042147e-01  0.000000e+00
   outer loop
     vertex  3.715793e+01  2.751844e+01  1.500000e+00
     vertex  3.715793e+01  2.751844e+01  0.000000e+00
     vertex  3.716664e+01  2.752488e+01  0.000000e+00
   endloop
 endfacet
 facet normal  6.158986e-01 -7.878255e-01  0.000000e+00
   outer loop
     vertex  3.715793e+01  2.751844e+01  1.500000e+00
     vertex  3.714940e+01  2.751177e+01  1.500000e+00
     vertex  3.715793e+01  2.751844e+01  0.000000e+00
   endloop
 endfacet
 facet normal  5.723433e-01 -8.200141e-01  0.000000e+00
   outer loop
     vertex  3.716664e+01  2.752488e+01  1.500000e+00
     vertex  3.716664e+01  2.752488e+01  0.000000e+00
     vertex  3.717553e+01  2.753108e+01  0.000000e+00
   endloop
 endfacet
 facet normal  5.943389e-01 -8.042147e-01  0.000000e+00
   outer loop
     vertex  3.716664e+01  2.752488e+01  1.500000e+00
     vertex  3.715793e+01  2.751844e+01  1.500000e+00
     vertex  3.716664e+01  2.752488e+01  0.000000e+00
   endloop
 endfacet
 facet normal  5.723433e-01 -8.200141e-01  0.000000e+00
   outer loop
     vertex  3.717553e+01  2.753108e+01  1.500000e+00
     vertex  3.716664e+01  2.752488e+01  1.500000e+00
     vertex  3.717553e+01  2.753108e+01  0.000000e+00
   endloop
 endfacet
 facet normal  5.499279e-01 -8.352121e-01  0.000000e+00
   outer loop
     vertex  3.718457e+01  2.753703e+01  1.500000e+00
     vertex  3.717553e+01  2.753108e+01  0.000000e+00
     vertex  3.718457e+01  2.753703e+01  0.000000e+00
   endloop
 endfacet
 facet normal  5.499279e-01 -8.352121e-01  0.000000e+00
   outer loop
     vertex  3.718457e+01  2.753703e+01  1.500000e+00
     vertex  3.717553e+01  2.753108e+01  1.500000e+00
     vertex  3.717553e+01  2.753108e+01  0.000000e+00
   endloop
 endfacet
 facet normal  5.039039e-01 -8.637597e-01  0.000000e+00
   outer loop
     vertex  3.719378e+01  2.754274e+01  1.500000e+00
     vertex  3.719378e+01  2.754274e+01  0.000000e+00
     vertex  3.720314e+01  2.754820e+01  0.000000e+00
   endloop
 endfacet
 facet normal  5.271092e-01 -8.497975e-01  0.000000e+00
   outer loop
     vertex  3.719378e+01  2.754274e+01  1.500000e+00
     vertex  3.718457e+01  2.753703e+01  0.000000e+00
     vertex  3.719378e+01  2.754274e+01  0.000000e+00
   endloop
 endfacet
 facet normal  5.271092e-01 -8.497975e-01  0.000000e+00
   outer loop
     vertex  3.719378e+01  2.754274e+01  1.500000e+00
     vertex  3.718457e+01  2.753703e+01  1.500000e+00
     vertex  3.718457e+01  2.753703e+01  0.000000e+00
   endloop
 endfacet
 facet normal  4.803291e-01 -8.770884e-01  0.000000e+00
   outer loop
     vertex  3.720314e+01  2.754820e+01  1.500000e+00
     vertex  3.720314e+01  2.754820e+01  0.000000e+00
     vertex  3.721264e+01  2.755340e+01  0.000000e+00
   endloop
 endfacet
 facet normal  5.039039e-01 -8.637597e-01  0.000000e+00
   outer loop
     vertex  3.720314e+01  2.754820e+01  1.500000e+00
     vertex  3.719378e+01  2.754274e+01  1.500000e+00
     vertex  3.720314e+01  2.754820e+01  0.000000e+00
   endloop
 endfacet
 facet normal  4.803291e-01 -8.770884e-01  0.000000e+00
   outer loop
     vertex  3.721264e+01  2.755340e+01  1.500000e+00
     vertex  3.720314e+01  2.754820e+01  1.500000e+00
     vertex  3.721264e+01  2.755340e+01  0.000000e+00
   endloop
 endfacet
 facet normal  4.321400e-01 -9.018065e-01  0.000000e+00
   outer loop
     vertex  3.722228e+01  2.755835e+01  1.500000e+00
     vertex  3.722228e+01  2.755835e+01  0.000000e+00
     vertex  3.723204e+01  2.756303e+01  0.000000e+00
   endloop
 endfacet
 facet normal  4.564019e-01 -8.897737e-01  0.000000e+00
   outer loop
     vertex  3.722228e+01  2.755835e+01  1.500000e+00
     vertex  3.721264e+01  2.755340e+01  0.000000e+00
     vertex  3.722228e+01  2.755835e+01  0.000000e+00
   endloop
 endfacet
 facet normal  4.564019e-01 -8.897737e-01  0.000000e+00
   outer loop
     vertex  3.722228e+01  2.755835e+01  1.500000e+00
     vertex  3.721264e+01  2.755340e+01  1.500000e+00
     vertex  3.721264e+01  2.755340e+01  0.000000e+00
   endloop
 endfacet
 facet normal  4.321400e-01 -9.018065e-01  0.000000e+00
   outer loop
     vertex  3.723204e+01  2.756303e+01  1.500000e+00
     vertex  3.722228e+01  2.755835e+01  1.500000e+00
     vertex  3.723204e+01  2.756303e+01  0.000000e+00
   endloop
 endfacet
 facet normal  4.075612e-01 -9.131779e-01  0.000000e+00
   outer loop
     vertex  3.724194e+01  2.756745e+01  1.500000e+00
     vertex  3.723204e+01  2.756303e+01  0.000000e+00
     vertex  3.724194e+01  2.756745e+01  0.000000e+00
   endloop
 endfacet
 facet normal  4.075612e-01 -9.131779e-01  0.000000e+00
   outer loop
     vertex  3.724194e+01  2.756745e+01  1.500000e+00
     vertex  3.723204e+01  2.756303e+01  1.500000e+00
     vertex  3.723204e+01  2.756303e+01  0.000000e+00
   endloop
 endfacet
 facet normal  3.575250e-01 -9.339036e-01  0.000000e+00
   outer loop
     vertex  3.725194e+01  2.757159e+01  1.500000e+00
     vertex  3.725194e+01  2.757159e+01  0.000000e+00
     vertex  3.726206e+01  2.757546e+01  0.000000e+00
   endloop
 endfacet
 facet normal  3.826834e-01 -9.238795e-01  0.000000e+00
   outer loop
     vertex  3.725194e+01  2.757159e+01  1.500000e+00
     vertex  3.724194e+01  2.756745e+01  0.000000e+00
     vertex  3.725194e+01  2.757159e+01  0.000000e+00
   endloop
 endfacet
 facet normal  3.826834e-01 -9.238795e-01  0.000000e+00
   outer loop
     vertex  3.725194e+01  2.757159e+01  1.500000e+00
     vertex  3.724194e+01  2.756745e+01  1.500000e+00
     vertex  3.724194e+01  2.756745e+01  0.000000e+00
   endloop
 endfacet
 facet normal  3.575250e-01 -9.339036e-01  0.000000e+00
   outer loop
     vertex  3.726206e+01  2.757546e+01  1.500000e+00
     vertex  3.725194e+01  2.757159e+01  1.500000e+00
     vertex  3.726206e+01  2.757546e+01  0.000000e+00
   endloop
 endfacet
 facet normal  3.321044e-01 -9.432426e-01  0.000000e+00
   outer loop
     vertex  3.727228e+01  2.757906e+01  1.500000e+00
     vertex  3.726206e+01  2.757546e+01  1.500000e+00
     vertex  3.726206e+01  2.757546e+01  0.000000e+00
   endloop
 endfacet
 facet normal  3.321044e-01 -9.432426e-01  0.000000e+00
   outer loop
     vertex  3.727228e+01  2.757906e+01  1.500000e+00
     vertex  3.726206e+01  2.757546e+01  0.000000e+00
     vertex  3.727228e+01  2.757906e+01  0.000000e+00
   endloop
 endfacet
 facet normal  3.064401e-01 -9.518899e-01  0.000000e+00
   outer loop
     vertex  3.728259e+01  2.758238e+01  1.500000e+00
     vertex  3.727228e+01  2.757906e+01  1.500000e+00
     vertex  3.727228e+01  2.757906e+01  0.000000e+00
   endloop
 endfacet
 facet normal  3.064401e-01 -9.518899e-01  0.000000e+00
   outer loop
     vertex  3.728259e+01  2.758238e+01  1.500000e+00
     vertex  3.727228e+01  2.757906e+01  0.000000e+00
     vertex  3.728259e+01  2.758238e+01  0.000000e+00
   endloop
 endfacet
 facet normal  2.805512e-01 -9.598391e-01  0.000000e+00
   outer loop
     vertex  3.729299e+01  2.758542e+01  1.500000e+00
     vertex  3.728259e+01  2.758238e+01  0.000000e+00
     vertex  3.729299e+01  2.758542e+01  0.000000e+00
   endloop
 endfacet
 facet normal  2.805512e-01 -9.598391e-01  0.000000e+00
   outer loop
     vertex  3.729299e+01  2.758542e+01  1.500000e+00
     vertex  3.728259e+01  2.758238e+01  1.500000e+00
     vertex  3.728259e+01  2.758238e+01  0.000000e+00
   endloop
 endfacet
 facet normal  2.544564e-01 -9.670842e-01  0.000000e+00
   outer loop
     vertex  3.730346e+01  2.758818e+01  1.500000e+00
     vertex  3.729299e+01  2.758542e+01  1.500000e+00
     vertex  3.729299e+01  2.758542e+01  0.000000e+00
   endloop
 endfacet
 facet normal  2.544564e-01 -9.670842e-01  0.000000e+00
   outer loop
     vertex  3.730346e+01  2.758818e+01  1.500000e+00
     vertex  3.729299e+01  2.758542e+01  0.000000e+00
     vertex  3.730346e+01  2.758818e+01  0.000000e+00
   endloop
 endfacet
 facet normal  2.281751e-01 -9.736201e-01  0.000000e+00
   outer loop
     vertex  3.731401e+01  2.759065e+01  1.500000e+00
     vertex  3.730346e+01  2.758818e+01  0.000000e+00
     vertex  3.731401e+01  2.759065e+01  0.000000e+00
   endloop
 endfacet
 facet normal  2.281751e-01 -9.736201e-01  0.000000e+00
   outer loop
     vertex  3.731401e+01  2.759065e+01  1.500000e+00
     vertex  3.730346e+01  2.758818e+01  1.500000e+00
     vertex  3.730346e+01  2.758818e+01  0.000000e+00
   endloop
 endfacet
 facet normal  2.017264e-01 -9.794419e-01  0.000000e+00
   outer loop
     vertex  3.732462e+01  2.759283e+01  1.500000e+00
     vertex  3.731401e+01  2.759065e+01  0.000000e+00
     vertex  3.732462e+01  2.759283e+01  0.000000e+00
   endloop
 endfacet
 facet normal  2.017264e-01 -9.794419e-01  0.000000e+00
   outer loop
     vertex  3.732462e+01  2.759283e+01  1.500000e+00
     vertex  3.731401e+01  2.759065e+01  1.500000e+00
     vertex  3.731401e+01  2.759065e+01  0.000000e+00
   endloop
 endfacet
 facet normal  1.751297e-01 -9.845454e-01  0.000000e+00
   outer loop
     vertex  3.733529e+01  2.759473e+01  1.500000e+00
     vertex  3.732462e+01  2.759283e+01  0.000000e+00
     vertex  3.733529e+01  2.759473e+01  0.000000e+00
   endloop
 endfacet
 facet normal  1.751297e-01 -9.845454e-01  0.000000e+00
   outer loop
     vertex  3.733529e+01  2.759473e+01  1.500000e+00
     vertex  3.732462e+01  2.759283e+01  1.500000e+00
     vertex  3.732462e+01  2.759283e+01  0.000000e+00
   endloop
 endfacet
 facet normal  1.484046e-01 -9.889267e-01  0.000000e+00
   outer loop
     vertex  3.734600e+01  2.759634e+01  1.500000e+00
     vertex  3.733529e+01  2.759473e+01  0.000000e+00
     vertex  3.734600e+01  2.759634e+01  0.000000e+00
   endloop
 endfacet
 facet normal  1.484046e-01 -9.889267e-01  0.000000e+00
   outer loop
     vertex  3.734600e+01  2.759634e+01  1.500000e+00
     vertex  3.733529e+01  2.759473e+01  1.500000e+00
     vertex  3.733529e+01  2.759473e+01  0.000000e+00
   endloop
 endfacet
 facet normal  1.215707e-01 -9.925828e-01  0.000000e+00
   outer loop
     vertex  3.735675e+01  2.759766e+01  1.500000e+00
     vertex  3.734600e+01  2.759634e+01  0.000000e+00
     vertex  3.735675e+01  2.759766e+01  0.000000e+00
   endloop
 endfacet
 facet normal  1.215707e-01 -9.925828e-01  0.000000e+00
   outer loop
     vertex  3.735675e+01  2.759766e+01  1.500000e+00
     vertex  3.734600e+01  2.759634e+01  1.500000e+00
     vertex  3.734600e+01  2.759634e+01  0.000000e+00
   endloop
 endfacet
 facet normal  6.765502e-02 -9.977088e-01  0.000000e+00
   outer loop
     vertex  3.736754e+01  2.759868e+01  1.500000e+00
     vertex  3.736754e+01  2.759868e+01  0.000000e+00
     vertex  3.737834e+01  2.759941e+01  0.000000e+00
   endloop
 endfacet
 facet normal  9.464755e-02 -9.955108e-01  0.000000e+00
   outer loop
     vertex  3.736754e+01  2.759868e+01  1.500000e+00
     vertex  3.735675e+01  2.759766e+01  0.000000e+00
     vertex  3.736754e+01  2.759868e+01  0.000000e+00
   endloop
 endfacet
 facet normal  9.464755e-02 -9.955108e-01  0.000000e+00
   outer loop
     vertex  3.736754e+01  2.759868e+01  1.500000e+00
     vertex  3.735675e+01  2.759766e+01  1.500000e+00
     vertex  3.735675e+01  2.759766e+01  0.000000e+00
   endloop
 endfacet
 facet normal  6.765502e-02 -9.977088e-01  0.000000e+00
   outer loop
     vertex  3.737834e+01  2.759941e+01  1.500000e+00
     vertex  3.736754e+01  2.759868e+01  1.500000e+00
     vertex  3.737834e+01  2.759941e+01  0.000000e+00
   endloop
 endfacet
 facet normal  4.061287e-02 -9.991750e-01  0.000000e+00
   outer loop
     vertex  3.738917e+01  2.759985e+01  1.500000e+00
     vertex  3.737834e+01  2.759941e+01  0.000000e+00
     vertex  3.738917e+01  2.759985e+01  0.000000e+00
   endloop
 endfacet
 facet normal  4.061287e-02 -9.991750e-01  0.000000e+00
   outer loop
     vertex  3.738917e+01  2.759985e+01  1.500000e+00
     vertex  3.737834e+01  2.759941e+01  1.500000e+00
     vertex  3.737834e+01  2.759941e+01  0.000000e+00
   endloop
 endfacet
 facet normal  1.354093e-02 -9.999083e-01  0.000000e+00
   outer loop
     vertex  3.740000e+01  2.760000e+01  1.500000e+00
     vertex  3.738917e+01  2.759985e+01  0.000000e+00
     vertex  3.740000e+01  2.760000e+01  0.000000e+00
   endloop
 endfacet
 facet normal  1.354093e-02 -9.999083e-01  0.000000e+00
   outer loop
     vertex  3.740000e+01  2.760000e+01  1.500000e+00
     vertex  3.738917e+01  2.759985e+01  1.500000e+00
     vertex  3.738917e+01  2.759985e+01  0.000000e+00
   endloop
 endfacet
 facet normal  1.000000e+00  0.000000e+00  0.000000e+00
   outer loop
     vertex  3.700000e+01  5.900000e+00  1.500000e+00
     vertex  3.700000e+01  5.900000e+00  0.000000e+00
     vertex  3.700000e+01  2.720000e+01  0.000000e+00
   endloop
 endfacet
 facet normal  1.000000e+00 -0.000000e+00  0.000000e+00
   outer loop
     vertex  3.700000e+01  5.900000e+00  1.500000e+00
     vertex  3.700000e+01  2.720000e+01  0.000000e+00
     vertex  3.700000e+01  2.720000e+01  1.500000e+00
   endloop
 endfacet
endsolid
