solid 
 facet normal -1.000000e+00  0.000000e+00  0.000000e+00
   outer loop
     vertex  0.000000e+00  0.000000e+00  1.500000e+00
     vertex  0.000000e+00  2.600000e+01  0.000000e+00
     vertex  0.000000e+00  0.000000e+00  0.000000e+00
   endloop
 endfacet
 facet normal -1.000000e+00  0.000000e+00  0.000000e+00
   outer loop
     vertex  0.000000e+00  0.000000e+00  1.500000e+00
     vertex  0.000000e+00  2.600000e+01  1.500000e+00
     vertex  0.000000e+00  2.600000e+01  0.000000e+00
   endloop
 endfacet
 facet normal  0.000000e+00 -1.000000e+00 -0.000000e+00
   outer loop
     vertex  5.900000e+01  0.000000e+00  1.500000e+00
     vertex  0.000000e+00  0.000000e+00  0.000000e+00
     vertex  5.900000e+01  0.000000e+00  0.000000e+00
   endloop
 endfacet
 facet normal -0.000000e+00 -1.000000e+00  0.000000e+00
   outer loop
     vertex  5.900000e+01  0.000000e+00  1.500000e+00
     vertex  0.000000e+00  0.000000e+00  1.500000e+00
     vertex  0.000000e+00  0.000000e+00  0.000000e+00
   endloop
 endfacet
 facet normal  0.000000e+00  0.000000e+00  1.000000e+00
   outer loop
     vertex  1.690000e+01  3.000000e+00  1.500000e+00
     vertex  3.000000e+00  3.000000e+00  1.500000e+00
     vertex  0.000000e+00  0.000000e+00  1.500000e+00
   endloop
 endfacet
 facet normal  0.000000e+00  0.000000e+00  1.000000e+00
   outer loop
     vertex  3.000000e+00  1.690000e+01  1.500000e+00
     vertex  0.000000e+00  0.000000e+00  1.500000e+00
     vertex  3.000000e+00  3.000000e+00  1.500000e+00
   endloop
 endfacet
 facet normal  0.000000e+00  0.000000e+00  1.000000e+00
   outer loop
     vertex  2.200000e+01  3.000000e+00  1.500000e+00
     vertex  1.690000e+01  3.000000e+00  1.500000e+00
     vertex  0.000000e+00  0.000000e+00  1.500000e+00
   endloop
 endfacet
 facet normal  0.000000e+00  0.000000e+00  1.000000e+00
   outer loop
     vertex  0.000000e+00  2.600000e+01  1.500000e+00
     vertex  0.000000e+00  0.000000e+00  1.500000e+00
     vertex  3.000000e+00  1.690000e+01  1.500000e+00
   endloop
 endfacet
 facet normal  0.000000e+00  0.000000e+00  1.000000e+00
   outer loop
     vertex  7.930214e+00  1.982837e+01  1.500000e+00
     vertex  7.871417e+00  1.988597e+01  1.500000e+00
     vertex  3.000000e+00  1.690000e+01  1.500000e+00
   endloop
 endfacet
 facet normal  0.000000e+00  0.000000e+00  1.000000e+00
   outer loop
     vertex  7.814221e+00  1.994516e+01  1.500000e+00
     vertex  3.000000e+00  1.690000e+01  1.500000e+00
     vertex  7.871417e+00  1.988597e+01  1.500000e+00
   endloop
 endfacet
 facet normal  0.000000e+00  0.000000e+00  1.000000e+00
   outer loop
     vertex  7.990570e+00  1.977240e+01  1.500000e+00
     vertex  7.930214e+00  1.982837e+01  1.500000e+00
     vertex  3.000000e+00  1.690000e+01  1.500000e+00
   endloop
 endfacet
 facet normal  0.000000e+00  0.000000e+00  1.000000e+00
   outer loop
     vertex  7.758671e+00  2.000590e+01  1.500000e+00
     vertex  3.000000e+00  1.690000e+01  1.500000e+00
     vertex  7.814221e+00  1.994516e+01  1.500000e+00
   endloop
 endfacet
 facet normal  0.000000e+00  0.000000e+00  1.000000e+00
   outer loop
     vertex  8.052438e+00  1.971811e+01  1.500000e+00
     vertex  7.990570e+00  1.977240e+01  1.500000e+00
     vertex  3.000000e+00  1.690000e+01  1.500000e+00
   endloop
 endfacet
 facet normal  0.000000e+00  0.000000e+00  1.000000e+00
   outer loop
     vertex  7.704809e+00  2.006814e+01  1.500000e+00
     vertex  3.000000e+00  1.690000e+01  1.500000e+00
     vertex  7.758671e+00  2.000590e+01  1.500000e+00
   endloop
 endfacet
 facet normal  0.000000e+00  0.000000e+00  1.000000e+00
   outer loop
     vertex  8.115773e+00  1.966554e+01  1.500000e+00
     vertex  8.052438e+00  1.971811e+01  1.500000e+00
     vertex  3.000000e+00  1.690000e+01  1.500000e+00
   endloop
 endfacet
 facet normal  0.000000e+00  0.000000e+00  1.000000e+00
   outer loop
     vertex  7.652674e+00  2.013183e+01  1.500000e+00
     vertex  3.000000e+00  1.690000e+01  1.500000e+00
     vertex  7.704809e+00  2.006814e+01  1.500000e+00
   endloop
 endfacet
 facet normal  0.000000e+00  0.000000e+00  1.000000e+00
   outer loop
     vertex  8.180526e+00  1.961473e+01  1.500000e+00
     vertex  8.115773e+00  1.966554e+01  1.500000e+00
     vertex  3.000000e+00  1.690000e+01  1.500000e+00
   endloop
 endfacet
 facet normal  0.000000e+00  0.000000e+00  1.000000e+00
   outer loop
     vertex  7.602306e+00  2.019693e+01  1.500000e+00
     vertex  3.000000e+00  1.690000e+01  1.500000e+00
     vertex  7.652674e+00  2.013183e+01  1.500000e+00
   endloop
 endfacet
 facet normal  0.000000e+00  0.000000e+00  1.000000e+00
   outer loop
     vertex  8.246648e+00  1.956571e+01  1.500000e+00
     vertex  8.180526e+00  1.961473e+01  1.500000e+00
     vertex  3.000000e+00  1.690000e+01  1.500000e+00
   endloop
 endfacet
 facet normal  0.000000e+00  0.000000e+00  1.000000e+00
   outer loop
     vertex  7.553743e+00  2.026339e+01  1.500000e+00
     vertex  3.000000e+00  1.690000e+01  1.500000e+00
     vertex  7.602306e+00  2.019693e+01  1.500000e+00
   endloop
 endfacet
 facet normal  0.000000e+00  0.000000e+00  1.000000e+00
   outer loop
     vertex  8.314090e+00  1.951853e+01  1.500000e+00
     vertex  8.246648e+00  1.956571e+01  1.500000e+00
     vertex  3.000000e+00  1.690000e+01  1.500000e+00
   endloop
 endfacet
 facet normal  0.000000e+00  0.000000e+00  1.000000e+00
   outer loop
     vertex  7.507021e+00  2.033115e+01  1.500000e+00
     vertex  3.000000e+00  1.690000e+01  1.500000e+00
     vertex  7.553743e+00  2.026339e+01  1.500000e+00
   endloop
 endfacet
 facet normal  0.000000e+00  0.000000e+00  1.000000e+00
   outer loop
     vertex  8.382802e+00  1.947321e+01  1.500000e+00
     vertex  8.314090e+00  1.951853e+01  1.500000e+00
     vertex  3.000000e+00  1.690000e+01  1.500000e+00
   endloop
 endfacet
 facet normal  0.000000e+00  0.000000e+00  1.000000e+00
   outer loop
     vertex  7.462176e+00  2.040017e+01  1.500000e+00
     vertex  3.000000e+00  1.690000e+01  1.500000e+00
     vertex  7.507021e+00  2.033115e+01  1.500000e+00
   endloop
 endfacet
 facet normal  0.000000e+00  0.000000e+00  1.000000e+00
   outer loop
     vertex  8.452730e+00  1.942979e+01  1.500000e+00
     vertex  8.382802e+00  1.947321e+01  1.500000e+00
     vertex  3.000000e+00  1.690000e+01  1.500000e+00
   endloop
 endfacet
 facet normal  0.000000e+00  0.000000e+00  1.000000e+00
   outer loop
     vertex  7.419242e+00  2.047040e+01  1.500000e+00
     vertex  3.000000e+00  1.690000e+01  1.500000e+00
     vertex  7.462176e+00  2.040017e+01  1.500000e+00
   endloop
 endfacet
 facet normal  0.000000e+00  0.000000e+00  1.000000e+00
   outer loop
     vertex  8.523824e+00  1.938831e+01  1.500000e+00
     vertex  8.452730e+00  1.942979e+01  1.500000e+00
     vertex  3.000000e+00  1.690000e+01  1.500000e+00
   endloop
 endfacet
 facet normal  0.000000e+00  0.000000e+00  1.000000e+00
   outer loop
     vertex  7.378250e+00  2.054177e+01  1.500000e+00
     vertex  3.000000e+00  1.690000e+01  1.500000e+00
     vertex  7.419242e+00  2.047040e+01  1.500000e+00
   endloop
 endfacet
 facet normal  0.000000e+00  0.000000e+00  1.000000e+00
   outer loop
     vertex  8.596029e+00  1.934880e+01  1.500000e+00
     vertex  8.523824e+00  1.938831e+01  1.500000e+00
     vertex  3.000000e+00  1.690000e+01  1.500000e+00
   endloop
 endfacet
 facet normal  0.000000e+00  0.000000e+00  1.000000e+00
   outer loop
     vertex  7.339231e+00  2.061425e+01  1.500000e+00
     vertex  3.000000e+00  1.690000e+01  1.500000e+00
     vertex  7.378250e+00  2.054177e+01  1.500000e+00
   endloop
 endfacet
 facet normal  0.000000e+00  0.000000e+00  1.000000e+00
   outer loop
     vertex  8.669290e+00  1.931128e+01  1.500000e+00
     vertex  8.596029e+00  1.934880e+01  1.500000e+00
     vertex  3.000000e+00  1.690000e+01  1.500000e+00
   endloop
 endfacet
 facet normal  0.000000e+00  0.000000e+00  1.000000e+00
   outer loop
     vertex  7.302216e+00  2.068776e+01  1.500000e+00
     vertex  3.000000e+00  1.690000e+01  1.500000e+00
     vertex  7.339231e+00  2.061425e+01  1.500000e+00
   endloop
 endfacet
 facet normal  0.000000e+00  0.000000e+00  1.000000e+00
   outer loop
     vertex  8.743554e+00  1.927579e+01  1.500000e+00
     vertex  8.669290e+00  1.931128e+01  1.500000e+00
     vertex  3.000000e+00  1.690000e+01  1.500000e+00
   endloop
 endfacet
 facet normal  0.000000e+00  0.000000e+00  1.000000e+00
   outer loop
     vertex  7.267232e+00  2.076227e+01  1.500000e+00
     vertex  3.000000e+00  1.690000e+01  1.500000e+00
     vertex  7.302216e+00  2.068776e+01  1.500000e+00
   endloop
 endfacet
 facet normal  0.000000e+00  0.000000e+00  1.000000e+00
   outer loop
     vertex  8.818763e+00  1.924234e+01  1.500000e+00
     vertex  8.743554e+00  1.927579e+01  1.500000e+00
     vertex  3.000000e+00  1.690000e+01  1.500000e+00
   endloop
 endfacet
 facet normal  0.000000e+00  0.000000e+00  1.000000e+00
   outer loop
     vertex  7.234304e+00  2.083771e+01  1.500000e+00
     vertex  3.000000e+00  1.690000e+01  1.500000e+00
     vertex  7.267232e+00  2.076227e+01  1.500000e+00
   endloop
 endfacet
 facet normal  0.000000e+00  0.000000e+00  1.000000e+00
   outer loop
     vertex  8.894861e+00  1.921097e+01  1.500000e+00
     vertex  8.818763e+00  1.924234e+01  1.500000e+00
     vertex  3.000000e+00  1.690000e+01  1.500000e+00
   endloop
 endfacet
 facet normal  0.000000e+00  0.000000e+00  1.000000e+00
   outer loop
     vertex  7.203459e+00  2.091402e+01  1.500000e+00
     vertex  3.000000e+00  1.690000e+01  1.500000e+00
     vertex  7.234304e+00  2.083771e+01  1.500000e+00
   endloop
 endfacet
 facet normal  0.000000e+00  0.000000e+00  1.000000e+00
   outer loop
     vertex  8.971791e+00  1.918170e+01  1.500000e+00
     vertex  8.894861e+00  1.921097e+01  1.500000e+00
     vertex  3.000000e+00  1.690000e+01  1.500000e+00
   endloop
 endfacet
 facet normal  0.000000e+00  0.000000e+00  1.000000e+00
   outer loop
     vertex  7.174718e+00  2.099115e+01  1.500000e+00
     vertex  3.000000e+00  1.690000e+01  1.500000e+00
     vertex  7.203459e+00  2.091402e+01  1.500000e+00
   endloop
 endfacet
 facet normal  0.000000e+00  0.000000e+00  1.000000e+00
   outer loop
     vertex  9.049496e+00  1.915456e+01  1.500000e+00
     vertex  8.971791e+00  1.918170e+01  1.500000e+00
     vertex  3.000000e+00  1.690000e+01  1.500000e+00
   endloop
 endfacet
 facet normal  0.000000e+00  0.000000e+00  1.000000e+00
   outer loop
     vertex  7.148105e+00  2.106904e+01  1.500000e+00
     vertex  3.000000e+00  1.690000e+01  1.500000e+00
     vertex  7.174718e+00  2.099115e+01  1.500000e+00
   endloop
 endfacet
 facet normal  0.000000e+00  0.000000e+00  1.000000e+00
   outer loop
     vertex  9.127915e+00  1.912955e+01  1.500000e+00
     vertex  9.049496e+00  1.915456e+01  1.500000e+00
     vertex  3.000000e+00  1.690000e+01  1.500000e+00
   endloop
 endfacet
 facet normal  0.000000e+00  0.000000e+00  1.000000e+00
   outer loop
     vertex  7.123638e+00  2.114763e+01  1.500000e+00
     vertex  3.000000e+00  1.690000e+01  1.500000e+00
     vertex  7.148105e+00  2.106904e+01  1.500000e+00
   endloop
 endfacet
 facet normal  0.000000e+00  0.000000e+00  1.000000e+00
   outer loop
     vertex  9.206992e+00  1.910671e+01  1.500000e+00
     vertex  9.127915e+00  1.912955e+01  1.500000e+00
     vertex  3.000000e+00  1.690000e+01  1.500000e+00
   endloop
 endfacet
 facet normal  0.000000e+00  0.000000e+00  1.000000e+00
   outer loop
     vertex  7.101337e+00  2.122686e+01  1.500000e+00
     vertex  3.000000e+00  1.690000e+01  1.500000e+00
     vertex  7.123638e+00  2.114763e+01  1.500000e+00
   endloop
 endfacet
 facet normal  0.000000e+00  0.000000e+00  1.000000e+00
   outer loop
     vertex  9.286665e+00  1.908604e+01  1.500000e+00
     vertex  9.206992e+00  1.910671e+01  1.500000e+00
     vertex  3.000000e+00  1.690000e+01  1.500000e+00
   endloop
 endfacet
 facet normal  0.000000e+00  0.000000e+00  1.000000e+00
   outer loop
     vertex  7.081217e+00  2.130667e+01  1.500000e+00
     vertex  3.000000e+00  1.690000e+01  1.500000e+00
     vertex  7.101337e+00  2.122686e+01  1.500000e+00
   endloop
 endfacet
 facet normal  0.000000e+00  0.000000e+00  1.000000e+00
   outer loop
     vertex  9.366875e+00  1.906757e+01  1.500000e+00
     vertex  9.286665e+00  1.908604e+01  1.500000e+00
     vertex  3.000000e+00  1.690000e+01  1.500000e+00
   endloop
 endfacet
 facet normal  0.000000e+00  0.000000e+00  1.000000e+00
   outer loop
     vertex  7.063295e+00  2.138700e+01  1.500000e+00
     vertex  3.000000e+00  1.690000e+01  1.500000e+00
     vertex  7.081217e+00  2.130667e+01  1.500000e+00
   endloop
 endfacet
 facet normal  0.000000e+00  0.000000e+00  1.000000e+00
   outer loop
     vertex  9.447562e+00  1.905130e+01  1.500000e+00
     vertex  9.366875e+00  1.906757e+01  1.500000e+00
     vertex  3.000000e+00  1.690000e+01  1.500000e+00
   endloop
 endfacet
 facet normal  0.000000e+00  0.000000e+00  1.000000e+00
   outer loop
     vertex  7.047583e+00  2.146780e+01  1.500000e+00
     vertex  3.000000e+00  1.690000e+01  1.500000e+00
     vertex  7.063295e+00  2.138700e+01  1.500000e+00
   endloop
 endfacet
 facet normal  0.000000e+00  0.000000e+00  1.000000e+00
   outer loop
     vertex  9.528664e+00  1.903726e+01  1.500000e+00
     vertex  9.447562e+00  1.905130e+01  1.500000e+00
     vertex  3.000000e+00  1.690000e+01  1.500000e+00
   endloop
 endfacet
 facet normal  0.000000e+00  0.000000e+00  1.000000e+00
   outer loop
     vertex  7.034094e+00  2.154900e+01  1.500000e+00
     vertex  3.000000e+00  1.690000e+01  1.500000e+00
     vertex  7.047583e+00  2.146780e+01  1.500000e+00
   endloop
 endfacet
 facet normal  0.000000e+00  0.000000e+00  1.000000e+00
   outer loop
     vertex  9.610122e+00  1.902544e+01  1.500000e+00
     vertex  9.528664e+00  1.903726e+01  1.500000e+00
     vertex  3.000000e+00  1.690000e+01  1.500000e+00
   endloop
 endfacet
 facet normal  0.000000e+00  0.000000e+00  1.000000e+00
   outer loop
     vertex  7.022838e+00  2.163053e+01  1.500000e+00
     vertex  3.000000e+00  1.690000e+01  1.500000e+00
     vertex  7.034094e+00  2.154900e+01  1.500000e+00
   endloop
 endfacet
 facet normal  0.000000e+00  0.000000e+00  1.000000e+00
   outer loop
     vertex  9.691873e+00  1.901587e+01  1.500000e+00
     vertex  9.610122e+00  1.902544e+01  1.500000e+00
     vertex  3.000000e+00  1.690000e+01  1.500000e+00
   endloop
 endfacet
 facet normal  0.000000e+00  0.000000e+00  1.000000e+00
   outer loop
     vertex  7.013822e+00  2.171235e+01  1.500000e+00
     vertex  3.000000e+00  1.690000e+01  1.500000e+00
     vertex  7.022838e+00  2.163053e+01  1.500000e+00
   endloop
 endfacet
 facet normal  0.000000e+00  0.000000e+00  1.000000e+00
   outer loop
     vertex  7.007055e+00  2.179438e+01  1.500000e+00
     vertex  3.000000e+00  1.690000e+01  1.500000e+00
     vertex  7.013822e+00  2.171235e+01  1.500000e+00
   endloop
 endfacet
 facet normal  0.000000e+00  0.000000e+00  1.000000e+00
   outer loop
     vertex  7.002540e+00  2.187657e+01  1.500000e+00
     vertex  0.000000e+00  2.600000e+01  1.500000e+00
     vertex  3.000000e+00  1.690000e+01  1.500000e+00
   endloop
 endfacet
 facet normal  0.000000e+00  0.000000e+00  1.000000e+00
   outer loop
     vertex  7.002540e+00  2.187657e+01  1.500000e+00
     vertex  3.000000e+00  1.690000e+01  1.500000e+00
     vertex  7.007055e+00  2.179438e+01  1.500000e+00
   endloop
 endfacet
 facet normal  0.000000e+00  0.000000e+00  1.000000e+00
   outer loop
     vertex  7.000282e+00  2.195885e+01  1.500000e+00
     vertex  0.000000e+00  2.600000e+01  1.500000e+00
     vertex  7.002540e+00  2.187657e+01  1.500000e+00
   endloop
 endfacet
 facet normal  0.000000e+00  0.000000e+00  1.000000e+00
   outer loop
     vertex  7.000282e+00  2.204115e+01  1.500000e+00
     vertex  0.000000e+00  2.600000e+01  1.500000e+00
     vertex  7.000282e+00  2.195885e+01  1.500000e+00
   endloop
 endfacet
 facet normal  0.000000e+00  0.000000e+00  1.000000e+00
   outer loop
     vertex  7.002540e+00  2.212343e+01  1.500000e+00
     vertex  0.000000e+00  2.600000e+01  1.500000e+00
     vertex  7.000282e+00  2.204115e+01  1.500000e+00
   endloop
 endfacet
 facet normal  0.000000e+00  0.000000e+00  1.000000e+00
   outer loop
     vertex  7.007055e+00  2.220562e+01  1.500000e+00
     vertex  0.000000e+00  2.600000e+01  1.500000e+00
     vertex  7.002540e+00  2.212343e+01  1.500000e+00
   endloop
 endfacet
 facet normal  0.000000e+00  0.000000e+00  1.000000e+00
   outer loop
     vertex  7.013822e+00  2.228765e+01  1.500000e+00
     vertex  0.000000e+00  2.600000e+01  1.500000e+00
     vertex  7.007055e+00  2.220562e+01  1.500000e+00
   endloop
 endfacet
 facet normal  0.000000e+00  0.000000e+00  1.000000e+00
   outer loop
     vertex  7.022838e+00  2.236947e+01  1.500000e+00
     vertex  0.000000e+00  2.600000e+01  1.500000e+00
     vertex  7.013822e+00  2.228765e+01  1.500000e+00
   endloop
 endfacet
 facet normal  0.000000e+00  0.000000e+00  1.000000e+00
   outer loop
     vertex  7.034094e+00  2.245100e+01  1.500000e+00
     vertex  0.000000e+00  2.600000e+01  1.500000e+00
     vertex  7.022838e+00  2.236947e+01  1.500000e+00
   endloop
 endfacet
 facet normal  0.000000e+00  0.000000e+00  1.000000e+00
   outer loop
     vertex  7.047583e+00  2.253220e+01  1.500000e+00
     vertex  0.000000e+00  2.600000e+01  1.500000e+00
     vertex  7.034094e+00  2.245100e+01  1.500000e+00
   endloop
 endfacet
 facet normal  0.000000e+00  0.000000e+00  1.000000e+00
   outer loop
     vertex  7.063295e+00  2.261300e+01  1.500000e+00
     vertex  0.000000e+00  2.600000e+01  1.500000e+00
     vertex  7.047583e+00  2.253220e+01  1.500000e+00
   endloop
 endfacet
 facet normal  0.000000e+00  0.000000e+00  1.000000e+00
   outer loop
     vertex  7.081217e+00  2.269333e+01  1.500000e+00
     vertex  0.000000e+00  2.600000e+01  1.500000e+00
     vertex  7.063295e+00  2.261300e+01  1.500000e+00
   endloop
 endfacet
 facet normal  0.000000e+00  0.000000e+00  1.000000e+00
   outer loop
     vertex  7.101337e+00  2.277314e+01  1.500000e+00
     vertex  0.000000e+00  2.600000e+01  1.500000e+00
     vertex  7.081217e+00  2.269333e+01  1.500000e+00
   endloop
 endfacet
 facet normal  0.000000e+00  0.000000e+00  1.000000e+00
   outer loop
     vertex  7.123638e+00  2.285237e+01  1.500000e+00
     vertex  0.000000e+00  2.600000e+01  1.500000e+00
     vertex  7.101337e+00  2.277314e+01  1.500000e+00
   endloop
 endfacet
 facet normal  0.000000e+00  0.000000e+00  1.000000e+00
   outer loop
     vertex  7.148105e+00  2.293096e+01  1.500000e+00
     vertex  0.000000e+00  2.600000e+01  1.500000e+00
     vertex  7.123638e+00  2.285237e+01  1.500000e+00
   endloop
 endfacet
 facet normal  0.000000e+00  0.000000e+00  1.000000e+00
   outer loop
     vertex  7.174718e+00  2.300885e+01  1.500000e+00
     vertex  0.000000e+00  2.600000e+01  1.500000e+00
     vertex  7.148105e+00  2.293096e+01  1.500000e+00
   endloop
 endfacet
 facet normal  0.000000e+00  0.000000e+00  1.000000e+00
   outer loop
     vertex  7.203459e+00  2.308598e+01  1.500000e+00
     vertex  0.000000e+00  2.600000e+01  1.500000e+00
     vertex  7.174718e+00  2.300885e+01  1.500000e+00
   endloop
 endfacet
 facet normal  0.000000e+00  0.000000e+00  1.000000e+00
   outer loop
     vertex  7.234304e+00  2.316229e+01  1.500000e+00
     vertex  0.000000e+00  2.600000e+01  1.500000e+00
     vertex  7.203459e+00  2.308598e+01  1.500000e+00
   endloop
 endfacet
 facet normal  0.000000e+00  0.000000e+00  1.000000e+00
   outer loop
     vertex  7.267232e+00  2.323773e+01  1.500000e+00
     vertex  0.000000e+00  2.600000e+01  1.500000e+00
     vertex  7.234304e+00  2.316229e+01  1.500000e+00
   endloop
 endfacet
 facet normal  0.000000e+00  0.000000e+00  1.000000e+00
   outer loop
     vertex  7.302216e+00  2.331224e+01  1.500000e+00
     vertex  0.000000e+00  2.600000e+01  1.500000e+00
     vertex  7.267232e+00  2.323773e+01  1.500000e+00
   endloop
 endfacet
 facet normal  0.000000e+00  0.000000e+00  1.000000e+00
   outer loop
     vertex  7.339231e+00  2.338575e+01  1.500000e+00
     vertex  0.000000e+00  2.600000e+01  1.500000e+00
     vertex  7.302216e+00  2.331224e+01  1.500000e+00
   endloop
 endfacet
 facet normal  0.000000e+00  0.000000e+00  1.000000e+00
   outer loop
     vertex  7.378250e+00  2.345823e+01  1.500000e+00
     vertex  0.000000e+00  2.600000e+01  1.500000e+00
     vertex  7.339231e+00  2.338575e+01  1.500000e+00
   endloop
 endfacet
 facet normal  0.000000e+00  0.000000e+00  1.000000e+00
   outer loop
     vertex  7.419242e+00  2.352960e+01  1.500000e+00
     vertex  0.000000e+00  2.600000e+01  1.500000e+00
     vertex  7.378250e+00  2.345823e+01  1.500000e+00
   endloop
 endfacet
 facet normal  0.000000e+00  0.000000e+00  1.000000e+00
   outer loop
     vertex  7.462176e+00  2.359983e+01  1.500000e+00
     vertex  0.000000e+00  2.600000e+01  1.500000e+00
     vertex  7.419242e+00  2.352960e+01  1.500000e+00
   endloop
 endfacet
 facet normal  0.000000e+00  0.000000e+00  1.000000e+00
   outer loop
     vertex  7.507021e+00  2.366885e+01  1.500000e+00
     vertex  0.000000e+00  2.600000e+01  1.500000e+00
     vertex  7.462176e+00  2.359983e+01  1.500000e+00
   endloop
 endfacet
 facet normal  0.000000e+00  0.000000e+00  1.000000e+00
   outer loop
     vertex  7.553743e+00  2.373661e+01  1.500000e+00
     vertex  0.000000e+00  2.600000e+01  1.500000e+00
     vertex  7.507021e+00  2.366885e+01  1.500000e+00
   endloop
 endfacet
 facet normal  0.000000e+00  0.000000e+00  1.000000e+00
   outer loop
     vertex  7.602306e+00  2.380307e+01  1.500000e+00
     vertex  0.000000e+00  2.600000e+01  1.500000e+00
     vertex  7.553743e+00  2.373661e+01  1.500000e+00
   endloop
 endfacet
 facet normal  0.000000e+00  0.000000e+00  1.000000e+00
   outer loop
     vertex  7.652674e+00  2.386817e+01  1.500000e+00
     vertex  0.000000e+00  2.600000e+01  1.500000e+00
     vertex  7.602306e+00  2.380307e+01  1.500000e+00
   endloop
 endfacet
 facet normal  0.000000e+00  0.000000e+00  1.000000e+00
   outer loop
     vertex  7.704809e+00  2.393186e+01  1.500000e+00
     vertex  0.000000e+00  2.600000e+01  1.500000e+00
     vertex  7.652674e+00  2.386817e+01  1.500000e+00
   endloop
 endfacet
 facet normal  0.000000e+00  0.000000e+00  1.000000e+00
   outer loop
     vertex  7.758671e+00  2.399410e+01  1.500000e+00
     vertex  0.000000e+00  2.600000e+01  1.500000e+00
     vertex  7.704809e+00  2.393186e+01  1.500000e+00
   endloop
 endfacet
 facet normal  0.000000e+00  0.000000e+00  1.000000e+00
   outer loop
     vertex  7.814221e+00  2.405484e+01  1.500000e+00
     vertex  0.000000e+00  2.600000e+01  1.500000e+00
     vertex  7.758671e+00  2.399410e+01  1.500000e+00
   endloop
 endfacet
 facet normal  0.000000e+00  0.000000e+00  1.000000e+00
   outer loop
     vertex  7.871417e+00  2.411403e+01  1.500000e+00
     vertex  0.000000e+00  2.600000e+01  1.500000e+00
     vertex  7.814221e+00  2.405484e+01  1.500000e+00
   endloop
 endfacet
 facet normal  0.000000e+00  0.000000e+00  1.000000e+00
   outer loop
     vertex  7.930214e+00  2.417163e+01  1.500000e+00
     vertex  0.000000e+00  2.600000e+01  1.500000e+00
     vertex  7.871417e+00  2.411403e+01  1.500000e+00
   endloop
 endfacet
 facet normal  0.000000e+00  0.000000e+00  1.000000e+00
   outer loop
     vertex  7.990570e+00  2.422760e+01  1.500000e+00
     vertex  0.000000e+00  2.600000e+01  1.500000e+00
     vertex  7.930214e+00  2.417163e+01  1.500000e+00
   endloop
 endfacet
 facet normal  0.000000e+00  0.000000e+00  1.000000e+00
   outer loop
     vertex  8.052438e+00  2.428189e+01  1.500000e+00
     vertex  0.000000e+00  2.600000e+01  1.500000e+00
     vertex  7.990570e+00  2.422760e+01  1.500000e+00
   endloop
 endfacet
 facet normal  0.000000e+00  0.000000e+00  1.000000e+00
   outer loop
     vertex  8.115773e+00  2.433446e+01  1.500000e+00
     vertex  0.000000e+00  2.600000e+01  1.500000e+00
     vertex  8.052438e+00  2.428189e+01  1.500000e+00
   endloop
 endfacet
 facet normal  0.000000e+00  0.000000e+00  1.000000e+00
   outer loop
     vertex  8.180526e+00  2.438527e+01  1.500000e+00
     vertex  0.000000e+00  2.600000e+01  1.500000e+00
     vertex  8.115773e+00  2.433446e+01  1.500000e+00
   endloop
 endfacet
 facet normal  0.000000e+00  0.000000e+00  1.000000e+00
   outer loop
     vertex  8.246648e+00  2.443429e+01  1.500000e+00
     vertex  0.000000e+00  2.600000e+01  1.500000e+00
     vertex  8.180526e+00  2.438527e+01  1.500000e+00
   endloop
 endfacet
 facet normal  0.000000e+00  0.000000e+00  1.000000e+00
   outer loop
     vertex  8.314090e+00  2.448147e+01  1.500000e+00
     vertex  0.000000e+00  2.600000e+01  1.500000e+00
     vertex  8.246648e+00  2.443429e+01  1.500000e+00
   endloop
 endfacet
 facet normal  0.000000e+00  0.000000e+00  1.000000e+00
   outer loop
     vertex  8.382802e+00  2.452679e+01  1.500000e+00
     vertex  0.000000e+00  2.600000e+01  1.500000e+00
     vertex  8.314090e+00  2.448147e+01  1.500000e+00
   endloop
 endfacet
 facet normal  0.000000e+00  0.000000e+00  1.000000e+00
   outer loop
     vertex  8.452730e+00  2.457021e+01  1.500000e+00
     vertex  0.000000e+00  2.600000e+01  1.500000e+00
     vertex  8.382802e+00  2.452679e+01  1.500000e+00
   endloop
 endfacet
 facet normal  0.000000e+00  0.000000e+00  1.000000e+00
   outer loop
     vertex  8.523824e+00  2.461169e+01  1.500000e+00
     vertex  0.000000e+00  2.600000e+01  1.500000e+00
     vertex  8.452730e+00  2.457021e+01  1.500000e+00
   endloop
 endfacet
 facet normal  0.000000e+00  0.000000e+00  1.000000e+00
   outer loop
     vertex  8.596029e+00  2.465120e+01  1.500000e+00
     vertex  0.000000e+00  2.600000e+01  1.500000e+00
     vertex  8.523824e+00  2.461169e+01  1.500000e+00
   endloop
 endfacet
 facet normal  0.000000e+00  0.000000e+00  1.000000e+00
   outer loop
     vertex  8.669290e+00  2.468872e+01  1.500000e+00
     vertex  0.000000e+00  2.600000e+01  1.500000e+00
     vertex  8.596029e+00  2.465120e+01  1.500000e+00
   endloop
 endfacet
 facet normal  0.000000e+00  0.000000e+00  1.000000e+00
   outer loop
     vertex  8.743554e+00  2.472421e+01  1.500000e+00
     vertex  0.000000e+00  2.600000e+01  1.500000e+00
     vertex  8.669290e+00  2.468872e+01  1.500000e+00
   endloop
 endfacet
 facet normal  0.000000e+00  0.000000e+00  1.000000e+00
   outer loop
     vertex  8.818763e+00  2.475766e+01  1.500000e+00
     vertex  0.000000e+00  2.600000e+01  1.500000e+00
     vertex  8.743554e+00  2.472421e+01  1.500000e+00
   endloop
 endfacet
 facet normal  0.000000e+00  0.000000e+00  1.000000e+00
   outer loop
     vertex  8.894861e+00  2.478903e+01  1.500000e+00
     vertex  0.000000e+00  2.600000e+01  1.500000e+00
     vertex  8.818763e+00  2.475766e+01  1.500000e+00
   endloop
 endfacet
 facet normal  0.000000e+00  0.000000e+00  1.000000e+00
   outer loop
     vertex  8.971791e+00  2.481830e+01  1.500000e+00
     vertex  0.000000e+00  2.600000e+01  1.500000e+00
     vertex  8.894861e+00  2.478903e+01  1.500000e+00
   endloop
 endfacet
 facet normal  0.000000e+00  0.000000e+00  1.000000e+00
   outer loop
     vertex  1.690000e+01  1.690000e+01  1.500000e+00
     vertex  1.114330e+01  1.922640e+01  1.500000e+00
     vertex  1.106677e+01  1.919608e+01  1.500000e+00
   endloop
 endfacet
 facet normal  0.000000e+00  0.000000e+00  1.000000e+00
   outer loop
     vertex  1.690000e+01  1.690000e+01  1.500000e+00
     vertex  1.121896e+01  1.925881e+01  1.500000e+00
     vertex  1.114330e+01  1.922640e+01  1.500000e+00
   endloop
 endfacet
 facet normal  0.000000e+00  0.000000e+00  1.000000e+00
   outer loop
     vertex  1.690000e+01  1.690000e+01  1.500000e+00
     vertex  1.129370e+01  1.929328e+01  1.500000e+00
     vertex  1.121896e+01  1.925881e+01  1.500000e+00
   endloop
 endfacet
 facet normal  0.000000e+00  0.000000e+00  1.000000e+00
   outer loop
     vertex  1.690000e+01  1.690000e+01  1.500000e+00
     vertex  1.136747e+01  1.932979e+01  1.500000e+00
     vertex  1.129370e+01  1.929328e+01  1.500000e+00
   endloop
 endfacet
 facet normal  0.000000e+00  0.000000e+00  1.000000e+00
   outer loop
     vertex  1.690000e+01  1.690000e+01  1.500000e+00
     vertex  1.144021e+01  1.936831e+01  1.500000e+00
     vertex  1.136747e+01  1.932979e+01  1.500000e+00
   endloop
 endfacet
 facet normal  0.000000e+00  0.000000e+00  1.000000e+00
   outer loop
     vertex  1.690000e+01  1.690000e+01  1.500000e+00
     vertex  1.151187e+01  1.940881e+01  1.500000e+00
     vertex  1.144021e+01  1.936831e+01  1.500000e+00
   endloop
 endfacet
 facet normal  0.000000e+00  0.000000e+00  1.000000e+00
   outer loop
     vertex  1.690000e+01  1.690000e+01  1.500000e+00
     vertex  1.158238e+01  1.945126e+01  1.500000e+00
     vertex  1.151187e+01  1.940881e+01  1.500000e+00
   endloop
 endfacet
 facet normal  0.000000e+00  0.000000e+00  1.000000e+00
   outer loop
     vertex  1.690000e+01  1.690000e+01  1.500000e+00
     vertex  1.165171e+01  1.949563e+01  1.500000e+00
     vertex  1.158238e+01  1.945126e+01  1.500000e+00
   endloop
 endfacet
 facet normal  0.000000e+00  0.000000e+00  1.000000e+00
   outer loop
     vertex  1.690000e+01  1.690000e+01  1.500000e+00
     vertex  1.171979e+01  1.954189e+01  1.500000e+00
     vertex  1.165171e+01  1.949563e+01  1.500000e+00
   endloop
 endfacet
 facet normal  0.000000e+00  0.000000e+00  1.000000e+00
   outer loop
     vertex  1.690000e+01  1.690000e+01  1.500000e+00
     vertex  1.178658e+01  1.958999e+01  1.500000e+00
     vertex  1.171979e+01  1.954189e+01  1.500000e+00
   endloop
 endfacet
 facet normal  0.000000e+00  0.000000e+00  1.000000e+00
   outer loop
     vertex  1.690000e+01  1.690000e+01  1.500000e+00
     vertex  1.185203e+01  1.963991e+01  1.500000e+00
     vertex  1.178658e+01  1.958999e+01  1.500000e+00
   endloop
 endfacet
 facet normal  0.000000e+00  0.000000e+00  1.000000e+00
   outer loop
     vertex  1.690000e+01  1.690000e+01  1.500000e+00
     vertex  1.690000e+01  3.000000e+00  1.500000e+00
     vertex  2.200000e+01  3.000000e+00  1.500000e+00
   endloop
 endfacet
 facet normal  0.000000e+00  0.000000e+00  1.000000e+00
   outer loop
     vertex  1.690000e+01  1.690000e+01  1.500000e+00
     vertex  1.191607e+01  1.969161e+01  1.500000e+00
     vertex  1.185203e+01  1.963991e+01  1.500000e+00
   endloop
 endfacet
 facet normal  0.000000e+00  0.000000e+00  1.000000e+00
   outer loop
     vertex  1.690000e+01  1.690000e+01  1.500000e+00
     vertex  1.197868e+01  1.974505e+01  1.500000e+00
     vertex  1.191607e+01  1.969161e+01  1.500000e+00
   endloop
 endfacet
 facet normal  0.000000e+00  0.000000e+00  1.000000e+00
   outer loop
     vertex  1.690000e+01  1.690000e+01  1.500000e+00
     vertex  1.203980e+01  1.980018e+01  1.500000e+00
     vertex  1.197868e+01  1.974505e+01  1.500000e+00
   endloop
 endfacet
 facet normal  0.000000e+00  0.000000e+00  1.000000e+00
   outer loop
     vertex  1.690000e+01  1.690000e+01  1.500000e+00
     vertex  1.209938e+01  1.985697e+01  1.500000e+00
     vertex  1.203980e+01  1.980018e+01  1.500000e+00
   endloop
 endfacet
 facet normal  0.000000e+00  0.000000e+00  1.000000e+00
   outer loop
     vertex  1.690000e+01  1.690000e+01  1.500000e+00
     vertex  1.215738e+01  1.991537e+01  1.500000e+00
     vertex  1.209938e+01  1.985697e+01  1.500000e+00
   endloop
 endfacet
 facet normal  0.000000e+00  0.000000e+00  1.000000e+00
   outer loop
     vertex  1.690000e+01  1.690000e+01  1.500000e+00
     vertex  1.221376e+01  1.997534e+01  1.500000e+00
     vertex  1.215738e+01  1.991537e+01  1.500000e+00
   endloop
 endfacet
 facet normal  0.000000e+00  0.000000e+00  1.000000e+00
   outer loop
     vertex  1.690000e+01  1.690000e+01  1.500000e+00
     vertex  1.226847e+01  2.003683e+01  1.500000e+00
     vertex  1.221376e+01  1.997534e+01  1.500000e+00
   endloop
 endfacet
 facet normal  0.000000e+00  0.000000e+00  1.000000e+00
   outer loop
     vertex  1.690000e+01  1.690000e+01  1.500000e+00
     vertex  1.232148e+01  2.009980e+01  1.500000e+00
     vertex  1.226847e+01  2.003683e+01  1.500000e+00
   endloop
 endfacet
 facet normal  0.000000e+00  0.000000e+00  1.000000e+00
   outer loop
     vertex  1.690000e+01  1.690000e+01  1.500000e+00
     vertex  1.237273e+01  2.016421e+01  1.500000e+00
     vertex  1.232148e+01  2.009980e+01  1.500000e+00
   endloop
 endfacet
 facet normal  0.000000e+00  0.000000e+00  1.000000e+00
   outer loop
     vertex  1.690000e+01  1.690000e+01  1.500000e+00
     vertex  1.242220e+01  2.022999e+01  1.500000e+00
     vertex  1.237273e+01  2.016421e+01  1.500000e+00
   endloop
 endfacet
 facet normal  0.000000e+00  0.000000e+00  1.000000e+00
   outer loop
     vertex  1.690000e+01  1.690000e+01  1.500000e+00
     vertex  1.246985e+01  2.029711e+01  1.500000e+00
     vertex  1.242220e+01  2.022999e+01  1.500000e+00
   endloop
 endfacet
 facet normal  0.000000e+00  0.000000e+00  1.000000e+00
   outer loop
     vertex  1.690000e+01  1.690000e+01  1.500000e+00
     vertex  1.251564e+01  2.036551e+01  1.500000e+00
     vertex  1.246985e+01  2.029711e+01  1.500000e+00
   endloop
 endfacet
 facet normal  0.000000e+00  0.000000e+00  1.000000e+00
   outer loop
     vertex  1.690000e+01  1.690000e+01  1.500000e+00
     vertex  1.255953e+01  2.043514e+01  1.500000e+00
     vertex  1.251564e+01  2.036551e+01  1.500000e+00
   endloop
 endfacet
 facet normal  0.000000e+00  0.000000e+00  1.000000e+00
   outer loop
     vertex  1.690000e+01  1.690000e+01  1.500000e+00
     vertex  1.260150e+01  2.050594e+01  1.500000e+00
     vertex  1.255953e+01  2.043514e+01  1.500000e+00
   endloop
 endfacet
 facet normal  0.000000e+00  0.000000e+00  1.000000e+00
   outer loop
     vertex  1.690000e+01  1.690000e+01  1.500000e+00
     vertex  1.264151e+01  2.057788e+01  1.500000e+00
     vertex  1.260150e+01  2.050594e+01  1.500000e+00
   endloop
 endfacet
 facet normal  0.000000e+00  0.000000e+00  1.000000e+00
   outer loop
     vertex  1.690000e+01  1.690000e+01  1.500000e+00
     vertex  1.267953e+01  2.065088e+01  1.500000e+00
     vertex  1.264151e+01  2.057788e+01  1.500000e+00
   endloop
 endfacet
 facet normal  0.000000e+00  0.000000e+00  1.000000e+00
   outer loop
     vertex  1.690000e+01  1.690000e+01  1.500000e+00
     vertex  1.271553e+01  2.072490e+01  1.500000e+00
     vertex  1.267953e+01  2.065088e+01  1.500000e+00
   endloop
 endfacet
 facet normal  0.000000e+00  0.000000e+00  1.000000e+00
   outer loop
     vertex  1.690000e+01  1.690000e+01  1.500000e+00
     vertex  1.274949e+01  2.079987e+01  1.500000e+00
     vertex  1.271553e+01  2.072490e+01  1.500000e+00
   endloop
 endfacet
 facet normal  0.000000e+00  0.000000e+00  1.000000e+00
   outer loop
     vertex  1.690000e+01  1.690000e+01  1.500000e+00
     vertex  1.278138e+01  2.087576e+01  1.500000e+00
     vertex  1.274949e+01  2.079987e+01  1.500000e+00
   endloop
 endfacet
 facet normal  0.000000e+00  0.000000e+00  1.000000e+00
   outer loop
     vertex  1.690000e+01  1.690000e+01  1.500000e+00
     vertex  1.281118e+01  2.095248e+01  1.500000e+00
     vertex  1.278138e+01  2.087576e+01  1.500000e+00
   endloop
 endfacet
 facet normal  0.000000e+00  0.000000e+00  1.000000e+00
   outer loop
     vertex  1.690000e+01  1.690000e+01  1.500000e+00
     vertex  1.034904e+01  1.902037e+01  1.500000e+00
     vertex  1.026716e+01  1.901192e+01  1.500000e+00
   endloop
 endfacet
 facet normal  0.000000e+00  0.000000e+00  1.000000e+00
   outer loop
     vertex  1.690000e+01  1.690000e+01  1.500000e+00
     vertex  1.043065e+01  1.903107e+01  1.500000e+00
     vertex  1.034904e+01  1.902037e+01  1.500000e+00
   endloop
 endfacet
 facet normal  0.000000e+00  0.000000e+00  1.000000e+00
   outer loop
     vertex  1.690000e+01  1.690000e+01  1.500000e+00
     vertex  1.051194e+01  1.904400e+01  1.500000e+00
     vertex  1.043065e+01  1.903107e+01  1.500000e+00
   endloop
 endfacet
 facet normal  0.000000e+00  0.000000e+00  1.000000e+00
   outer loop
     vertex  1.690000e+01  1.690000e+01  1.500000e+00
     vertex  1.059284e+01  1.905916e+01  1.500000e+00
     vertex  1.051194e+01  1.904400e+01  1.500000e+00
   endloop
 endfacet
 facet normal  0.000000e+00  0.000000e+00  1.000000e+00
   outer loop
     vertex  1.690000e+01  1.690000e+01  1.500000e+00
     vertex  1.067329e+01  1.907653e+01  1.500000e+00
     vertex  1.059284e+01  1.905916e+01  1.500000e+00
   endloop
 endfacet
 facet normal  0.000000e+00  0.000000e+00  1.000000e+00
   outer loop
     vertex  1.690000e+01  1.690000e+01  1.500000e+00
     vertex  1.075324e+01  1.909610e+01  1.500000e+00
     vertex  1.067329e+01  1.907653e+01  1.500000e+00
   endloop
 endfacet
 facet normal  0.000000e+00  0.000000e+00  1.000000e+00
   outer loop
     vertex  1.690000e+01  1.690000e+01  1.500000e+00
     vertex  1.083262e+01  1.911786e+01  1.500000e+00
     vertex  1.075324e+01  1.909610e+01  1.500000e+00
   endloop
 endfacet
 facet normal  0.000000e+00  0.000000e+00  1.000000e+00
   outer loop
     vertex  1.690000e+01  1.690000e+01  1.500000e+00
     vertex  1.091138e+01  1.914179e+01  1.500000e+00
     vertex  1.083262e+01  1.911786e+01  1.500000e+00
   endloop
 endfacet
 facet normal  0.000000e+00  0.000000e+00  1.000000e+00
   outer loop
     vertex  1.690000e+01  1.690000e+01  1.500000e+00
     vertex  1.098945e+01  1.916786e+01  1.500000e+00
     vertex  1.091138e+01  1.914179e+01  1.500000e+00
   endloop
 endfacet
 facet normal  0.000000e+00  0.000000e+00  1.000000e+00
   outer loop
     vertex  1.690000e+01  1.690000e+01  1.500000e+00
     vertex  1.106677e+01  1.919608e+01  1.500000e+00
     vertex  1.098945e+01  1.916786e+01  1.500000e+00
   endloop
 endfacet
 facet normal  0.000000e+00  0.000000e+00  1.000000e+00
   outer loop
     vertex  1.283886e+01  2.103000e+01  1.500000e+00
     vertex  1.281118e+01  2.095248e+01  1.500000e+00
     vertex  1.690000e+01  1.690000e+01  1.500000e+00
   endloop
 endfacet
 facet normal  0.000000e+00  0.000000e+00  1.000000e+00
   outer loop
     vertex  9.049496e+00  2.484544e+01  1.500000e+00
     vertex  0.000000e+00  2.600000e+01  1.500000e+00
     vertex  8.971791e+00  2.481830e+01  1.500000e+00
   endloop
 endfacet
 facet normal  0.000000e+00  0.000000e+00  1.000000e+00
   outer loop
     vertex  1.286440e+01  2.110825e+01  1.500000e+00
     vertex  1.283886e+01  2.103000e+01  1.500000e+00
     vertex  1.690000e+01  1.690000e+01  1.500000e+00
   endloop
 endfacet
 facet normal  0.000000e+00  0.000000e+00  1.000000e+00
   outer loop
     vertex  9.127915e+00  2.487045e+01  1.500000e+00
     vertex  0.000000e+00  2.600000e+01  1.500000e+00
     vertex  9.049496e+00  2.484544e+01  1.500000e+00
   endloop
 endfacet
 facet normal  0.000000e+00  0.000000e+00  1.000000e+00
   outer loop
     vertex  1.288778e+01  2.118716e+01  1.500000e+00
     vertex  1.286440e+01  2.110825e+01  1.500000e+00
     vertex  1.690000e+01  1.690000e+01  1.500000e+00
   endloop
 endfacet
 facet normal  0.000000e+00  0.000000e+00  1.000000e+00
   outer loop
     vertex  9.206992e+00  2.489329e+01  1.500000e+00
     vertex  0.000000e+00  2.600000e+01  1.500000e+00
     vertex  9.127915e+00  2.487045e+01  1.500000e+00
   endloop
 endfacet
 facet normal  0.000000e+00  0.000000e+00  1.000000e+00
   outer loop
     vertex  1.290900e+01  2.126669e+01  1.500000e+00
     vertex  1.288778e+01  2.118716e+01  1.500000e+00
     vertex  1.690000e+01  1.690000e+01  1.500000e+00
   endloop
 endfacet
 facet normal  0.000000e+00  0.000000e+00  1.000000e+00
   outer loop
     vertex  9.286665e+00  2.491396e+01  1.500000e+00
     vertex  0.000000e+00  2.600000e+01  1.500000e+00
     vertex  9.206992e+00  2.489329e+01  1.500000e+00
   endloop
 endfacet
 facet normal  0.000000e+00  0.000000e+00  1.000000e+00
   outer loop
     vertex  1.292802e+01  2.134678e+01  1.500000e+00
     vertex  1.290900e+01  2.126669e+01  1.500000e+00
     vertex  1.690000e+01  1.690000e+01  1.500000e+00
   endloop
 endfacet
 facet normal  0.000000e+00  0.000000e+00  1.000000e+00
   outer loop
     vertex  9.366875e+00  2.493243e+01  1.500000e+00
     vertex  0.000000e+00  2.600000e+01  1.500000e+00
     vertex  9.286665e+00  2.491396e+01  1.500000e+00
   endloop
 endfacet
 facet normal  0.000000e+00  0.000000e+00  1.000000e+00
   outer loop
     vertex  1.294484e+01  2.142735e+01  1.500000e+00
     vertex  1.292802e+01  2.134678e+01  1.500000e+00
     vertex  1.690000e+01  1.690000e+01  1.500000e+00
   endloop
 endfacet
 facet normal  0.000000e+00  0.000000e+00  1.000000e+00
   outer loop
     vertex  9.447562e+00  2.494870e+01  1.500000e+00
     vertex  0.000000e+00  2.600000e+01  1.500000e+00
     vertex  9.366875e+00  2.493243e+01  1.500000e+00
   endloop
 endfacet
 facet normal  0.000000e+00  0.000000e+00  1.000000e+00
   outer loop
     vertex  1.295944e+01  2.150835e+01  1.500000e+00
     vertex  1.294484e+01  2.142735e+01  1.500000e+00
     vertex  1.690000e+01  1.690000e+01  1.500000e+00
   endloop
 endfacet
 facet normal  0.000000e+00  0.000000e+00  1.000000e+00
   outer loop
     vertex  9.528664e+00  2.496274e+01  1.500000e+00
     vertex  0.000000e+00  2.600000e+01  1.500000e+00
     vertex  9.447562e+00  2.494870e+01  1.500000e+00
   endloop
 endfacet
 facet normal  0.000000e+00  0.000000e+00  1.000000e+00
   outer loop
     vertex  1.297181e+01  2.158973e+01  1.500000e+00
     vertex  1.295944e+01  2.150835e+01  1.500000e+00
     vertex  1.690000e+01  1.690000e+01  1.500000e+00
   endloop
 endfacet
 facet normal  0.000000e+00  0.000000e+00  1.000000e+00
   outer loop
     vertex  9.610122e+00  2.497456e+01  1.500000e+00
     vertex  0.000000e+00  2.600000e+01  1.500000e+00
     vertex  9.528664e+00  2.496274e+01  1.500000e+00
   endloop
 endfacet
 facet normal  0.000000e+00  0.000000e+00  1.000000e+00
   outer loop
     vertex  1.298195e+01  2.167141e+01  1.500000e+00
     vertex  1.297181e+01  2.158973e+01  1.500000e+00
     vertex  1.690000e+01  1.690000e+01  1.500000e+00
   endloop
 endfacet
 facet normal  0.000000e+00  0.000000e+00  1.000000e+00
   outer loop
     vertex  9.691873e+00  2.498413e+01  1.500000e+00
     vertex  0.000000e+00  2.600000e+01  1.500000e+00
     vertex  9.610122e+00  2.497456e+01  1.500000e+00
   endloop
 endfacet
 facet normal  0.000000e+00  0.000000e+00  1.000000e+00
   outer loop
     vertex  1.298984e+01  2.175334e+01  1.500000e+00
     vertex  1.298195e+01  2.167141e+01  1.500000e+00
     vertex  1.690000e+01  1.690000e+01  1.500000e+00
   endloop
 endfacet
 facet normal  0.000000e+00  0.000000e+00  1.000000e+00
   outer loop
     vertex  9.773855e+00  2.499146e+01  1.500000e+00
     vertex  0.000000e+00  2.600000e+01  1.500000e+00
     vertex  9.691873e+00  2.498413e+01  1.500000e+00
   endloop
 endfacet
 facet normal  0.000000e+00  0.000000e+00  1.000000e+00
   outer loop
     vertex  1.299548e+01  2.183546e+01  1.500000e+00
     vertex  1.298984e+01  2.175334e+01  1.500000e+00
     vertex  1.690000e+01  1.690000e+01  1.500000e+00
   endloop
 endfacet
 facet normal  0.000000e+00  0.000000e+00  1.000000e+00
   outer loop
     vertex  9.856009e+00  2.499654e+01  1.500000e+00
     vertex  0.000000e+00  2.600000e+01  1.500000e+00
     vertex  9.773855e+00  2.499146e+01  1.500000e+00
   endloop
 endfacet
 facet normal  0.000000e+00  0.000000e+00  1.000000e+00
   outer loop
     vertex  1.299887e+01  2.191770e+01  1.500000e+00
     vertex  1.299548e+01  2.183546e+01  1.500000e+00
     vertex  1.690000e+01  1.690000e+01  1.500000e+00
   endloop
 endfacet
 facet normal  0.000000e+00  0.000000e+00  1.000000e+00
   outer loop
     vertex  1.300000e+01  2.200000e+01  1.500000e+00
     vertex  1.299887e+01  2.191770e+01  1.500000e+00
     vertex  1.690000e+01  1.690000e+01  1.500000e+00
   endloop
 endfacet
 facet normal  0.000000e+00  0.000000e+00  1.000000e+00
   outer loop
     vertex  1.299887e+01  2.208230e+01  1.500000e+00
     vertex  1.300000e+01  2.200000e+01  1.500000e+00
     vertex  1.690000e+01  1.690000e+01  1.500000e+00
   endloop
 endfacet
 facet normal  0.000000e+00  0.000000e+00  1.000000e+00
   outer loop
     vertex  1.299548e+01  2.216454e+01  1.500000e+00
     vertex  1.299887e+01  2.208230e+01  1.500000e+00
     vertex  1.690000e+01  1.690000e+01  1.500000e+00
   endloop
 endfacet
 facet normal  0.000000e+00  0.000000e+00  1.000000e+00
   outer loop
     vertex  1.298984e+01  2.224666e+01  1.500000e+00
     vertex  1.299548e+01  2.216454e+01  1.500000e+00
     vertex  1.690000e+01  1.690000e+01  1.500000e+00
   endloop
 endfacet
 facet normal  0.000000e+00  0.000000e+00  1.000000e+00
   outer loop
     vertex  3.610000e+01  3.000000e+00  1.500000e+00
     vertex  2.200000e+01  3.000000e+00  1.500000e+00
     vertex  0.000000e+00  0.000000e+00  1.500000e+00
   endloop
 endfacet
 facet normal  0.000000e+00  0.000000e+00  1.000000e+00
   outer loop
     vertex  2.200000e+01  1.710000e+01  1.500000e+00
     vertex  1.298195e+01  2.232859e+01  1.500000e+00
     vertex  1.298984e+01  2.224666e+01  1.500000e+00
   endloop
 endfacet
 facet normal  0.000000e+00  0.000000e+00  1.000000e+00
   outer loop
     vertex  2.200000e+01  1.710000e+01  1.500000e+00
     vertex  1.298984e+01  2.224666e+01  1.500000e+00
     vertex  1.690000e+01  1.690000e+01  1.500000e+00
   endloop
 endfacet
 facet normal  0.000000e+00  0.000000e+00  1.000000e+00
   outer loop
     vertex  2.200000e+01  1.710000e+01  1.500000e+00
     vertex  1.690000e+01  1.690000e+01  1.500000e+00
     vertex  2.200000e+01  3.000000e+00  1.500000e+00
   endloop
 endfacet
 facet normal  0.000000e+00  0.000000e+00  1.000000e+00
   outer loop
     vertex  2.686122e+01  1.975598e+01  1.500000e+00
     vertex  2.680046e+01  1.981550e+01  1.500000e+00
     vertex  2.200000e+01  1.710000e+01  1.500000e+00
   endloop
 endfacet
 facet normal  0.000000e+00  0.000000e+00  1.000000e+00
   outer loop
     vertex  2.674136e+01  1.987666e+01  1.500000e+00
     vertex  2.200000e+01  1.710000e+01  1.500000e+00
     vertex  2.680046e+01  1.981550e+01  1.500000e+00
   endloop
 endfacet
 facet normal  0.000000e+00  0.000000e+00  1.000000e+00
   outer loop
     vertex  2.692359e+01  1.969815e+01  1.500000e+00
     vertex  2.686122e+01  1.975598e+01  1.500000e+00
     vertex  2.200000e+01  1.710000e+01  1.500000e+00
   endloop
 endfacet
 facet normal  0.000000e+00  0.000000e+00  1.000000e+00
   outer loop
     vertex  2.668396e+01  1.993943e+01  1.500000e+00
     vertex  2.200000e+01  1.710000e+01  1.500000e+00
     vertex  2.674136e+01  1.987666e+01  1.500000e+00
   endloop
 endfacet
 facet normal  0.000000e+00  0.000000e+00  1.000000e+00
   outer loop
     vertex  2.698752e+01  1.964205e+01  1.500000e+00
     vertex  2.692359e+01  1.969815e+01  1.500000e+00
     vertex  2.200000e+01  1.710000e+01  1.500000e+00
   endloop
 endfacet
 facet normal  0.000000e+00  0.000000e+00  1.000000e+00
   outer loop
     vertex  2.662830e+01  2.000374e+01  1.500000e+00
     vertex  2.200000e+01  1.710000e+01  1.500000e+00
     vertex  2.668396e+01  1.993943e+01  1.500000e+00
   endloop
 endfacet
 facet normal  0.000000e+00  0.000000e+00  1.000000e+00
   outer loop
     vertex  2.705297e+01  1.958773e+01  1.500000e+00
     vertex  2.698752e+01  1.964205e+01  1.500000e+00
     vertex  2.200000e+01  1.710000e+01  1.500000e+00
   endloop
 endfacet
 facet normal  0.000000e+00  0.000000e+00  1.000000e+00
   outer loop
     vertex  2.657443e+01  2.006956e+01  1.500000e+00
     vertex  2.200000e+01  1.710000e+01  1.500000e+00
     vertex  2.662830e+01  2.000374e+01  1.500000e+00
   endloop
 endfacet
 facet normal  0.000000e+00  0.000000e+00  1.000000e+00
   outer loop
     vertex  2.711988e+01  1.953522e+01  1.500000e+00
     vertex  2.705297e+01  1.958773e+01  1.500000e+00
     vertex  2.200000e+01  1.710000e+01  1.500000e+00
   endloop
 endfacet
 facet normal  0.000000e+00  0.000000e+00  1.000000e+00
   outer loop
     vertex  2.652238e+01  2.013683e+01  1.500000e+00
     vertex  2.200000e+01  1.710000e+01  1.500000e+00
     vertex  2.657443e+01  2.006956e+01  1.500000e+00
   endloop
 endfacet
 facet normal  0.000000e+00  0.000000e+00  1.000000e+00
   outer loop
     vertex  2.718820e+01  1.948457e+01  1.500000e+00
     vertex  2.711988e+01  1.953522e+01  1.500000e+00
     vertex  2.200000e+01  1.710000e+01  1.500000e+00
   endloop
 endfacet
 facet normal  0.000000e+00  0.000000e+00  1.000000e+00
   outer loop
     vertex  2.647220e+01  2.020550e+01  1.500000e+00
     vertex  2.200000e+01  1.710000e+01  1.500000e+00
     vertex  2.652238e+01  2.013683e+01  1.500000e+00
   endloop
 endfacet
 facet normal  0.000000e+00  0.000000e+00  1.000000e+00
   outer loop
     vertex  2.725789e+01  1.943581e+01  1.500000e+00
     vertex  2.718820e+01  1.948457e+01  1.500000e+00
     vertex  2.200000e+01  1.710000e+01  1.500000e+00
   endloop
 endfacet
 facet normal  0.000000e+00  0.000000e+00  1.000000e+00
   outer loop
     vertex  2.642392e+01  2.027552e+01  1.500000e+00
     vertex  2.200000e+01  1.710000e+01  1.500000e+00
     vertex  2.647220e+01  2.020550e+01  1.500000e+00
   endloop
 endfacet
 facet normal  0.000000e+00  0.000000e+00  1.000000e+00
   outer loop
     vertex  2.732890e+01  1.938898e+01  1.500000e+00
     vertex  2.725789e+01  1.943581e+01  1.500000e+00
     vertex  2.200000e+01  1.710000e+01  1.500000e+00
   endloop
 endfacet
 facet normal  0.000000e+00  0.000000e+00  1.000000e+00
   outer loop
     vertex  2.637758e+01  2.034684e+01  1.500000e+00
     vertex  2.200000e+01  1.710000e+01  1.500000e+00
     vertex  2.642392e+01  2.027552e+01  1.500000e+00
   endloop
 endfacet
 facet normal  0.000000e+00  0.000000e+00  1.000000e+00
   outer loop
     vertex  2.740115e+01  1.934412e+01  1.500000e+00
     vertex  2.732890e+01  1.938898e+01  1.500000e+00
     vertex  2.200000e+01  1.710000e+01  1.500000e+00
   endloop
 endfacet
 facet normal  0.000000e+00  0.000000e+00  1.000000e+00
   outer loop
     vertex  2.633322e+01  2.041941e+01  1.500000e+00
     vertex  2.200000e+01  1.710000e+01  1.500000e+00
     vertex  2.637758e+01  2.034684e+01  1.500000e+00
   endloop
 endfacet
 facet normal  0.000000e+00  0.000000e+00  1.000000e+00
   outer loop
     vertex  2.747462e+01  1.930126e+01  1.500000e+00
     vertex  2.740115e+01  1.934412e+01  1.500000e+00
     vertex  2.200000e+01  1.710000e+01  1.500000e+00
   endloop
 endfacet
 facet normal  0.000000e+00  0.000000e+00  1.000000e+00
   outer loop
     vertex  2.629086e+01  2.049317e+01  1.500000e+00
     vertex  2.200000e+01  1.710000e+01  1.500000e+00
     vertex  2.633322e+01  2.041941e+01  1.500000e+00
   endloop
 endfacet
 facet normal  0.000000e+00  0.000000e+00  1.000000e+00
   outer loop
     vertex  2.754923e+01  1.926043e+01  1.500000e+00
     vertex  2.747462e+01  1.930126e+01  1.500000e+00
     vertex  2.200000e+01  1.710000e+01  1.500000e+00
   endloop
 endfacet
 facet normal  0.000000e+00  0.000000e+00  1.000000e+00
   outer loop
     vertex  2.625054e+01  2.056806e+01  1.500000e+00
     vertex  2.200000e+01  1.710000e+01  1.500000e+00
     vertex  2.629086e+01  2.049317e+01  1.500000e+00
   endloop
 endfacet
 facet normal  0.000000e+00  0.000000e+00  1.000000e+00
   outer loop
     vertex  2.762493e+01  1.922166e+01  1.500000e+00
     vertex  2.754923e+01  1.926043e+01  1.500000e+00
     vertex  2.200000e+01  1.710000e+01  1.500000e+00
   endloop
 endfacet
 facet normal  0.000000e+00  0.000000e+00  1.000000e+00
   outer loop
     vertex  2.621229e+01  2.064402e+01  1.500000e+00
     vertex  2.200000e+01  1.710000e+01  1.500000e+00
     vertex  2.625054e+01  2.056806e+01  1.500000e+00
   endloop
 endfacet
 facet normal  0.000000e+00  0.000000e+00  1.000000e+00
   outer loop
     vertex  2.770167e+01  1.918498e+01  1.500000e+00
     vertex  2.762493e+01  1.922166e+01  1.500000e+00
     vertex  2.200000e+01  1.710000e+01  1.500000e+00
   endloop
 endfacet
 facet normal  0.000000e+00  0.000000e+00  1.000000e+00
   outer loop
     vertex  2.617614e+01  2.072101e+01  1.500000e+00
     vertex  2.200000e+01  1.710000e+01  1.500000e+00
     vertex  2.621229e+01  2.064402e+01  1.500000e+00
   endloop
 endfacet
 facet normal  0.000000e+00  0.000000e+00  1.000000e+00
   outer loop
     vertex  2.777939e+01  1.915042e+01  1.500000e+00
     vertex  2.770167e+01  1.918498e+01  1.500000e+00
     vertex  2.200000e+01  1.710000e+01  1.500000e+00
   endloop
 endfacet
 facet normal  0.000000e+00  0.000000e+00  1.000000e+00
   outer loop
     vertex  2.614211e+01  2.079896e+01  1.500000e+00
     vertex  2.200000e+01  1.710000e+01  1.500000e+00
     vertex  2.617614e+01  2.072101e+01  1.500000e+00
   endloop
 endfacet
 facet normal  0.000000e+00  0.000000e+00  1.000000e+00
   outer loop
     vertex  2.785802e+01  1.911801e+01  1.500000e+00
     vertex  2.777939e+01  1.915042e+01  1.500000e+00
     vertex  2.200000e+01  1.710000e+01  1.500000e+00
   endloop
 endfacet
 facet normal  0.000000e+00  0.000000e+00  1.000000e+00
   outer loop
     vertex  2.611024e+01  2.087782e+01  1.500000e+00
     vertex  2.200000e+01  1.710000e+01  1.500000e+00
     vertex  2.614211e+01  2.079896e+01  1.500000e+00
   endloop
 endfacet
 facet normal  0.000000e+00  0.000000e+00  1.000000e+00
   outer loop
     vertex  2.793752e+01  1.908776e+01  1.500000e+00
     vertex  2.785802e+01  1.911801e+01  1.500000e+00
     vertex  2.200000e+01  1.710000e+01  1.500000e+00
   endloop
 endfacet
 facet normal  0.000000e+00  0.000000e+00  1.000000e+00
   outer loop
     vertex  2.608054e+01  2.095752e+01  1.500000e+00
     vertex  2.200000e+01  1.710000e+01  1.500000e+00
     vertex  2.611024e+01  2.087782e+01  1.500000e+00
   endloop
 endfacet
 facet normal  0.000000e+00  0.000000e+00  1.000000e+00
   outer loop
     vertex  2.801781e+01  1.905971e+01  1.500000e+00
     vertex  2.793752e+01  1.908776e+01  1.500000e+00
     vertex  2.200000e+01  1.710000e+01  1.500000e+00
   endloop
 endfacet
 facet normal  0.000000e+00  0.000000e+00  1.000000e+00
   outer loop
     vertex  2.605304e+01  2.103800e+01  1.500000e+00
     vertex  2.200000e+01  1.710000e+01  1.500000e+00
     vertex  2.608054e+01  2.095752e+01  1.500000e+00
   endloop
 endfacet
 facet normal  0.000000e+00  0.000000e+00  1.000000e+00
   outer loop
     vertex  2.809885e+01  1.903387e+01  1.500000e+00
     vertex  2.801781e+01  1.905971e+01  1.500000e+00
     vertex  2.200000e+01  1.710000e+01  1.500000e+00
   endloop
 endfacet
 facet normal  0.000000e+00  0.000000e+00  1.000000e+00
   outer loop
     vertex  2.602776e+01  2.111921e+01  1.500000e+00
     vertex  2.200000e+01  1.710000e+01  1.500000e+00
     vertex  2.605304e+01  2.103800e+01  1.500000e+00
   endloop
 endfacet
 facet normal  0.000000e+00  0.000000e+00  1.000000e+00
   outer loop
     vertex  2.818056e+01  1.901027e+01  1.500000e+00
     vertex  2.809885e+01  1.903387e+01  1.500000e+00
     vertex  2.200000e+01  1.710000e+01  1.500000e+00
   endloop
 endfacet
 facet normal  0.000000e+00  0.000000e+00  1.000000e+00
   outer loop
     vertex  2.600471e+01  2.120108e+01  1.500000e+00
     vertex  2.200000e+01  1.710000e+01  1.500000e+00
     vertex  2.602776e+01  2.111921e+01  1.500000e+00
   endloop
 endfacet
 facet normal  0.000000e+00  0.000000e+00  1.000000e+00
   outer loop
     vertex  2.826289e+01  1.898891e+01  1.500000e+00
     vertex  2.818056e+01  1.901027e+01  1.500000e+00
     vertex  2.200000e+01  1.710000e+01  1.500000e+00
   endloop
 endfacet
 facet normal  0.000000e+00  0.000000e+00  1.000000e+00
   outer loop
     vertex  2.598392e+01  2.128356e+01  1.500000e+00
     vertex  2.200000e+01  1.710000e+01  1.500000e+00
     vertex  2.600471e+01  2.120108e+01  1.500000e+00
   endloop
 endfacet
 facet normal  0.000000e+00  0.000000e+00  1.000000e+00
   outer loop
     vertex  2.834577e+01  1.896982e+01  1.500000e+00
     vertex  2.826289e+01  1.898891e+01  1.500000e+00
     vertex  2.200000e+01  1.710000e+01  1.500000e+00
   endloop
 endfacet
 facet normal  0.000000e+00  0.000000e+00  1.000000e+00
   outer loop
     vertex  2.596540e+01  2.136657e+01  1.500000e+00
     vertex  2.200000e+01  1.710000e+01  1.500000e+00
     vertex  2.598392e+01  2.128356e+01  1.500000e+00
   endloop
 endfacet
 facet normal  0.000000e+00  0.000000e+00  1.000000e+00
   outer loop
     vertex  2.842915e+01  1.895301e+01  1.500000e+00
     vertex  2.834577e+01  1.896982e+01  1.500000e+00
     vertex  2.200000e+01  1.710000e+01  1.500000e+00
   endloop
 endfacet
 facet normal  0.000000e+00  0.000000e+00  1.000000e+00
   outer loop
     vertex  2.594917e+01  2.145006e+01  1.500000e+00
     vertex  2.200000e+01  1.710000e+01  1.500000e+00
     vertex  2.596540e+01  2.136657e+01  1.500000e+00
   endloop
 endfacet
 facet normal  0.000000e+00  0.000000e+00  1.000000e+00
   outer loop
     vertex  2.851295e+01  1.893850e+01  1.500000e+00
     vertex  2.842915e+01  1.895301e+01  1.500000e+00
     vertex  2.200000e+01  1.710000e+01  1.500000e+00
   endloop
 endfacet
 facet normal  0.000000e+00  0.000000e+00  1.000000e+00
   outer loop
     vertex  2.593523e+01  2.153396e+01  1.500000e+00
     vertex  2.200000e+01  1.710000e+01  1.500000e+00
     vertex  2.594917e+01  2.145006e+01  1.500000e+00
   endloop
 endfacet
 facet normal  0.000000e+00  0.000000e+00  1.000000e+00
   outer loop
     vertex  2.859713e+01  1.892629e+01  1.500000e+00
     vertex  2.851295e+01  1.893850e+01  1.500000e+00
     vertex  2.200000e+01  1.710000e+01  1.500000e+00
   endloop
 endfacet
 facet normal  0.000000e+00  0.000000e+00  1.000000e+00
   outer loop
     vertex  2.592360e+01  2.161822e+01  1.500000e+00
     vertex  2.200000e+01  1.710000e+01  1.500000e+00
     vertex  2.593523e+01  2.153396e+01  1.500000e+00
   endloop
 endfacet
 facet normal  0.000000e+00  0.000000e+00  1.000000e+00
   outer loop
     vertex  2.591428e+01  2.170276e+01  1.500000e+00
     vertex  2.200000e+01  1.710000e+01  1.500000e+00
     vertex  2.592360e+01  2.161822e+01  1.500000e+00
   endloop
 endfacet
 facet normal  0.000000e+00  0.000000e+00  1.000000e+00
   outer loop
     vertex  2.590729e+01  2.178753e+01  1.500000e+00
     vertex  2.200000e+01  1.710000e+01  1.500000e+00
     vertex  2.591428e+01  2.170276e+01  1.500000e+00
   endloop
 endfacet
 facet normal  0.000000e+00  0.000000e+00  1.000000e+00
   outer loop
     vertex  2.590263e+01  2.187245e+01  1.500000e+00
     vertex  2.200000e+01  1.710000e+01  1.500000e+00
     vertex  2.590729e+01  2.178753e+01  1.500000e+00
   endloop
 endfacet
 facet normal  0.000000e+00  0.000000e+00  1.000000e+00
   outer loop
     vertex  2.590029e+01  2.195747e+01  1.500000e+00
     vertex  2.200000e+01  1.710000e+01  1.500000e+00
     vertex  2.590263e+01  2.187245e+01  1.500000e+00
   endloop
 endfacet
 facet normal  0.000000e+00  0.000000e+00  1.000000e+00
   outer loop
     vertex  2.590029e+01  2.204253e+01  1.500000e+00
     vertex  2.200000e+01  1.710000e+01  1.500000e+00
     vertex  2.590029e+01  2.195747e+01  1.500000e+00
   endloop
 endfacet
 facet normal  0.000000e+00  0.000000e+00  1.000000e+00
   outer loop
     vertex  2.590263e+01  2.212755e+01  1.500000e+00
     vertex  2.200000e+01  1.710000e+01  1.500000e+00
     vertex  2.590029e+01  2.204253e+01  1.500000e+00
   endloop
 endfacet
 facet normal  0.000000e+00  0.000000e+00  1.000000e+00
   outer loop
     vertex  2.590729e+01  2.221247e+01  1.500000e+00
     vertex  2.200000e+01  1.710000e+01  1.500000e+00
     vertex  2.590263e+01  2.212755e+01  1.500000e+00
   endloop
 endfacet
 facet normal  0.000000e+00  0.000000e+00  1.000000e+00
   outer loop
     vertex  2.591428e+01  2.229724e+01  1.500000e+00
     vertex  2.200000e+01  1.710000e+01  1.500000e+00
     vertex  2.590729e+01  2.221247e+01  1.500000e+00
   endloop
 endfacet
 facet normal  0.000000e+00  0.000000e+00  1.000000e+00
   outer loop
     vertex  2.592360e+01  2.238178e+01  1.500000e+00
     vertex  1.297181e+01  2.241027e+01  1.500000e+00
     vertex  1.298195e+01  2.232859e+01  1.500000e+00
   endloop
 endfacet
 facet normal  0.000000e+00  0.000000e+00  1.000000e+00
   outer loop
     vertex  2.592360e+01  2.238178e+01  1.500000e+00
     vertex  1.298195e+01  2.232859e+01  1.500000e+00
     vertex  2.200000e+01  1.710000e+01  1.500000e+00
   endloop
 endfacet
 facet normal  0.000000e+00  0.000000e+00  1.000000e+00
   outer loop
     vertex  2.592360e+01  2.238178e+01  1.500000e+00
     vertex  2.200000e+01  1.710000e+01  1.500000e+00
     vertex  2.591428e+01  2.229724e+01  1.500000e+00
   endloop
 endfacet
 facet normal  0.000000e+00  0.000000e+00  1.000000e+00
   outer loop
     vertex  2.593523e+01  2.246604e+01  1.500000e+00
     vertex  1.297181e+01  2.241027e+01  1.500000e+00
     vertex  2.592360e+01  2.238178e+01  1.500000e+00
   endloop
 endfacet
 facet normal  0.000000e+00  0.000000e+00  1.000000e+00
   outer loop
     vertex  2.593523e+01  2.246604e+01  1.500000e+00
     vertex  1.295944e+01  2.249165e+01  1.500000e+00
     vertex  1.297181e+01  2.241027e+01  1.500000e+00
   endloop
 endfacet
 facet normal  0.000000e+00  0.000000e+00  1.000000e+00
   outer loop
     vertex  2.594917e+01  2.254994e+01  1.500000e+00
     vertex  1.295944e+01  2.249165e+01  1.500000e+00
     vertex  2.593523e+01  2.246604e+01  1.500000e+00
   endloop
 endfacet
 facet normal  0.000000e+00  0.000000e+00  1.000000e+00
   outer loop
     vertex  2.594917e+01  2.254994e+01  1.500000e+00
     vertex  1.294484e+01  2.257265e+01  1.500000e+00
     vertex  1.295944e+01  2.249165e+01  1.500000e+00
   endloop
 endfacet
 facet normal  0.000000e+00  0.000000e+00  1.000000e+00
   outer loop
     vertex  2.596540e+01  2.263343e+01  1.500000e+00
     vertex  1.292802e+01  2.265322e+01  1.500000e+00
     vertex  1.294484e+01  2.257265e+01  1.500000e+00
   endloop
 endfacet
 facet normal  0.000000e+00  0.000000e+00  1.000000e+00
   outer loop
     vertex  2.596540e+01  2.263343e+01  1.500000e+00
     vertex  1.294484e+01  2.257265e+01  1.500000e+00
     vertex  2.594917e+01  2.254994e+01  1.500000e+00
   endloop
 endfacet
 facet normal  0.000000e+00  0.000000e+00  1.000000e+00
   outer loop
     vertex  2.598392e+01  2.271644e+01  1.500000e+00
     vertex  1.292802e+01  2.265322e+01  1.500000e+00
     vertex  2.596540e+01  2.263343e+01  1.500000e+00
   endloop
 endfacet
 facet normal  0.000000e+00  0.000000e+00  1.000000e+00
   outer loop
     vertex  2.598392e+01  2.271644e+01  1.500000e+00
     vertex  1.290900e+01  2.273331e+01  1.500000e+00
     vertex  1.292802e+01  2.265322e+01  1.500000e+00
   endloop
 endfacet
 facet normal  0.000000e+00  0.000000e+00  1.000000e+00
   outer loop
     vertex  2.600471e+01  2.279892e+01  1.500000e+00
     vertex  1.288778e+01  2.281284e+01  1.500000e+00
     vertex  1.290900e+01  2.273331e+01  1.500000e+00
   endloop
 endfacet
 facet normal  0.000000e+00  0.000000e+00  1.000000e+00
   outer loop
     vertex  2.600471e+01  2.279892e+01  1.500000e+00
     vertex  1.290900e+01  2.273331e+01  1.500000e+00
     vertex  2.598392e+01  2.271644e+01  1.500000e+00
   endloop
 endfacet
 facet normal  0.000000e+00  0.000000e+00  1.000000e+00
   outer loop
     vertex  2.602776e+01  2.288079e+01  1.500000e+00
     vertex  1.288778e+01  2.281284e+01  1.500000e+00
     vertex  2.600471e+01  2.279892e+01  1.500000e+00
   endloop
 endfacet
 facet normal  0.000000e+00  0.000000e+00  1.000000e+00
   outer loop
     vertex  2.602776e+01  2.288079e+01  1.500000e+00
     vertex  1.286440e+01  2.289175e+01  1.500000e+00
     vertex  1.288778e+01  2.281284e+01  1.500000e+00
   endloop
 endfacet
 facet normal  0.000000e+00  0.000000e+00  1.000000e+00
   outer loop
     vertex  2.605304e+01  2.296200e+01  1.500000e+00
     vertex  1.286440e+01  2.289175e+01  1.500000e+00
     vertex  2.602776e+01  2.288079e+01  1.500000e+00
   endloop
 endfacet
 facet normal  0.000000e+00  0.000000e+00  1.000000e+00
   outer loop
     vertex  2.605304e+01  2.296200e+01  1.500000e+00
     vertex  1.283886e+01  2.297000e+01  1.500000e+00
     vertex  1.286440e+01  2.289175e+01  1.500000e+00
   endloop
 endfacet
 facet normal  0.000000e+00  0.000000e+00  1.000000e+00
   outer loop
     vertex  2.608054e+01  2.304248e+01  1.500000e+00
     vertex  1.283886e+01  2.297000e+01  1.500000e+00
     vertex  2.605304e+01  2.296200e+01  1.500000e+00
   endloop
 endfacet
 facet normal  0.000000e+00  0.000000e+00  1.000000e+00
   outer loop
     vertex  2.608054e+01  2.304248e+01  1.500000e+00
     vertex  1.281118e+01  2.304752e+01  1.500000e+00
     vertex  1.283886e+01  2.297000e+01  1.500000e+00
   endloop
 endfacet
 facet normal  0.000000e+00  0.000000e+00  1.000000e+00
   outer loop
     vertex  2.611024e+01  2.312218e+01  1.500000e+00
     vertex  1.278138e+01  2.312424e+01  1.500000e+00
     vertex  1.281118e+01  2.304752e+01  1.500000e+00
   endloop
 endfacet
 facet normal  0.000000e+00  0.000000e+00  1.000000e+00
   outer loop
     vertex  2.611024e+01  2.312218e+01  1.500000e+00
     vertex  1.281118e+01  2.304752e+01  1.500000e+00
     vertex  2.608054e+01  2.304248e+01  1.500000e+00
   endloop
 endfacet
 facet normal  0.000000e+00  0.000000e+00  1.000000e+00
   outer loop
     vertex  2.614211e+01  2.320104e+01  1.500000e+00
     vertex  1.274949e+01  2.320013e+01  1.500000e+00
     vertex  1.278138e+01  2.312424e+01  1.500000e+00
   endloop
 endfacet
 facet normal  0.000000e+00  0.000000e+00  1.000000e+00
   outer loop
     vertex  2.614211e+01  2.320104e+01  1.500000e+00
     vertex  1.278138e+01  2.312424e+01  1.500000e+00
     vertex  2.611024e+01  2.312218e+01  1.500000e+00
   endloop
 endfacet
 facet normal  0.000000e+00  0.000000e+00  1.000000e+00
   outer loop
     vertex  2.617614e+01  2.327899e+01  1.500000e+00
     vertex  1.271553e+01  2.327510e+01  1.500000e+00
     vertex  1.274949e+01  2.320013e+01  1.500000e+00
   endloop
 endfacet
 facet normal  0.000000e+00  0.000000e+00  1.000000e+00
   outer loop
     vertex  2.617614e+01  2.327899e+01  1.500000e+00
     vertex  1.274949e+01  2.320013e+01  1.500000e+00
     vertex  2.614211e+01  2.320104e+01  1.500000e+00
   endloop
 endfacet
 facet normal  0.000000e+00  0.000000e+00  1.000000e+00
   outer loop
     vertex  2.621229e+01  2.335598e+01  1.500000e+00
     vertex  1.271553e+01  2.327510e+01  1.500000e+00
     vertex  2.617614e+01  2.327899e+01  1.500000e+00
   endloop
 endfacet
 facet normal  0.000000e+00  0.000000e+00  1.000000e+00
   outer loop
     vertex  2.621229e+01  2.335598e+01  1.500000e+00
     vertex  1.267953e+01  2.334912e+01  1.500000e+00
     vertex  1.271553e+01  2.327510e+01  1.500000e+00
   endloop
 endfacet
 facet normal  0.000000e+00  0.000000e+00  1.000000e+00
   outer loop
     vertex  2.625054e+01  2.343194e+01  1.500000e+00
     vertex  1.264151e+01  2.342212e+01  1.500000e+00
     vertex  1.267953e+01  2.334912e+01  1.500000e+00
   endloop
 endfacet
 facet normal  0.000000e+00  0.000000e+00  1.000000e+00
   outer loop
     vertex  2.625054e+01  2.343194e+01  1.500000e+00
     vertex  1.267953e+01  2.334912e+01  1.500000e+00
     vertex  2.621229e+01  2.335598e+01  1.500000e+00
   endloop
 endfacet
 facet normal  0.000000e+00  0.000000e+00  1.000000e+00
   outer loop
     vertex  2.629086e+01  2.350683e+01  1.500000e+00
     vertex  1.260150e+01  2.349406e+01  1.500000e+00
     vertex  1.264151e+01  2.342212e+01  1.500000e+00
   endloop
 endfacet
 facet normal  0.000000e+00  0.000000e+00  1.000000e+00
   outer loop
     vertex  2.629086e+01  2.350683e+01  1.500000e+00
     vertex  1.264151e+01  2.342212e+01  1.500000e+00
     vertex  2.625054e+01  2.343194e+01  1.500000e+00
   endloop
 endfacet
 facet normal  0.000000e+00  0.000000e+00  1.000000e+00
   outer loop
     vertex  2.633322e+01  2.358059e+01  1.500000e+00
     vertex  1.255953e+01  2.356486e+01  1.500000e+00
     vertex  1.260150e+01  2.349406e+01  1.500000e+00
   endloop
 endfacet
 facet normal  0.000000e+00  0.000000e+00  1.000000e+00
   outer loop
     vertex  2.633322e+01  2.358059e+01  1.500000e+00
     vertex  1.260150e+01  2.349406e+01  1.500000e+00
     vertex  2.629086e+01  2.350683e+01  1.500000e+00
   endloop
 endfacet
 facet normal  0.000000e+00  0.000000e+00  1.000000e+00
   outer loop
     vertex  2.637758e+01  2.365316e+01  1.500000e+00
     vertex  1.251564e+01  2.363449e+01  1.500000e+00
     vertex  1.255953e+01  2.356486e+01  1.500000e+00
   endloop
 endfacet
 facet normal  0.000000e+00  0.000000e+00  1.000000e+00
   outer loop
     vertex  2.637758e+01  2.365316e+01  1.500000e+00
     vertex  1.255953e+01  2.356486e+01  1.500000e+00
     vertex  2.633322e+01  2.358059e+01  1.500000e+00
   endloop
 endfacet
 facet normal  0.000000e+00  0.000000e+00  1.000000e+00
   outer loop
     vertex  2.642392e+01  2.372448e+01  1.500000e+00
     vertex  1.246985e+01  2.370289e+01  1.500000e+00
     vertex  1.251564e+01  2.363449e+01  1.500000e+00
   endloop
 endfacet
 facet normal  0.000000e+00  0.000000e+00  1.000000e+00
   outer loop
     vertex  2.642392e+01  2.372448e+01  1.500000e+00
     vertex  1.251564e+01  2.363449e+01  1.500000e+00
     vertex  2.637758e+01  2.365316e+01  1.500000e+00
   endloop
 endfacet
 facet normal  0.000000e+00  0.000000e+00  1.000000e+00
   outer loop
     vertex  2.647220e+01  2.379450e+01  1.500000e+00
     vertex  1.242220e+01  2.377001e+01  1.500000e+00
     vertex  1.246985e+01  2.370289e+01  1.500000e+00
   endloop
 endfacet
 facet normal  0.000000e+00  0.000000e+00  1.000000e+00
   outer loop
     vertex  2.647220e+01  2.379450e+01  1.500000e+00
     vertex  1.246985e+01  2.370289e+01  1.500000e+00
     vertex  2.642392e+01  2.372448e+01  1.500000e+00
   endloop
 endfacet
 facet normal  0.000000e+00  0.000000e+00  1.000000e+00
   outer loop
     vertex  2.652238e+01  2.386317e+01  1.500000e+00
     vertex  1.237273e+01  2.383579e+01  1.500000e+00
     vertex  1.242220e+01  2.377001e+01  1.500000e+00
   endloop
 endfacet
 facet normal  0.000000e+00  0.000000e+00  1.000000e+00
   outer loop
     vertex  2.652238e+01  2.386317e+01  1.500000e+00
     vertex  1.242220e+01  2.377001e+01  1.500000e+00
     vertex  2.647220e+01  2.379450e+01  1.500000e+00
   endloop
 endfacet
 facet normal  0.000000e+00  0.000000e+00  1.000000e+00
   outer loop
     vertex  2.657443e+01  2.393044e+01  1.500000e+00
     vertex  1.232148e+01  2.390020e+01  1.500000e+00
     vertex  1.237273e+01  2.383579e+01  1.500000e+00
   endloop
 endfacet
 facet normal  0.000000e+00  0.000000e+00  1.000000e+00
   outer loop
     vertex  2.657443e+01  2.393044e+01  1.500000e+00
     vertex  1.237273e+01  2.383579e+01  1.500000e+00
     vertex  2.652238e+01  2.386317e+01  1.500000e+00
   endloop
 endfacet
 facet normal  0.000000e+00  0.000000e+00  1.000000e+00
   outer loop
     vertex  2.662830e+01  2.399626e+01  1.500000e+00
     vertex  1.226847e+01  2.396317e+01  1.500000e+00
     vertex  1.232148e+01  2.390020e+01  1.500000e+00
   endloop
 endfacet
 facet normal  0.000000e+00  0.000000e+00  1.000000e+00
   outer loop
     vertex  2.662830e+01  2.399626e+01  1.500000e+00
     vertex  1.232148e+01  2.390020e+01  1.500000e+00
     vertex  2.657443e+01  2.393044e+01  1.500000e+00
   endloop
 endfacet
 facet normal  0.000000e+00  0.000000e+00  1.000000e+00
   outer loop
     vertex  2.668396e+01  2.406057e+01  1.500000e+00
     vertex  1.226847e+01  2.396317e+01  1.500000e+00
     vertex  2.662830e+01  2.399626e+01  1.500000e+00
   endloop
 endfacet
 facet normal  0.000000e+00  0.000000e+00  1.000000e+00
   outer loop
     vertex  2.668396e+01  2.406057e+01  1.500000e+00
     vertex  1.221376e+01  2.402466e+01  1.500000e+00
     vertex  1.226847e+01  2.396317e+01  1.500000e+00
   endloop
 endfacet
 facet normal  0.000000e+00  0.000000e+00  1.000000e+00
   outer loop
     vertex  2.674136e+01  2.412334e+01  1.500000e+00
     vertex  1.215738e+01  2.408463e+01  1.500000e+00
     vertex  1.221376e+01  2.402466e+01  1.500000e+00
   endloop
 endfacet
 facet normal  0.000000e+00  0.000000e+00  1.000000e+00
   outer loop
     vertex  2.674136e+01  2.412334e+01  1.500000e+00
     vertex  1.221376e+01  2.402466e+01  1.500000e+00
     vertex  2.668396e+01  2.406057e+01  1.500000e+00
   endloop
 endfacet
 facet normal  0.000000e+00  0.000000e+00  1.000000e+00
   outer loop
     vertex  2.680046e+01  2.418450e+01  1.500000e+00
     vertex  1.215738e+01  2.408463e+01  1.500000e+00
     vertex  2.674136e+01  2.412334e+01  1.500000e+00
   endloop
 endfacet
 facet normal  0.000000e+00  0.000000e+00  1.000000e+00
   outer loop
     vertex  2.680046e+01  2.418450e+01  1.500000e+00
     vertex  1.209938e+01  2.414303e+01  1.500000e+00
     vertex  1.215738e+01  2.408463e+01  1.500000e+00
   endloop
 endfacet
 facet normal  0.000000e+00  0.000000e+00  1.000000e+00
   outer loop
     vertex  2.686122e+01  2.424402e+01  1.500000e+00
     vertex  1.203980e+01  2.419982e+01  1.500000e+00
     vertex  1.209938e+01  2.414303e+01  1.500000e+00
   endloop
 endfacet
 facet normal  0.000000e+00  0.000000e+00  1.000000e+00
   outer loop
     vertex  2.686122e+01  2.424402e+01  1.500000e+00
     vertex  1.209938e+01  2.414303e+01  1.500000e+00
     vertex  2.680046e+01  2.418450e+01  1.500000e+00
   endloop
 endfacet
 facet normal  0.000000e+00  0.000000e+00  1.000000e+00
   outer loop
     vertex  2.692359e+01  2.430185e+01  1.500000e+00
     vertex  1.203980e+01  2.419982e+01  1.500000e+00
     vertex  2.686122e+01  2.424402e+01  1.500000e+00
   endloop
 endfacet
 facet normal  0.000000e+00  0.000000e+00  1.000000e+00
   outer loop
     vertex  2.692359e+01  2.430185e+01  1.500000e+00
     vertex  1.197868e+01  2.425495e+01  1.500000e+00
     vertex  1.203980e+01  2.419982e+01  1.500000e+00
   endloop
 endfacet
 facet normal  0.000000e+00  0.000000e+00  1.000000e+00
   outer loop
     vertex  2.698752e+01  2.435795e+01  1.500000e+00
     vertex  1.197868e+01  2.425495e+01  1.500000e+00
     vertex  2.692359e+01  2.430185e+01  1.500000e+00
   endloop
 endfacet
 facet normal  0.000000e+00  0.000000e+00  1.000000e+00
   outer loop
     vertex  2.698752e+01  2.435795e+01  1.500000e+00
     vertex  1.191607e+01  2.430839e+01  1.500000e+00
     vertex  1.197868e+01  2.425495e+01  1.500000e+00
   endloop
 endfacet
 facet normal  0.000000e+00  0.000000e+00  1.000000e+00
   outer loop
     vertex  2.705297e+01  2.441227e+01  1.500000e+00
     vertex  1.191607e+01  2.430839e+01  1.500000e+00
     vertex  2.698752e+01  2.435795e+01  1.500000e+00
   endloop
 endfacet
 facet normal  0.000000e+00  0.000000e+00  1.000000e+00
   outer loop
     vertex  2.705297e+01  2.441227e+01  1.500000e+00
     vertex  1.185203e+01  2.436009e+01  1.500000e+00
     vertex  1.191607e+01  2.430839e+01  1.500000e+00
   endloop
 endfacet
 facet normal  0.000000e+00  0.000000e+00  1.000000e+00
   outer loop
     vertex  2.711988e+01  2.446478e+01  1.500000e+00
     vertex  1.185203e+01  2.436009e+01  1.500000e+00
     vertex  2.705297e+01  2.441227e+01  1.500000e+00
   endloop
 endfacet
 facet normal  0.000000e+00  0.000000e+00  1.000000e+00
   outer loop
     vertex  2.711988e+01  2.446478e+01  1.500000e+00
     vertex  1.178658e+01  2.441001e+01  1.500000e+00
     vertex  1.185203e+01  2.436009e+01  1.500000e+00
   endloop
 endfacet
 facet normal  0.000000e+00  0.000000e+00  1.000000e+00
   outer loop
     vertex  2.718820e+01  2.451543e+01  1.500000e+00
     vertex  1.171979e+01  2.445811e+01  1.500000e+00
     vertex  1.178658e+01  2.441001e+01  1.500000e+00
   endloop
 endfacet
 facet normal  0.000000e+00  0.000000e+00  1.000000e+00
   outer loop
     vertex  2.718820e+01  2.451543e+01  1.500000e+00
     vertex  1.178658e+01  2.441001e+01  1.500000e+00
     vertex  2.711988e+01  2.446478e+01  1.500000e+00
   endloop
 endfacet
 facet normal  0.000000e+00  0.000000e+00  1.000000e+00
   outer loop
     vertex  2.725789e+01  2.456419e+01  1.500000e+00
     vertex  1.171979e+01  2.445811e+01  1.500000e+00
     vertex  2.718820e+01  2.451543e+01  1.500000e+00
   endloop
 endfacet
 facet normal  0.000000e+00  0.000000e+00  1.000000e+00
   outer loop
     vertex  2.725789e+01  2.456419e+01  1.500000e+00
     vertex  1.165171e+01  2.450437e+01  1.500000e+00
     vertex  1.171979e+01  2.445811e+01  1.500000e+00
   endloop
 endfacet
 facet normal  0.000000e+00  0.000000e+00  1.000000e+00
   outer loop
     vertex  2.732890e+01  2.461102e+01  1.500000e+00
     vertex  1.165171e+01  2.450437e+01  1.500000e+00
     vertex  2.725789e+01  2.456419e+01  1.500000e+00
   endloop
 endfacet
 facet normal  0.000000e+00  0.000000e+00  1.000000e+00
   outer loop
     vertex  2.732890e+01  2.461102e+01  1.500000e+00
     vertex  1.158238e+01  2.454874e+01  1.500000e+00
     vertex  1.165171e+01  2.450437e+01  1.500000e+00
   endloop
 endfacet
 facet normal  0.000000e+00  0.000000e+00  1.000000e+00
   outer loop
     vertex  2.740115e+01  2.465588e+01  1.500000e+00
     vertex  1.158238e+01  2.454874e+01  1.500000e+00
     vertex  2.732890e+01  2.461102e+01  1.500000e+00
   endloop
 endfacet
 facet normal  0.000000e+00  0.000000e+00  1.000000e+00
   outer loop
     vertex  2.740115e+01  2.465588e+01  1.500000e+00
     vertex  1.151187e+01  2.459119e+01  1.500000e+00
     vertex  1.158238e+01  2.454874e+01  1.500000e+00
   endloop
 endfacet
 facet normal  0.000000e+00  0.000000e+00  1.000000e+00
   outer loop
     vertex  2.747462e+01  2.469874e+01  1.500000e+00
     vertex  1.151187e+01  2.459119e+01  1.500000e+00
     vertex  2.740115e+01  2.465588e+01  1.500000e+00
   endloop
 endfacet
 facet normal  0.000000e+00  0.000000e+00  1.000000e+00
   outer loop
     vertex  2.747462e+01  2.469874e+01  1.500000e+00
     vertex  1.144021e+01  2.463169e+01  1.500000e+00
     vertex  1.151187e+01  2.459119e+01  1.500000e+00
   endloop
 endfacet
 facet normal  0.000000e+00  0.000000e+00  1.000000e+00
   outer loop
     vertex  2.754923e+01  2.473957e+01  1.500000e+00
     vertex  1.136747e+01  2.467021e+01  1.500000e+00
     vertex  1.144021e+01  2.463169e+01  1.500000e+00
   endloop
 endfacet
 facet normal  0.000000e+00  0.000000e+00  1.000000e+00
   outer loop
     vertex  2.754923e+01  2.473957e+01  1.500000e+00
     vertex  1.144021e+01  2.463169e+01  1.500000e+00
     vertex  2.747462e+01  2.469874e+01  1.500000e+00
   endloop
 endfacet
 facet normal  0.000000e+00  0.000000e+00  1.000000e+00
   outer loop
     vertex  2.762493e+01  2.477834e+01  1.500000e+00
     vertex  1.136747e+01  2.467021e+01  1.500000e+00
     vertex  2.754923e+01  2.473957e+01  1.500000e+00
   endloop
 endfacet
 facet normal  0.000000e+00  0.000000e+00  1.000000e+00
   outer loop
     vertex  2.762493e+01  2.477834e+01  1.500000e+00
     vertex  1.129370e+01  2.470672e+01  1.500000e+00
     vertex  1.136747e+01  2.467021e+01  1.500000e+00
   endloop
 endfacet
 facet normal  0.000000e+00  0.000000e+00  1.000000e+00
   outer loop
     vertex  2.770167e+01  2.481502e+01  1.500000e+00
     vertex  1.129370e+01  2.470672e+01  1.500000e+00
     vertex  2.762493e+01  2.477834e+01  1.500000e+00
   endloop
 endfacet
 facet normal  0.000000e+00  0.000000e+00  1.000000e+00
   outer loop
     vertex  2.770167e+01  2.481502e+01  1.500000e+00
     vertex  1.121896e+01  2.474119e+01  1.500000e+00
     vertex  1.129370e+01  2.470672e+01  1.500000e+00
   endloop
 endfacet
 facet normal  0.000000e+00  0.000000e+00  1.000000e+00
   outer loop
     vertex  2.777939e+01  2.484958e+01  1.500000e+00
     vertex  1.121896e+01  2.474119e+01  1.500000e+00
     vertex  2.770167e+01  2.481502e+01  1.500000e+00
   endloop
 endfacet
 facet normal  0.000000e+00  0.000000e+00  1.000000e+00
   outer loop
     vertex  2.777939e+01  2.484958e+01  1.500000e+00
     vertex  1.114330e+01  2.477360e+01  1.500000e+00
     vertex  1.121896e+01  2.474119e+01  1.500000e+00
   endloop
 endfacet
 facet normal  0.000000e+00  0.000000e+00  1.000000e+00
   outer loop
     vertex  2.785802e+01  2.488199e+01  1.500000e+00
     vertex  1.114330e+01  2.477360e+01  1.500000e+00
     vertex  2.777939e+01  2.484958e+01  1.500000e+00
   endloop
 endfacet
 facet normal  0.000000e+00  0.000000e+00  1.000000e+00
   outer loop
     vertex  2.785802e+01  2.488199e+01  1.500000e+00
     vertex  1.106677e+01  2.480392e+01  1.500000e+00
     vertex  1.114330e+01  2.477360e+01  1.500000e+00
   endloop
 endfacet
 facet normal  0.000000e+00  0.000000e+00  1.000000e+00
   outer loop
     vertex  2.793752e+01  2.491224e+01  1.500000e+00
     vertex  1.106677e+01  2.480392e+01  1.500000e+00
     vertex  2.785802e+01  2.488199e+01  1.500000e+00
   endloop
 endfacet
 facet normal  0.000000e+00  0.000000e+00  1.000000e+00
   outer loop
     vertex  2.793752e+01  2.491224e+01  1.500000e+00
     vertex  1.098945e+01  2.483214e+01  1.500000e+00
     vertex  1.106677e+01  2.480392e+01  1.500000e+00
   endloop
 endfacet
 facet normal  0.000000e+00  0.000000e+00  1.000000e+00
   outer loop
     vertex  2.801781e+01  2.494029e+01  1.500000e+00
     vertex  1.091138e+01  2.485821e+01  1.500000e+00
     vertex  1.098945e+01  2.483214e+01  1.500000e+00
   endloop
 endfacet
 facet normal  0.000000e+00  0.000000e+00  1.000000e+00
   outer loop
     vertex  2.801781e+01  2.494029e+01  1.500000e+00
     vertex  1.098945e+01  2.483214e+01  1.500000e+00
     vertex  2.793752e+01  2.491224e+01  1.500000e+00
   endloop
 endfacet
 facet normal  0.000000e+00  0.000000e+00  1.000000e+00
   outer loop
     vertex  2.809885e+01  2.496613e+01  1.500000e+00
     vertex  1.091138e+01  2.485821e+01  1.500000e+00
     vertex  2.801781e+01  2.494029e+01  1.500000e+00
   endloop
 endfacet
 facet normal  0.000000e+00  0.000000e+00  1.000000e+00
   outer loop
     vertex  2.809885e+01  2.496613e+01  1.500000e+00
     vertex  1.083262e+01  2.488214e+01  1.500000e+00
     vertex  1.091138e+01  2.485821e+01  1.500000e+00
   endloop
 endfacet
 facet normal  0.000000e+00  0.000000e+00  1.000000e+00
   outer loop
     vertex  3.610000e+01  1.710000e+01  1.500000e+00
     vertex  3.610000e+01  3.000000e+00  1.500000e+00
     vertex  4.100000e+01  3.000000e+00  1.500000e+00
   endloop
 endfacet
 facet normal  0.000000e+00  0.000000e+00  1.000000e+00
   outer loop
     vertex  3.610000e+01  1.710000e+01  1.500000e+00
     vertex  2.952900e+01  1.894547e+01  1.500000e+00
     vertex  2.944500e+01  1.893211e+01  1.500000e+00
   endloop
 endfacet
 facet normal  0.000000e+00  0.000000e+00  1.000000e+00
   outer loop
     vertex  3.610000e+01  1.710000e+01  1.500000e+00
     vertex  2.961260e+01  1.896113e+01  1.500000e+00
     vertex  2.952900e+01  1.894547e+01  1.500000e+00
   endloop
 endfacet
 facet normal  0.000000e+00  0.000000e+00  1.000000e+00
   outer loop
     vertex  3.610000e+01  1.710000e+01  1.500000e+00
     vertex  2.969574e+01  1.897908e+01  1.500000e+00
     vertex  2.961260e+01  1.896113e+01  1.500000e+00
   endloop
 endfacet
 facet normal  0.000000e+00  0.000000e+00  1.000000e+00
   outer loop
     vertex  3.610000e+01  1.710000e+01  1.500000e+00
     vertex  2.977835e+01  1.899931e+01  1.500000e+00
     vertex  2.969574e+01  1.897908e+01  1.500000e+00
   endloop
 endfacet
 facet normal  0.000000e+00  0.000000e+00  1.000000e+00
   outer loop
     vertex  3.610000e+01  1.710000e+01  1.500000e+00
     vertex  2.986038e+01  1.902179e+01  1.500000e+00
     vertex  2.977835e+01  1.899931e+01  1.500000e+00
   endloop
 endfacet
 facet normal  0.000000e+00  0.000000e+00  1.000000e+00
   outer loop
     vertex  3.610000e+01  1.710000e+01  1.500000e+00
     vertex  2.994176e+01  1.904651e+01  1.500000e+00
     vertex  2.986038e+01  1.902179e+01  1.500000e+00
   endloop
 endfacet
 facet normal  0.000000e+00  0.000000e+00  1.000000e+00
   outer loop
     vertex  3.610000e+01  1.710000e+01  1.500000e+00
     vertex  3.002243e+01  1.907346e+01  1.500000e+00
     vertex  2.994176e+01  1.904651e+01  1.500000e+00
   endloop
 endfacet
 facet normal  0.000000e+00  0.000000e+00  1.000000e+00
   outer loop
     vertex  3.610000e+01  1.710000e+01  1.500000e+00
     vertex  3.010233e+01  1.910261e+01  1.500000e+00
     vertex  3.002243e+01  1.907346e+01  1.500000e+00
   endloop
 endfacet
 facet normal  0.000000e+00  0.000000e+00  1.000000e+00
   outer loop
     vertex  3.610000e+01  1.710000e+01  1.500000e+00
     vertex  3.018141e+01  1.913394e+01  1.500000e+00
     vertex  3.010233e+01  1.910261e+01  1.500000e+00
   endloop
 endfacet
 facet normal  0.000000e+00  0.000000e+00  1.000000e+00
   outer loop
     vertex  3.610000e+01  1.710000e+01  1.500000e+00
     vertex  3.025959e+01  1.916743e+01  1.500000e+00
     vertex  3.018141e+01  1.913394e+01  1.500000e+00
   endloop
 endfacet
 facet normal  0.000000e+00  0.000000e+00  1.000000e+00
   outer loop
     vertex  3.610000e+01  1.710000e+01  1.500000e+00
     vertex  3.033682e+01  1.920305e+01  1.500000e+00
     vertex  3.025959e+01  1.916743e+01  1.500000e+00
   endloop
 endfacet
 facet normal  0.000000e+00  0.000000e+00  1.000000e+00
   outer loop
     vertex  3.610000e+01  1.710000e+01  1.500000e+00
     vertex  3.041305e+01  1.924078e+01  1.500000e+00
     vertex  3.033682e+01  1.920305e+01  1.500000e+00
   endloop
 endfacet
 facet normal  0.000000e+00  0.000000e+00  1.000000e+00
   outer loop
     vertex  3.610000e+01  1.710000e+01  1.500000e+00
     vertex  3.048822e+01  1.928059e+01  1.500000e+00
     vertex  3.041305e+01  1.924078e+01  1.500000e+00
   endloop
 endfacet
 facet normal  0.000000e+00  0.000000e+00  1.000000e+00
   outer loop
     vertex  3.610000e+01  1.710000e+01  1.500000e+00
     vertex  3.056226e+01  1.932244e+01  1.500000e+00
     vertex  3.048822e+01  1.928059e+01  1.500000e+00
   endloop
 endfacet
 facet normal  0.000000e+00  0.000000e+00  1.000000e+00
   outer loop
     vertex  3.610000e+01  1.710000e+01  1.500000e+00
     vertex  3.063513e+01  1.936630e+01  1.500000e+00
     vertex  3.056226e+01  1.932244e+01  1.500000e+00
   endloop
 endfacet
 facet normal  0.000000e+00  0.000000e+00  1.000000e+00
   outer loop
     vertex  3.610000e+01  1.710000e+01  1.500000e+00
     vertex  3.070677e+01  1.941215e+01  1.500000e+00
     vertex  3.063513e+01  1.936630e+01  1.500000e+00
   endloop
 endfacet
 facet normal  0.000000e+00  0.000000e+00  1.000000e+00
   outer loop
     vertex  3.610000e+01  1.710000e+01  1.500000e+00
     vertex  3.077712e+01  1.945995e+01  1.500000e+00
     vertex  3.070677e+01  1.941215e+01  1.500000e+00
   endloop
 endfacet
 facet normal  0.000000e+00  0.000000e+00  1.000000e+00
   outer loop
     vertex  3.610000e+01  1.710000e+01  1.500000e+00
     vertex  3.084613e+01  1.950966e+01  1.500000e+00
     vertex  3.077712e+01  1.945995e+01  1.500000e+00
   endloop
 endfacet
 facet normal  0.000000e+00  0.000000e+00  1.000000e+00
   outer loop
     vertex  3.610000e+01  1.710000e+01  1.500000e+00
     vertex  3.091376e+01  1.956125e+01  1.500000e+00
     vertex  3.084613e+01  1.950966e+01  1.500000e+00
   endloop
 endfacet
 facet normal  0.000000e+00  0.000000e+00  1.000000e+00
   outer loop
     vertex  3.610000e+01  1.710000e+01  1.500000e+00
     vertex  3.097994e+01  1.961467e+01  1.500000e+00
     vertex  3.091376e+01  1.956125e+01  1.500000e+00
   endloop
 endfacet
 facet normal  0.000000e+00  0.000000e+00  1.000000e+00
   outer loop
     vertex  3.610000e+01  1.710000e+01  1.500000e+00
     vertex  3.104464e+01  1.966988e+01  1.500000e+00
     vertex  3.097994e+01  1.961467e+01  1.500000e+00
   endloop
 endfacet
 facet normal  0.000000e+00  0.000000e+00  1.000000e+00
   outer loop
     vertex  3.610000e+01  1.710000e+01  1.500000e+00
     vertex  3.110779e+01  1.972685e+01  1.500000e+00
     vertex  3.104464e+01  1.966988e+01  1.500000e+00
   endloop
 endfacet
 facet normal  0.000000e+00  0.000000e+00  1.000000e+00
   outer loop
     vertex  3.610000e+01  1.710000e+01  1.500000e+00
     vertex  3.116936e+01  1.978553e+01  1.500000e+00
     vertex  3.110779e+01  1.972685e+01  1.500000e+00
   endloop
 endfacet
 facet normal  0.000000e+00  0.000000e+00  1.000000e+00
   outer loop
     vertex  3.610000e+01  1.710000e+01  1.500000e+00
     vertex  3.122930e+01  1.984588e+01  1.500000e+00
     vertex  3.116936e+01  1.978553e+01  1.500000e+00
   endloop
 endfacet
 facet normal  0.000000e+00  0.000000e+00  1.000000e+00
   outer loop
     vertex  3.610000e+01  1.710000e+01  1.500000e+00
     vertex  3.128755e+01  1.990785e+01  1.500000e+00
     vertex  3.122930e+01  1.984588e+01  1.500000e+00
   endloop
 endfacet
 facet normal  0.000000e+00  0.000000e+00  1.000000e+00
   outer loop
     vertex  3.610000e+01  1.710000e+01  1.500000e+00
     vertex  3.134409e+01  1.997139e+01  1.500000e+00
     vertex  3.128755e+01  1.990785e+01  1.500000e+00
   endloop
 endfacet
 facet normal  0.000000e+00  0.000000e+00  1.000000e+00
   outer loop
     vertex  3.610000e+01  1.710000e+01  1.500000e+00
     vertex  3.139886e+01  2.003646e+01  1.500000e+00
     vertex  3.134409e+01  1.997139e+01  1.500000e+00
   endloop
 endfacet
 facet normal  0.000000e+00  0.000000e+00  1.000000e+00
   outer loop
     vertex  3.610000e+01  1.710000e+01  1.500000e+00
     vertex  3.145182e+01  2.010301e+01  1.500000e+00
     vertex  3.139886e+01  2.003646e+01  1.500000e+00
   endloop
 endfacet
 facet normal  0.000000e+00  0.000000e+00  1.000000e+00
   outer loop
     vertex  3.610000e+01  1.710000e+01  1.500000e+00
     vertex  3.150294e+01  2.017099e+01  1.500000e+00
     vertex  3.145182e+01  2.010301e+01  1.500000e+00
   endloop
 endfacet
 facet normal  0.000000e+00  0.000000e+00  1.000000e+00
   outer loop
     vertex  3.610000e+01  1.710000e+01  1.500000e+00
     vertex  3.155218e+01  2.024035e+01  1.500000e+00
     vertex  3.150294e+01  2.017099e+01  1.500000e+00
   endloop
 endfacet
 facet normal  0.000000e+00  0.000000e+00  1.000000e+00
   outer loop
     vertex  3.610000e+01  1.710000e+01  1.500000e+00
     vertex  3.159949e+01  2.031102e+01  1.500000e+00
     vertex  3.155218e+01  2.024035e+01  1.500000e+00
   endloop
 endfacet
 facet normal  0.000000e+00  0.000000e+00  1.000000e+00
   outer loop
     vertex  3.610000e+01  1.710000e+01  1.500000e+00
     vertex  3.164485e+01  2.038297e+01  1.500000e+00
     vertex  3.159949e+01  2.031102e+01  1.500000e+00
   endloop
 endfacet
 facet normal  0.000000e+00  0.000000e+00  1.000000e+00
   outer loop
     vertex  3.610000e+01  1.710000e+01  1.500000e+00
     vertex  3.168822e+01  2.045614e+01  1.500000e+00
     vertex  3.164485e+01  2.038297e+01  1.500000e+00
   endloop
 endfacet
 facet normal  0.000000e+00  0.000000e+00  1.000000e+00
   outer loop
     vertex  3.610000e+01  1.710000e+01  1.500000e+00
     vertex  3.172956e+01  2.053047e+01  1.500000e+00
     vertex  3.168822e+01  2.045614e+01  1.500000e+00
   endloop
 endfacet
 facet normal  0.000000e+00  0.000000e+00  1.000000e+00
   outer loop
     vertex  3.610000e+01  1.710000e+01  1.500000e+00
     vertex  3.176885e+01  2.060591e+01  1.500000e+00
     vertex  3.172956e+01  2.053047e+01  1.500000e+00
   endloop
 endfacet
 facet normal  0.000000e+00  0.000000e+00  1.000000e+00
   outer loop
     vertex  3.610000e+01  1.710000e+01  1.500000e+00
     vertex  3.180605e+01  2.068239e+01  1.500000e+00
     vertex  3.176885e+01  2.060591e+01  1.500000e+00
   endloop
 endfacet
 facet normal  0.000000e+00  0.000000e+00  1.000000e+00
   outer loop
     vertex  3.610000e+01  1.710000e+01  1.500000e+00
     vertex  3.184114e+01  2.075987e+01  1.500000e+00
     vertex  3.180605e+01  2.068239e+01  1.500000e+00
   endloop
 endfacet
 facet normal  0.000000e+00  0.000000e+00  1.000000e+00
   outer loop
     vertex  3.610000e+01  1.710000e+01  1.500000e+00
     vertex  3.187409e+01  2.083828e+01  1.500000e+00
     vertex  3.184114e+01  2.075987e+01  1.500000e+00
   endloop
 endfacet
 facet normal  0.000000e+00  0.000000e+00  1.000000e+00
   outer loop
     vertex  3.610000e+01  1.710000e+01  1.500000e+00
     vertex  3.190488e+01  2.091757e+01  1.500000e+00
     vertex  3.187409e+01  2.083828e+01  1.500000e+00
   endloop
 endfacet
 facet normal  0.000000e+00  0.000000e+00  1.000000e+00
   outer loop
     vertex  3.610000e+01  1.710000e+01  1.500000e+00
     vertex  3.193348e+01  2.099767e+01  1.500000e+00
     vertex  3.190488e+01  2.091757e+01  1.500000e+00
   endloop
 endfacet
 facet normal  0.000000e+00  0.000000e+00  1.000000e+00
   outer loop
     vertex  3.610000e+01  1.710000e+01  1.500000e+00
     vertex  3.195988e+01  2.107852e+01  1.500000e+00
     vertex  3.193348e+01  2.099767e+01  1.500000e+00
   endloop
 endfacet
 facet normal  0.000000e+00  0.000000e+00  1.000000e+00
   outer loop
     vertex  3.610000e+01  1.710000e+01  1.500000e+00
     vertex  3.198404e+01  2.116007e+01  1.500000e+00
     vertex  3.195988e+01  2.107852e+01  1.500000e+00
   endloop
 endfacet
 facet normal  0.000000e+00  0.000000e+00  1.000000e+00
   outer loop
     vertex  3.200596e+01  2.124225e+01  1.500000e+00
     vertex  3.198404e+01  2.116007e+01  1.500000e+00
     vertex  3.610000e+01  1.710000e+01  1.500000e+00
   endloop
 endfacet
 facet normal  0.000000e+00  0.000000e+00  1.000000e+00
   outer loop
     vertex  3.202562e+01  2.132500e+01  1.500000e+00
     vertex  3.200596e+01  2.124225e+01  1.500000e+00
     vertex  3.610000e+01  1.710000e+01  1.500000e+00
   endloop
 endfacet
 facet normal  0.000000e+00  0.000000e+00  1.000000e+00
   outer loop
     vertex  3.204300e+01  2.140826e+01  1.500000e+00
     vertex  3.202562e+01  2.132500e+01  1.500000e+00
     vertex  3.610000e+01  1.710000e+01  1.500000e+00
   endloop
 endfacet
 facet normal  0.000000e+00  0.000000e+00  1.000000e+00
   outer loop
     vertex  3.205809e+01  2.149196e+01  1.500000e+00
     vertex  3.204300e+01  2.140826e+01  1.500000e+00
     vertex  3.610000e+01  1.710000e+01  1.500000e+00
   endloop
 endfacet
 facet normal  0.000000e+00  0.000000e+00  1.000000e+00
   outer loop
     vertex  3.207087e+01  2.157605e+01  1.500000e+00
     vertex  3.205809e+01  2.149196e+01  1.500000e+00
     vertex  3.610000e+01  1.710000e+01  1.500000e+00
   endloop
 endfacet
 facet normal  0.000000e+00  0.000000e+00  1.000000e+00
   outer loop
     vertex  3.208135e+01  2.166046e+01  1.500000e+00
     vertex  3.207087e+01  2.157605e+01  1.500000e+00
     vertex  3.610000e+01  1.710000e+01  1.500000e+00
   endloop
 endfacet
 facet normal  0.000000e+00  0.000000e+00  1.000000e+00
   outer loop
     vertex  3.208950e+01  2.174512e+01  1.500000e+00
     vertex  3.208135e+01  2.166046e+01  1.500000e+00
     vertex  3.610000e+01  1.710000e+01  1.500000e+00
   endloop
 endfacet
 facet normal  0.000000e+00  0.000000e+00  1.000000e+00
   outer loop
     vertex  3.209533e+01  2.182997e+01  1.500000e+00
     vertex  3.208950e+01  2.174512e+01  1.500000e+00
     vertex  3.610000e+01  1.710000e+01  1.500000e+00
   endloop
 endfacet
 facet normal  0.000000e+00  0.000000e+00  1.000000e+00
   outer loop
     vertex  3.209883e+01  2.191495e+01  1.500000e+00
     vertex  3.209533e+01  2.182997e+01  1.500000e+00
     vertex  3.610000e+01  1.710000e+01  1.500000e+00
   endloop
 endfacet
 facet normal  0.000000e+00  0.000000e+00  1.000000e+00
   outer loop
     vertex  3.210000e+01  2.200000e+01  1.500000e+00
     vertex  3.209883e+01  2.191495e+01  1.500000e+00
     vertex  3.610000e+01  1.710000e+01  1.500000e+00
   endloop
 endfacet
 facet normal  0.000000e+00  0.000000e+00  1.000000e+00
   outer loop
     vertex  3.209883e+01  2.208505e+01  1.500000e+00
     vertex  3.210000e+01  2.200000e+01  1.500000e+00
     vertex  3.610000e+01  1.710000e+01  1.500000e+00
   endloop
 endfacet
 facet normal  0.000000e+00  0.000000e+00  1.000000e+00
   outer loop
     vertex  3.209533e+01  2.217003e+01  1.500000e+00
     vertex  3.209883e+01  2.208505e+01  1.500000e+00
     vertex  3.610000e+01  1.710000e+01  1.500000e+00
   endloop
 endfacet
 facet normal  0.000000e+00  0.000000e+00  1.000000e+00
   outer loop
     vertex  3.208950e+01  2.225488e+01  1.500000e+00
     vertex  3.209533e+01  2.217003e+01  1.500000e+00
     vertex  3.610000e+01  1.710000e+01  1.500000e+00
   endloop
 endfacet
 facet normal  0.000000e+00  0.000000e+00  1.000000e+00
   outer loop
     vertex  3.208135e+01  2.233954e+01  1.500000e+00
     vertex  3.208950e+01  2.225488e+01  1.500000e+00
     vertex  3.610000e+01  1.710000e+01  1.500000e+00
   endloop
 endfacet
 facet normal  0.000000e+00  0.000000e+00  1.000000e+00
   outer loop
     vertex  4.100000e+01  1.730000e+01  1.500000e+00
     vertex  3.208135e+01  2.233954e+01  1.500000e+00
     vertex  3.610000e+01  1.710000e+01  1.500000e+00
   endloop
 endfacet
 facet normal  0.000000e+00  0.000000e+00  1.000000e+00
   outer loop
     vertex  4.100000e+01  1.730000e+01  1.500000e+00
     vertex  3.207087e+01  2.242395e+01  1.500000e+00
     vertex  3.208135e+01  2.233954e+01  1.500000e+00
   endloop
 endfacet
 facet normal  0.000000e+00  0.000000e+00  1.000000e+00
   outer loop
     vertex  4.100000e+01  1.730000e+01  1.500000e+00
     vertex  3.610000e+01  1.710000e+01  1.500000e+00
     vertex  4.100000e+01  3.000000e+00  1.500000e+00
   endloop
 endfacet
 facet normal  0.000000e+00  0.000000e+00  1.000000e+00
   outer loop
     vertex  5.900000e+01  0.000000e+00  1.500000e+00
     vertex  4.100000e+01  3.000000e+00  1.500000e+00
     vertex  3.610000e+01  3.000000e+00  1.500000e+00
   endloop
 endfacet
 facet normal  0.000000e+00  0.000000e+00  1.000000e+00
   outer loop
     vertex  5.900000e+01  0.000000e+00  1.500000e+00
     vertex  5.530000e+01  3.000000e+00  1.500000e+00
     vertex  4.100000e+01  3.000000e+00  1.500000e+00
   endloop
 endfacet
 facet normal  0.000000e+00  0.000000e+00  1.000000e+00
   outer loop
     vertex  5.900000e+01  0.000000e+00  1.500000e+00
     vertex  3.610000e+01  3.000000e+00  1.500000e+00
     vertex  0.000000e+00  0.000000e+00  1.500000e+00
   endloop
 endfacet
 facet normal  0.000000e+00  0.000000e+00  1.000000e+00
   outer loop
     vertex  4.579223e+01  1.968359e+01  1.500000e+00
     vertex  4.572951e+01  1.974503e+01  1.500000e+00
     vertex  4.100000e+01  1.730000e+01  1.500000e+00
   endloop
 endfacet
 facet normal  0.000000e+00  0.000000e+00  1.000000e+00
   outer loop
     vertex  4.566850e+01  1.980817e+01  1.500000e+00
     vertex  4.100000e+01  1.730000e+01  1.500000e+00
     vertex  4.572951e+01  1.974503e+01  1.500000e+00
   endloop
 endfacet
 facet normal  0.000000e+00  0.000000e+00  1.000000e+00
   outer loop
     vertex  4.585661e+01  1.962390e+01  1.500000e+00
     vertex  4.579223e+01  1.968359e+01  1.500000e+00
     vertex  4.100000e+01  1.730000e+01  1.500000e+00
   endloop
 endfacet
 facet normal  0.000000e+00  0.000000e+00  1.000000e+00
   outer loop
     vertex  4.560925e+01  1.987296e+01  1.500000e+00
     vertex  4.100000e+01  1.730000e+01  1.500000e+00
     vertex  4.566850e+01  1.980817e+01  1.500000e+00
   endloop
 endfacet
 facet normal  0.000000e+00  0.000000e+00  1.000000e+00
   outer loop
     vertex  4.592260e+01  1.956599e+01  1.500000e+00
     vertex  4.585661e+01  1.962390e+01  1.500000e+00
     vertex  4.100000e+01  1.730000e+01  1.500000e+00
   endloop
 endfacet
 facet normal  0.000000e+00  0.000000e+00  1.000000e+00
   outer loop
     vertex  4.555180e+01  1.993935e+01  1.500000e+00
     vertex  4.100000e+01  1.730000e+01  1.500000e+00
     vertex  4.560925e+01  1.987296e+01  1.500000e+00
   endloop
 endfacet
 facet normal  0.000000e+00  0.000000e+00  1.000000e+00
   outer loop
     vertex  4.599016e+01  1.950991e+01  1.500000e+00
     vertex  4.592260e+01  1.956599e+01  1.500000e+00
     vertex  4.100000e+01  1.730000e+01  1.500000e+00
   endloop
 endfacet
 facet normal  0.000000e+00  0.000000e+00  1.000000e+00
   outer loop
     vertex  4.549619e+01  2.000729e+01  1.500000e+00
     vertex  4.100000e+01  1.730000e+01  1.500000e+00
     vertex  4.555180e+01  1.993935e+01  1.500000e+00
   endloop
 endfacet
 facet normal  0.000000e+00  0.000000e+00  1.000000e+00
   outer loop
     vertex  4.605923e+01  1.945571e+01  1.500000e+00
     vertex  4.599016e+01  1.950991e+01  1.500000e+00
     vertex  4.100000e+01  1.730000e+01  1.500000e+00
   endloop
 endfacet
 facet normal  0.000000e+00  0.000000e+00  1.000000e+00
   outer loop
     vertex  4.544246e+01  2.007672e+01  1.500000e+00
     vertex  4.100000e+01  1.730000e+01  1.500000e+00
     vertex  4.549619e+01  2.000729e+01  1.500000e+00
   endloop
 endfacet
 facet normal  0.000000e+00  0.000000e+00  1.000000e+00
   outer loop
     vertex  4.612976e+01  1.940343e+01  1.500000e+00
     vertex  4.605923e+01  1.945571e+01  1.500000e+00
     vertex  4.100000e+01  1.730000e+01  1.500000e+00
   endloop
 endfacet
 facet normal  0.000000e+00  0.000000e+00  1.000000e+00
   outer loop
     vertex  4.539066e+01  2.014761e+01  1.500000e+00
     vertex  4.100000e+01  1.730000e+01  1.500000e+00
     vertex  4.544246e+01  2.007672e+01  1.500000e+00
   endloop
 endfacet
 facet normal  0.000000e+00  0.000000e+00  1.000000e+00
   outer loop
     vertex  4.620170e+01  1.935310e+01  1.500000e+00
     vertex  4.612976e+01  1.940343e+01  1.500000e+00
     vertex  4.100000e+01  1.730000e+01  1.500000e+00
   endloop
 endfacet
 facet normal  0.000000e+00  0.000000e+00  1.000000e+00
   outer loop
     vertex  4.534082e+01  2.021989e+01  1.500000e+00
     vertex  4.100000e+01  1.730000e+01  1.500000e+00
     vertex  4.539066e+01  2.014761e+01  1.500000e+00
   endloop
 endfacet
 facet normal  0.000000e+00  0.000000e+00  1.000000e+00
   outer loop
     vertex  4.627499e+01  1.930476e+01  1.500000e+00
     vertex  4.620170e+01  1.935310e+01  1.500000e+00
     vertex  4.100000e+01  1.730000e+01  1.500000e+00
   endloop
 endfacet
 facet normal  0.000000e+00  0.000000e+00  1.000000e+00
   outer loop
     vertex  4.529299e+01  2.029352e+01  1.500000e+00
     vertex  4.100000e+01  1.730000e+01  1.500000e+00
     vertex  4.534082e+01  2.021989e+01  1.500000e+00
   endloop
 endfacet
 facet normal  0.000000e+00  0.000000e+00  1.000000e+00
   outer loop
     vertex  4.634958e+01  1.925845e+01  1.500000e+00
     vertex  4.627499e+01  1.930476e+01  1.500000e+00
     vertex  4.100000e+01  1.730000e+01  1.500000e+00
   endloop
 endfacet
 facet normal  0.000000e+00  0.000000e+00  1.000000e+00
   outer loop
     vertex  4.524719e+01  2.036842e+01  1.500000e+00
     vertex  4.100000e+01  1.730000e+01  1.500000e+00
     vertex  4.529299e+01  2.029352e+01  1.500000e+00
   endloop
 endfacet
 facet normal  0.000000e+00  0.000000e+00  1.000000e+00
   outer loop
     vertex  4.642541e+01  1.921420e+01  1.500000e+00
     vertex  4.634958e+01  1.925845e+01  1.500000e+00
     vertex  4.100000e+01  1.730000e+01  1.500000e+00
   endloop
 endfacet
 facet normal  0.000000e+00  0.000000e+00  1.000000e+00
   outer loop
     vertex  4.520347e+01  2.044456e+01  1.500000e+00
     vertex  4.100000e+01  1.730000e+01  1.500000e+00
     vertex  4.524719e+01  2.036842e+01  1.500000e+00
   endloop
 endfacet
 facet normal  0.000000e+00  0.000000e+00  1.000000e+00
   outer loop
     vertex  4.650243e+01  1.917205e+01  1.500000e+00
     vertex  4.642541e+01  1.921420e+01  1.500000e+00
     vertex  4.100000e+01  1.730000e+01  1.500000e+00
   endloop
 endfacet
 facet normal  0.000000e+00  0.000000e+00  1.000000e+00
   outer loop
     vertex  4.516185e+01  2.052186e+01  1.500000e+00
     vertex  4.100000e+01  1.730000e+01  1.500000e+00
     vertex  4.520347e+01  2.044456e+01  1.500000e+00
   endloop
 endfacet
 facet normal  0.000000e+00  0.000000e+00  1.000000e+00
   outer loop
     vertex  4.658058e+01  1.913203e+01  1.500000e+00
     vertex  4.650243e+01  1.917205e+01  1.500000e+00
     vertex  4.100000e+01  1.730000e+01  1.500000e+00
   endloop
 endfacet
 facet normal  0.000000e+00  0.000000e+00  1.000000e+00
   outer loop
     vertex  4.512236e+01  2.060028e+01  1.500000e+00
     vertex  4.100000e+01  1.730000e+01  1.500000e+00
     vertex  4.516185e+01  2.052186e+01  1.500000e+00
   endloop
 endfacet
 facet normal  0.000000e+00  0.000000e+00  1.000000e+00
   outer loop
     vertex  4.665979e+01  1.909417e+01  1.500000e+00
     vertex  4.658058e+01  1.913203e+01  1.500000e+00
     vertex  4.100000e+01  1.730000e+01  1.500000e+00
   endloop
 endfacet
 facet normal  0.000000e+00  0.000000e+00  1.000000e+00
   outer loop
     vertex  4.508505e+01  2.067975e+01  1.500000e+00
     vertex  4.100000e+01  1.730000e+01  1.500000e+00
     vertex  4.512236e+01  2.060028e+01  1.500000e+00
   endloop
 endfacet
 facet normal  0.000000e+00  0.000000e+00  1.000000e+00
   outer loop
     vertex  4.674001e+01  1.905850e+01  1.500000e+00
     vertex  4.665979e+01  1.909417e+01  1.500000e+00
     vertex  4.100000e+01  1.730000e+01  1.500000e+00
   endloop
 endfacet
 facet normal  0.000000e+00  0.000000e+00  1.000000e+00
   outer loop
     vertex  4.504992e+01  2.076022e+01  1.500000e+00
     vertex  4.100000e+01  1.730000e+01  1.500000e+00
     vertex  4.508505e+01  2.067975e+01  1.500000e+00
   endloop
 endfacet
 facet normal  0.000000e+00  0.000000e+00  1.000000e+00
   outer loop
     vertex  4.682119e+01  1.902504e+01  1.500000e+00
     vertex  4.674001e+01  1.905850e+01  1.500000e+00
     vertex  4.100000e+01  1.730000e+01  1.500000e+00
   endloop
 endfacet
 facet normal  0.000000e+00  0.000000e+00  1.000000e+00
   outer loop
     vertex  4.501702e+01  2.084162e+01  1.500000e+00
     vertex  4.100000e+01  1.730000e+01  1.500000e+00
     vertex  4.504992e+01  2.076022e+01  1.500000e+00
   endloop
 endfacet
 facet normal  0.000000e+00  0.000000e+00  1.000000e+00
   outer loop
     vertex  4.690324e+01  1.899382e+01  1.500000e+00
     vertex  4.682119e+01  1.902504e+01  1.500000e+00
     vertex  4.100000e+01  1.730000e+01  1.500000e+00
   endloop
 endfacet
 facet normal  0.000000e+00  0.000000e+00  1.000000e+00
   outer loop
     vertex  4.498637e+01  2.092389e+01  1.500000e+00
     vertex  4.100000e+01  1.730000e+01  1.500000e+00
     vertex  4.501702e+01  2.084162e+01  1.500000e+00
   endloop
 endfacet
 facet normal  0.000000e+00  0.000000e+00  1.000000e+00
   outer loop
     vertex  4.698613e+01  1.896486e+01  1.500000e+00
     vertex  4.690324e+01  1.899382e+01  1.500000e+00
     vertex  4.100000e+01  1.730000e+01  1.500000e+00
   endloop
 endfacet
 facet normal  0.000000e+00  0.000000e+00  1.000000e+00
   outer loop
     vertex  4.495798e+01  2.100697e+01  1.500000e+00
     vertex  4.100000e+01  1.730000e+01  1.500000e+00
     vertex  4.498637e+01  2.092389e+01  1.500000e+00
   endloop
 endfacet
 facet normal  0.000000e+00  0.000000e+00  1.000000e+00
   outer loop
     vertex  4.706978e+01  1.893819e+01  1.500000e+00
     vertex  4.698613e+01  1.896486e+01  1.500000e+00
     vertex  4.100000e+01  1.730000e+01  1.500000e+00
   endloop
 endfacet
 facet normal  0.000000e+00  0.000000e+00  1.000000e+00
   outer loop
     vertex  4.493188e+01  2.109080e+01  1.500000e+00
     vertex  4.100000e+01  1.730000e+01  1.500000e+00
     vertex  4.495798e+01  2.100697e+01  1.500000e+00
   endloop
 endfacet
 facet normal  0.000000e+00  0.000000e+00  1.000000e+00
   outer loop
     vertex  4.715412e+01  1.891382e+01  1.500000e+00
     vertex  4.706978e+01  1.893819e+01  1.500000e+00
     vertex  4.100000e+01  1.730000e+01  1.500000e+00
   endloop
 endfacet
 facet normal  0.000000e+00  0.000000e+00  1.000000e+00
   outer loop
     vertex  4.490809e+01  2.117531e+01  1.500000e+00
     vertex  4.100000e+01  1.730000e+01  1.500000e+00
     vertex  4.493188e+01  2.109080e+01  1.500000e+00
   endloop
 endfacet
 facet normal  0.000000e+00  0.000000e+00  1.000000e+00
   outer loop
     vertex  4.723911e+01  1.889178e+01  1.500000e+00
     vertex  4.715412e+01  1.891382e+01  1.500000e+00
     vertex  4.100000e+01  1.730000e+01  1.500000e+00
   endloop
 endfacet
 facet normal  0.000000e+00  0.000000e+00  1.000000e+00
   outer loop
     vertex  4.488663e+01  2.126045e+01  1.500000e+00
     vertex  4.100000e+01  1.730000e+01  1.500000e+00
     vertex  4.490809e+01  2.117531e+01  1.500000e+00
   endloop
 endfacet
 facet normal  0.000000e+00  0.000000e+00  1.000000e+00
   outer loop
     vertex  4.732467e+01  1.887207e+01  1.500000e+00
     vertex  4.723911e+01  1.889178e+01  1.500000e+00
     vertex  4.100000e+01  1.730000e+01  1.500000e+00
   endloop
 endfacet
 facet normal  0.000000e+00  0.000000e+00  1.000000e+00
   outer loop
     vertex  4.486751e+01  2.134614e+01  1.500000e+00
     vertex  4.100000e+01  1.730000e+01  1.500000e+00
     vertex  4.488663e+01  2.126045e+01  1.500000e+00
   endloop
 endfacet
 facet normal  0.000000e+00  0.000000e+00  1.000000e+00
   outer loop
     vertex  4.741073e+01  1.885472e+01  1.500000e+00
     vertex  4.732467e+01  1.887207e+01  1.500000e+00
     vertex  4.100000e+01  1.730000e+01  1.500000e+00
   endloop
 endfacet
 facet normal  0.000000e+00  0.000000e+00  1.000000e+00
   outer loop
     vertex  4.485076e+01  2.143232e+01  1.500000e+00
     vertex  4.100000e+01  1.730000e+01  1.500000e+00
     vertex  4.486751e+01  2.134614e+01  1.500000e+00
   endloop
 endfacet
 facet normal  0.000000e+00  0.000000e+00  1.000000e+00
   outer loop
     vertex  4.749724e+01  1.883974e+01  1.500000e+00
     vertex  4.741073e+01  1.885472e+01  1.500000e+00
     vertex  4.100000e+01  1.730000e+01  1.500000e+00
   endloop
 endfacet
 facet normal  0.000000e+00  0.000000e+00  1.000000e+00
   outer loop
     vertex  4.483637e+01  2.151893e+01  1.500000e+00
     vertex  4.100000e+01  1.730000e+01  1.500000e+00
     vertex  4.485076e+01  2.143232e+01  1.500000e+00
   endloop
 endfacet
 facet normal  0.000000e+00  0.000000e+00  1.000000e+00
   outer loop
     vertex  4.482436e+01  2.160590e+01  1.500000e+00
     vertex  4.100000e+01  1.730000e+01  1.500000e+00
     vertex  4.483637e+01  2.151893e+01  1.500000e+00
   endloop
 endfacet
 facet normal  0.000000e+00  0.000000e+00  1.000000e+00
   outer loop
     vertex  4.481474e+01  2.169317e+01  1.500000e+00
     vertex  4.100000e+01  1.730000e+01  1.500000e+00
     vertex  4.482436e+01  2.160590e+01  1.500000e+00
   endloop
 endfacet
 facet normal  0.000000e+00  0.000000e+00  1.000000e+00
   outer loop
     vertex  4.480753e+01  2.178067e+01  1.500000e+00
     vertex  4.100000e+01  1.730000e+01  1.500000e+00
     vertex  4.481474e+01  2.169317e+01  1.500000e+00
   endloop
 endfacet
 facet normal  0.000000e+00  0.000000e+00  1.000000e+00
   outer loop
     vertex  4.480271e+01  2.186834e+01  1.500000e+00
     vertex  4.100000e+01  1.730000e+01  1.500000e+00
     vertex  4.480753e+01  2.178067e+01  1.500000e+00
   endloop
 endfacet
 facet normal  0.000000e+00  0.000000e+00  1.000000e+00
   outer loop
     vertex  4.480030e+01  2.195610e+01  1.500000e+00
     vertex  4.100000e+01  1.730000e+01  1.500000e+00
     vertex  4.480271e+01  2.186834e+01  1.500000e+00
   endloop
 endfacet
 facet normal  0.000000e+00  0.000000e+00  1.000000e+00
   outer loop
     vertex  4.480030e+01  2.204390e+01  1.500000e+00
     vertex  4.100000e+01  1.730000e+01  1.500000e+00
     vertex  4.480030e+01  2.195610e+01  1.500000e+00
   endloop
 endfacet
 facet normal  0.000000e+00  0.000000e+00  1.000000e+00
   outer loop
     vertex  4.480271e+01  2.213166e+01  1.500000e+00
     vertex  4.100000e+01  1.730000e+01  1.500000e+00
     vertex  4.480030e+01  2.204390e+01  1.500000e+00
   endloop
 endfacet
 facet normal  0.000000e+00  0.000000e+00  1.000000e+00
   outer loop
     vertex  4.480753e+01  2.221933e+01  1.500000e+00
     vertex  4.100000e+01  1.730000e+01  1.500000e+00
     vertex  4.480271e+01  2.213166e+01  1.500000e+00
   endloop
 endfacet
 facet normal  0.000000e+00  0.000000e+00  1.000000e+00
   outer loop
     vertex  4.481474e+01  2.230683e+01  1.500000e+00
     vertex  4.100000e+01  1.730000e+01  1.500000e+00
     vertex  4.480753e+01  2.221933e+01  1.500000e+00
   endloop
 endfacet
 facet normal  0.000000e+00  0.000000e+00  1.000000e+00
   outer loop
     vertex  4.482436e+01  2.239410e+01  1.500000e+00
     vertex  3.207087e+01  2.242395e+01  1.500000e+00
     vertex  4.100000e+01  1.730000e+01  1.500000e+00
   endloop
 endfacet
 facet normal  0.000000e+00  0.000000e+00  1.000000e+00
   outer loop
     vertex  4.482436e+01  2.239410e+01  1.500000e+00
     vertex  4.100000e+01  1.730000e+01  1.500000e+00
     vertex  4.481474e+01  2.230683e+01  1.500000e+00
   endloop
 endfacet
 facet normal  0.000000e+00  0.000000e+00  1.000000e+00
   outer loop
     vertex  4.483637e+01  2.248107e+01  1.500000e+00
     vertex  3.205809e+01  2.250804e+01  1.500000e+00
     vertex  3.207087e+01  2.242395e+01  1.500000e+00
   endloop
 endfacet
 facet normal  0.000000e+00  0.000000e+00  1.000000e+00
   outer loop
     vertex  4.483637e+01  2.248107e+01  1.500000e+00
     vertex  3.207087e+01  2.242395e+01  1.500000e+00
     vertex  4.482436e+01  2.239410e+01  1.500000e+00
   endloop
 endfacet
 facet normal  0.000000e+00  0.000000e+00  1.000000e+00
   outer loop
     vertex  4.485076e+01  2.256768e+01  1.500000e+00
     vertex  3.204300e+01  2.259174e+01  1.500000e+00
     vertex  3.205809e+01  2.250804e+01  1.500000e+00
   endloop
 endfacet
 facet normal  0.000000e+00  0.000000e+00  1.000000e+00
   outer loop
     vertex  4.485076e+01  2.256768e+01  1.500000e+00
     vertex  3.205809e+01  2.250804e+01  1.500000e+00
     vertex  4.483637e+01  2.248107e+01  1.500000e+00
   endloop
 endfacet
 facet normal  0.000000e+00  0.000000e+00  1.000000e+00
   outer loop
     vertex  4.486751e+01  2.265386e+01  1.500000e+00
     vertex  3.202562e+01  2.267500e+01  1.500000e+00
     vertex  3.204300e+01  2.259174e+01  1.500000e+00
   endloop
 endfacet
 facet normal  0.000000e+00  0.000000e+00  1.000000e+00
   outer loop
     vertex  4.486751e+01  2.265386e+01  1.500000e+00
     vertex  3.204300e+01  2.259174e+01  1.500000e+00
     vertex  4.485076e+01  2.256768e+01  1.500000e+00
   endloop
 endfacet
 facet normal  0.000000e+00  0.000000e+00  1.000000e+00
   outer loop
     vertex  4.488663e+01  2.273955e+01  1.500000e+00
     vertex  3.200596e+01  2.275775e+01  1.500000e+00
     vertex  3.202562e+01  2.267500e+01  1.500000e+00
   endloop
 endfacet
 facet normal  0.000000e+00  0.000000e+00  1.000000e+00
   outer loop
     vertex  4.488663e+01  2.273955e+01  1.500000e+00
     vertex  3.202562e+01  2.267500e+01  1.500000e+00
     vertex  4.486751e+01  2.265386e+01  1.500000e+00
   endloop
 endfacet
 facet normal  0.000000e+00  0.000000e+00  1.000000e+00
   outer loop
     vertex  4.490809e+01  2.282469e+01  1.500000e+00
     vertex  3.198404e+01  2.283993e+01  1.500000e+00
     vertex  3.200596e+01  2.275775e+01  1.500000e+00
   endloop
 endfacet
 facet normal  0.000000e+00  0.000000e+00  1.000000e+00
   outer loop
     vertex  4.490809e+01  2.282469e+01  1.500000e+00
     vertex  3.200596e+01  2.275775e+01  1.500000e+00
     vertex  4.488663e+01  2.273955e+01  1.500000e+00
   endloop
 endfacet
 facet normal  0.000000e+00  0.000000e+00  1.000000e+00
   outer loop
     vertex  4.493188e+01  2.290920e+01  1.500000e+00
     vertex  3.195988e+01  2.292148e+01  1.500000e+00
     vertex  3.198404e+01  2.283993e+01  1.500000e+00
   endloop
 endfacet
 facet normal  0.000000e+00  0.000000e+00  1.000000e+00
   outer loop
     vertex  4.493188e+01  2.290920e+01  1.500000e+00
     vertex  3.198404e+01  2.283993e+01  1.500000e+00
     vertex  4.490809e+01  2.282469e+01  1.500000e+00
   endloop
 endfacet
 facet normal  0.000000e+00  0.000000e+00  1.000000e+00
   outer loop
     vertex  4.495798e+01  2.299303e+01  1.500000e+00
     vertex  3.193348e+01  2.300233e+01  1.500000e+00
     vertex  3.195988e+01  2.292148e+01  1.500000e+00
   endloop
 endfacet
 facet normal  0.000000e+00  0.000000e+00  1.000000e+00
   outer loop
     vertex  4.495798e+01  2.299303e+01  1.500000e+00
     vertex  3.195988e+01  2.292148e+01  1.500000e+00
     vertex  4.493188e+01  2.290920e+01  1.500000e+00
   endloop
 endfacet
 facet normal  0.000000e+00  0.000000e+00  1.000000e+00
   outer loop
     vertex  4.498637e+01  2.307611e+01  1.500000e+00
     vertex  3.190488e+01  2.308243e+01  1.500000e+00
     vertex  3.193348e+01  2.300233e+01  1.500000e+00
   endloop
 endfacet
 facet normal  0.000000e+00  0.000000e+00  1.000000e+00
   outer loop
     vertex  4.498637e+01  2.307611e+01  1.500000e+00
     vertex  3.193348e+01  2.300233e+01  1.500000e+00
     vertex  4.495798e+01  2.299303e+01  1.500000e+00
   endloop
 endfacet
 facet normal  0.000000e+00  0.000000e+00  1.000000e+00
   outer loop
     vertex  4.501702e+01  2.315838e+01  1.500000e+00
     vertex  3.190488e+01  2.308243e+01  1.500000e+00
     vertex  4.498637e+01  2.307611e+01  1.500000e+00
   endloop
 endfacet
 facet normal  0.000000e+00  0.000000e+00  1.000000e+00
   outer loop
     vertex  4.501702e+01  2.315838e+01  1.500000e+00
     vertex  3.187409e+01  2.316172e+01  1.500000e+00
     vertex  3.190488e+01  2.308243e+01  1.500000e+00
   endloop
 endfacet
 facet normal  0.000000e+00  0.000000e+00  1.000000e+00
   outer loop
     vertex  4.504992e+01  2.323978e+01  1.500000e+00
     vertex  3.184114e+01  2.324013e+01  1.500000e+00
     vertex  3.187409e+01  2.316172e+01  1.500000e+00
   endloop
 endfacet
 facet normal  0.000000e+00  0.000000e+00  1.000000e+00
   outer loop
     vertex  4.504992e+01  2.323978e+01  1.500000e+00
     vertex  3.187409e+01  2.316172e+01  1.500000e+00
     vertex  4.501702e+01  2.315838e+01  1.500000e+00
   endloop
 endfacet
 facet normal  0.000000e+00  0.000000e+00  1.000000e+00
   outer loop
     vertex  4.508505e+01  2.332025e+01  1.500000e+00
     vertex  3.184114e+01  2.324013e+01  1.500000e+00
     vertex  4.504992e+01  2.323978e+01  1.500000e+00
   endloop
 endfacet
 facet normal  0.000000e+00  0.000000e+00  1.000000e+00
   outer loop
     vertex  4.508505e+01  2.332025e+01  1.500000e+00
     vertex  3.180605e+01  2.331761e+01  1.500000e+00
     vertex  3.184114e+01  2.324013e+01  1.500000e+00
   endloop
 endfacet
 facet normal  0.000000e+00  0.000000e+00  1.000000e+00
   outer loop
     vertex  4.512236e+01  2.339972e+01  1.500000e+00
     vertex  3.180605e+01  2.331761e+01  1.500000e+00
     vertex  4.508505e+01  2.332025e+01  1.500000e+00
   endloop
 endfacet
 facet normal  0.000000e+00  0.000000e+00  1.000000e+00
   outer loop
     vertex  4.512236e+01  2.339972e+01  1.500000e+00
     vertex  3.176885e+01  2.339409e+01  1.500000e+00
     vertex  3.180605e+01  2.331761e+01  1.500000e+00
   endloop
 endfacet
 facet normal  0.000000e+00  0.000000e+00  1.000000e+00
   outer loop
     vertex  4.516185e+01  2.347814e+01  1.500000e+00
     vertex  3.176885e+01  2.339409e+01  1.500000e+00
     vertex  4.512236e+01  2.339972e+01  1.500000e+00
   endloop
 endfacet
 facet normal  0.000000e+00  0.000000e+00  1.000000e+00
   outer loop
     vertex  4.516185e+01  2.347814e+01  1.500000e+00
     vertex  3.172956e+01  2.346953e+01  1.500000e+00
     vertex  3.176885e+01  2.339409e+01  1.500000e+00
   endloop
 endfacet
 facet normal  0.000000e+00  0.000000e+00  1.000000e+00
   outer loop
     vertex  4.520347e+01  2.355544e+01  1.500000e+00
     vertex  3.172956e+01  2.346953e+01  1.500000e+00
     vertex  4.516185e+01  2.347814e+01  1.500000e+00
   endloop
 endfacet
 facet normal  0.000000e+00  0.000000e+00  1.000000e+00
   outer loop
     vertex  4.520347e+01  2.355544e+01  1.500000e+00
     vertex  3.168822e+01  2.354386e+01  1.500000e+00
     vertex  3.172956e+01  2.346953e+01  1.500000e+00
   endloop
 endfacet
 facet normal  0.000000e+00  0.000000e+00  1.000000e+00
   outer loop
     vertex  4.524719e+01  2.363158e+01  1.500000e+00
     vertex  3.164485e+01  2.361703e+01  1.500000e+00
     vertex  3.168822e+01  2.354386e+01  1.500000e+00
   endloop
 endfacet
 facet normal  0.000000e+00  0.000000e+00  1.000000e+00
   outer loop
     vertex  4.524719e+01  2.363158e+01  1.500000e+00
     vertex  3.168822e+01  2.354386e+01  1.500000e+00
     vertex  4.520347e+01  2.355544e+01  1.500000e+00
   endloop
 endfacet
 facet normal  0.000000e+00  0.000000e+00  1.000000e+00
   outer loop
     vertex  4.529299e+01  2.370648e+01  1.500000e+00
     vertex  3.164485e+01  2.361703e+01  1.500000e+00
     vertex  4.524719e+01  2.363158e+01  1.500000e+00
   endloop
 endfacet
 facet normal  0.000000e+00  0.000000e+00  1.000000e+00
   outer loop
     vertex  4.529299e+01  2.370648e+01  1.500000e+00
     vertex  3.159949e+01  2.368898e+01  1.500000e+00
     vertex  3.164485e+01  2.361703e+01  1.500000e+00
   endloop
 endfacet
 facet normal  0.000000e+00  0.000000e+00  1.000000e+00
   outer loop
     vertex  4.534082e+01  2.378011e+01  1.500000e+00
     vertex  3.155218e+01  2.375965e+01  1.500000e+00
     vertex  3.159949e+01  2.368898e+01  1.500000e+00
   endloop
 endfacet
 facet normal  0.000000e+00  0.000000e+00  1.000000e+00
   outer loop
     vertex  4.534082e+01  2.378011e+01  1.500000e+00
     vertex  3.159949e+01  2.368898e+01  1.500000e+00
     vertex  4.529299e+01  2.370648e+01  1.500000e+00
   endloop
 endfacet
 facet normal  0.000000e+00  0.000000e+00  1.000000e+00
   outer loop
     vertex  4.539066e+01  2.385239e+01  1.500000e+00
     vertex  3.155218e+01  2.375965e+01  1.500000e+00
     vertex  4.534082e+01  2.378011e+01  1.500000e+00
   endloop
 endfacet
 facet normal  0.000000e+00  0.000000e+00  1.000000e+00
   outer loop
     vertex  4.539066e+01  2.385239e+01  1.500000e+00
     vertex  3.150294e+01  2.382901e+01  1.500000e+00
     vertex  3.155218e+01  2.375965e+01  1.500000e+00
   endloop
 endfacet
 facet normal  0.000000e+00  0.000000e+00  1.000000e+00
   outer loop
     vertex  4.544246e+01  2.392328e+01  1.500000e+00
     vertex  3.150294e+01  2.382901e+01  1.500000e+00
     vertex  4.539066e+01  2.385239e+01  1.500000e+00
   endloop
 endfacet
 facet normal  0.000000e+00  0.000000e+00  1.000000e+00
   outer loop
     vertex  4.544246e+01  2.392328e+01  1.500000e+00
     vertex  3.145182e+01  2.389699e+01  1.500000e+00
     vertex  3.150294e+01  2.382901e+01  1.500000e+00
   endloop
 endfacet
 facet normal  0.000000e+00  0.000000e+00  1.000000e+00
   outer loop
     vertex  4.549619e+01  2.399271e+01  1.500000e+00
     vertex  3.139886e+01  2.396354e+01  1.500000e+00
     vertex  3.145182e+01  2.389699e+01  1.500000e+00
   endloop
 endfacet
 facet normal  0.000000e+00  0.000000e+00  1.000000e+00
   outer loop
     vertex  4.549619e+01  2.399271e+01  1.500000e+00
     vertex  3.145182e+01  2.389699e+01  1.500000e+00
     vertex  4.544246e+01  2.392328e+01  1.500000e+00
   endloop
 endfacet
 facet normal  0.000000e+00  0.000000e+00  1.000000e+00
   outer loop
     vertex  4.555180e+01  2.406065e+01  1.500000e+00
     vertex  3.139886e+01  2.396354e+01  1.500000e+00
     vertex  4.549619e+01  2.399271e+01  1.500000e+00
   endloop
 endfacet
 facet normal  0.000000e+00  0.000000e+00  1.000000e+00
   outer loop
     vertex  4.555180e+01  2.406065e+01  1.500000e+00
     vertex  3.134409e+01  2.402861e+01  1.500000e+00
     vertex  3.139886e+01  2.396354e+01  1.500000e+00
   endloop
 endfacet
 facet normal  0.000000e+00  0.000000e+00  1.000000e+00
   outer loop
     vertex  4.560925e+01  2.412704e+01  1.500000e+00
     vertex  3.128755e+01  2.409215e+01  1.500000e+00
     vertex  3.134409e+01  2.402861e+01  1.500000e+00
   endloop
 endfacet
 facet normal  0.000000e+00  0.000000e+00  1.000000e+00
   outer loop
     vertex  4.560925e+01  2.412704e+01  1.500000e+00
     vertex  3.134409e+01  2.402861e+01  1.500000e+00
     vertex  4.555180e+01  2.406065e+01  1.500000e+00
   endloop
 endfacet
 facet normal  0.000000e+00  0.000000e+00  1.000000e+00
   outer loop
     vertex  4.566850e+01  2.419183e+01  1.500000e+00
     vertex  3.128755e+01  2.409215e+01  1.500000e+00
     vertex  4.560925e+01  2.412704e+01  1.500000e+00
   endloop
 endfacet
 facet normal  0.000000e+00  0.000000e+00  1.000000e+00
   outer loop
     vertex  4.566850e+01  2.419183e+01  1.500000e+00
     vertex  3.122930e+01  2.415412e+01  1.500000e+00
     vertex  3.128755e+01  2.409215e+01  1.500000e+00
   endloop
 endfacet
 facet normal  0.000000e+00  0.000000e+00  1.000000e+00
   outer loop
     vertex  4.572951e+01  2.425497e+01  1.500000e+00
     vertex  3.116936e+01  2.421447e+01  1.500000e+00
     vertex  3.122930e+01  2.415412e+01  1.500000e+00
   endloop
 endfacet
 facet normal  0.000000e+00  0.000000e+00  1.000000e+00
   outer loop
     vertex  4.572951e+01  2.425497e+01  1.500000e+00
     vertex  3.122930e+01  2.415412e+01  1.500000e+00
     vertex  4.566850e+01  2.419183e+01  1.500000e+00
   endloop
 endfacet
 facet normal  0.000000e+00  0.000000e+00  1.000000e+00
   outer loop
     vertex  4.579223e+01  2.431641e+01  1.500000e+00
     vertex  3.116936e+01  2.421447e+01  1.500000e+00
     vertex  4.572951e+01  2.425497e+01  1.500000e+00
   endloop
 endfacet
 facet normal  0.000000e+00  0.000000e+00  1.000000e+00
   outer loop
     vertex  4.579223e+01  2.431641e+01  1.500000e+00
     vertex  3.110779e+01  2.427315e+01  1.500000e+00
     vertex  3.116936e+01  2.421447e+01  1.500000e+00
   endloop
 endfacet
 facet normal  0.000000e+00  0.000000e+00  1.000000e+00
   outer loop
     vertex  4.585661e+01  2.437610e+01  1.500000e+00
     vertex  3.104464e+01  2.433012e+01  1.500000e+00
     vertex  3.110779e+01  2.427315e+01  1.500000e+00
   endloop
 endfacet
 facet normal  0.000000e+00  0.000000e+00  1.000000e+00
   outer loop
     vertex  4.585661e+01  2.437610e+01  1.500000e+00
     vertex  3.110779e+01  2.427315e+01  1.500000e+00
     vertex  4.579223e+01  2.431641e+01  1.500000e+00
   endloop
 endfacet
 facet normal  0.000000e+00  0.000000e+00  1.000000e+00
   outer loop
     vertex  4.592260e+01  2.443401e+01  1.500000e+00
     vertex  3.104464e+01  2.433012e+01  1.500000e+00
     vertex  4.585661e+01  2.437610e+01  1.500000e+00
   endloop
 endfacet
 facet normal  0.000000e+00  0.000000e+00  1.000000e+00
   outer loop
     vertex  4.592260e+01  2.443401e+01  1.500000e+00
     vertex  3.097994e+01  2.438533e+01  1.500000e+00
     vertex  3.104464e+01  2.433012e+01  1.500000e+00
   endloop
 endfacet
 facet normal  0.000000e+00  0.000000e+00  1.000000e+00
   outer loop
     vertex  4.599016e+01  2.449009e+01  1.500000e+00
     vertex  3.097994e+01  2.438533e+01  1.500000e+00
     vertex  4.592260e+01  2.443401e+01  1.500000e+00
   endloop
 endfacet
 facet normal  0.000000e+00  0.000000e+00  1.000000e+00
   outer loop
     vertex  4.599016e+01  2.449009e+01  1.500000e+00
     vertex  3.091376e+01  2.443875e+01  1.500000e+00
     vertex  3.097994e+01  2.438533e+01  1.500000e+00
   endloop
 endfacet
 facet normal  0.000000e+00  0.000000e+00  1.000000e+00
   outer loop
     vertex  4.605923e+01  2.454429e+01  1.500000e+00
     vertex  3.084613e+01  2.449034e+01  1.500000e+00
     vertex  3.091376e+01  2.443875e+01  1.500000e+00
   endloop
 endfacet
 facet normal  0.000000e+00  0.000000e+00  1.000000e+00
   outer loop
     vertex  4.605923e+01  2.454429e+01  1.500000e+00
     vertex  3.091376e+01  2.443875e+01  1.500000e+00
     vertex  4.599016e+01  2.449009e+01  1.500000e+00
   endloop
 endfacet
 facet normal  0.000000e+00  0.000000e+00  1.000000e+00
   outer loop
     vertex  4.612976e+01  2.459657e+01  1.500000e+00
     vertex  3.077712e+01  2.454005e+01  1.500000e+00
     vertex  3.084613e+01  2.449034e+01  1.500000e+00
   endloop
 endfacet
 facet normal  0.000000e+00  0.000000e+00  1.000000e+00
   outer loop
     vertex  4.612976e+01  2.459657e+01  1.500000e+00
     vertex  3.084613e+01  2.449034e+01  1.500000e+00
     vertex  4.605923e+01  2.454429e+01  1.500000e+00
   endloop
 endfacet
 facet normal  0.000000e+00  0.000000e+00  1.000000e+00
   outer loop
     vertex  4.620170e+01  2.464690e+01  1.500000e+00
     vertex  3.077712e+01  2.454005e+01  1.500000e+00
     vertex  4.612976e+01  2.459657e+01  1.500000e+00
   endloop
 endfacet
 facet normal  0.000000e+00  0.000000e+00  1.000000e+00
   outer loop
     vertex  4.620170e+01  2.464690e+01  1.500000e+00
     vertex  3.070677e+01  2.458785e+01  1.500000e+00
     vertex  3.077712e+01  2.454005e+01  1.500000e+00
   endloop
 endfacet
 facet normal  0.000000e+00  0.000000e+00  1.000000e+00
   outer loop
     vertex  4.627499e+01  2.469524e+01  1.500000e+00
     vertex  3.063513e+01  2.463370e+01  1.500000e+00
     vertex  3.070677e+01  2.458785e+01  1.500000e+00
   endloop
 endfacet
 facet normal  0.000000e+00  0.000000e+00  1.000000e+00
   outer loop
     vertex  4.627499e+01  2.469524e+01  1.500000e+00
     vertex  3.070677e+01  2.458785e+01  1.500000e+00
     vertex  4.620170e+01  2.464690e+01  1.500000e+00
   endloop
 endfacet
 facet normal  0.000000e+00  0.000000e+00  1.000000e+00
   outer loop
     vertex  4.634958e+01  2.474155e+01  1.500000e+00
     vertex  3.056226e+01  2.467756e+01  1.500000e+00
     vertex  3.063513e+01  2.463370e+01  1.500000e+00
   endloop
 endfacet
 facet normal  0.000000e+00  0.000000e+00  1.000000e+00
   outer loop
     vertex  4.634958e+01  2.474155e+01  1.500000e+00
     vertex  3.063513e+01  2.463370e+01  1.500000e+00
     vertex  4.627499e+01  2.469524e+01  1.500000e+00
   endloop
 endfacet
 facet normal  0.000000e+00  0.000000e+00  1.000000e+00
   outer loop
     vertex  4.642541e+01  2.478580e+01  1.500000e+00
     vertex  3.056226e+01  2.467756e+01  1.500000e+00
     vertex  4.634958e+01  2.474155e+01  1.500000e+00
   endloop
 endfacet
 facet normal  0.000000e+00  0.000000e+00  1.000000e+00
   outer loop
     vertex  4.642541e+01  2.478580e+01  1.500000e+00
     vertex  3.048822e+01  2.471941e+01  1.500000e+00
     vertex  3.056226e+01  2.467756e+01  1.500000e+00
   endloop
 endfacet
 facet normal  0.000000e+00  0.000000e+00  1.000000e+00
   outer loop
     vertex  4.650243e+01  2.482795e+01  1.500000e+00
     vertex  3.048822e+01  2.471941e+01  1.500000e+00
     vertex  4.642541e+01  2.478580e+01  1.500000e+00
   endloop
 endfacet
 facet normal  0.000000e+00  0.000000e+00  1.000000e+00
   outer loop
     vertex  4.650243e+01  2.482795e+01  1.500000e+00
     vertex  3.041305e+01  2.475922e+01  1.500000e+00
     vertex  3.048822e+01  2.471941e+01  1.500000e+00
   endloop
 endfacet
 facet normal  0.000000e+00  0.000000e+00  1.000000e+00
   outer loop
     vertex  4.658058e+01  2.486797e+01  1.500000e+00
     vertex  3.033682e+01  2.479695e+01  1.500000e+00
     vertex  3.041305e+01  2.475922e+01  1.500000e+00
   endloop
 endfacet
 facet normal  0.000000e+00  0.000000e+00  1.000000e+00
   outer loop
     vertex  4.658058e+01  2.486797e+01  1.500000e+00
     vertex  3.041305e+01  2.475922e+01  1.500000e+00
     vertex  4.650243e+01  2.482795e+01  1.500000e+00
   endloop
 endfacet
 facet normal  0.000000e+00  0.000000e+00  1.000000e+00
   outer loop
     vertex  4.665979e+01  2.490583e+01  1.500000e+00
     vertex  3.033682e+01  2.479695e+01  1.500000e+00
     vertex  4.658058e+01  2.486797e+01  1.500000e+00
   endloop
 endfacet
 facet normal  0.000000e+00  0.000000e+00  1.000000e+00
   outer loop
     vertex  4.665979e+01  2.490583e+01  1.500000e+00
     vertex  3.025959e+01  2.483257e+01  1.500000e+00
     vertex  3.033682e+01  2.479695e+01  1.500000e+00
   endloop
 endfacet
 facet normal  0.000000e+00  0.000000e+00  1.000000e+00
   outer loop
     vertex  4.674001e+01  2.494150e+01  1.500000e+00
     vertex  3.025959e+01  2.483257e+01  1.500000e+00
     vertex  4.665979e+01  2.490583e+01  1.500000e+00
   endloop
 endfacet
 facet normal  0.000000e+00  0.000000e+00  1.000000e+00
   outer loop
     vertex  4.674001e+01  2.494150e+01  1.500000e+00
     vertex  3.018141e+01  2.486606e+01  1.500000e+00
     vertex  3.025959e+01  2.483257e+01  1.500000e+00
   endloop
 endfacet
 facet normal  0.000000e+00  0.000000e+00  1.000000e+00
   outer loop
     vertex  4.682119e+01  2.497496e+01  1.500000e+00
     vertex  3.018141e+01  2.486606e+01  1.500000e+00
     vertex  4.674001e+01  2.494150e+01  1.500000e+00
   endloop
 endfacet
 facet normal  0.000000e+00  0.000000e+00  1.000000e+00
   outer loop
     vertex  4.682119e+01  2.497496e+01  1.500000e+00
     vertex  3.010233e+01  2.489739e+01  1.500000e+00
     vertex  3.018141e+01  2.486606e+01  1.500000e+00
   endloop
 endfacet
 facet normal  0.000000e+00  0.000000e+00  1.000000e+00
   outer loop
     vertex  4.690324e+01  2.500618e+01  1.500000e+00
     vertex  3.010233e+01  2.489739e+01  1.500000e+00
     vertex  4.682119e+01  2.497496e+01  1.500000e+00
   endloop
 endfacet
 facet normal  0.000000e+00  0.000000e+00  1.000000e+00
   outer loop
     vertex  4.690324e+01  2.500618e+01  1.500000e+00
     vertex  3.002243e+01  2.492654e+01  1.500000e+00
     vertex  3.010233e+01  2.489739e+01  1.500000e+00
   endloop
 endfacet
 facet normal  0.000000e+00  0.000000e+00  1.000000e+00
   outer loop
     vertex  4.698613e+01  2.503514e+01  1.500000e+00
     vertex  3.002243e+01  2.492654e+01  1.500000e+00
     vertex  4.690324e+01  2.500618e+01  1.500000e+00
   endloop
 endfacet
 facet normal  0.000000e+00  0.000000e+00  1.000000e+00
   outer loop
     vertex  4.698613e+01  2.503514e+01  1.500000e+00
     vertex  2.994176e+01  2.495349e+01  1.500000e+00
     vertex  3.002243e+01  2.492654e+01  1.500000e+00
   endloop
 endfacet
 facet normal  0.000000e+00  0.000000e+00  1.000000e+00
   outer loop
     vertex  4.706978e+01  2.506181e+01  1.500000e+00
     vertex  2.994176e+01  2.495349e+01  1.500000e+00
     vertex  4.698613e+01  2.503514e+01  1.500000e+00
   endloop
 endfacet
 facet normal  0.000000e+00  0.000000e+00  1.000000e+00
   outer loop
     vertex  4.706978e+01  2.506181e+01  1.500000e+00
     vertex  2.986038e+01  2.497821e+01  1.500000e+00
     vertex  2.994176e+01  2.495349e+01  1.500000e+00
   endloop
 endfacet
 facet normal  0.000000e+00  0.000000e+00  1.000000e+00
   outer loop
     vertex  5.530000e+01  1.730000e+01  1.500000e+00
     vertex  5.530000e+01  3.000000e+00  1.500000e+00
     vertex  5.900000e+01  0.000000e+00  1.500000e+00
   endloop
 endfacet
 facet normal  0.000000e+00  0.000000e+00  1.000000e+00
   outer loop
     vertex  5.530000e+01  1.730000e+01  1.500000e+00
     vertex  4.863236e+01  1.886310e+01  1.500000e+00
     vertex  4.854606e+01  1.884694e+01  1.500000e+00
   endloop
 endfacet
 facet normal  0.000000e+00  0.000000e+00  1.000000e+00
   outer loop
     vertex  5.530000e+01  1.730000e+01  1.500000e+00
     vertex  4.871818e+01  1.888163e+01  1.500000e+00
     vertex  4.863236e+01  1.886310e+01  1.500000e+00
   endloop
 endfacet
 facet normal  0.000000e+00  0.000000e+00  1.000000e+00
   outer loop
     vertex  5.530000e+01  1.730000e+01  1.500000e+00
     vertex  4.880346e+01  1.890251e+01  1.500000e+00
     vertex  4.871818e+01  1.888163e+01  1.500000e+00
   endloop
 endfacet
 facet normal  0.000000e+00  0.000000e+00  1.000000e+00
   outer loop
     vertex  5.530000e+01  1.730000e+01  1.500000e+00
     vertex  4.888813e+01  1.892572e+01  1.500000e+00
     vertex  4.880346e+01  1.890251e+01  1.500000e+00
   endloop
 endfacet
 facet normal  0.000000e+00  0.000000e+00  1.000000e+00
   outer loop
     vertex  5.530000e+01  1.730000e+01  1.500000e+00
     vertex  4.897214e+01  1.895124e+01  1.500000e+00
     vertex  4.888813e+01  1.892572e+01  1.500000e+00
   endloop
 endfacet
 facet normal  0.000000e+00  0.000000e+00  1.000000e+00
   outer loop
     vertex  5.530000e+01  1.730000e+01  1.500000e+00
     vertex  4.905541e+01  1.897906e+01  1.500000e+00
     vertex  4.897214e+01  1.895124e+01  1.500000e+00
   endloop
 endfacet
 facet normal  0.000000e+00  0.000000e+00  1.000000e+00
   outer loop
     vertex  5.530000e+01  1.730000e+01  1.500000e+00
     vertex  4.913789e+01  1.900915e+01  1.500000e+00
     vertex  4.905541e+01  1.897906e+01  1.500000e+00
   endloop
 endfacet
 facet normal  0.000000e+00  0.000000e+00  1.000000e+00
   outer loop
     vertex  5.530000e+01  1.730000e+01  1.500000e+00
     vertex  4.921952e+01  1.904149e+01  1.500000e+00
     vertex  4.913789e+01  1.900915e+01  1.500000e+00
   endloop
 endfacet
 facet normal  0.000000e+00  0.000000e+00  1.000000e+00
   outer loop
     vertex  5.530000e+01  1.730000e+01  1.500000e+00
     vertex  4.930022e+01  1.907606e+01  1.500000e+00
     vertex  4.921952e+01  1.904149e+01  1.500000e+00
   endloop
 endfacet
 facet normal  0.000000e+00  0.000000e+00  1.000000e+00
   outer loop
     vertex  5.530000e+01  1.730000e+01  1.500000e+00
     vertex  4.937995e+01  1.911283e+01  1.500000e+00
     vertex  4.930022e+01  1.907606e+01  1.500000e+00
   endloop
 endfacet
 facet normal  0.000000e+00  0.000000e+00  1.000000e+00
   outer loop
     vertex  5.530000e+01  1.730000e+01  1.500000e+00
     vertex  4.945863e+01  1.915177e+01  1.500000e+00
     vertex  4.937995e+01  1.911283e+01  1.500000e+00
   endloop
 endfacet
 facet normal  0.000000e+00  0.000000e+00  1.000000e+00
   outer loop
     vertex  5.530000e+01  1.730000e+01  1.500000e+00
     vertex  4.953622e+01  1.919286e+01  1.500000e+00
     vertex  4.945863e+01  1.915177e+01  1.500000e+00
   endloop
 endfacet
 facet normal  0.000000e+00  0.000000e+00  1.000000e+00
   outer loop
     vertex  5.530000e+01  1.730000e+01  1.500000e+00
     vertex  4.961266e+01  1.923606e+01  1.500000e+00
     vertex  4.953622e+01  1.919286e+01  1.500000e+00
   endloop
 endfacet
 facet normal  0.000000e+00  0.000000e+00  1.000000e+00
   outer loop
     vertex  5.530000e+01  1.730000e+01  1.500000e+00
     vertex  4.968788e+01  1.928135e+01  1.500000e+00
     vertex  4.961266e+01  1.923606e+01  1.500000e+00
   endloop
 endfacet
 facet normal  0.000000e+00  0.000000e+00  1.000000e+00
   outer loop
     vertex  5.530000e+01  1.730000e+01  1.500000e+00
     vertex  4.976182e+01  1.932867e+01  1.500000e+00
     vertex  4.968788e+01  1.928135e+01  1.500000e+00
   endloop
 endfacet
 facet normal  0.000000e+00  0.000000e+00  1.000000e+00
   outer loop
     vertex  5.530000e+01  1.730000e+01  1.500000e+00
     vertex  4.983445e+01  1.937801e+01  1.500000e+00
     vertex  4.976182e+01  1.932867e+01  1.500000e+00
   endloop
 endfacet
 facet normal  0.000000e+00  0.000000e+00  1.000000e+00
   outer loop
     vertex  5.530000e+01  1.730000e+01  1.500000e+00
     vertex  4.990569e+01  1.942933e+01  1.500000e+00
     vertex  4.983445e+01  1.937801e+01  1.500000e+00
   endloop
 endfacet
 facet normal  0.000000e+00  0.000000e+00  1.000000e+00
   outer loop
     vertex  5.530000e+01  1.730000e+01  1.500000e+00
     vertex  4.997549e+01  1.948258e+01  1.500000e+00
     vertex  4.990569e+01  1.942933e+01  1.500000e+00
   endloop
 endfacet
 facet normal  0.000000e+00  0.000000e+00  1.000000e+00
   outer loop
     vertex  5.530000e+01  1.730000e+01  1.500000e+00
     vertex  5.004381e+01  1.953772e+01  1.500000e+00
     vertex  4.997549e+01  1.948258e+01  1.500000e+00
   endloop
 endfacet
 facet normal  0.000000e+00  0.000000e+00  1.000000e+00
   outer loop
     vertex  5.530000e+01  1.730000e+01  1.500000e+00
     vertex  5.011059e+01  1.959472e+01  1.500000e+00
     vertex  5.004381e+01  1.953772e+01  1.500000e+00
   endloop
 endfacet
 facet normal  0.000000e+00  0.000000e+00  1.000000e+00
   outer loop
     vertex  5.530000e+01  1.730000e+01  1.500000e+00
     vertex  5.017579e+01  1.965352e+01  1.500000e+00
     vertex  5.011059e+01  1.959472e+01  1.500000e+00
   endloop
 endfacet
 facet normal  0.000000e+00  0.000000e+00  1.000000e+00
   outer loop
     vertex  5.530000e+01  1.730000e+01  1.500000e+00
     vertex  5.023934e+01  1.971410e+01  1.500000e+00
     vertex  5.017579e+01  1.965352e+01  1.500000e+00
   endloop
 endfacet
 facet normal  0.000000e+00  0.000000e+00  1.000000e+00
   outer loop
     vertex  5.530000e+01  1.730000e+01  1.500000e+00
     vertex  5.030121e+01  1.977639e+01  1.500000e+00
     vertex  5.023934e+01  1.971410e+01  1.500000e+00
   endloop
 endfacet
 facet normal  0.000000e+00  0.000000e+00  1.000000e+00
   outer loop
     vertex  5.530000e+01  1.730000e+01  1.500000e+00
     vertex  5.036135e+01  1.984036e+01  1.500000e+00
     vertex  5.030121e+01  1.977639e+01  1.500000e+00
   endloop
 endfacet
 facet normal  0.000000e+00  0.000000e+00  1.000000e+00
   outer loop
     vertex  5.530000e+01  1.730000e+01  1.500000e+00
     vertex  5.041970e+01  1.990595e+01  1.500000e+00
     vertex  5.036135e+01  1.984036e+01  1.500000e+00
   endloop
 endfacet
 facet normal  0.000000e+00  0.000000e+00  1.000000e+00
   outer loop
     vertex  5.530000e+01  1.730000e+01  1.500000e+00
     vertex  5.047624e+01  1.997312e+01  1.500000e+00
     vertex  5.041970e+01  1.990595e+01  1.500000e+00
   endloop
 endfacet
 facet normal  0.000000e+00  0.000000e+00  1.000000e+00
   outer loop
     vertex  5.530000e+01  1.730000e+01  1.500000e+00
     vertex  5.053092e+01  2.004182e+01  1.500000e+00
     vertex  5.047624e+01  1.997312e+01  1.500000e+00
   endloop
 endfacet
 facet normal  0.000000e+00  0.000000e+00  1.000000e+00
   outer loop
     vertex  5.530000e+01  1.730000e+01  1.500000e+00
     vertex  5.058368e+01  2.011199e+01  1.500000e+00
     vertex  5.053092e+01  2.004182e+01  1.500000e+00
   endloop
 endfacet
 facet normal  0.000000e+00  0.000000e+00  1.000000e+00
   outer loop
     vertex  5.530000e+01  1.730000e+01  1.500000e+00
     vertex  5.063451e+01  2.018358e+01  1.500000e+00
     vertex  5.058368e+01  2.011199e+01  1.500000e+00
   endloop
 endfacet
 facet normal  0.000000e+00  0.000000e+00  1.000000e+00
   outer loop
     vertex  5.530000e+01  1.730000e+01  1.500000e+00
     vertex  5.068335e+01  2.025654e+01  1.500000e+00
     vertex  5.063451e+01  2.018358e+01  1.500000e+00
   endloop
 endfacet
 facet normal  0.000000e+00  0.000000e+00  1.000000e+00
   outer loop
     vertex  5.530000e+01  1.730000e+01  1.500000e+00
     vertex  5.073017e+01  2.033081e+01  1.500000e+00
     vertex  5.068335e+01  2.025654e+01  1.500000e+00
   endloop
 endfacet
 facet normal  0.000000e+00  0.000000e+00  1.000000e+00
   outer loop
     vertex  5.530000e+01  1.730000e+01  1.500000e+00
     vertex  5.077493e+01  2.040634e+01  1.500000e+00
     vertex  5.073017e+01  2.033081e+01  1.500000e+00
   endloop
 endfacet
 facet normal  0.000000e+00  0.000000e+00  1.000000e+00
   outer loop
     vertex  5.530000e+01  1.730000e+01  1.500000e+00
     vertex  5.081761e+01  2.048307e+01  1.500000e+00
     vertex  5.077493e+01  2.040634e+01  1.500000e+00
   endloop
 endfacet
 facet normal  0.000000e+00  0.000000e+00  1.000000e+00
   outer loop
     vertex  5.530000e+01  1.730000e+01  1.500000e+00
     vertex  5.085816e+01  2.056094e+01  1.500000e+00
     vertex  5.081761e+01  2.048307e+01  1.500000e+00
   endloop
 endfacet
 facet normal  0.000000e+00  0.000000e+00  1.000000e+00
   outer loop
     vertex  5.530000e+01  1.730000e+01  1.500000e+00
     vertex  5.089657e+01  2.063989e+01  1.500000e+00
     vertex  5.085816e+01  2.056094e+01  1.500000e+00
   endloop
 endfacet
 facet normal  0.000000e+00  0.000000e+00  1.000000e+00
   outer loop
     vertex  5.530000e+01  1.730000e+01  1.500000e+00
     vertex  5.093279e+01  2.071987e+01  1.500000e+00
     vertex  5.089657e+01  2.063989e+01  1.500000e+00
   endloop
 endfacet
 facet normal  0.000000e+00  0.000000e+00  1.000000e+00
   outer loop
     vertex  5.530000e+01  1.730000e+01  1.500000e+00
     vertex  5.096681e+01  2.080081e+01  1.500000e+00
     vertex  5.093279e+01  2.071987e+01  1.500000e+00
   endloop
 endfacet
 facet normal  0.000000e+00  0.000000e+00  1.000000e+00
   outer loop
     vertex  5.530000e+01  1.730000e+01  1.500000e+00
     vertex  5.099859e+01  2.088265e+01  1.500000e+00
     vertex  5.096681e+01  2.080081e+01  1.500000e+00
   endloop
 endfacet
 facet normal  0.000000e+00  0.000000e+00  1.000000e+00
   outer loop
     vertex  5.530000e+01  1.730000e+01  1.500000e+00
     vertex  5.102811e+01  2.096533e+01  1.500000e+00
     vertex  5.099859e+01  2.088265e+01  1.500000e+00
   endloop
 endfacet
 facet normal  0.000000e+00  0.000000e+00  1.000000e+00
   outer loop
     vertex  5.530000e+01  1.730000e+01  1.500000e+00
     vertex  5.105536e+01  2.104880e+01  1.500000e+00
     vertex  5.102811e+01  2.096533e+01  1.500000e+00
   endloop
 endfacet
 facet normal  0.000000e+00  0.000000e+00  1.000000e+00
   outer loop
     vertex  5.530000e+01  1.730000e+01  1.500000e+00
     vertex  5.108030e+01  2.113298e+01  1.500000e+00
     vertex  5.105536e+01  2.104880e+01  1.500000e+00
   endloop
 endfacet
 facet normal  0.000000e+00  0.000000e+00  1.000000e+00
   outer loop
     vertex  5.530000e+01  1.730000e+01  1.500000e+00
     vertex  5.110293e+01  2.121781e+01  1.500000e+00
     vertex  5.108030e+01  2.113298e+01  1.500000e+00
   endloop
 endfacet
 facet normal  0.000000e+00  0.000000e+00  1.000000e+00
   outer loop
     vertex  5.530000e+01  1.730000e+01  1.500000e+00
     vertex  5.112322e+01  2.130323e+01  1.500000e+00
     vertex  5.110293e+01  2.121781e+01  1.500000e+00
   endloop
 endfacet
 facet normal  0.000000e+00  0.000000e+00  1.000000e+00
   outer loop
     vertex  5.530000e+01  1.730000e+01  1.500000e+00
     vertex  5.114116e+01  2.138917e+01  1.500000e+00
     vertex  5.112322e+01  2.130323e+01  1.500000e+00
   endloop
 endfacet
 facet normal  0.000000e+00  0.000000e+00  1.000000e+00
   outer loop
     vertex  5.115674e+01  2.147558e+01  1.500000e+00
     vertex  5.114116e+01  2.138917e+01  1.500000e+00
     vertex  5.530000e+01  1.730000e+01  1.500000e+00
   endloop
 endfacet
 facet normal  0.000000e+00  0.000000e+00  1.000000e+00
   outer loop
     vertex  5.116993e+01  2.156238e+01  1.500000e+00
     vertex  5.115674e+01  2.147558e+01  1.500000e+00
     vertex  5.530000e+01  1.730000e+01  1.500000e+00
   endloop
 endfacet
 facet normal  0.000000e+00  0.000000e+00  1.000000e+00
   outer loop
     vertex  5.118075e+01  2.164950e+01  1.500000e+00
     vertex  5.116993e+01  2.156238e+01  1.500000e+00
     vertex  5.530000e+01  1.730000e+01  1.500000e+00
   endloop
 endfacet
 facet normal  0.000000e+00  0.000000e+00  1.000000e+00
   outer loop
     vertex  5.118917e+01  2.173690e+01  1.500000e+00
     vertex  5.118075e+01  2.164950e+01  1.500000e+00
     vertex  5.530000e+01  1.730000e+01  1.500000e+00
   endloop
 endfacet
 facet normal  0.000000e+00  0.000000e+00  1.000000e+00
   outer loop
     vertex  5.119518e+01  2.182449e+01  1.500000e+00
     vertex  5.118917e+01  2.173690e+01  1.500000e+00
     vertex  5.530000e+01  1.730000e+01  1.500000e+00
   endloop
 endfacet
 facet normal  0.000000e+00  0.000000e+00  1.000000e+00
   outer loop
     vertex  5.119880e+01  2.191221e+01  1.500000e+00
     vertex  5.119518e+01  2.182449e+01  1.500000e+00
     vertex  5.530000e+01  1.730000e+01  1.500000e+00
   endloop
 endfacet
 facet normal  0.000000e+00  0.000000e+00  1.000000e+00
   outer loop
     vertex  5.120000e+01  2.200000e+01  1.500000e+00
     vertex  5.119880e+01  2.191221e+01  1.500000e+00
     vertex  5.530000e+01  1.730000e+01  1.500000e+00
   endloop
 endfacet
 facet normal  0.000000e+00  0.000000e+00  1.000000e+00
   outer loop
     vertex  5.900000e+01  2.600000e+01  1.500000e+00
     vertex  5.011059e+01  2.440528e+01  1.500000e+00
     vertex  5.017579e+01  2.434648e+01  1.500000e+00
   endloop
 endfacet
 facet normal  0.000000e+00  0.000000e+00  1.000000e+00
   outer loop
     vertex  5.900000e+01  2.600000e+01  1.500000e+00
     vertex  5.004381e+01  2.446228e+01  1.500000e+00
     vertex  5.011059e+01  2.440528e+01  1.500000e+00
   endloop
 endfacet
 facet normal  0.000000e+00  0.000000e+00  1.000000e+00
   outer loop
     vertex  5.900000e+01  2.600000e+01  1.500000e+00
     vertex  4.997549e+01  2.451742e+01  1.500000e+00
     vertex  5.004381e+01  2.446228e+01  1.500000e+00
   endloop
 endfacet
 facet normal  0.000000e+00  0.000000e+00  1.000000e+00
   outer loop
     vertex  5.900000e+01  2.600000e+01  1.500000e+00
     vertex  4.990569e+01  2.457067e+01  1.500000e+00
     vertex  4.997549e+01  2.451742e+01  1.500000e+00
   endloop
 endfacet
 facet normal  0.000000e+00  0.000000e+00  1.000000e+00
   outer loop
     vertex  5.900000e+01  2.600000e+01  1.500000e+00
     vertex  4.983445e+01  2.462199e+01  1.500000e+00
     vertex  4.990569e+01  2.457067e+01  1.500000e+00
   endloop
 endfacet
 facet normal  0.000000e+00  0.000000e+00  1.000000e+00
   outer loop
     vertex  5.900000e+01  2.600000e+01  1.500000e+00
     vertex  4.976182e+01  2.467133e+01  1.500000e+00
     vertex  4.983445e+01  2.462199e+01  1.500000e+00
   endloop
 endfacet
 facet normal  0.000000e+00  0.000000e+00  1.000000e+00
   outer loop
     vertex  5.900000e+01  2.600000e+01  1.500000e+00
     vertex  4.968788e+01  2.471865e+01  1.500000e+00
     vertex  4.976182e+01  2.467133e+01  1.500000e+00
   endloop
 endfacet
 facet normal  0.000000e+00  0.000000e+00  1.000000e+00
   outer loop
     vertex  5.900000e+01  2.600000e+01  1.500000e+00
     vertex  4.961266e+01  2.476394e+01  1.500000e+00
     vertex  4.968788e+01  2.471865e+01  1.500000e+00
   endloop
 endfacet
 facet normal  0.000000e+00  0.000000e+00  1.000000e+00
   outer loop
     vertex  5.900000e+01  2.600000e+01  1.500000e+00
     vertex  4.953622e+01  2.480714e+01  1.500000e+00
     vertex  4.961266e+01  2.476394e+01  1.500000e+00
   endloop
 endfacet
 facet normal  0.000000e+00  0.000000e+00  1.000000e+00
   outer loop
     vertex  5.900000e+01  2.600000e+01  1.500000e+00
     vertex  4.945863e+01  2.484823e+01  1.500000e+00
     vertex  4.953622e+01  2.480714e+01  1.500000e+00
   endloop
 endfacet
 facet normal  0.000000e+00  0.000000e+00  1.000000e+00
   outer loop
     vertex  5.900000e+01  2.600000e+01  1.500000e+00
     vertex  4.937995e+01  2.488717e+01  1.500000e+00
     vertex  4.945863e+01  2.484823e+01  1.500000e+00
   endloop
 endfacet
 facet normal  0.000000e+00  0.000000e+00  1.000000e+00
   outer loop
     vertex  5.900000e+01  2.600000e+01  1.500000e+00
     vertex  4.930022e+01  2.492394e+01  1.500000e+00
     vertex  4.937995e+01  2.488717e+01  1.500000e+00
   endloop
 endfacet
 facet normal  0.000000e+00  0.000000e+00  1.000000e+00
   outer loop
     vertex  5.900000e+01  2.600000e+01  1.500000e+00
     vertex  4.921952e+01  2.495851e+01  1.500000e+00
     vertex  4.930022e+01  2.492394e+01  1.500000e+00
   endloop
 endfacet
 facet normal  0.000000e+00  0.000000e+00  1.000000e+00
   outer loop
     vertex  5.900000e+01  2.600000e+01  1.500000e+00
     vertex  4.913789e+01  2.499085e+01  1.500000e+00
     vertex  4.921952e+01  2.495851e+01  1.500000e+00
   endloop
 endfacet
 facet normal  0.000000e+00  0.000000e+00  1.000000e+00
   outer loop
     vertex  5.900000e+01  2.600000e+01  1.500000e+00
     vertex  4.905541e+01  2.502094e+01  1.500000e+00
     vertex  4.913789e+01  2.499085e+01  1.500000e+00
   endloop
 endfacet
 facet normal  0.000000e+00  0.000000e+00  1.000000e+00
   outer loop
     vertex  5.900000e+01  2.600000e+01  1.500000e+00
     vertex  4.897214e+01  2.504876e+01  1.500000e+00
     vertex  4.905541e+01  2.502094e+01  1.500000e+00
   endloop
 endfacet
 facet normal  0.000000e+00  0.000000e+00  1.000000e+00
   outer loop
     vertex  5.900000e+01  2.600000e+01  1.500000e+00
     vertex  4.888813e+01  2.507428e+01  1.500000e+00
     vertex  4.897214e+01  2.504876e+01  1.500000e+00
   endloop
 endfacet
 facet normal  0.000000e+00  0.000000e+00  1.000000e+00
   outer loop
     vertex  5.900000e+01  2.600000e+01  1.500000e+00
     vertex  4.880346e+01  2.509749e+01  1.500000e+00
     vertex  4.888813e+01  2.507428e+01  1.500000e+00
   endloop
 endfacet
 facet normal  0.000000e+00  0.000000e+00  1.000000e+00
   outer loop
     vertex  5.900000e+01  2.600000e+01  1.500000e+00
     vertex  4.871818e+01  2.511837e+01  1.500000e+00
     vertex  4.880346e+01  2.509749e+01  1.500000e+00
   endloop
 endfacet
 facet normal  0.000000e+00  0.000000e+00  1.000000e+00
   outer loop
     vertex  5.900000e+01  2.600000e+01  1.500000e+00
     vertex  4.863236e+01  2.513690e+01  1.500000e+00
     vertex  4.871818e+01  2.511837e+01  1.500000e+00
   endloop
 endfacet
 facet normal  0.000000e+00  0.000000e+00  1.000000e+00
   outer loop
     vertex  5.900000e+01  2.600000e+01  1.500000e+00
     vertex  4.854606e+01  2.515306e+01  1.500000e+00
     vertex  4.863236e+01  2.513690e+01  1.500000e+00
   endloop
 endfacet
 facet normal  0.000000e+00  0.000000e+00  1.000000e+00
   outer loop
     vertex  5.900000e+01  2.600000e+01  1.500000e+00
     vertex  4.845936e+01  2.516686e+01  1.500000e+00
     vertex  4.854606e+01  2.515306e+01  1.500000e+00
   endloop
 endfacet
 facet normal  0.000000e+00  0.000000e+00  1.000000e+00
   outer loop
     vertex  5.900000e+01  2.600000e+01  1.500000e+00
     vertex  4.837230e+01  2.517827e+01  1.500000e+00
     vertex  4.845936e+01  2.516686e+01  1.500000e+00
   endloop
 endfacet
 facet normal  0.000000e+00  0.000000e+00  1.000000e+00
   outer loop
     vertex  5.900000e+01  2.600000e+01  1.500000e+00
     vertex  4.828497e+01  2.518729e+01  1.500000e+00
     vertex  4.837230e+01  2.517827e+01  1.500000e+00
   endloop
 endfacet
 facet normal  0.000000e+00  0.000000e+00  1.000000e+00
   outer loop
     vertex  5.900000e+01  2.600000e+01  1.500000e+00
     vertex  5.530000e+01  1.730000e+01  1.500000e+00
     vertex  5.900000e+01  0.000000e+00  1.500000e+00
   endloop
 endfacet
 facet normal  0.000000e+00  0.000000e+00  1.000000e+00
   outer loop
     vertex  5.900000e+01  2.600000e+01  1.500000e+00
     vertex  5.119880e+01  2.208779e+01  1.500000e+00
     vertex  5.120000e+01  2.200000e+01  1.500000e+00
   endloop
 endfacet
 facet normal  0.000000e+00  0.000000e+00  1.000000e+00
   outer loop
     vertex  5.900000e+01  2.600000e+01  1.500000e+00
     vertex  5.119518e+01  2.217551e+01  1.500000e+00
     vertex  5.119880e+01  2.208779e+01  1.500000e+00
   endloop
 endfacet
 facet normal  0.000000e+00  0.000000e+00  1.000000e+00
   outer loop
     vertex  5.900000e+01  2.600000e+01  1.500000e+00
     vertex  5.118917e+01  2.226310e+01  1.500000e+00
     vertex  5.119518e+01  2.217551e+01  1.500000e+00
   endloop
 endfacet
 facet normal  0.000000e+00  0.000000e+00  1.000000e+00
   outer loop
     vertex  5.900000e+01  2.600000e+01  1.500000e+00
     vertex  5.118075e+01  2.235050e+01  1.500000e+00
     vertex  5.118917e+01  2.226310e+01  1.500000e+00
   endloop
 endfacet
 facet normal  0.000000e+00  0.000000e+00  1.000000e+00
   outer loop
     vertex  5.900000e+01  2.600000e+01  1.500000e+00
     vertex  5.120000e+01  2.200000e+01  1.500000e+00
     vertex  5.530000e+01  1.730000e+01  1.500000e+00
   endloop
 endfacet
 facet normal  0.000000e+00  0.000000e+00  1.000000e+00
   outer loop
     vertex  5.900000e+01  2.600000e+01  1.500000e+00
     vertex  5.116993e+01  2.243762e+01  1.500000e+00
     vertex  5.118075e+01  2.235050e+01  1.500000e+00
   endloop
 endfacet
 facet normal  0.000000e+00  0.000000e+00  1.000000e+00
   outer loop
     vertex  5.900000e+01  2.600000e+01  1.500000e+00
     vertex  5.115674e+01  2.252442e+01  1.500000e+00
     vertex  5.116993e+01  2.243762e+01  1.500000e+00
   endloop
 endfacet
 facet normal  0.000000e+00  0.000000e+00  1.000000e+00
   outer loop
     vertex  5.900000e+01  2.600000e+01  1.500000e+00
     vertex  5.114116e+01  2.261083e+01  1.500000e+00
     vertex  5.115674e+01  2.252442e+01  1.500000e+00
   endloop
 endfacet
 facet normal  0.000000e+00  0.000000e+00  1.000000e+00
   outer loop
     vertex  5.900000e+01  2.600000e+01  1.500000e+00
     vertex  5.112322e+01  2.269677e+01  1.500000e+00
     vertex  5.114116e+01  2.261083e+01  1.500000e+00
   endloop
 endfacet
 facet normal  0.000000e+00  0.000000e+00  1.000000e+00
   outer loop
     vertex  5.900000e+01  2.600000e+01  1.500000e+00
     vertex  5.110293e+01  2.278219e+01  1.500000e+00
     vertex  5.112322e+01  2.269677e+01  1.500000e+00
   endloop
 endfacet
 facet normal  0.000000e+00  0.000000e+00  1.000000e+00
   outer loop
     vertex  5.900000e+01  2.600000e+01  1.500000e+00
     vertex  5.108030e+01  2.286702e+01  1.500000e+00
     vertex  5.110293e+01  2.278219e+01  1.500000e+00
   endloop
 endfacet
 facet normal  0.000000e+00  0.000000e+00  1.000000e+00
   outer loop
     vertex  5.900000e+01  2.600000e+01  1.500000e+00
     vertex  5.105536e+01  2.295120e+01  1.500000e+00
     vertex  5.108030e+01  2.286702e+01  1.500000e+00
   endloop
 endfacet
 facet normal  0.000000e+00  0.000000e+00  1.000000e+00
   outer loop
     vertex  5.900000e+01  2.600000e+01  1.500000e+00
     vertex  5.102811e+01  2.303467e+01  1.500000e+00
     vertex  5.105536e+01  2.295120e+01  1.500000e+00
   endloop
 endfacet
 facet normal  0.000000e+00  0.000000e+00  1.000000e+00
   outer loop
     vertex  5.900000e+01  2.600000e+01  1.500000e+00
     vertex  5.099859e+01  2.311735e+01  1.500000e+00
     vertex  5.102811e+01  2.303467e+01  1.500000e+00
   endloop
 endfacet
 facet normal  0.000000e+00  0.000000e+00  1.000000e+00
   outer loop
     vertex  5.900000e+01  2.600000e+01  1.500000e+00
     vertex  5.096681e+01  2.319919e+01  1.500000e+00
     vertex  5.099859e+01  2.311735e+01  1.500000e+00
   endloop
 endfacet
 facet normal  0.000000e+00  0.000000e+00  1.000000e+00
   outer loop
     vertex  5.900000e+01  2.600000e+01  1.500000e+00
     vertex  5.093279e+01  2.328013e+01  1.500000e+00
     vertex  5.096681e+01  2.319919e+01  1.500000e+00
   endloop
 endfacet
 facet normal  0.000000e+00  0.000000e+00  1.000000e+00
   outer loop
     vertex  5.900000e+01  2.600000e+01  1.500000e+00
     vertex  5.089657e+01  2.336011e+01  1.500000e+00
     vertex  5.093279e+01  2.328013e+01  1.500000e+00
   endloop
 endfacet
 facet normal  0.000000e+00  0.000000e+00  1.000000e+00
   outer loop
     vertex  5.900000e+01  2.600000e+01  1.500000e+00
     vertex  5.085816e+01  2.343906e+01  1.500000e+00
     vertex  5.089657e+01  2.336011e+01  1.500000e+00
   endloop
 endfacet
 facet normal  0.000000e+00  0.000000e+00  1.000000e+00
   outer loop
     vertex  5.900000e+01  2.600000e+01  1.500000e+00
     vertex  5.081761e+01  2.351693e+01  1.500000e+00
     vertex  5.085816e+01  2.343906e+01  1.500000e+00
   endloop
 endfacet
 facet normal  0.000000e+00  0.000000e+00  1.000000e+00
   outer loop
     vertex  5.900000e+01  2.600000e+01  1.500000e+00
     vertex  5.077493e+01  2.359366e+01  1.500000e+00
     vertex  5.081761e+01  2.351693e+01  1.500000e+00
   endloop
 endfacet
 facet normal  0.000000e+00  0.000000e+00  1.000000e+00
   outer loop
     vertex  5.900000e+01  2.600000e+01  1.500000e+00
     vertex  5.073017e+01  2.366919e+01  1.500000e+00
     vertex  5.077493e+01  2.359366e+01  1.500000e+00
   endloop
 endfacet
 facet normal  0.000000e+00  0.000000e+00  1.000000e+00
   outer loop
     vertex  5.900000e+01  2.600000e+01  1.500000e+00
     vertex  5.068335e+01  2.374346e+01  1.500000e+00
     vertex  5.073017e+01  2.366919e+01  1.500000e+00
   endloop
 endfacet
 facet normal  0.000000e+00  0.000000e+00  1.000000e+00
   outer loop
     vertex  5.900000e+01  2.600000e+01  1.500000e+00
     vertex  5.063451e+01  2.381642e+01  1.500000e+00
     vertex  5.068335e+01  2.374346e+01  1.500000e+00
   endloop
 endfacet
 facet normal  0.000000e+00  0.000000e+00  1.000000e+00
   outer loop
     vertex  5.900000e+01  2.600000e+01  1.500000e+00
     vertex  5.058368e+01  2.388801e+01  1.500000e+00
     vertex  5.063451e+01  2.381642e+01  1.500000e+00
   endloop
 endfacet
 facet normal  0.000000e+00  0.000000e+00  1.000000e+00
   outer loop
     vertex  5.900000e+01  2.600000e+01  1.500000e+00
     vertex  5.053092e+01  2.395818e+01  1.500000e+00
     vertex  5.058368e+01  2.388801e+01  1.500000e+00
   endloop
 endfacet
 facet normal  0.000000e+00  0.000000e+00  1.000000e+00
   outer loop
     vertex  5.900000e+01  2.600000e+01  1.500000e+00
     vertex  5.047624e+01  2.402688e+01  1.500000e+00
     vertex  5.053092e+01  2.395818e+01  1.500000e+00
   endloop
 endfacet
 facet normal  0.000000e+00  0.000000e+00  1.000000e+00
   outer loop
     vertex  5.900000e+01  2.600000e+01  1.500000e+00
     vertex  5.041970e+01  2.409405e+01  1.500000e+00
     vertex  5.047624e+01  2.402688e+01  1.500000e+00
   endloop
 endfacet
 facet normal  0.000000e+00  0.000000e+00  1.000000e+00
   outer loop
     vertex  5.900000e+01  2.600000e+01  1.500000e+00
     vertex  5.036135e+01  2.415964e+01  1.500000e+00
     vertex  5.041970e+01  2.409405e+01  1.500000e+00
   endloop
 endfacet
 facet normal  0.000000e+00  0.000000e+00  1.000000e+00
   outer loop
     vertex  5.900000e+01  2.600000e+01  1.500000e+00
     vertex  5.030121e+01  2.422361e+01  1.500000e+00
     vertex  5.036135e+01  2.415964e+01  1.500000e+00
   endloop
 endfacet
 facet normal  0.000000e+00  0.000000e+00  1.000000e+00
   outer loop
     vertex  5.900000e+01  2.600000e+01  1.500000e+00
     vertex  5.023934e+01  2.428590e+01  1.500000e+00
     vertex  5.030121e+01  2.422361e+01  1.500000e+00
   endloop
 endfacet
 facet normal  0.000000e+00  0.000000e+00  1.000000e+00
   outer loop
     vertex  5.900000e+01  2.600000e+01  1.500000e+00
     vertex  5.017579e+01  2.434648e+01  1.500000e+00
     vertex  5.023934e+01  2.428590e+01  1.500000e+00
   endloop
 endfacet
 facet normal  0.000000e+00  0.000000e+00  1.000000e+00
   outer loop
     vertex  5.900000e+01  2.600000e+01  1.500000e+00
     vertex  0.000000e+00  2.600000e+01  1.500000e+00
     vertex  4.802195e+01  2.519992e+01  1.500000e+00
   endloop
 endfacet
 facet normal  0.000000e+00  0.000000e+00  1.000000e+00
   outer loop
     vertex  4.802195e+01  2.519992e+01  1.500000e+00
     vertex  0.000000e+00  2.600000e+01  1.500000e+00
     vertex  4.793415e+01  2.519932e+01  1.500000e+00
   endloop
 endfacet
 facet normal  0.000000e+00  0.000000e+00  1.000000e+00
   outer loop
     vertex  4.793415e+01  2.519932e+01  1.500000e+00
     vertex  0.000000e+00  2.600000e+01  1.500000e+00
     vertex  4.784641e+01  2.519631e+01  1.500000e+00
   endloop
 endfacet
 facet normal  0.000000e+00  0.000000e+00  1.000000e+00
   outer loop
     vertex  4.784641e+01  2.519631e+01  1.500000e+00
     vertex  0.000000e+00  2.600000e+01  1.500000e+00
     vertex  4.775878e+01  2.519090e+01  1.500000e+00
   endloop
 endfacet
 facet normal  0.000000e+00  0.000000e+00  1.000000e+00
   outer loop
     vertex  4.775878e+01  2.519090e+01  1.500000e+00
     vertex  0.000000e+00  2.600000e+01  1.500000e+00
     vertex  4.767133e+01  2.518308e+01  1.500000e+00
   endloop
 endfacet
 facet normal  0.000000e+00  0.000000e+00  1.000000e+00
   outer loop
     vertex  4.767133e+01  2.518308e+01  1.500000e+00
     vertex  0.000000e+00  2.600000e+01  1.500000e+00
     vertex  4.758413e+01  2.517286e+01  1.500000e+00
   endloop
 endfacet
 facet normal  0.000000e+00  0.000000e+00  1.000000e+00
   outer loop
     vertex  4.758413e+01  2.517286e+01  1.500000e+00
     vertex  0.000000e+00  2.600000e+01  1.500000e+00
     vertex  4.749724e+01  2.516026e+01  1.500000e+00
   endloop
 endfacet
 facet normal  0.000000e+00  0.000000e+00  1.000000e+00
   outer loop
     vertex  4.749724e+01  2.516026e+01  1.500000e+00
     vertex  0.000000e+00  2.600000e+01  1.500000e+00
     vertex  4.741073e+01  2.514528e+01  1.500000e+00
   endloop
 endfacet
 facet normal  0.000000e+00  0.000000e+00  1.000000e+00
   outer loop
     vertex  4.741073e+01  2.514528e+01  1.500000e+00
     vertex  0.000000e+00  2.600000e+01  1.500000e+00
     vertex  4.732467e+01  2.512793e+01  1.500000e+00
   endloop
 endfacet
 facet normal  0.000000e+00  0.000000e+00  1.000000e+00
   outer loop
     vertex  4.732467e+01  2.512793e+01  1.500000e+00
     vertex  0.000000e+00  2.600000e+01  1.500000e+00
     vertex  4.723911e+01  2.510822e+01  1.500000e+00
   endloop
 endfacet
 facet normal  0.000000e+00  0.000000e+00  1.000000e+00
   outer loop
     vertex  4.723911e+01  2.510822e+01  1.500000e+00
     vertex  0.000000e+00  2.600000e+01  1.500000e+00
     vertex  4.715412e+01  2.508618e+01  1.500000e+00
   endloop
 endfacet
 facet normal  0.000000e+00  0.000000e+00  1.000000e+00
   outer loop
     vertex  4.715412e+01  2.508618e+01  1.500000e+00
     vertex  0.000000e+00  2.600000e+01  1.500000e+00
     vertex  4.706978e+01  2.506181e+01  1.500000e+00
   endloop
 endfacet
 facet normal  0.000000e+00  0.000000e+00  1.000000e+00
   outer loop
     vertex  4.706978e+01  2.506181e+01  1.500000e+00
     vertex  0.000000e+00  2.600000e+01  1.500000e+00
     vertex  2.902126e+01  2.509993e+01  1.500000e+00
   endloop
 endfacet
 facet normal  0.000000e+00  0.000000e+00  1.000000e+00
   outer loop
     vertex  2.902126e+01  2.509993e+01  1.500000e+00
     vertex  0.000000e+00  2.600000e+01  1.500000e+00
     vertex  2.893621e+01  2.509934e+01  1.500000e+00
   endloop
 endfacet
 facet normal  0.000000e+00  0.000000e+00  1.000000e+00
   outer loop
     vertex  2.893621e+01  2.509934e+01  1.500000e+00
     vertex  0.000000e+00  2.600000e+01  1.500000e+00
     vertex  2.885121e+01  2.509643e+01  1.500000e+00
   endloop
 endfacet
 facet normal  0.000000e+00  0.000000e+00  1.000000e+00
   outer loop
     vertex  2.885121e+01  2.509643e+01  1.500000e+00
     vertex  0.000000e+00  2.600000e+01  1.500000e+00
     vertex  2.876632e+01  2.509118e+01  1.500000e+00
   endloop
 endfacet
 facet normal  0.000000e+00  0.000000e+00  1.000000e+00
   outer loop
     vertex  2.876632e+01  2.509118e+01  1.500000e+00
     vertex  0.000000e+00  2.600000e+01  1.500000e+00
     vertex  2.868160e+01  2.508361e+01  1.500000e+00
   endloop
 endfacet
 facet normal  0.000000e+00  0.000000e+00  1.000000e+00
   outer loop
     vertex  2.868160e+01  2.508361e+01  1.500000e+00
     vertex  0.000000e+00  2.600000e+01  1.500000e+00
     vertex  2.859713e+01  2.507371e+01  1.500000e+00
   endloop
 endfacet
 facet normal  0.000000e+00  0.000000e+00  1.000000e+00
   outer loop
     vertex  2.859713e+01  2.507371e+01  1.500000e+00
     vertex  0.000000e+00  2.600000e+01  1.500000e+00
     vertex  2.851295e+01  2.506150e+01  1.500000e+00
   endloop
 endfacet
 facet normal  0.000000e+00  0.000000e+00  1.000000e+00
   outer loop
     vertex  2.851295e+01  2.506150e+01  1.500000e+00
     vertex  0.000000e+00  2.600000e+01  1.500000e+00
     vertex  2.842915e+01  2.504699e+01  1.500000e+00
   endloop
 endfacet
 facet normal  0.000000e+00  0.000000e+00  1.000000e+00
   outer loop
     vertex  2.842915e+01  2.504699e+01  1.500000e+00
     vertex  0.000000e+00  2.600000e+01  1.500000e+00
     vertex  2.834577e+01  2.503018e+01  1.500000e+00
   endloop
 endfacet
 facet normal  0.000000e+00  0.000000e+00  1.000000e+00
   outer loop
     vertex  2.834577e+01  2.503018e+01  1.500000e+00
     vertex  0.000000e+00  2.600000e+01  1.500000e+00
     vertex  2.826289e+01  2.501109e+01  1.500000e+00
   endloop
 endfacet
 facet normal  0.000000e+00  0.000000e+00  1.000000e+00
   outer loop
     vertex  2.826289e+01  2.501109e+01  1.500000e+00
     vertex  0.000000e+00  2.600000e+01  1.500000e+00
     vertex  2.818056e+01  2.498973e+01  1.500000e+00
   endloop
 endfacet
 facet normal  0.000000e+00  0.000000e+00  1.000000e+00
   outer loop
     vertex  2.818056e+01  2.498973e+01  1.500000e+00
     vertex  0.000000e+00  2.600000e+01  1.500000e+00
     vertex  2.809885e+01  2.496613e+01  1.500000e+00
   endloop
 endfacet
 facet normal  0.000000e+00  0.000000e+00  1.000000e+00
   outer loop
     vertex  2.809885e+01  2.496613e+01  1.500000e+00
     vertex  0.000000e+00  2.600000e+01  1.500000e+00
     vertex  1.010287e+01  2.499824e+01  1.500000e+00
   endloop
 endfacet
 facet normal  0.000000e+00  0.000000e+00  1.000000e+00
   outer loop
     vertex  1.010287e+01  2.499824e+01  1.500000e+00
     vertex  0.000000e+00  2.600000e+01  1.500000e+00
     vertex  1.002058e+01  2.499993e+01  1.500000e+00
   endloop
 endfacet
 facet normal  0.000000e+00  0.000000e+00  1.000000e+00
   outer loop
     vertex  1.002058e+01  2.499993e+01  1.500000e+00
     vertex  0.000000e+00  2.600000e+01  1.500000e+00
     vertex  9.938270e+00  2.499936e+01  1.500000e+00
   endloop
 endfacet
 facet normal  0.000000e+00  0.000000e+00  1.000000e+00
   outer loop
     vertex  9.938270e+00  2.499936e+01  1.500000e+00
     vertex  0.000000e+00  2.600000e+01  1.500000e+00
     vertex  9.856009e+00  2.499654e+01  1.500000e+00
   endloop
 endfacet
 facet normal  0.000000e+00  0.000000e+00  1.000000e+00
   outer loop
     vertex  5.900000e+01  2.600000e+01  1.500000e+00
     vertex  4.802195e+01  2.519992e+01  1.500000e+00
     vertex  4.810973e+01  2.519812e+01  1.500000e+00
   endloop
 endfacet
 facet normal  0.000000e+00  0.000000e+00  1.000000e+00
   outer loop
     vertex  5.900000e+01  2.600000e+01  1.500000e+00
     vertex  4.810973e+01  2.519812e+01  1.500000e+00
     vertex  4.819742e+01  2.519390e+01  1.500000e+00
   endloop
 endfacet
 facet normal  0.000000e+00  0.000000e+00  1.000000e+00
   outer loop
     vertex  5.900000e+01  2.600000e+01  1.500000e+00
     vertex  4.819742e+01  2.519390e+01  1.500000e+00
     vertex  4.828497e+01  2.518729e+01  1.500000e+00
   endloop
 endfacet
 facet normal  0.000000e+00  0.000000e+00  1.000000e+00
   outer loop
     vertex  4.706978e+01  2.506181e+01  1.500000e+00
     vertex  2.902126e+01  2.509993e+01  1.500000e+00
     vertex  2.910630e+01  2.509818e+01  1.500000e+00
   endloop
 endfacet
 facet normal  0.000000e+00  0.000000e+00  1.000000e+00
   outer loop
     vertex  4.706978e+01  2.506181e+01  1.500000e+00
     vertex  2.910630e+01  2.509818e+01  1.500000e+00
     vertex  2.919125e+01  2.509409e+01  1.500000e+00
   endloop
 endfacet
 facet normal  0.000000e+00  0.000000e+00  1.000000e+00
   outer loop
     vertex  4.706978e+01  2.506181e+01  1.500000e+00
     vertex  2.919125e+01  2.509409e+01  1.500000e+00
     vertex  2.927607e+01  2.508768e+01  1.500000e+00
   endloop
 endfacet
 facet normal  0.000000e+00  0.000000e+00  1.000000e+00
   outer loop
     vertex  4.706978e+01  2.506181e+01  1.500000e+00
     vertex  2.927607e+01  2.508768e+01  1.500000e+00
     vertex  2.936067e+01  2.507895e+01  1.500000e+00
   endloop
 endfacet
 facet normal  0.000000e+00  0.000000e+00  1.000000e+00
   outer loop
     vertex  4.706978e+01  2.506181e+01  1.500000e+00
     vertex  2.936067e+01  2.507895e+01  1.500000e+00
     vertex  2.944500e+01  2.506789e+01  1.500000e+00
   endloop
 endfacet
 facet normal  0.000000e+00  0.000000e+00  1.000000e+00
   outer loop
     vertex  4.706978e+01  2.506181e+01  1.500000e+00
     vertex  2.944500e+01  2.506789e+01  1.500000e+00
     vertex  2.952900e+01  2.505453e+01  1.500000e+00
   endloop
 endfacet
 facet normal  0.000000e+00  0.000000e+00  1.000000e+00
   outer loop
     vertex  4.706978e+01  2.506181e+01  1.500000e+00
     vertex  2.952900e+01  2.505453e+01  1.500000e+00
     vertex  2.961260e+01  2.503887e+01  1.500000e+00
   endloop
 endfacet
 facet normal  0.000000e+00  0.000000e+00  1.000000e+00
   outer loop
     vertex  4.706978e+01  2.506181e+01  1.500000e+00
     vertex  2.961260e+01  2.503887e+01  1.500000e+00
     vertex  2.969574e+01  2.502092e+01  1.500000e+00
   endloop
 endfacet
 facet normal  0.000000e+00  0.000000e+00  1.000000e+00
   outer loop
     vertex  4.706978e+01  2.506181e+01  1.500000e+00
     vertex  2.969574e+01  2.502092e+01  1.500000e+00
     vertex  2.977835e+01  2.500069e+01  1.500000e+00
   endloop
 endfacet
 facet normal  0.000000e+00  0.000000e+00  1.000000e+00
   outer loop
     vertex  4.706978e+01  2.506181e+01  1.500000e+00
     vertex  2.977835e+01  2.500069e+01  1.500000e+00
     vertex  2.986038e+01  2.497821e+01  1.500000e+00
   endloop
 endfacet
 facet normal  0.000000e+00  0.000000e+00  1.000000e+00
   outer loop
     vertex  2.809885e+01  2.496613e+01  1.500000e+00
     vertex  1.010287e+01  2.499824e+01  1.500000e+00
     vertex  1.018509e+01  2.499429e+01  1.500000e+00
   endloop
 endfacet
 facet normal  0.000000e+00  0.000000e+00  1.000000e+00
   outer loop
     vertex  2.809885e+01  2.496613e+01  1.500000e+00
     vertex  1.018509e+01  2.499429e+01  1.500000e+00
     vertex  1.026716e+01  2.498808e+01  1.500000e+00
   endloop
 endfacet
 facet normal  0.000000e+00  0.000000e+00  1.000000e+00
   outer loop
     vertex  2.809885e+01  2.496613e+01  1.500000e+00
     vertex  1.026716e+01  2.498808e+01  1.500000e+00
     vertex  1.034904e+01  2.497963e+01  1.500000e+00
   endloop
 endfacet
 facet normal  0.000000e+00  0.000000e+00  1.000000e+00
   outer loop
     vertex  2.809885e+01  2.496613e+01  1.500000e+00
     vertex  1.034904e+01  2.497963e+01  1.500000e+00
     vertex  1.043065e+01  2.496893e+01  1.500000e+00
   endloop
 endfacet
 facet normal  0.000000e+00  0.000000e+00  1.000000e+00
   outer loop
     vertex  2.809885e+01  2.496613e+01  1.500000e+00
     vertex  1.043065e+01  2.496893e+01  1.500000e+00
     vertex  1.051194e+01  2.495600e+01  1.500000e+00
   endloop
 endfacet
 facet normal  0.000000e+00  0.000000e+00  1.000000e+00
   outer loop
     vertex  2.809885e+01  2.496613e+01  1.500000e+00
     vertex  1.051194e+01  2.495600e+01  1.500000e+00
     vertex  1.059284e+01  2.494084e+01  1.500000e+00
   endloop
 endfacet
 facet normal  0.000000e+00  0.000000e+00  1.000000e+00
   outer loop
     vertex  2.809885e+01  2.496613e+01  1.500000e+00
     vertex  1.059284e+01  2.494084e+01  1.500000e+00
     vertex  1.067329e+01  2.492347e+01  1.500000e+00
   endloop
 endfacet
 facet normal  0.000000e+00  0.000000e+00  1.000000e+00
   outer loop
     vertex  2.809885e+01  2.496613e+01  1.500000e+00
     vertex  1.067329e+01  2.492347e+01  1.500000e+00
     vertex  1.075324e+01  2.490390e+01  1.500000e+00
   endloop
 endfacet
 facet normal  0.000000e+00  0.000000e+00  1.000000e+00
   outer loop
     vertex  2.809885e+01  2.496613e+01  1.500000e+00
     vertex  1.075324e+01  2.490390e+01  1.500000e+00
     vertex  1.083262e+01  2.488214e+01  1.500000e+00
   endloop
 endfacet
 facet normal  0.000000e+00  0.000000e+00  1.000000e+00
   outer loop
     vertex  3.000000e+00  1.690000e+01  1.500000e+00
     vertex  1.690000e+01  1.690000e+01  1.500000e+00
     vertex  1.002058e+01  1.900007e+01  1.500000e+00
   endloop
 endfacet
 facet normal -0.000000e+00  0.000000e+00  1.000000e+00
   outer loop
     vertex  1.002058e+01  1.900007e+01  1.500000e+00
     vertex  1.690000e+01  1.690000e+01  1.500000e+00
     vertex  1.010287e+01  1.900176e+01  1.500000e+00
   endloop
 endfacet
 facet normal -0.000000e+00  0.000000e+00  1.000000e+00
   outer loop
     vertex  1.010287e+01  1.900176e+01  1.500000e+00
     vertex  1.690000e+01  1.690000e+01  1.500000e+00
     vertex  1.018509e+01  1.900571e+01  1.500000e+00
   endloop
 endfacet
 facet normal -0.000000e+00  0.000000e+00  1.000000e+00
   outer loop
     vertex  1.018509e+01  1.900571e+01  1.500000e+00
     vertex  1.690000e+01  1.690000e+01  1.500000e+00
     vertex  1.026716e+01  1.901192e+01  1.500000e+00
   endloop
 endfacet
 facet normal  0.000000e+00  0.000000e+00  1.000000e+00
   outer loop
     vertex  3.000000e+00  1.690000e+01  1.500000e+00
     vertex  1.002058e+01  1.900007e+01  1.500000e+00
     vertex  9.938270e+00  1.900064e+01  1.500000e+00
   endloop
 endfacet
 facet normal  0.000000e+00  0.000000e+00  1.000000e+00
   outer loop
     vertex  3.000000e+00  1.690000e+01  1.500000e+00
     vertex  9.938270e+00  1.900064e+01  1.500000e+00
     vertex  9.856009e+00  1.900346e+01  1.500000e+00
   endloop
 endfacet
 facet normal  0.000000e+00  0.000000e+00  1.000000e+00
   outer loop
     vertex  3.000000e+00  1.690000e+01  1.500000e+00
     vertex  9.856009e+00  1.900346e+01  1.500000e+00
     vertex  9.773855e+00  1.900854e+01  1.500000e+00
   endloop
 endfacet
 facet normal  0.000000e+00  0.000000e+00  1.000000e+00
   outer loop
     vertex  3.000000e+00  1.690000e+01  1.500000e+00
     vertex  9.773855e+00  1.900854e+01  1.500000e+00
     vertex  9.691873e+00  1.901587e+01  1.500000e+00
   endloop
 endfacet
 facet normal  0.000000e+00  0.000000e+00  1.000000e+00
   outer loop
     vertex  2.200000e+01  1.710000e+01  1.500000e+00
     vertex  3.610000e+01  1.710000e+01  1.500000e+00
     vertex  2.902126e+01  1.890007e+01  1.500000e+00
   endloop
 endfacet
 facet normal -0.000000e+00  0.000000e+00  1.000000e+00
   outer loop
     vertex  2.902126e+01  1.890007e+01  1.500000e+00
     vertex  3.610000e+01  1.710000e+01  1.500000e+00
     vertex  2.910630e+01  1.890182e+01  1.500000e+00
   endloop
 endfacet
 facet normal -0.000000e+00  0.000000e+00  1.000000e+00
   outer loop
     vertex  2.910630e+01  1.890182e+01  1.500000e+00
     vertex  3.610000e+01  1.710000e+01  1.500000e+00
     vertex  2.919125e+01  1.890591e+01  1.500000e+00
   endloop
 endfacet
 facet normal -0.000000e+00  0.000000e+00  1.000000e+00
   outer loop
     vertex  2.919125e+01  1.890591e+01  1.500000e+00
     vertex  3.610000e+01  1.710000e+01  1.500000e+00
     vertex  2.927607e+01  1.891232e+01  1.500000e+00
   endloop
 endfacet
 facet normal -0.000000e+00  0.000000e+00  1.000000e+00
   outer loop
     vertex  2.927607e+01  1.891232e+01  1.500000e+00
     vertex  3.610000e+01  1.710000e+01  1.500000e+00
     vertex  2.936067e+01  1.892105e+01  1.500000e+00
   endloop
 endfacet
 facet normal -0.000000e+00  0.000000e+00  1.000000e+00
   outer loop
     vertex  2.936067e+01  1.892105e+01  1.500000e+00
     vertex  3.610000e+01  1.710000e+01  1.500000e+00
     vertex  2.944500e+01  1.893211e+01  1.500000e+00
   endloop
 endfacet
 facet normal  0.000000e+00  0.000000e+00  1.000000e+00
   outer loop
     vertex  2.200000e+01  1.710000e+01  1.500000e+00
     vertex  2.902126e+01  1.890007e+01  1.500000e+00
     vertex  2.893621e+01  1.890066e+01  1.500000e+00
   endloop
 endfacet
 facet normal  0.000000e+00  0.000000e+00  1.000000e+00
   outer loop
     vertex  2.200000e+01  1.710000e+01  1.500000e+00
     vertex  2.893621e+01  1.890066e+01  1.500000e+00
     vertex  2.885121e+01  1.890357e+01  1.500000e+00
   endloop
 endfacet
 facet normal  0.000000e+00  0.000000e+00  1.000000e+00
   outer loop
     vertex  2.200000e+01  1.710000e+01  1.500000e+00
     vertex  2.885121e+01  1.890357e+01  1.500000e+00
     vertex  2.876632e+01  1.890882e+01  1.500000e+00
   endloop
 endfacet
 facet normal  0.000000e+00  0.000000e+00  1.000000e+00
   outer loop
     vertex  2.200000e+01  1.710000e+01  1.500000e+00
     vertex  2.876632e+01  1.890882e+01  1.500000e+00
     vertex  2.868160e+01  1.891639e+01  1.500000e+00
   endloop
 endfacet
 facet normal  0.000000e+00  0.000000e+00  1.000000e+00
   outer loop
     vertex  2.200000e+01  1.710000e+01  1.500000e+00
     vertex  2.868160e+01  1.891639e+01  1.500000e+00
     vertex  2.859713e+01  1.892629e+01  1.500000e+00
   endloop
 endfacet
 facet normal  0.000000e+00  0.000000e+00  1.000000e+00
   outer loop
     vertex  4.100000e+01  1.730000e+01  1.500000e+00
     vertex  5.530000e+01  1.730000e+01  1.500000e+00
     vertex  4.802195e+01  1.880008e+01  1.500000e+00
   endloop
 endfacet
 facet normal -0.000000e+00  0.000000e+00  1.000000e+00
   outer loop
     vertex  4.802195e+01  1.880008e+01  1.500000e+00
     vertex  5.530000e+01  1.730000e+01  1.500000e+00
     vertex  4.810973e+01  1.880188e+01  1.500000e+00
   endloop
 endfacet
 facet normal -0.000000e+00  0.000000e+00  1.000000e+00
   outer loop
     vertex  4.810973e+01  1.880188e+01  1.500000e+00
     vertex  5.530000e+01  1.730000e+01  1.500000e+00
     vertex  4.819742e+01  1.880610e+01  1.500000e+00
   endloop
 endfacet
 facet normal -0.000000e+00  0.000000e+00  1.000000e+00
   outer loop
     vertex  4.819742e+01  1.880610e+01  1.500000e+00
     vertex  5.530000e+01  1.730000e+01  1.500000e+00
     vertex  4.828497e+01  1.881271e+01  1.500000e+00
   endloop
 endfacet
 facet normal -0.000000e+00  0.000000e+00  1.000000e+00
   outer loop
     vertex  4.828497e+01  1.881271e+01  1.500000e+00
     vertex  5.530000e+01  1.730000e+01  1.500000e+00
     vertex  4.837230e+01  1.882173e+01  1.500000e+00
   endloop
 endfacet
 facet normal -0.000000e+00  0.000000e+00  1.000000e+00
   outer loop
     vertex  4.837230e+01  1.882173e+01  1.500000e+00
     vertex  5.530000e+01  1.730000e+01  1.500000e+00
     vertex  4.845936e+01  1.883314e+01  1.500000e+00
   endloop
 endfacet
 facet normal -0.000000e+00  0.000000e+00  1.000000e+00
   outer loop
     vertex  4.845936e+01  1.883314e+01  1.500000e+00
     vertex  5.530000e+01  1.730000e+01  1.500000e+00
     vertex  4.854606e+01  1.884694e+01  1.500000e+00
   endloop
 endfacet
 facet normal  0.000000e+00  0.000000e+00  1.000000e+00
   outer loop
     vertex  4.100000e+01  1.730000e+01  1.500000e+00
     vertex  4.802195e+01  1.880008e+01  1.500000e+00
     vertex  4.793415e+01  1.880068e+01  1.500000e+00
   endloop
 endfacet
 facet normal  0.000000e+00  0.000000e+00  1.000000e+00
   outer loop
     vertex  4.100000e+01  1.730000e+01  1.500000e+00
     vertex  4.793415e+01  1.880068e+01  1.500000e+00
     vertex  4.784641e+01  1.880369e+01  1.500000e+00
   endloop
 endfacet
 facet normal  0.000000e+00  0.000000e+00  1.000000e+00
   outer loop
     vertex  4.100000e+01  1.730000e+01  1.500000e+00
     vertex  4.784641e+01  1.880369e+01  1.500000e+00
     vertex  4.775878e+01  1.880910e+01  1.500000e+00
   endloop
 endfacet
 facet normal  0.000000e+00  0.000000e+00  1.000000e+00
   outer loop
     vertex  4.100000e+01  1.730000e+01  1.500000e+00
     vertex  4.775878e+01  1.880910e+01  1.500000e+00
     vertex  4.767133e+01  1.881692e+01  1.500000e+00
   endloop
 endfacet
 facet normal  0.000000e+00  0.000000e+00  1.000000e+00
   outer loop
     vertex  4.100000e+01  1.730000e+01  1.500000e+00
     vertex  4.767133e+01  1.881692e+01  1.500000e+00
     vertex  4.758413e+01  1.882714e+01  1.500000e+00
   endloop
 endfacet
 facet normal  0.000000e+00  0.000000e+00  1.000000e+00
   outer loop
     vertex  4.100000e+01  1.730000e+01  1.500000e+00
     vertex  4.758413e+01  1.882714e+01  1.500000e+00
     vertex  4.749724e+01  1.883974e+01  1.500000e+00
   endloop
 endfacet
 facet normal  0.000000e+00  1.000000e+00  0.000000e+00
   outer loop
     vertex  5.900000e+01  2.600000e+01  1.500000e+00
     vertex  5.900000e+01  2.600000e+01  0.000000e+00
     vertex  0.000000e+00  2.600000e+01  0.000000e+00
   endloop
 endfacet
 facet normal  0.000000e+00  1.000000e+00  0.000000e+00
   outer loop
     vertex  5.900000e+01  2.600000e+01  1.500000e+00
     vertex  0.000000e+00  2.600000e+01  0.000000e+00
     vertex  0.000000e+00  2.600000e+01  1.500000e+00
   endloop
 endfacet
 facet normal -0.000000e+00  0.000000e+00 -1.000000e+00
   outer loop
     vertex  1.690000e+01  3.000000e+00  0.000000e+00
     vertex  0.000000e+00  0.000000e+00  0.000000e+00
     vertex  3.000000e+00  3.000000e+00  0.000000e+00
   endloop
 endfacet
 facet normal  0.000000e+00 -0.000000e+00 -1.000000e+00
   outer loop
     vertex  3.000000e+00  1.690000e+01  0.000000e+00
     vertex  3.000000e+00  3.000000e+00  0.000000e+00
     vertex  0.000000e+00  0.000000e+00  0.000000e+00
   endloop
 endfacet
 facet normal -0.000000e+00  0.000000e+00 -1.000000e+00
   outer loop
     vertex  2.200000e+01  3.000000e+00  0.000000e+00
     vertex  0.000000e+00  0.000000e+00  0.000000e+00
     vertex  1.690000e+01  3.000000e+00  0.000000e+00
   endloop
 endfacet
 facet normal  0.000000e+00  0.000000e+00 -1.000000e+00
   outer loop
     vertex  0.000000e+00  2.600000e+01  0.000000e+00
     vertex  3.000000e+00  1.690000e+01  0.000000e+00
     vertex  0.000000e+00  0.000000e+00  0.000000e+00
   endloop
 endfacet
 facet normal -0.000000e+00  0.000000e+00 -1.000000e+00
   outer loop
     vertex  7.930214e+00  1.982837e+01  0.000000e+00
     vertex  3.000000e+00  1.690000e+01  0.000000e+00
     vertex  7.871417e+00  1.988597e+01  0.000000e+00
   endloop
 endfacet
 facet normal  0.000000e+00 -0.000000e+00 -1.000000e+00
   outer loop
     vertex  7.814221e+00  1.994516e+01  0.000000e+00
     vertex  7.871417e+00  1.988597e+01  0.000000e+00
     vertex  3.000000e+00  1.690000e+01  0.000000e+00
   endloop
 endfacet
 facet normal -0.000000e+00  0.000000e+00 -1.000000e+00
   outer loop
     vertex  7.990570e+00  1.977240e+01  0.000000e+00
     vertex  3.000000e+00  1.690000e+01  0.000000e+00
     vertex  7.930214e+00  1.982837e+01  0.000000e+00
   endloop
 endfacet
 facet normal  0.000000e+00 -0.000000e+00 -1.000000e+00
   outer loop
     vertex  7.758671e+00  2.000590e+01  0.000000e+00
     vertex  7.814221e+00  1.994516e+01  0.000000e+00
     vertex  3.000000e+00  1.690000e+01  0.000000e+00
   endloop
 endfacet
 facet normal -0.000000e+00  0.000000e+00 -1.000000e+00
   outer loop
     vertex  8.052438e+00  1.971811e+01  0.000000e+00
     vertex  3.000000e+00  1.690000e+01  0.000000e+00
     vertex  7.990570e+00  1.977240e+01  0.000000e+00
   endloop
 endfacet
 facet normal  0.000000e+00 -0.000000e+00 -1.000000e+00
   outer loop
     vertex  7.704809e+00  2.006814e+01  0.000000e+00
     vertex  7.758671e+00  2.000590e+01  0.000000e+00
     vertex  3.000000e+00  1.690000e+01  0.000000e+00
   endloop
 endfacet
 facet normal -0.000000e+00  0.000000e+00 -1.000000e+00
   outer loop
     vertex  8.115773e+00  1.966554e+01  0.000000e+00
     vertex  3.000000e+00  1.690000e+01  0.000000e+00
     vertex  8.052438e+00  1.971811e+01  0.000000e+00
   endloop
 endfacet
 facet normal  0.000000e+00 -0.000000e+00 -1.000000e+00
   outer loop
     vertex  7.652674e+00  2.013183e+01  0.000000e+00
     vertex  7.704809e+00  2.006814e+01  0.000000e+00
     vertex  3.000000e+00  1.690000e+01  0.000000e+00
   endloop
 endfacet
 facet normal -0.000000e+00  0.000000e+00 -1.000000e+00
   outer loop
     vertex  8.180526e+00  1.961473e+01  0.000000e+00
     vertex  3.000000e+00  1.690000e+01  0.000000e+00
     vertex  8.115773e+00  1.966554e+01  0.000000e+00
   endloop
 endfacet
 facet normal  0.000000e+00 -0.000000e+00 -1.000000e+00
   outer loop
     vertex  7.602306e+00  2.019693e+01  0.000000e+00
     vertex  7.652674e+00  2.013183e+01  0.000000e+00
     vertex  3.000000e+00  1.690000e+01  0.000000e+00
   endloop
 endfacet
 facet normal -0.000000e+00  0.000000e+00 -1.000000e+00
   outer loop
     vertex  8.246648e+00  1.956571e+01  0.000000e+00
     vertex  3.000000e+00  1.690000e+01  0.000000e+00
     vertex  8.180526e+00  1.961473e+01  0.000000e+00
   endloop
 endfacet
 facet normal  0.000000e+00 -0.000000e+00 -1.000000e+00
   outer loop
     vertex  7.553743e+00  2.026339e+01  0.000000e+00
     vertex  7.602306e+00  2.019693e+01  0.000000e+00
     vertex  3.000000e+00  1.690000e+01  0.000000e+00
   endloop
 endfacet
 facet normal -0.000000e+00  0.000000e+00 -1.000000e+00
   outer loop
     vertex  8.314090e+00  1.951853e+01  0.000000e+00
     vertex  3.000000e+00  1.690000e+01  0.000000e+00
     vertex  8.246648e+00  1.956571e+01  0.000000e+00
   endloop
 endfacet
 facet normal  0.000000e+00 -0.000000e+00 -1.000000e+00
   outer loop
     vertex  7.507021e+00  2.033115e+01  0.000000e+00
     vertex  7.553743e+00  2.026339e+01  0.000000e+00
     vertex  3.000000e+00  1.690000e+01  0.000000e+00
   endloop
 endfacet
 facet normal -0.000000e+00  0.000000e+00 -1.000000e+00
   outer loop
     vertex  8.382802e+00  1.947321e+01  0.000000e+00
     vertex  3.000000e+00  1.690000e+01  0.000000e+00
     vertex  8.314090e+00  1.951853e+01  0.000000e+00
   endloop
 endfacet
 facet normal  0.000000e+00 -0.000000e+00 -1.000000e+00
   outer loop
     vertex  7.462176e+00  2.040017e+01  0.000000e+00
     vertex  7.507021e+00  2.033115e+01  0.000000e+00
     vertex  3.000000e+00  1.690000e+01  0.000000e+00
   endloop
 endfacet
 facet normal -0.000000e+00  0.000000e+00 -1.000000e+00
   outer loop
     vertex  8.452730e+00  1.942979e+01  0.000000e+00
     vertex  3.000000e+00  1.690000e+01  0.000000e+00
     vertex  8.382802e+00  1.947321e+01  0.000000e+00
   endloop
 endfacet
 facet normal  0.000000e+00 -0.000000e+00 -1.000000e+00
   outer loop
     vertex  7.419242e+00  2.047040e+01  0.000000e+00
     vertex  7.462176e+00  2.040017e+01  0.000000e+00
     vertex  3.000000e+00  1.690000e+01  0.000000e+00
   endloop
 endfacet
 facet normal -0.000000e+00  0.000000e+00 -1.000000e+00
   outer loop
     vertex  8.523824e+00  1.938831e+01  0.000000e+00
     vertex  3.000000e+00  1.690000e+01  0.000000e+00
     vertex  8.452730e+00  1.942979e+01  0.000000e+00
   endloop
 endfacet
 facet normal  0.000000e+00 -0.000000e+00 -1.000000e+00
   outer loop
     vertex  7.378250e+00  2.054177e+01  0.000000e+00
     vertex  7.419242e+00  2.047040e+01  0.000000e+00
     vertex  3.000000e+00  1.690000e+01  0.000000e+00
   endloop
 endfacet
 facet normal -0.000000e+00  0.000000e+00 -1.000000e+00
   outer loop
     vertex  8.596029e+00  1.934880e+01  0.000000e+00
     vertex  3.000000e+00  1.690000e+01  0.000000e+00
     vertex  8.523824e+00  1.938831e+01  0.000000e+00
   endloop
 endfacet
 facet normal  0.000000e+00 -0.000000e+00 -1.000000e+00
   outer loop
     vertex  7.339231e+00  2.061425e+01  0.000000e+00
     vertex  7.378250e+00  2.054177e+01  0.000000e+00
     vertex  3.000000e+00  1.690000e+01  0.000000e+00
   endloop
 endfacet
 facet normal -0.000000e+00  0.000000e+00 -1.000000e+00
   outer loop
     vertex  8.669290e+00  1.931128e+01  0.000000e+00
     vertex  3.000000e+00  1.690000e+01  0.000000e+00
     vertex  8.596029e+00  1.934880e+01  0.000000e+00
   endloop
 endfacet
 facet normal  0.000000e+00 -0.000000e+00 -1.000000e+00
   outer loop
     vertex  7.302216e+00  2.068776e+01  0.000000e+00
     vertex  7.339231e+00  2.061425e+01  0.000000e+00
     vertex  3.000000e+00  1.690000e+01  0.000000e+00
   endloop
 endfacet
 facet normal -0.000000e+00  0.000000e+00 -1.000000e+00
   outer loop
     vertex  8.743554e+00  1.927579e+01  0.000000e+00
     vertex  3.000000e+00  1.690000e+01  0.000000e+00
     vertex  8.669290e+00  1.931128e+01  0.000000e+00
   endloop
 endfacet
 facet normal  0.000000e+00 -0.000000e+00 -1.000000e+00
   outer loop
     vertex  7.267232e+00  2.076227e+01  0.000000e+00
     vertex  7.302216e+00  2.068776e+01  0.000000e+00
     vertex  3.000000e+00  1.690000e+01  0.000000e+00
   endloop
 endfacet
 facet normal -0.000000e+00  0.000000e+00 -1.000000e+00
   outer loop
     vertex  8.818763e+00  1.924234e+01  0.000000e+00
     vertex  3.000000e+00  1.690000e+01  0.000000e+00
     vertex  8.743554e+00  1.927579e+01  0.000000e+00
   endloop
 endfacet
 facet normal  0.000000e+00 -0.000000e+00 -1.000000e+00
   outer loop
     vertex  7.234304e+00  2.083771e+01  0.000000e+00
     vertex  7.267232e+00  2.076227e+01  0.000000e+00
     vertex  3.000000e+00  1.690000e+01  0.000000e+00
   endloop
 endfacet
 facet normal -0.000000e+00  0.000000e+00 -1.000000e+00
   outer loop
     vertex  8.894861e+00  1.921097e+01  0.000000e+00
     vertex  3.000000e+00  1.690000e+01  0.000000e+00
     vertex  8.818763e+00  1.924234e+01  0.000000e+00
   endloop
 endfacet
 facet normal  0.000000e+00 -0.000000e+00 -1.000000e+00
   outer loop
     vertex  7.203459e+00  2.091402e+01  0.000000e+00
     vertex  7.234304e+00  2.083771e+01  0.000000e+00
     vertex  3.000000e+00  1.690000e+01  0.000000e+00
   endloop
 endfacet
 facet normal -0.000000e+00  0.000000e+00 -1.000000e+00
   outer loop
     vertex  8.971791e+00  1.918170e+01  0.000000e+00
     vertex  3.000000e+00  1.690000e+01  0.000000e+00
     vertex  8.894861e+00  1.921097e+01  0.000000e+00
   endloop
 endfacet
 facet normal  0.000000e+00 -0.000000e+00 -1.000000e+00
   outer loop
     vertex  7.174718e+00  2.099115e+01  0.000000e+00
     vertex  7.203459e+00  2.091402e+01  0.000000e+00
     vertex  3.000000e+00  1.690000e+01  0.000000e+00
   endloop
 endfacet
 facet normal -0.000000e+00  0.000000e+00 -1.000000e+00
   outer loop
     vertex  9.049496e+00  1.915456e+01  0.000000e+00
     vertex  3.000000e+00  1.690000e+01  0.000000e+00
     vertex  8.971791e+00  1.918170e+01  0.000000e+00
   endloop
 endfacet
 facet normal  0.000000e+00 -0.000000e+00 -1.000000e+00
   outer loop
     vertex  7.148105e+00  2.106904e+01  0.000000e+00
     vertex  7.174718e+00  2.099115e+01  0.000000e+00
     vertex  3.000000e+00  1.690000e+01  0.000000e+00
   endloop
 endfacet
 facet normal -0.000000e+00  0.000000e+00 -1.000000e+00
   outer loop
     vertex  9.127915e+00  1.912955e+01  0.000000e+00
     vertex  3.000000e+00  1.690000e+01  0.000000e+00
     vertex  9.049496e+00  1.915456e+01  0.000000e+00
   endloop
 endfacet
 facet normal  0.000000e+00 -0.000000e+00 -1.000000e+00
   outer loop
     vertex  7.123638e+00  2.114763e+01  0.000000e+00
     vertex  7.148105e+00  2.106904e+01  0.000000e+00
     vertex  3.000000e+00  1.690000e+01  0.000000e+00
   endloop
 endfacet
 facet normal -0.000000e+00  0.000000e+00 -1.000000e+00
   outer loop
     vertex  9.206992e+00  1.910671e+01  0.000000e+00
     vertex  3.000000e+00  1.690000e+01  0.000000e+00
     vertex  9.127915e+00  1.912955e+01  0.000000e+00
   endloop
 endfacet
 facet normal  0.000000e+00 -0.000000e+00 -1.000000e+00
   outer loop
     vertex  7.101337e+00  2.122686e+01  0.000000e+00
     vertex  7.123638e+00  2.114763e+01  0.000000e+00
     vertex  3.000000e+00  1.690000e+01  0.000000e+00
   endloop
 endfacet
 facet normal -0.000000e+00  0.000000e+00 -1.000000e+00
   outer loop
     vertex  9.286665e+00  1.908604e+01  0.000000e+00
     vertex  3.000000e+00  1.690000e+01  0.000000e+00
     vertex  9.206992e+00  1.910671e+01  0.000000e+00
   endloop
 endfacet
 facet normal  0.000000e+00 -0.000000e+00 -1.000000e+00
   outer loop
     vertex  7.081217e+00  2.130667e+01  0.000000e+00
     vertex  7.101337e+00  2.122686e+01  0.000000e+00
     vertex  3.000000e+00  1.690000e+01  0.000000e+00
   endloop
 endfacet
 facet normal -0.000000e+00  0.000000e+00 -1.000000e+00
   outer loop
     vertex  9.366875e+00  1.906757e+01  0.000000e+00
     vertex  3.000000e+00  1.690000e+01  0.000000e+00
     vertex  9.286665e+00  1.908604e+01  0.000000e+00
   endloop
 endfacet
 facet normal  0.000000e+00 -0.000000e+00 -1.000000e+00
   outer loop
     vertex  7.063295e+00  2.138700e+01  0.000000e+00
     vertex  7.081217e+00  2.130667e+01  0.000000e+00
     vertex  3.000000e+00  1.690000e+01  0.000000e+00
   endloop
 endfacet
 facet normal -0.000000e+00  0.000000e+00 -1.000000e+00
   outer loop
     vertex  9.447562e+00  1.905130e+01  0.000000e+00
     vertex  3.000000e+00  1.690000e+01  0.000000e+00
     vertex  9.366875e+00  1.906757e+01  0.000000e+00
   endloop
 endfacet
 facet normal  0.000000e+00 -0.000000e+00 -1.000000e+00
   outer loop
     vertex  7.047583e+00  2.146780e+01  0.000000e+00
     vertex  7.063295e+00  2.138700e+01  0.000000e+00
     vertex  3.000000e+00  1.690000e+01  0.000000e+00
   endloop
 endfacet
 facet normal -0.000000e+00  0.000000e+00 -1.000000e+00
   outer loop
     vertex  9.528664e+00  1.903726e+01  0.000000e+00
     vertex  3.000000e+00  1.690000e+01  0.000000e+00
     vertex  9.447562e+00  1.905130e+01  0.000000e+00
   endloop
 endfacet
 facet normal  0.000000e+00 -0.000000e+00 -1.000000e+00
   outer loop
     vertex  7.034094e+00  2.154900e+01  0.000000e+00
     vertex  7.047583e+00  2.146780e+01  0.000000e+00
     vertex  3.000000e+00  1.690000e+01  0.000000e+00
   endloop
 endfacet
 facet normal -0.000000e+00  0.000000e+00 -1.000000e+00
   outer loop
     vertex  9.610122e+00  1.902544e+01  0.000000e+00
     vertex  3.000000e+00  1.690000e+01  0.000000e+00
     vertex  9.528664e+00  1.903726e+01  0.000000e+00
   endloop
 endfacet
 facet normal  0.000000e+00 -0.000000e+00 -1.000000e+00
   outer loop
     vertex  7.022838e+00  2.163053e+01  0.000000e+00
     vertex  7.034094e+00  2.154900e+01  0.000000e+00
     vertex  3.000000e+00  1.690000e+01  0.000000e+00
   endloop
 endfacet
 facet normal -0.000000e+00  0.000000e+00 -1.000000e+00
   outer loop
     vertex  9.691873e+00  1.901587e+01  0.000000e+00
     vertex  3.000000e+00  1.690000e+01  0.000000e+00
     vertex  9.610122e+00  1.902544e+01  0.000000e+00
   endloop
 endfacet
 facet normal  0.000000e+00 -0.000000e+00 -1.000000e+00
   outer loop
     vertex  7.013822e+00  2.171235e+01  0.000000e+00
     vertex  7.022838e+00  2.163053e+01  0.000000e+00
     vertex  3.000000e+00  1.690000e+01  0.000000e+00
   endloop
 endfacet
 facet normal  0.000000e+00 -0.000000e+00 -1.000000e+00
   outer loop
     vertex  7.007055e+00  2.179438e+01  0.000000e+00
     vertex  7.013822e+00  2.171235e+01  0.000000e+00
     vertex  3.000000e+00  1.690000e+01  0.000000e+00
   endloop
 endfacet
 facet normal -0.000000e+00  0.000000e+00 -1.000000e+00
   outer loop
     vertex  7.002540e+00  2.187657e+01  0.000000e+00
     vertex  3.000000e+00  1.690000e+01  0.000000e+00
     vertex  0.000000e+00  2.600000e+01  0.000000e+00
   endloop
 endfacet
 facet normal  0.000000e+00 -0.000000e+00 -1.000000e+00
   outer loop
     vertex  7.002540e+00  2.187657e+01  0.000000e+00
     vertex  7.007055e+00  2.179438e+01  0.000000e+00
     vertex  3.000000e+00  1.690000e+01  0.000000e+00
   endloop
 endfacet
 facet normal -0.000000e+00 -0.000000e+00 -1.000000e+00
   outer loop
     vertex  7.000282e+00  2.195885e+01  0.000000e+00
     vertex  7.002540e+00  2.187657e+01  0.000000e+00
     vertex  0.000000e+00  2.600000e+01  0.000000e+00
   endloop
 endfacet
 facet normal -0.000000e+00 -0.000000e+00 -1.000000e+00
   outer loop
     vertex  7.000282e+00  2.204115e+01  0.000000e+00
     vertex  7.000282e+00  2.195885e+01  0.000000e+00
     vertex  0.000000e+00  2.600000e+01  0.000000e+00
   endloop
 endfacet
 facet normal -0.000000e+00  0.000000e+00 -1.000000e+00
   outer loop
     vertex  7.002540e+00  2.212343e+01  0.000000e+00
     vertex  7.000282e+00  2.204115e+01  0.000000e+00
     vertex  0.000000e+00  2.600000e+01  0.000000e+00
   endloop
 endfacet
 facet normal -0.000000e+00  0.000000e+00 -1.000000e+00
   outer loop
     vertex  7.007055e+00  2.220562e+01  0.000000e+00
     vertex  7.002540e+00  2.212343e+01  0.000000e+00
     vertex  0.000000e+00  2.600000e+01  0.000000e+00
   endloop
 endfacet
 facet normal -0.000000e+00  0.000000e+00 -1.000000e+00
   outer loop
     vertex  7.013822e+00  2.228765e+01  0.000000e+00
     vertex  7.007055e+00  2.220562e+01  0.000000e+00
     vertex  0.000000e+00  2.600000e+01  0.000000e+00
   endloop
 endfacet
 facet normal -0.000000e+00  0.000000e+00 -1.000000e+00
   outer loop
     vertex  7.022838e+00  2.236947e+01  0.000000e+00
     vertex  7.013822e+00  2.228765e+01  0.000000e+00
     vertex  0.000000e+00  2.600000e+01  0.000000e+00
   endloop
 endfacet
 facet normal -0.000000e+00  0.000000e+00 -1.000000e+00
   outer loop
     vertex  7.034094e+00  2.245100e+01  0.000000e+00
     vertex  7.022838e+00  2.236947e+01  0.000000e+00
     vertex  0.000000e+00  2.600000e+01  0.000000e+00
   endloop
 endfacet
 facet normal -0.000000e+00  0.000000e+00 -1.000000e+00
   outer loop
     vertex  7.047583e+00  2.253220e+01  0.000000e+00
     vertex  7.034094e+00  2.245100e+01  0.000000e+00
     vertex  0.000000e+00  2.600000e+01  0.000000e+00
   endloop
 endfacet
 facet normal -0.000000e+00  0.000000e+00 -1.000000e+00
   outer loop
     vertex  7.063295e+00  2.261300e+01  0.000000e+00
     vertex  7.047583e+00  2.253220e+01  0.000000e+00
     vertex  0.000000e+00  2.600000e+01  0.000000e+00
   endloop
 endfacet
 facet normal -0.000000e+00  0.000000e+00 -1.000000e+00
   outer loop
     vertex  7.081217e+00  2.269333e+01  0.000000e+00
     vertex  7.063295e+00  2.261300e+01  0.000000e+00
     vertex  0.000000e+00  2.600000e+01  0.000000e+00
   endloop
 endfacet
 facet normal -0.000000e+00  0.000000e+00 -1.000000e+00
   outer loop
     vertex  7.101337e+00  2.277314e+01  0.000000e+00
     vertex  7.081217e+00  2.269333e+01  0.000000e+00
     vertex  0.000000e+00  2.600000e+01  0.000000e+00
   endloop
 endfacet
 facet normal -0.000000e+00  0.000000e+00 -1.000000e+00
   outer loop
     vertex  7.123638e+00  2.285237e+01  0.000000e+00
     vertex  7.101337e+00  2.277314e+01  0.000000e+00
     vertex  0.000000e+00  2.600000e+01  0.000000e+00
   endloop
 endfacet
 facet normal -0.000000e+00  0.000000e+00 -1.000000e+00
   outer loop
     vertex  7.148105e+00  2.293096e+01  0.000000e+00
     vertex  7.123638e+00  2.285237e+01  0.000000e+00
     vertex  0.000000e+00  2.600000e+01  0.000000e+00
   endloop
 endfacet
 facet normal -0.000000e+00  0.000000e+00 -1.000000e+00
   outer loop
     vertex  7.174718e+00  2.300885e+01  0.000000e+00
     vertex  7.148105e+00  2.293096e+01  0.000000e+00
     vertex  0.000000e+00  2.600000e+01  0.000000e+00
   endloop
 endfacet
 facet normal -0.000000e+00  0.000000e+00 -1.000000e+00
   outer loop
     vertex  7.203459e+00  2.308598e+01  0.000000e+00
     vertex  7.174718e+00  2.300885e+01  0.000000e+00
     vertex  0.000000e+00  2.600000e+01  0.000000e+00
   endloop
 endfacet
 facet normal -0.000000e+00  0.000000e+00 -1.000000e+00
   outer loop
     vertex  7.234304e+00  2.316229e+01  0.000000e+00
     vertex  7.203459e+00  2.308598e+01  0.000000e+00
     vertex  0.000000e+00  2.600000e+01  0.000000e+00
   endloop
 endfacet
 facet normal -0.000000e+00  0.000000e+00 -1.000000e+00
   outer loop
     vertex  7.267232e+00  2.323773e+01  0.000000e+00
     vertex  7.234304e+00  2.316229e+01  0.000000e+00
     vertex  0.000000e+00  2.600000e+01  0.000000e+00
   endloop
 endfacet
 facet normal -0.000000e+00  0.000000e+00 -1.000000e+00
   outer loop
     vertex  7.302216e+00  2.331224e+01  0.000000e+00
     vertex  7.267232e+00  2.323773e+01  0.000000e+00
     vertex  0.000000e+00  2.600000e+01  0.000000e+00
   endloop
 endfacet
 facet normal -0.000000e+00  0.000000e+00 -1.000000e+00
   outer loop
     vertex  7.339231e+00  2.338575e+01  0.000000e+00
     vertex  7.302216e+00  2.331224e+01  0.000000e+00
     vertex  0.000000e+00  2.600000e+01  0.000000e+00
   endloop
 endfacet
 facet normal -0.000000e+00  0.000000e+00 -1.000000e+00
   outer loop
     vertex  7.378250e+00  2.345823e+01  0.000000e+00
     vertex  7.339231e+00  2.338575e+01  0.000000e+00
     vertex  0.000000e+00  2.600000e+01  0.000000e+00
   endloop
 endfacet
 facet normal -0.000000e+00  0.000000e+00 -1.000000e+00
   outer loop
     vertex  7.419242e+00  2.352960e+01  0.000000e+00
     vertex  7.378250e+00  2.345823e+01  0.000000e+00
     vertex  0.000000e+00  2.600000e+01  0.000000e+00
   endloop
 endfacet
 facet normal -0.000000e+00  0.000000e+00 -1.000000e+00
   outer loop
     vertex  7.462176e+00  2.359983e+01  0.000000e+00
     vertex  7.419242e+00  2.352960e+01  0.000000e+00
     vertex  0.000000e+00  2.600000e+01  0.000000e+00
   endloop
 endfacet
 facet normal -0.000000e+00  0.000000e+00 -1.000000e+00
   outer loop
     vertex  7.507021e+00  2.366885e+01  0.000000e+00
     vertex  7.462176e+00  2.359983e+01  0.000000e+00
     vertex  0.000000e+00  2.600000e+01  0.000000e+00
   endloop
 endfacet
 facet normal -0.000000e+00  0.000000e+00 -1.000000e+00
   outer loop
     vertex  7.553743e+00  2.373661e+01  0.000000e+00
     vertex  7.507021e+00  2.366885e+01  0.000000e+00
     vertex  0.000000e+00  2.600000e+01  0.000000e+00
   endloop
 endfacet
 facet normal -0.000000e+00  0.000000e+00 -1.000000e+00
   outer loop
     vertex  7.602306e+00  2.380307e+01  0.000000e+00
     vertex  7.553743e+00  2.373661e+01  0.000000e+00
     vertex  0.000000e+00  2.600000e+01  0.000000e+00
   endloop
 endfacet
 facet normal -0.000000e+00  0.000000e+00 -1.000000e+00
   outer loop
     vertex  7.652674e+00  2.386817e+01  0.000000e+00
     vertex  7.602306e+00  2.380307e+01  0.000000e+00
     vertex  0.000000e+00  2.600000e+01  0.000000e+00
   endloop
 endfacet
 facet normal -0.000000e+00  0.000000e+00 -1.000000e+00
   outer loop
     vertex  7.704809e+00  2.393186e+01  0.000000e+00
     vertex  7.652674e+00  2.386817e+01  0.000000e+00
     vertex  0.000000e+00  2.600000e+01  0.000000e+00
   endloop
 endfacet
 facet normal -0.000000e+00  0.000000e+00 -1.000000e+00
   outer loop
     vertex  7.758671e+00  2.399410e+01  0.000000e+00
     vertex  7.704809e+00  2.393186e+01  0.000000e+00
     vertex  0.000000e+00  2.600000e+01  0.000000e+00
   endloop
 endfacet
 facet normal -0.000000e+00  0.000000e+00 -1.000000e+00
   outer loop
     vertex  7.814221e+00  2.405484e+01  0.000000e+00
     vertex  7.758671e+00  2.399410e+01  0.000000e+00
     vertex  0.000000e+00  2.600000e+01  0.000000e+00
   endloop
 endfacet
 facet normal -0.000000e+00  0.000000e+00 -1.000000e+00
   outer loop
     vertex  7.871417e+00  2.411403e+01  0.000000e+00
     vertex  7.814221e+00  2.405484e+01  0.000000e+00
     vertex  0.000000e+00  2.600000e+01  0.000000e+00
   endloop
 endfacet
 facet normal -0.000000e+00  0.000000e+00 -1.000000e+00
   outer loop
     vertex  7.930214e+00  2.417163e+01  0.000000e+00
     vertex  7.871417e+00  2.411403e+01  0.000000e+00
     vertex  0.000000e+00  2.600000e+01  0.000000e+00
   endloop
 endfacet
 facet normal -0.000000e+00  0.000000e+00 -1.000000e+00
   outer loop
     vertex  7.990570e+00  2.422760e+01  0.000000e+00
     vertex  7.930214e+00  2.417163e+01  0.000000e+00
     vertex  0.000000e+00  2.600000e+01  0.000000e+00
   endloop
 endfacet
 facet normal -0.000000e+00  0.000000e+00 -1.000000e+00
   outer loop
     vertex  8.052438e+00  2.428189e+01  0.000000e+00
     vertex  7.990570e+00  2.422760e+01  0.000000e+00
     vertex  0.000000e+00  2.600000e+01  0.000000e+00
   endloop
 endfacet
 facet normal -0.000000e+00  0.000000e+00 -1.000000e+00
   outer loop
     vertex  8.115773e+00  2.433446e+01  0.000000e+00
     vertex  8.052438e+00  2.428189e+01  0.000000e+00
     vertex  0.000000e+00  2.600000e+01  0.000000e+00
   endloop
 endfacet
 facet normal -0.000000e+00  0.000000e+00 -1.000000e+00
   outer loop
     vertex  8.180526e+00  2.438527e+01  0.000000e+00
     vertex  8.115773e+00  2.433446e+01  0.000000e+00
     vertex  0.000000e+00  2.600000e+01  0.000000e+00
   endloop
 endfacet
 facet normal -0.000000e+00  0.000000e+00 -1.000000e+00
   outer loop
     vertex  8.246648e+00  2.443429e+01  0.000000e+00
     vertex  8.180526e+00  2.438527e+01  0.000000e+00
     vertex  0.000000e+00  2.600000e+01  0.000000e+00
   endloop
 endfacet
 facet normal -0.000000e+00  0.000000e+00 -1.000000e+00
   outer loop
     vertex  8.314090e+00  2.448147e+01  0.000000e+00
     vertex  8.246648e+00  2.443429e+01  0.000000e+00
     vertex  0.000000e+00  2.600000e+01  0.000000e+00
   endloop
 endfacet
 facet normal -0.000000e+00  0.000000e+00 -1.000000e+00
   outer loop
     vertex  8.382802e+00  2.452679e+01  0.000000e+00
     vertex  8.314090e+00  2.448147e+01  0.000000e+00
     vertex  0.000000e+00  2.600000e+01  0.000000e+00
   endloop
 endfacet
 facet normal -0.000000e+00  0.000000e+00 -1.000000e+00
   outer loop
     vertex  8.452730e+00  2.457021e+01  0.000000e+00
     vertex  8.382802e+00  2.452679e+01  0.000000e+00
     vertex  0.000000e+00  2.600000e+01  0.000000e+00
   endloop
 endfacet
 facet normal -0.000000e+00  0.000000e+00 -1.000000e+00
   outer loop
     vertex  8.523824e+00  2.461169e+01  0.000000e+00
     vertex  8.452730e+00  2.457021e+01  0.000000e+00
     vertex  0.000000e+00  2.600000e+01  0.000000e+00
   endloop
 endfacet
 facet normal -0.000000e+00  0.000000e+00 -1.000000e+00
   outer loop
     vertex  8.596029e+00  2.465120e+01  0.000000e+00
     vertex  8.523824e+00  2.461169e+01  0.000000e+00
     vertex  0.000000e+00  2.600000e+01  0.000000e+00
   endloop
 endfacet
 facet normal -0.000000e+00  0.000000e+00 -1.000000e+00
   outer loop
     vertex  8.669290e+00  2.468872e+01  0.000000e+00
     vertex  8.596029e+00  2.465120e+01  0.000000e+00
     vertex  0.000000e+00  2.600000e+01  0.000000e+00
   endloop
 endfacet
 facet normal -0.000000e+00  0.000000e+00 -1.000000e+00
   outer loop
     vertex  8.743554e+00  2.472421e+01  0.000000e+00
     vertex  8.669290e+00  2.468872e+01  0.000000e+00
     vertex  0.000000e+00  2.600000e+01  0.000000e+00
   endloop
 endfacet
 facet normal -0.000000e+00  0.000000e+00 -1.000000e+00
   outer loop
     vertex  8.818763e+00  2.475766e+01  0.000000e+00
     vertex  8.743554e+00  2.472421e+01  0.000000e+00
     vertex  0.000000e+00  2.600000e+01  0.000000e+00
   endloop
 endfacet
 facet normal -0.000000e+00  0.000000e+00 -1.000000e+00
   outer loop
     vertex  8.894861e+00  2.478903e+01  0.000000e+00
     vertex  8.818763e+00  2.475766e+01  0.000000e+00
     vertex  0.000000e+00  2.600000e+01  0.000000e+00
   endloop
 endfacet
 facet normal -0.000000e+00  0.000000e+00 -1.000000e+00
   outer loop
     vertex  8.971791e+00  2.481830e+01  0.000000e+00
     vertex  8.894861e+00  2.478903e+01  0.000000e+00
     vertex  0.000000e+00  2.600000e+01  0.000000e+00
   endloop
 endfacet
 facet normal  0.000000e+00  0.000000e+00 -1.000000e+00
   outer loop
     vertex  1.690000e+01  1.690000e+01  0.000000e+00
     vertex  1.106677e+01  1.919608e+01  0.000000e+00
     vertex  1.114330e+01  1.922640e+01  0.000000e+00
   endloop
 endfacet
 facet normal  0.000000e+00  0.000000e+00 -1.000000e+00
   outer loop
     vertex  1.690000e+01  1.690000e+01  0.000000e+00
     vertex  1.114330e+01  1.922640e+01  0.000000e+00
     vertex  1.121896e+01  1.925881e+01  0.000000e+00
   endloop
 endfacet
 facet normal  0.000000e+00  0.000000e+00 -1.000000e+00
   outer loop
     vertex  1.690000e+01  1.690000e+01  0.000000e+00
     vertex  1.121896e+01  1.925881e+01  0.000000e+00
     vertex  1.129370e+01  1.929328e+01  0.000000e+00
   endloop
 endfacet
 facet normal  0.000000e+00  0.000000e+00 -1.000000e+00
   outer loop
     vertex  1.690000e+01  1.690000e+01  0.000000e+00
     vertex  1.129370e+01  1.929328e+01  0.000000e+00
     vertex  1.136747e+01  1.932979e+01  0.000000e+00
   endloop
 endfacet
 facet normal  0.000000e+00  0.000000e+00 -1.000000e+00
   outer loop
     vertex  1.690000e+01  1.690000e+01  0.000000e+00
     vertex  1.136747e+01  1.932979e+01  0.000000e+00
     vertex  1.144021e+01  1.936831e+01  0.000000e+00
   endloop
 endfacet
 facet normal  0.000000e+00  0.000000e+00 -1.000000e+00
   outer loop
     vertex  1.690000e+01  1.690000e+01  0.000000e+00
     vertex  1.144021e+01  1.936831e+01  0.000000e+00
     vertex  1.151187e+01  1.940881e+01  0.000000e+00
   endloop
 endfacet
 facet normal  0.000000e+00  0.000000e+00 -1.000000e+00
   outer loop
     vertex  1.690000e+01  1.690000e+01  0.000000e+00
     vertex  1.151187e+01  1.940881e+01  0.000000e+00
     vertex  1.158238e+01  1.945126e+01  0.000000e+00
   endloop
 endfacet
 facet normal  0.000000e+00  0.000000e+00 -1.000000e+00
   outer loop
     vertex  1.690000e+01  1.690000e+01  0.000000e+00
     vertex  1.158238e+01  1.945126e+01  0.000000e+00
     vertex  1.165171e+01  1.949563e+01  0.000000e+00
   endloop
 endfacet
 facet normal  0.000000e+00  0.000000e+00 -1.000000e+00
   outer loop
     vertex  1.690000e+01  1.690000e+01  0.000000e+00
     vertex  1.165171e+01  1.949563e+01  0.000000e+00
     vertex  1.171979e+01  1.954189e+01  0.000000e+00
   endloop
 endfacet
 facet normal  0.000000e+00  0.000000e+00 -1.000000e+00
   outer loop
     vertex  1.690000e+01  1.690000e+01  0.000000e+00
     vertex  1.171979e+01  1.954189e+01  0.000000e+00
     vertex  1.178658e+01  1.958999e+01  0.000000e+00
   endloop
 endfacet
 facet normal  0.000000e+00  0.000000e+00 -1.000000e+00
   outer loop
     vertex  1.690000e+01  1.690000e+01  0.000000e+00
     vertex  1.178658e+01  1.958999e+01  0.000000e+00
     vertex  1.185203e+01  1.963991e+01  0.000000e+00
   endloop
 endfacet
 facet normal  0.000000e+00  0.000000e+00 -1.000000e+00
   outer loop
     vertex  1.690000e+01  1.690000e+01  0.000000e+00
     vertex  2.200000e+01  3.000000e+00  0.000000e+00
     vertex  1.690000e+01  3.000000e+00  0.000000e+00
   endloop
 endfacet
 facet normal  0.000000e+00  0.000000e+00 -1.000000e+00
   outer loop
     vertex  1.690000e+01  1.690000e+01  0.000000e+00
     vertex  1.185203e+01  1.963991e+01  0.000000e+00
     vertex  1.191607e+01  1.969161e+01  0.000000e+00
   endloop
 endfacet
 facet normal  0.000000e+00  0.000000e+00 -1.000000e+00
   outer loop
     vertex  1.690000e+01  1.690000e+01  0.000000e+00
     vertex  1.191607e+01  1.969161e+01  0.000000e+00
     vertex  1.197868e+01  1.974505e+01  0.000000e+00
   endloop
 endfacet
 facet normal  0.000000e+00  0.000000e+00 -1.000000e+00
   outer loop
     vertex  1.690000e+01  1.690000e+01  0.000000e+00
     vertex  1.197868e+01  1.974505e+01  0.000000e+00
     vertex  1.203980e+01  1.980018e+01  0.000000e+00
   endloop
 endfacet
 facet normal  0.000000e+00  0.000000e+00 -1.000000e+00
   outer loop
     vertex  1.690000e+01  1.690000e+01  0.000000e+00
     vertex  1.203980e+01  1.980018e+01  0.000000e+00
     vertex  1.209938e+01  1.985697e+01  0.000000e+00
   endloop
 endfacet
 facet normal  0.000000e+00  0.000000e+00 -1.000000e+00
   outer loop
     vertex  1.690000e+01  1.690000e+01  0.000000e+00
     vertex  1.209938e+01  1.985697e+01  0.000000e+00
     vertex  1.215738e+01  1.991537e+01  0.000000e+00
   endloop
 endfacet
 facet normal  0.000000e+00  0.000000e+00 -1.000000e+00
   outer loop
     vertex  1.690000e+01  1.690000e+01  0.000000e+00
     vertex  1.215738e+01  1.991537e+01  0.000000e+00
     vertex  1.221376e+01  1.997534e+01  0.000000e+00
   endloop
 endfacet
 facet normal  0.000000e+00  0.000000e+00 -1.000000e+00
   outer loop
     vertex  1.690000e+01  1.690000e+01  0.000000e+00
     vertex  1.221376e+01  1.997534e+01  0.000000e+00
     vertex  1.226847e+01  2.003683e+01  0.000000e+00
   endloop
 endfacet
 facet normal  0.000000e+00  0.000000e+00 -1.000000e+00
   outer loop
     vertex  1.690000e+01  1.690000e+01  0.000000e+00
     vertex  1.226847e+01  2.003683e+01  0.000000e+00
     vertex  1.232148e+01  2.009980e+01  0.000000e+00
   endloop
 endfacet
 facet normal  0.000000e+00  0.000000e+00 -1.000000e+00
   outer loop
     vertex  1.690000e+01  1.690000e+01  0.000000e+00
     vertex  1.232148e+01  2.009980e+01  0.000000e+00
     vertex  1.237273e+01  2.016421e+01  0.000000e+00
   endloop
 endfacet
 facet normal  0.000000e+00  0.000000e+00 -1.000000e+00
   outer loop
     vertex  1.690000e+01  1.690000e+01  0.000000e+00
     vertex  1.237273e+01  2.016421e+01  0.000000e+00
     vertex  1.242220e+01  2.022999e+01  0.000000e+00
   endloop
 endfacet
 facet normal  0.000000e+00  0.000000e+00 -1.000000e+00
   outer loop
     vertex  1.690000e+01  1.690000e+01  0.000000e+00
     vertex  1.242220e+01  2.022999e+01  0.000000e+00
     vertex  1.246985e+01  2.029711e+01  0.000000e+00
   endloop
 endfacet
 facet normal  0.000000e+00  0.000000e+00 -1.000000e+00
   outer loop
     vertex  1.690000e+01  1.690000e+01  0.000000e+00
     vertex  1.246985e+01  2.029711e+01  0.000000e+00
     vertex  1.251564e+01  2.036551e+01  0.000000e+00
   endloop
 endfacet
 facet normal  0.000000e+00  0.000000e+00 -1.000000e+00
   outer loop
     vertex  1.690000e+01  1.690000e+01  0.000000e+00
     vertex  1.251564e+01  2.036551e+01  0.000000e+00
     vertex  1.255953e+01  2.043514e+01  0.000000e+00
   endloop
 endfacet
 facet normal  0.000000e+00  0.000000e+00 -1.000000e+00
   outer loop
     vertex  1.690000e+01  1.690000e+01  0.000000e+00
     vertex  1.255953e+01  2.043514e+01  0.000000e+00
     vertex  1.260150e+01  2.050594e+01  0.000000e+00
   endloop
 endfacet
 facet normal  0.000000e+00  0.000000e+00 -1.000000e+00
   outer loop
     vertex  1.690000e+01  1.690000e+01  0.000000e+00
     vertex  1.260150e+01  2.050594e+01  0.000000e+00
     vertex  1.264151e+01  2.057788e+01  0.000000e+00
   endloop
 endfacet
 facet normal  0.000000e+00  0.000000e+00 -1.000000e+00
   outer loop
     vertex  1.690000e+01  1.690000e+01  0.000000e+00
     vertex  1.264151e+01  2.057788e+01  0.000000e+00
     vertex  1.267953e+01  2.065088e+01  0.000000e+00
   endloop
 endfacet
 facet normal  0.000000e+00  0.000000e+00 -1.000000e+00
   outer loop
     vertex  1.690000e+01  1.690000e+01  0.000000e+00
     vertex  1.267953e+01  2.065088e+01  0.000000e+00
     vertex  1.271553e+01  2.072490e+01  0.000000e+00
   endloop
 endfacet
 facet normal  0.000000e+00  0.000000e+00 -1.000000e+00
   outer loop
     vertex  1.690000e+01  1.690000e+01  0.000000e+00
     vertex  1.271553e+01  2.072490e+01  0.000000e+00
     vertex  1.274949e+01  2.079987e+01  0.000000e+00
   endloop
 endfacet
 facet normal  0.000000e+00  0.000000e+00 -1.000000e+00
   outer loop
     vertex  1.690000e+01  1.690000e+01  0.000000e+00
     vertex  1.274949e+01  2.079987e+01  0.000000e+00
     vertex  1.278138e+01  2.087576e+01  0.000000e+00
   endloop
 endfacet
 facet normal  0.000000e+00  0.000000e+00 -1.000000e+00
   outer loop
     vertex  1.690000e+01  1.690000e+01  0.000000e+00
     vertex  1.278138e+01  2.087576e+01  0.000000e+00
     vertex  1.281118e+01  2.095248e+01  0.000000e+00
   endloop
 endfacet
 facet normal  0.000000e+00  0.000000e+00 -1.000000e+00
   outer loop
     vertex  1.690000e+01  1.690000e+01  0.000000e+00
     vertex  1.026716e+01  1.901192e+01  0.000000e+00
     vertex  1.034904e+01  1.902037e+01  0.000000e+00
   endloop
 endfacet
 facet normal  0.000000e+00  0.000000e+00 -1.000000e+00
   outer loop
     vertex  1.690000e+01  1.690000e+01  0.000000e+00
     vertex  1.034904e+01  1.902037e+01  0.000000e+00
     vertex  1.043065e+01  1.903107e+01  0.000000e+00
   endloop
 endfacet
 facet normal  0.000000e+00  0.000000e+00 -1.000000e+00
   outer loop
     vertex  1.690000e+01  1.690000e+01  0.000000e+00
     vertex  1.043065e+01  1.903107e+01  0.000000e+00
     vertex  1.051194e+01  1.904400e+01  0.000000e+00
   endloop
 endfacet
 facet normal  0.000000e+00  0.000000e+00 -1.000000e+00
   outer loop
     vertex  1.690000e+01  1.690000e+01  0.000000e+00
     vertex  1.051194e+01  1.904400e+01  0.000000e+00
     vertex  1.059284e+01  1.905916e+01  0.000000e+00
   endloop
 endfacet
 facet normal  0.000000e+00  0.000000e+00 -1.000000e+00
   outer loop
     vertex  1.690000e+01  1.690000e+01  0.000000e+00
     vertex  1.059284e+01  1.905916e+01  0.000000e+00
     vertex  1.067329e+01  1.907653e+01  0.000000e+00
   endloop
 endfacet
 facet normal  0.000000e+00  0.000000e+00 -1.000000e+00
   outer loop
     vertex  1.690000e+01  1.690000e+01  0.000000e+00
     vertex  1.067329e+01  1.907653e+01  0.000000e+00
     vertex  1.075324e+01  1.909610e+01  0.000000e+00
   endloop
 endfacet
 facet normal  0.000000e+00  0.000000e+00 -1.000000e+00
   outer loop
     vertex  1.690000e+01  1.690000e+01  0.000000e+00
     vertex  1.075324e+01  1.909610e+01  0.000000e+00
     vertex  1.083262e+01  1.911786e+01  0.000000e+00
   endloop
 endfacet
 facet normal  0.000000e+00  0.000000e+00 -1.000000e+00
   outer loop
     vertex  1.690000e+01  1.690000e+01  0.000000e+00
     vertex  1.083262e+01  1.911786e+01  0.000000e+00
     vertex  1.091138e+01  1.914179e+01  0.000000e+00
   endloop
 endfacet
 facet normal  0.000000e+00  0.000000e+00 -1.000000e+00
   outer loop
     vertex  1.690000e+01  1.690000e+01  0.000000e+00
     vertex  1.091138e+01  1.914179e+01  0.000000e+00
     vertex  1.098945e+01  1.916786e+01  0.000000e+00
   endloop
 endfacet
 facet normal  0.000000e+00  0.000000e+00 -1.000000e+00
   outer loop
     vertex  1.690000e+01  1.690000e+01  0.000000e+00
     vertex  1.098945e+01  1.916786e+01  0.000000e+00
     vertex  1.106677e+01  1.919608e+01  0.000000e+00
   endloop
 endfacet
 facet normal  0.000000e+00 -0.000000e+00 -1.000000e+00
   outer loop
     vertex  1.283886e+01  2.103000e+01  0.000000e+00
     vertex  1.690000e+01  1.690000e+01  0.000000e+00
     vertex  1.281118e+01  2.095248e+01  0.000000e+00
   endloop
 endfacet
 facet normal -0.000000e+00  0.000000e+00 -1.000000e+00
   outer loop
     vertex  9.049496e+00  2.484544e+01  0.000000e+00
     vertex  8.971791e+00  2.481830e+01  0.000000e+00
     vertex  0.000000e+00  2.600000e+01  0.000000e+00
   endloop
 endfacet
 facet normal  0.000000e+00 -0.000000e+00 -1.000000e+00
   outer loop
     vertex  1.286440e+01  2.110825e+01  0.000000e+00
     vertex  1.690000e+01  1.690000e+01  0.000000e+00
     vertex  1.283886e+01  2.103000e+01  0.000000e+00
   endloop
 endfacet
 facet normal -0.000000e+00  0.000000e+00 -1.000000e+00
   outer loop
     vertex  9.127915e+00  2.487045e+01  0.000000e+00
     vertex  9.049496e+00  2.484544e+01  0.000000e+00
     vertex  0.000000e+00  2.600000e+01  0.000000e+00
   endloop
 endfacet
 facet normal  0.000000e+00 -0.000000e+00 -1.000000e+00
   outer loop
     vertex  1.288778e+01  2.118716e+01  0.000000e+00
     vertex  1.690000e+01  1.690000e+01  0.000000e+00
     vertex  1.286440e+01  2.110825e+01  0.000000e+00
   endloop
 endfacet
 facet normal -0.000000e+00  0.000000e+00 -1.000000e+00
   outer loop
     vertex  9.206992e+00  2.489329e+01  0.000000e+00
     vertex  9.127915e+00  2.487045e+01  0.000000e+00
     vertex  0.000000e+00  2.600000e+01  0.000000e+00
   endloop
 endfacet
 facet normal  0.000000e+00 -0.000000e+00 -1.000000e+00
   outer loop
     vertex  1.290900e+01  2.126669e+01  0.000000e+00
     vertex  1.690000e+01  1.690000e+01  0.000000e+00
     vertex  1.288778e+01  2.118716e+01  0.000000e+00
   endloop
 endfacet
 facet normal -0.000000e+00  0.000000e+00 -1.000000e+00
   outer loop
     vertex  9.286665e+00  2.491396e+01  0.000000e+00
     vertex  9.206992e+00  2.489329e+01  0.000000e+00
     vertex  0.000000e+00  2.600000e+01  0.000000e+00
   endloop
 endfacet
 facet normal  0.000000e+00 -0.000000e+00 -1.000000e+00
   outer loop
     vertex  1.292802e+01  2.134678e+01  0.000000e+00
     vertex  1.690000e+01  1.690000e+01  0.000000e+00
     vertex  1.290900e+01  2.126669e+01  0.000000e+00
   endloop
 endfacet
 facet normal -0.000000e+00  0.000000e+00 -1.000000e+00
   outer loop
     vertex  9.366875e+00  2.493243e+01  0.000000e+00
     vertex  9.286665e+00  2.491396e+01  0.000000e+00
     vertex  0.000000e+00  2.600000e+01  0.000000e+00
   endloop
 endfacet
 facet normal  0.000000e+00 -0.000000e+00 -1.000000e+00
   outer loop
     vertex  1.294484e+01  2.142735e+01  0.000000e+00
     vertex  1.690000e+01  1.690000e+01  0.000000e+00
     vertex  1.292802e+01  2.134678e+01  0.000000e+00
   endloop
 endfacet
 facet normal -0.000000e+00  0.000000e+00 -1.000000e+00
   outer loop
     vertex  9.447562e+00  2.494870e+01  0.000000e+00
     vertex  9.366875e+00  2.493243e+01  0.000000e+00
     vertex  0.000000e+00  2.600000e+01  0.000000e+00
   endloop
 endfacet
 facet normal  0.000000e+00 -0.000000e+00 -1.000000e+00
   outer loop
     vertex  1.295944e+01  2.150835e+01  0.000000e+00
     vertex  1.690000e+01  1.690000e+01  0.000000e+00
     vertex  1.294484e+01  2.142735e+01  0.000000e+00
   endloop
 endfacet
 facet normal -0.000000e+00  0.000000e+00 -1.000000e+00
   outer loop
     vertex  9.528664e+00  2.496274e+01  0.000000e+00
     vertex  9.447562e+00  2.494870e+01  0.000000e+00
     vertex  0.000000e+00  2.600000e+01  0.000000e+00
   endloop
 endfacet
 facet normal  0.000000e+00 -0.000000e+00 -1.000000e+00
   outer loop
     vertex  1.297181e+01  2.158973e+01  0.000000e+00
     vertex  1.690000e+01  1.690000e+01  0.000000e+00
     vertex  1.295944e+01  2.150835e+01  0.000000e+00
   endloop
 endfacet
 facet normal -0.000000e+00  0.000000e+00 -1.000000e+00
   outer loop
     vertex  9.610122e+00  2.497456e+01  0.000000e+00
     vertex  9.528664e+00  2.496274e+01  0.000000e+00
     vertex  0.000000e+00  2.600000e+01  0.000000e+00
   endloop
 endfacet
 facet normal  0.000000e+00 -0.000000e+00 -1.000000e+00
   outer loop
     vertex  1.298195e+01  2.167141e+01  0.000000e+00
     vertex  1.690000e+01  1.690000e+01  0.000000e+00
     vertex  1.297181e+01  2.158973e+01  0.000000e+00
   endloop
 endfacet
 facet normal -0.000000e+00  0.000000e+00 -1.000000e+00
   outer loop
     vertex  9.691873e+00  2.498413e+01  0.000000e+00
     vertex  9.610122e+00  2.497456e+01  0.000000e+00
     vertex  0.000000e+00  2.600000e+01  0.000000e+00
   endloop
 endfacet
 facet normal  0.000000e+00 -0.000000e+00 -1.000000e+00
   outer loop
     vertex  1.298984e+01  2.175334e+01  0.000000e+00
     vertex  1.690000e+01  1.690000e+01  0.000000e+00
     vertex  1.298195e+01  2.167141e+01  0.000000e+00
   endloop
 endfacet
 facet normal -0.000000e+00  0.000000e+00 -1.000000e+00
   outer loop
     vertex  9.773855e+00  2.499146e+01  0.000000e+00
     vertex  9.691873e+00  2.498413e+01  0.000000e+00
     vertex  0.000000e+00  2.600000e+01  0.000000e+00
   endloop
 endfacet
 facet normal  0.000000e+00 -0.000000e+00 -1.000000e+00
   outer loop
     vertex  1.299548e+01  2.183546e+01  0.000000e+00
     vertex  1.690000e+01  1.690000e+01  0.000000e+00
     vertex  1.298984e+01  2.175334e+01  0.000000e+00
   endloop
 endfacet
 facet normal -0.000000e+00  0.000000e+00 -1.000000e+00
   outer loop
     vertex  9.856009e+00  2.499654e+01  0.000000e+00
     vertex  9.773855e+00  2.499146e+01  0.000000e+00
     vertex  0.000000e+00  2.600000e+01  0.000000e+00
   endloop
 endfacet
 facet normal  0.000000e+00 -0.000000e+00 -1.000000e+00
   outer loop
     vertex  1.299887e+01  2.191770e+01  0.000000e+00
     vertex  1.690000e+01  1.690000e+01  0.000000e+00
     vertex  1.299548e+01  2.183546e+01  0.000000e+00
   endloop
 endfacet
 facet normal  0.000000e+00 -0.000000e+00 -1.000000e+00
   outer loop
     vertex  1.300000e+01  2.200000e+01  0.000000e+00
     vertex  1.690000e+01  1.690000e+01  0.000000e+00
     vertex  1.299887e+01  2.191770e+01  0.000000e+00
   endloop
 endfacet
 facet normal  0.000000e+00  0.000000e+00 -1.000000e+00
   outer loop
     vertex  1.299887e+01  2.208230e+01  0.000000e+00
     vertex  1.690000e+01  1.690000e+01  0.000000e+00
     vertex  1.300000e+01  2.200000e+01  0.000000e+00
   endloop
 endfacet
 facet normal  0.000000e+00  0.000000e+00 -1.000000e+00
   outer loop
     vertex  1.299548e+01  2.216454e+01  0.000000e+00
     vertex  1.690000e+01  1.690000e+01  0.000000e+00
     vertex  1.299887e+01  2.208230e+01  0.000000e+00
   endloop
 endfacet
 facet normal  0.000000e+00  0.000000e+00 -1.000000e+00
   outer loop
     vertex  1.298984e+01  2.224666e+01  0.000000e+00
     vertex  1.690000e+01  1.690000e+01  0.000000e+00
     vertex  1.299548e+01  2.216454e+01  0.000000e+00
   endloop
 endfacet
 facet normal -0.000000e+00  0.000000e+00 -1.000000e+00
   outer loop
     vertex  3.610000e+01  3.000000e+00  0.000000e+00
     vertex  0.000000e+00  0.000000e+00  0.000000e+00
     vertex  2.200000e+01  3.000000e+00  0.000000e+00
   endloop
 endfacet
 facet normal  0.000000e+00  0.000000e+00 -1.000000e+00
   outer loop
     vertex  2.200000e+01  1.710000e+01  0.000000e+00
     vertex  1.298984e+01  2.224666e+01  0.000000e+00
     vertex  1.298195e+01  2.232859e+01  0.000000e+00
   endloop
 endfacet
 facet normal -0.000000e+00  0.000000e+00 -1.000000e+00
   outer loop
     vertex  2.200000e+01  1.710000e+01  0.000000e+00
     vertex  1.690000e+01  1.690000e+01  0.000000e+00
     vertex  1.298984e+01  2.224666e+01  0.000000e+00
   endloop
 endfacet
 facet normal  0.000000e+00 -0.000000e+00 -1.000000e+00
   outer loop
     vertex  2.200000e+01  1.710000e+01  0.000000e+00
     vertex  2.200000e+01  3.000000e+00  0.000000e+00
     vertex  1.690000e+01  1.690000e+01  0.000000e+00
   endloop
 endfacet
 facet normal -0.000000e+00  0.000000e+00 -1.000000e+00
   outer loop
     vertex  2.686122e+01  1.975598e+01  0.000000e+00
     vertex  2.200000e+01  1.710000e+01  0.000000e+00
     vertex  2.680046e+01  1.981550e+01  0.000000e+00
   endloop
 endfacet
 facet normal  0.000000e+00 -0.000000e+00 -1.000000e+00
   outer loop
     vertex  2.674136e+01  1.987666e+01  0.000000e+00
     vertex  2.680046e+01  1.981550e+01  0.000000e+00
     vertex  2.200000e+01  1.710000e+01  0.000000e+00
   endloop
 endfacet
 facet normal -0.000000e+00  0.000000e+00 -1.000000e+00
   outer loop
     vertex  2.692359e+01  1.969815e+01  0.000000e+00
     vertex  2.200000e+01  1.710000e+01  0.000000e+00
     vertex  2.686122e+01  1.975598e+01  0.000000e+00
   endloop
 endfacet
 facet normal  0.000000e+00 -0.000000e+00 -1.000000e+00
   outer loop
     vertex  2.668396e+01  1.993943e+01  0.000000e+00
     vertex  2.674136e+01  1.987666e+01  0.000000e+00
     vertex  2.200000e+01  1.710000e+01  0.000000e+00
   endloop
 endfacet
 facet normal -0.000000e+00  0.000000e+00 -1.000000e+00
   outer loop
     vertex  2.698752e+01  1.964205e+01  0.000000e+00
     vertex  2.200000e+01  1.710000e+01  0.000000e+00
     vertex  2.692359e+01  1.969815e+01  0.000000e+00
   endloop
 endfacet
 facet normal  0.000000e+00 -0.000000e+00 -1.000000e+00
   outer loop
     vertex  2.662830e+01  2.000374e+01  0.000000e+00
     vertex  2.668396e+01  1.993943e+01  0.000000e+00
     vertex  2.200000e+01  1.710000e+01  0.000000e+00
   endloop
 endfacet
 facet normal -0.000000e+00  0.000000e+00 -1.000000e+00
   outer loop
     vertex  2.705297e+01  1.958773e+01  0.000000e+00
     vertex  2.200000e+01  1.710000e+01  0.000000e+00
     vertex  2.698752e+01  1.964205e+01  0.000000e+00
   endloop
 endfacet
 facet normal  0.000000e+00 -0.000000e+00 -1.000000e+00
   outer loop
     vertex  2.657443e+01  2.006956e+01  0.000000e+00
     vertex  2.662830e+01  2.000374e+01  0.000000e+00
     vertex  2.200000e+01  1.710000e+01  0.000000e+00
   endloop
 endfacet
 facet normal -0.000000e+00  0.000000e+00 -1.000000e+00
   outer loop
     vertex  2.711988e+01  1.953522e+01  0.000000e+00
     vertex  2.200000e+01  1.710000e+01  0.000000e+00
     vertex  2.705297e+01  1.958773e+01  0.000000e+00
   endloop
 endfacet
 facet normal  0.000000e+00 -0.000000e+00 -1.000000e+00
   outer loop
     vertex  2.652238e+01  2.013683e+01  0.000000e+00
     vertex  2.657443e+01  2.006956e+01  0.000000e+00
     vertex  2.200000e+01  1.710000e+01  0.000000e+00
   endloop
 endfacet
 facet normal -0.000000e+00  0.000000e+00 -1.000000e+00
   outer loop
     vertex  2.718820e+01  1.948457e+01  0.000000e+00
     vertex  2.200000e+01  1.710000e+01  0.000000e+00
     vertex  2.711988e+01  1.953522e+01  0.000000e+00
   endloop
 endfacet
 facet normal  0.000000e+00 -0.000000e+00 -1.000000e+00
   outer loop
     vertex  2.647220e+01  2.020550e+01  0.000000e+00
     vertex  2.652238e+01  2.013683e+01  0.000000e+00
     vertex  2.200000e+01  1.710000e+01  0.000000e+00
   endloop
 endfacet
 facet normal -0.000000e+00  0.000000e+00 -1.000000e+00
   outer loop
     vertex  2.725789e+01  1.943581e+01  0.000000e+00
     vertex  2.200000e+01  1.710000e+01  0.000000e+00
     vertex  2.718820e+01  1.948457e+01  0.000000e+00
   endloop
 endfacet
 facet normal  0.000000e+00 -0.000000e+00 -1.000000e+00
   outer loop
     vertex  2.642392e+01  2.027552e+01  0.000000e+00
     vertex  2.647220e+01  2.020550e+01  0.000000e+00
     vertex  2.200000e+01  1.710000e+01  0.000000e+00
   endloop
 endfacet
 facet normal -0.000000e+00  0.000000e+00 -1.000000e+00
   outer loop
     vertex  2.732890e+01  1.938898e+01  0.000000e+00
     vertex  2.200000e+01  1.710000e+01  0.000000e+00
     vertex  2.725789e+01  1.943581e+01  0.000000e+00
   endloop
 endfacet
 facet normal  0.000000e+00 -0.000000e+00 -1.000000e+00
   outer loop
     vertex  2.637758e+01  2.034684e+01  0.000000e+00
     vertex  2.642392e+01  2.027552e+01  0.000000e+00
     vertex  2.200000e+01  1.710000e+01  0.000000e+00
   endloop
 endfacet
 facet normal -0.000000e+00  0.000000e+00 -1.000000e+00
   outer loop
     vertex  2.740115e+01  1.934412e+01  0.000000e+00
     vertex  2.200000e+01  1.710000e+01  0.000000e+00
     vertex  2.732890e+01  1.938898e+01  0.000000e+00
   endloop
 endfacet
 facet normal  0.000000e+00 -0.000000e+00 -1.000000e+00
   outer loop
     vertex  2.633322e+01  2.041941e+01  0.000000e+00
     vertex  2.637758e+01  2.034684e+01  0.000000e+00
     vertex  2.200000e+01  1.710000e+01  0.000000e+00
   endloop
 endfacet
 facet normal -0.000000e+00  0.000000e+00 -1.000000e+00
   outer loop
     vertex  2.747462e+01  1.930126e+01  0.000000e+00
     vertex  2.200000e+01  1.710000e+01  0.000000e+00
     vertex  2.740115e+01  1.934412e+01  0.000000e+00
   endloop
 endfacet
 facet normal  0.000000e+00 -0.000000e+00 -1.000000e+00
   outer loop
     vertex  2.629086e+01  2.049317e+01  0.000000e+00
     vertex  2.633322e+01  2.041941e+01  0.000000e+00
     vertex  2.200000e+01  1.710000e+01  0.000000e+00
   endloop
 endfacet
 facet normal -0.000000e+00  0.000000e+00 -1.000000e+00
   outer loop
     vertex  2.754923e+01  1.926043e+01  0.000000e+00
     vertex  2.200000e+01  1.710000e+01  0.000000e+00
     vertex  2.747462e+01  1.930126e+01  0.000000e+00
   endloop
 endfacet
 facet normal  0.000000e+00 -0.000000e+00 -1.000000e+00
   outer loop
     vertex  2.625054e+01  2.056806e+01  0.000000e+00
     vertex  2.629086e+01  2.049317e+01  0.000000e+00
     vertex  2.200000e+01  1.710000e+01  0.000000e+00
   endloop
 endfacet
 facet normal -0.000000e+00  0.000000e+00 -1.000000e+00
   outer loop
     vertex  2.762493e+01  1.922166e+01  0.000000e+00
     vertex  2.200000e+01  1.710000e+01  0.000000e+00
     vertex  2.754923e+01  1.926043e+01  0.000000e+00
   endloop
 endfacet
 facet normal  0.000000e+00 -0.000000e+00 -1.000000e+00
   outer loop
     vertex  2.621229e+01  2.064402e+01  0.000000e+00
     vertex  2.625054e+01  2.056806e+01  0.000000e+00
     vertex  2.200000e+01  1.710000e+01  0.000000e+00
   endloop
 endfacet
 facet normal -0.000000e+00  0.000000e+00 -1.000000e+00
   outer loop
     vertex  2.770167e+01  1.918498e+01  0.000000e+00
     vertex  2.200000e+01  1.710000e+01  0.000000e+00
     vertex  2.762493e+01  1.922166e+01  0.000000e+00
   endloop
 endfacet
 facet normal  0.000000e+00 -0.000000e+00 -1.000000e+00
   outer loop
     vertex  2.617614e+01  2.072101e+01  0.000000e+00
     vertex  2.621229e+01  2.064402e+01  0.000000e+00
     vertex  2.200000e+01  1.710000e+01  0.000000e+00
   endloop
 endfacet
 facet normal -0.000000e+00  0.000000e+00 -1.000000e+00
   outer loop
     vertex  2.777939e+01  1.915042e+01  0.000000e+00
     vertex  2.200000e+01  1.710000e+01  0.000000e+00
     vertex  2.770167e+01  1.918498e+01  0.000000e+00
   endloop
 endfacet
 facet normal  0.000000e+00 -0.000000e+00 -1.000000e+00
   outer loop
     vertex  2.614211e+01  2.079896e+01  0.000000e+00
     vertex  2.617614e+01  2.072101e+01  0.000000e+00
     vertex  2.200000e+01  1.710000e+01  0.000000e+00
   endloop
 endfacet
 facet normal -0.000000e+00  0.000000e+00 -1.000000e+00
   outer loop
     vertex  2.785802e+01  1.911801e+01  0.000000e+00
     vertex  2.200000e+01  1.710000e+01  0.000000e+00
     vertex  2.777939e+01  1.915042e+01  0.000000e+00
   endloop
 endfacet
 facet normal  0.000000e+00 -0.000000e+00 -1.000000e+00
   outer loop
     vertex  2.611024e+01  2.087782e+01  0.000000e+00
     vertex  2.614211e+01  2.079896e+01  0.000000e+00
     vertex  2.200000e+01  1.710000e+01  0.000000e+00
   endloop
 endfacet
 facet normal -0.000000e+00  0.000000e+00 -1.000000e+00
   outer loop
     vertex  2.793752e+01  1.908776e+01  0.000000e+00
     vertex  2.200000e+01  1.710000e+01  0.000000e+00
     vertex  2.785802e+01  1.911801e+01  0.000000e+00
   endloop
 endfacet
 facet normal  0.000000e+00 -0.000000e+00 -1.000000e+00
   outer loop
     vertex  2.608054e+01  2.095752e+01  0.000000e+00
     vertex  2.611024e+01  2.087782e+01  0.000000e+00
     vertex  2.200000e+01  1.710000e+01  0.000000e+00
   endloop
 endfacet
 facet normal -0.000000e+00  0.000000e+00 -1.000000e+00
   outer loop
     vertex  2.801781e+01  1.905971e+01  0.000000e+00
     vertex  2.200000e+01  1.710000e+01  0.000000e+00
     vertex  2.793752e+01  1.908776e+01  0.000000e+00
   endloop
 endfacet
 facet normal  0.000000e+00 -0.000000e+00 -1.000000e+00
   outer loop
     vertex  2.605304e+01  2.103800e+01  0.000000e+00
     vertex  2.608054e+01  2.095752e+01  0.000000e+00
     vertex  2.200000e+01  1.710000e+01  0.000000e+00
   endloop
 endfacet
 facet normal -0.000000e+00  0.000000e+00 -1.000000e+00
   outer loop
     vertex  2.809885e+01  1.903387e+01  0.000000e+00
     vertex  2.200000e+01  1.710000e+01  0.000000e+00
     vertex  2.801781e+01  1.905971e+01  0.000000e+00
   endloop
 endfacet
 facet normal  0.000000e+00 -0.000000e+00 -1.000000e+00
   outer loop
     vertex  2.602776e+01  2.111921e+01  0.000000e+00
     vertex  2.605304e+01  2.103800e+01  0.000000e+00
     vertex  2.200000e+01  1.710000e+01  0.000000e+00
   endloop
 endfacet
 facet normal -0.000000e+00  0.000000e+00 -1.000000e+00
   outer loop
     vertex  2.818056e+01  1.901027e+01  0.000000e+00
     vertex  2.200000e+01  1.710000e+01  0.000000e+00
     vertex  2.809885e+01  1.903387e+01  0.000000e+00
   endloop
 endfacet
 facet normal  0.000000e+00 -0.000000e+00 -1.000000e+00
   outer loop
     vertex  2.600471e+01  2.120108e+01  0.000000e+00
     vertex  2.602776e+01  2.111921e+01  0.000000e+00
     vertex  2.200000e+01  1.710000e+01  0.000000e+00
   endloop
 endfacet
 facet normal -0.000000e+00  0.000000e+00 -1.000000e+00
   outer loop
     vertex  2.826289e+01  1.898891e+01  0.000000e+00
     vertex  2.200000e+01  1.710000e+01  0.000000e+00
     vertex  2.818056e+01  1.901027e+01  0.000000e+00
   endloop
 endfacet
 facet normal  0.000000e+00 -0.000000e+00 -1.000000e+00
   outer loop
     vertex  2.598392e+01  2.128356e+01  0.000000e+00
     vertex  2.600471e+01  2.120108e+01  0.000000e+00
     vertex  2.200000e+01  1.710000e+01  0.000000e+00
   endloop
 endfacet
 facet normal -0.000000e+00  0.000000e+00 -1.000000e+00
   outer loop
     vertex  2.834577e+01  1.896982e+01  0.000000e+00
     vertex  2.200000e+01  1.710000e+01  0.000000e+00
     vertex  2.826289e+01  1.898891e+01  0.000000e+00
   endloop
 endfacet
 facet normal  0.000000e+00 -0.000000e+00 -1.000000e+00
   outer loop
     vertex  2.596540e+01  2.136657e+01  0.000000e+00
     vertex  2.598392e+01  2.128356e+01  0.000000e+00
     vertex  2.200000e+01  1.710000e+01  0.000000e+00
   endloop
 endfacet
 facet normal -0.000000e+00  0.000000e+00 -1.000000e+00
   outer loop
     vertex  2.842915e+01  1.895301e+01  0.000000e+00
     vertex  2.200000e+01  1.710000e+01  0.000000e+00
     vertex  2.834577e+01  1.896982e+01  0.000000e+00
   endloop
 endfacet
 facet normal  0.000000e+00 -0.000000e+00 -1.000000e+00
   outer loop
     vertex  2.594917e+01  2.145006e+01  0.000000e+00
     vertex  2.596540e+01  2.136657e+01  0.000000e+00
     vertex  2.200000e+01  1.710000e+01  0.000000e+00
   endloop
 endfacet
 facet normal -0.000000e+00  0.000000e+00 -1.000000e+00
   outer loop
     vertex  2.851295e+01  1.893850e+01  0.000000e+00
     vertex  2.200000e+01  1.710000e+01  0.000000e+00
     vertex  2.842915e+01  1.895301e+01  0.000000e+00
   endloop
 endfacet
 facet normal  0.000000e+00 -0.000000e+00 -1.000000e+00
   outer loop
     vertex  2.593523e+01  2.153396e+01  0.000000e+00
     vertex  2.594917e+01  2.145006e+01  0.000000e+00
     vertex  2.200000e+01  1.710000e+01  0.000000e+00
   endloop
 endfacet
 facet normal -0.000000e+00  0.000000e+00 -1.000000e+00
   outer loop
     vertex  2.859713e+01  1.892629e+01  0.000000e+00
     vertex  2.200000e+01  1.710000e+01  0.000000e+00
     vertex  2.851295e+01  1.893850e+01  0.000000e+00
   endloop
 endfacet
 facet normal  0.000000e+00 -0.000000e+00 -1.000000e+00
   outer loop
     vertex  2.592360e+01  2.161822e+01  0.000000e+00
     vertex  2.593523e+01  2.153396e+01  0.000000e+00
     vertex  2.200000e+01  1.710000e+01  0.000000e+00
   endloop
 endfacet
 facet normal  0.000000e+00 -0.000000e+00 -1.000000e+00
   outer loop
     vertex  2.591428e+01  2.170276e+01  0.000000e+00
     vertex  2.592360e+01  2.161822e+01  0.000000e+00
     vertex  2.200000e+01  1.710000e+01  0.000000e+00
   endloop
 endfacet
 facet normal  0.000000e+00 -0.000000e+00 -1.000000e+00
   outer loop
     vertex  2.590729e+01  2.178753e+01  0.000000e+00
     vertex  2.591428e+01  2.170276e+01  0.000000e+00
     vertex  2.200000e+01  1.710000e+01  0.000000e+00
   endloop
 endfacet
 facet normal  0.000000e+00 -0.000000e+00 -1.000000e+00
   outer loop
     vertex  2.590263e+01  2.187245e+01  0.000000e+00
     vertex  2.590729e+01  2.178753e+01  0.000000e+00
     vertex  2.200000e+01  1.710000e+01  0.000000e+00
   endloop
 endfacet
 facet normal  0.000000e+00 -0.000000e+00 -1.000000e+00
   outer loop
     vertex  2.590029e+01  2.195747e+01  0.000000e+00
     vertex  2.590263e+01  2.187245e+01  0.000000e+00
     vertex  2.200000e+01  1.710000e+01  0.000000e+00
   endloop
 endfacet
 facet normal  0.000000e+00 -0.000000e+00 -1.000000e+00
   outer loop
     vertex  2.590029e+01  2.204253e+01  0.000000e+00
     vertex  2.590029e+01  2.195747e+01  0.000000e+00
     vertex  2.200000e+01  1.710000e+01  0.000000e+00
   endloop
 endfacet
 facet normal  0.000000e+00  0.000000e+00 -1.000000e+00
   outer loop
     vertex  2.590263e+01  2.212755e+01  0.000000e+00
     vertex  2.590029e+01  2.204253e+01  0.000000e+00
     vertex  2.200000e+01  1.710000e+01  0.000000e+00
   endloop
 endfacet
 facet normal  0.000000e+00  0.000000e+00 -1.000000e+00
   outer loop
     vertex  2.590729e+01  2.221247e+01  0.000000e+00
     vertex  2.590263e+01  2.212755e+01  0.000000e+00
     vertex  2.200000e+01  1.710000e+01  0.000000e+00
   endloop
 endfacet
 facet normal  0.000000e+00  0.000000e+00 -1.000000e+00
   outer loop
     vertex  2.591428e+01  2.229724e+01  0.000000e+00
     vertex  2.590729e+01  2.221247e+01  0.000000e+00
     vertex  2.200000e+01  1.710000e+01  0.000000e+00
   endloop
 endfacet
 facet normal -0.000000e+00  0.000000e+00 -1.000000e+00
   outer loop
     vertex  2.592360e+01  2.238178e+01  0.000000e+00
     vertex  1.298195e+01  2.232859e+01  0.000000e+00
     vertex  1.297181e+01  2.241027e+01  0.000000e+00
   endloop
 endfacet
 facet normal  0.000000e+00  0.000000e+00 -1.000000e+00
   outer loop
     vertex  2.592360e+01  2.238178e+01  0.000000e+00
     vertex  2.200000e+01  1.710000e+01  0.000000e+00
     vertex  1.298195e+01  2.232859e+01  0.000000e+00
   endloop
 endfacet
 facet normal  0.000000e+00  0.000000e+00 -1.000000e+00
   outer loop
     vertex  2.592360e+01  2.238178e+01  0.000000e+00
     vertex  2.591428e+01  2.229724e+01  0.000000e+00
     vertex  2.200000e+01  1.710000e+01  0.000000e+00
   endloop
 endfacet
 facet normal  0.000000e+00  0.000000e+00 -1.000000e+00
   outer loop
     vertex  2.593523e+01  2.246604e+01  0.000000e+00
     vertex  2.592360e+01  2.238178e+01  0.000000e+00
     vertex  1.297181e+01  2.241027e+01  0.000000e+00
   endloop
 endfacet
 facet normal -0.000000e+00  0.000000e+00 -1.000000e+00
   outer loop
     vertex  2.593523e+01  2.246604e+01  0.000000e+00
     vertex  1.297181e+01  2.241027e+01  0.000000e+00
     vertex  1.295944e+01  2.249165e+01  0.000000e+00
   endloop
 endfacet
 facet normal  0.000000e+00  0.000000e+00 -1.000000e+00
   outer loop
     vertex  2.594917e+01  2.254994e+01  0.000000e+00
     vertex  2.593523e+01  2.246604e+01  0.000000e+00
     vertex  1.295944e+01  2.249165e+01  0.000000e+00
   endloop
 endfacet
 facet normal -0.000000e+00  0.000000e+00 -1.000000e+00
   outer loop
     vertex  2.594917e+01  2.254994e+01  0.000000e+00
     vertex  1.295944e+01  2.249165e+01  0.000000e+00
     vertex  1.294484e+01  2.257265e+01  0.000000e+00
   endloop
 endfacet
 facet normal -0.000000e+00  0.000000e+00 -1.000000e+00
   outer loop
     vertex  2.596540e+01  2.263343e+01  0.000000e+00
     vertex  1.294484e+01  2.257265e+01  0.000000e+00
     vertex  1.292802e+01  2.265322e+01  0.000000e+00
   endloop
 endfacet
 facet normal  0.000000e+00  0.000000e+00 -1.000000e+00
   outer loop
     vertex  2.596540e+01  2.263343e+01  0.000000e+00
     vertex  2.594917e+01  2.254994e+01  0.000000e+00
     vertex  1.294484e+01  2.257265e+01  0.000000e+00
   endloop
 endfacet
 facet normal  0.000000e+00  0.000000e+00 -1.000000e+00
   outer loop
     vertex  2.598392e+01  2.271644e+01  0.000000e+00
     vertex  2.596540e+01  2.263343e+01  0.000000e+00
     vertex  1.292802e+01  2.265322e+01  0.000000e+00
   endloop
 endfacet
 facet normal -0.000000e+00  0.000000e+00 -1.000000e+00
   outer loop
     vertex  2.598392e+01  2.271644e+01  0.000000e+00
     vertex  1.292802e+01  2.265322e+01  0.000000e+00
     vertex  1.290900e+01  2.273331e+01  0.000000e+00
   endloop
 endfacet
 facet normal -0.000000e+00  0.000000e+00 -1.000000e+00
   outer loop
     vertex  2.600471e+01  2.279892e+01  0.000000e+00
     vertex  1.290900e+01  2.273331e+01  0.000000e+00
     vertex  1.288778e+01  2.281284e+01  0.000000e+00
   endloop
 endfacet
 facet normal  0.000000e+00  0.000000e+00 -1.000000e+00
   outer loop
     vertex  2.600471e+01  2.279892e+01  0.000000e+00
     vertex  2.598392e+01  2.271644e+01  0.000000e+00
     vertex  1.290900e+01  2.273331e+01  0.000000e+00
   endloop
 endfacet
 facet normal  0.000000e+00  0.000000e+00 -1.000000e+00
   outer loop
     vertex  2.602776e+01  2.288079e+01  0.000000e+00
     vertex  2.600471e+01  2.279892e+01  0.000000e+00
     vertex  1.288778e+01  2.281284e+01  0.000000e+00
   endloop
 endfacet
 facet normal -0.000000e+00  0.000000e+00 -1.000000e+00
   outer loop
     vertex  2.602776e+01  2.288079e+01  0.000000e+00
     vertex  1.288778e+01  2.281284e+01  0.000000e+00
     vertex  1.286440e+01  2.289175e+01  0.000000e+00
   endloop
 endfacet
 facet normal  0.000000e+00  0.000000e+00 -1.000000e+00
   outer loop
     vertex  2.605304e+01  2.296200e+01  0.000000e+00
     vertex  2.602776e+01  2.288079e+01  0.000000e+00
     vertex  1.286440e+01  2.289175e+01  0.000000e+00
   endloop
 endfacet
 facet normal -0.000000e+00  0.000000e+00 -1.000000e+00
   outer loop
     vertex  2.605304e+01  2.296200e+01  0.000000e+00
     vertex  1.286440e+01  2.289175e+01  0.000000e+00
     vertex  1.283886e+01  2.297000e+01  0.000000e+00
   endloop
 endfacet
 facet normal  0.000000e+00  0.000000e+00 -1.000000e+00
   outer loop
     vertex  2.608054e+01  2.304248e+01  0.000000e+00
     vertex  2.605304e+01  2.296200e+01  0.000000e+00
     vertex  1.283886e+01  2.297000e+01  0.000000e+00
   endloop
 endfacet
 facet normal -0.000000e+00  0.000000e+00 -1.000000e+00
   outer loop
     vertex  2.608054e+01  2.304248e+01  0.000000e+00
     vertex  1.283886e+01  2.297000e+01  0.000000e+00
     vertex  1.281118e+01  2.304752e+01  0.000000e+00
   endloop
 endfacet
 facet normal -0.000000e+00  0.000000e+00 -1.000000e+00
   outer loop
     vertex  2.611024e+01  2.312218e+01  0.000000e+00
     vertex  1.281118e+01  2.304752e+01  0.000000e+00
     vertex  1.278138e+01  2.312424e+01  0.000000e+00
   endloop
 endfacet
 facet normal  0.000000e+00  0.000000e+00 -1.000000e+00
   outer loop
     vertex  2.611024e+01  2.312218e+01  0.000000e+00
     vertex  2.608054e+01  2.304248e+01  0.000000e+00
     vertex  1.281118e+01  2.304752e+01  0.000000e+00
   endloop
 endfacet
 facet normal  0.000000e+00  0.000000e+00 -1.000000e+00
   outer loop
     vertex  2.614211e+01  2.320104e+01  0.000000e+00
     vertex  1.278138e+01  2.312424e+01  0.000000e+00
     vertex  1.274949e+01  2.320013e+01  0.000000e+00
   endloop
 endfacet
 facet normal  0.000000e+00  0.000000e+00 -1.000000e+00
   outer loop
     vertex  2.614211e+01  2.320104e+01  0.000000e+00
     vertex  2.611024e+01  2.312218e+01  0.000000e+00
     vertex  1.278138e+01  2.312424e+01  0.000000e+00
   endloop
 endfacet
 facet normal  0.000000e+00  0.000000e+00 -1.000000e+00
   outer loop
     vertex  2.617614e+01  2.327899e+01  0.000000e+00
     vertex  1.274949e+01  2.320013e+01  0.000000e+00
     vertex  1.271553e+01  2.327510e+01  0.000000e+00
   endloop
 endfacet
 facet normal  0.000000e+00  0.000000e+00 -1.000000e+00
   outer loop
     vertex  2.617614e+01  2.327899e+01  0.000000e+00
     vertex  2.614211e+01  2.320104e+01  0.000000e+00
     vertex  1.274949e+01  2.320013e+01  0.000000e+00
   endloop
 endfacet
 facet normal  0.000000e+00  0.000000e+00 -1.000000e+00
   outer loop
     vertex  2.621229e+01  2.335598e+01  0.000000e+00
     vertex  2.617614e+01  2.327899e+01  0.000000e+00
     vertex  1.271553e+01  2.327510e+01  0.000000e+00
   endloop
 endfacet
 facet normal  0.000000e+00  0.000000e+00 -1.000000e+00
   outer loop
     vertex  2.621229e+01  2.335598e+01  0.000000e+00
     vertex  1.271553e+01  2.327510e+01  0.000000e+00
     vertex  1.267953e+01  2.334912e+01  0.000000e+00
   endloop
 endfacet
 facet normal  0.000000e+00  0.000000e+00 -1.000000e+00
   outer loop
     vertex  2.625054e+01  2.343194e+01  0.000000e+00
     vertex  1.267953e+01  2.334912e+01  0.000000e+00
     vertex  1.264151e+01  2.342212e+01  0.000000e+00
   endloop
 endfacet
 facet normal  0.000000e+00  0.000000e+00 -1.000000e+00
   outer loop
     vertex  2.625054e+01  2.343194e+01  0.000000e+00
     vertex  2.621229e+01  2.335598e+01  0.000000e+00
     vertex  1.267953e+01  2.334912e+01  0.000000e+00
   endloop
 endfacet
 facet normal  0.000000e+00  0.000000e+00 -1.000000e+00
   outer loop
     vertex  2.629086e+01  2.350683e+01  0.000000e+00
     vertex  1.264151e+01  2.342212e+01  0.000000e+00
     vertex  1.260150e+01  2.349406e+01  0.000000e+00
   endloop
 endfacet
 facet normal  0.000000e+00  0.000000e+00 -1.000000e+00
   outer loop
     vertex  2.629086e+01  2.350683e+01  0.000000e+00
     vertex  2.625054e+01  2.343194e+01  0.000000e+00
     vertex  1.264151e+01  2.342212e+01  0.000000e+00
   endloop
 endfacet
 facet normal  0.000000e+00  0.000000e+00 -1.000000e+00
   outer loop
     vertex  2.633322e+01  2.358059e+01  0.000000e+00
     vertex  1.260150e+01  2.349406e+01  0.000000e+00
     vertex  1.255953e+01  2.356486e+01  0.000000e+00
   endloop
 endfacet
 facet normal  0.000000e+00  0.000000e+00 -1.000000e+00
   outer loop
     vertex  2.633322e+01  2.358059e+01  0.000000e+00
     vertex  2.629086e+01  2.350683e+01  0.000000e+00
     vertex  1.260150e+01  2.349406e+01  0.000000e+00
   endloop
 endfacet
 facet normal  0.000000e+00  0.000000e+00 -1.000000e+00
   outer loop
     vertex  2.637758e+01  2.365316e+01  0.000000e+00
     vertex  1.255953e+01  2.356486e+01  0.000000e+00
     vertex  1.251564e+01  2.363449e+01  0.000000e+00
   endloop
 endfacet
 facet normal  0.000000e+00  0.000000e+00 -1.000000e+00
   outer loop
     vertex  2.637758e+01  2.365316e+01  0.000000e+00
     vertex  2.633322e+01  2.358059e+01  0.000000e+00
     vertex  1.255953e+01  2.356486e+01  0.000000e+00
   endloop
 endfacet
 facet normal  0.000000e+00  0.000000e+00 -1.000000e+00
   outer loop
     vertex  2.642392e+01  2.372448e+01  0.000000e+00
     vertex  1.251564e+01  2.363449e+01  0.000000e+00
     vertex  1.246985e+01  2.370289e+01  0.000000e+00
   endloop
 endfacet
 facet normal  0.000000e+00  0.000000e+00 -1.000000e+00
   outer loop
     vertex  2.642392e+01  2.372448e+01  0.000000e+00
     vertex  2.637758e+01  2.365316e+01  0.000000e+00
     vertex  1.251564e+01  2.363449e+01  0.000000e+00
   endloop
 endfacet
 facet normal  0.000000e+00  0.000000e+00 -1.000000e+00
   outer loop
     vertex  2.647220e+01  2.379450e+01  0.000000e+00
     vertex  1.246985e+01  2.370289e+01  0.000000e+00
     vertex  1.242220e+01  2.377001e+01  0.000000e+00
   endloop
 endfacet
 facet normal  0.000000e+00  0.000000e+00 -1.000000e+00
   outer loop
     vertex  2.647220e+01  2.379450e+01  0.000000e+00
     vertex  2.642392e+01  2.372448e+01  0.000000e+00
     vertex  1.246985e+01  2.370289e+01  0.000000e+00
   endloop
 endfacet
 facet normal  0.000000e+00  0.000000e+00 -1.000000e+00
   outer loop
     vertex  2.652238e+01  2.386317e+01  0.000000e+00
     vertex  1.242220e+01  2.377001e+01  0.000000e+00
     vertex  1.237273e+01  2.383579e+01  0.000000e+00
   endloop
 endfacet
 facet normal  0.000000e+00  0.000000e+00 -1.000000e+00
   outer loop
     vertex  2.652238e+01  2.386317e+01  0.000000e+00
     vertex  2.647220e+01  2.379450e+01  0.000000e+00
     vertex  1.242220e+01  2.377001e+01  0.000000e+00
   endloop
 endfacet
 facet normal  0.000000e+00  0.000000e+00 -1.000000e+00
   outer loop
     vertex  2.657443e+01  2.393044e+01  0.000000e+00
     vertex  1.237273e+01  2.383579e+01  0.000000e+00
     vertex  1.232148e+01  2.390020e+01  0.000000e+00
   endloop
 endfacet
 facet normal  0.000000e+00  0.000000e+00 -1.000000e+00
   outer loop
     vertex  2.657443e+01  2.393044e+01  0.000000e+00
     vertex  2.652238e+01  2.386317e+01  0.000000e+00
     vertex  1.237273e+01  2.383579e+01  0.000000e+00
   endloop
 endfacet
 facet normal  0.000000e+00  0.000000e+00 -1.000000e+00
   outer loop
     vertex  2.662830e+01  2.399626e+01  0.000000e+00
     vertex  1.232148e+01  2.390020e+01  0.000000e+00
     vertex  1.226847e+01  2.396317e+01  0.000000e+00
   endloop
 endfacet
 facet normal  0.000000e+00  0.000000e+00 -1.000000e+00
   outer loop
     vertex  2.662830e+01  2.399626e+01  0.000000e+00
     vertex  2.657443e+01  2.393044e+01  0.000000e+00
     vertex  1.232148e+01  2.390020e+01  0.000000e+00
   endloop
 endfacet
 facet normal  0.000000e+00  0.000000e+00 -1.000000e+00
   outer loop
     vertex  2.668396e+01  2.406057e+01  0.000000e+00
     vertex  2.662830e+01  2.399626e+01  0.000000e+00
     vertex  1.226847e+01  2.396317e+01  0.000000e+00
   endloop
 endfacet
 facet normal  0.000000e+00  0.000000e+00 -1.000000e+00
   outer loop
     vertex  2.668396e+01  2.406057e+01  0.000000e+00
     vertex  1.226847e+01  2.396317e+01  0.000000e+00
     vertex  1.221376e+01  2.402466e+01  0.000000e+00
   endloop
 endfacet
 facet normal  0.000000e+00  0.000000e+00 -1.000000e+00
   outer loop
     vertex  2.674136e+01  2.412334e+01  0.000000e+00
     vertex  1.221376e+01  2.402466e+01  0.000000e+00
     vertex  1.215738e+01  2.408463e+01  0.000000e+00
   endloop
 endfacet
 facet normal  0.000000e+00  0.000000e+00 -1.000000e+00
   outer loop
     vertex  2.674136e+01  2.412334e+01  0.000000e+00
     vertex  2.668396e+01  2.406057e+01  0.000000e+00
     vertex  1.221376e+01  2.402466e+01  0.000000e+00
   endloop
 endfacet
 facet normal  0.000000e+00  0.000000e+00 -1.000000e+00
   outer loop
     vertex  2.680046e+01  2.418450e+01  0.000000e+00
     vertex  2.674136e+01  2.412334e+01  0.000000e+00
     vertex  1.215738e+01  2.408463e+01  0.000000e+00
   endloop
 endfacet
 facet normal  0.000000e+00  0.000000e+00 -1.000000e+00
   outer loop
     vertex  2.680046e+01  2.418450e+01  0.000000e+00
     vertex  1.215738e+01  2.408463e+01  0.000000e+00
     vertex  1.209938e+01  2.414303e+01  0.000000e+00
   endloop
 endfacet
 facet normal  0.000000e+00  0.000000e+00 -1.000000e+00
   outer loop
     vertex  2.686122e+01  2.424402e+01  0.000000e+00
     vertex  1.209938e+01  2.414303e+01  0.000000e+00
     vertex  1.203980e+01  2.419982e+01  0.000000e+00
   endloop
 endfacet
 facet normal  0.000000e+00  0.000000e+00 -1.000000e+00
   outer loop
     vertex  2.686122e+01  2.424402e+01  0.000000e+00
     vertex  2.680046e+01  2.418450e+01  0.000000e+00
     vertex  1.209938e+01  2.414303e+01  0.000000e+00
   endloop
 endfacet
 facet normal  0.000000e+00  0.000000e+00 -1.000000e+00
   outer loop
     vertex  2.692359e+01  2.430185e+01  0.000000e+00
     vertex  2.686122e+01  2.424402e+01  0.000000e+00
     vertex  1.203980e+01  2.419982e+01  0.000000e+00
   endloop
 endfacet
 facet normal  0.000000e+00  0.000000e+00 -1.000000e+00
   outer loop
     vertex  2.692359e+01  2.430185e+01  0.000000e+00
     vertex  1.203980e+01  2.419982e+01  0.000000e+00
     vertex  1.197868e+01  2.425495e+01  0.000000e+00
   endloop
 endfacet
 facet normal  0.000000e+00  0.000000e+00 -1.000000e+00
   outer loop
     vertex  2.698752e+01  2.435795e+01  0.000000e+00
     vertex  2.692359e+01  2.430185e+01  0.000000e+00
     vertex  1.197868e+01  2.425495e+01  0.000000e+00
   endloop
 endfacet
 facet normal  0.000000e+00  0.000000e+00 -1.000000e+00
   outer loop
     vertex  2.698752e+01  2.435795e+01  0.000000e+00
     vertex  1.197868e+01  2.425495e+01  0.000000e+00
     vertex  1.191607e+01  2.430839e+01  0.000000e+00
   endloop
 endfacet
 facet normal  0.000000e+00  0.000000e+00 -1.000000e+00
   outer loop
     vertex  2.705297e+01  2.441227e+01  0.000000e+00
     vertex  2.698752e+01  2.435795e+01  0.000000e+00
     vertex  1.191607e+01  2.430839e+01  0.000000e+00
   endloop
 endfacet
 facet normal  0.000000e+00  0.000000e+00 -1.000000e+00
   outer loop
     vertex  2.705297e+01  2.441227e+01  0.000000e+00
     vertex  1.191607e+01  2.430839e+01  0.000000e+00
     vertex  1.185203e+01  2.436009e+01  0.000000e+00
   endloop
 endfacet
 facet normal  0.000000e+00  0.000000e+00 -1.000000e+00
   outer loop
     vertex  2.711988e+01  2.446478e+01  0.000000e+00
     vertex  2.705297e+01  2.441227e+01  0.000000e+00
     vertex  1.185203e+01  2.436009e+01  0.000000e+00
   endloop
 endfacet
 facet normal  0.000000e+00  0.000000e+00 -1.000000e+00
   outer loop
     vertex  2.711988e+01  2.446478e+01  0.000000e+00
     vertex  1.185203e+01  2.436009e+01  0.000000e+00
     vertex  1.178658e+01  2.441001e+01  0.000000e+00
   endloop
 endfacet
 facet normal  0.000000e+00  0.000000e+00 -1.000000e+00
   outer loop
     vertex  2.718820e+01  2.451543e+01  0.000000e+00
     vertex  1.178658e+01  2.441001e+01  0.000000e+00
     vertex  1.171979e+01  2.445811e+01  0.000000e+00
   endloop
 endfacet
 facet normal  0.000000e+00  0.000000e+00 -1.000000e+00
   outer loop
     vertex  2.718820e+01  2.451543e+01  0.000000e+00
     vertex  2.711988e+01  2.446478e+01  0.000000e+00
     vertex  1.178658e+01  2.441001e+01  0.000000e+00
   endloop
 endfacet
 facet normal  0.000000e+00  0.000000e+00 -1.000000e+00
   outer loop
     vertex  2.725789e+01  2.456419e+01  0.000000e+00
     vertex  2.718820e+01  2.451543e+01  0.000000e+00
     vertex  1.171979e+01  2.445811e+01  0.000000e+00
   endloop
 endfacet
 facet normal  0.000000e+00  0.000000e+00 -1.000000e+00
   outer loop
     vertex  2.725789e+01  2.456419e+01  0.000000e+00
     vertex  1.171979e+01  2.445811e+01  0.000000e+00
     vertex  1.165171e+01  2.450437e+01  0.000000e+00
   endloop
 endfacet
 facet normal  0.000000e+00  0.000000e+00 -1.000000e+00
   outer loop
     vertex  2.732890e+01  2.461102e+01  0.000000e+00
     vertex  2.725789e+01  2.456419e+01  0.000000e+00
     vertex  1.165171e+01  2.450437e+01  0.000000e+00
   endloop
 endfacet
 facet normal  0.000000e+00  0.000000e+00 -1.000000e+00
   outer loop
     vertex  2.732890e+01  2.461102e+01  0.000000e+00
     vertex  1.165171e+01  2.450437e+01  0.000000e+00
     vertex  1.158238e+01  2.454874e+01  0.000000e+00
   endloop
 endfacet
 facet normal  0.000000e+00  0.000000e+00 -1.000000e+00
   outer loop
     vertex  2.740115e+01  2.465588e+01  0.000000e+00
     vertex  2.732890e+01  2.461102e+01  0.000000e+00
     vertex  1.158238e+01  2.454874e+01  0.000000e+00
   endloop
 endfacet
 facet normal  0.000000e+00  0.000000e+00 -1.000000e+00
   outer loop
     vertex  2.740115e+01  2.465588e+01  0.000000e+00
     vertex  1.158238e+01  2.454874e+01  0.000000e+00
     vertex  1.151187e+01  2.459119e+01  0.000000e+00
   endloop
 endfacet
 facet normal  0.000000e+00  0.000000e+00 -1.000000e+00
   outer loop
     vertex  2.747462e+01  2.469874e+01  0.000000e+00
     vertex  2.740115e+01  2.465588e+01  0.000000e+00
     vertex  1.151187e+01  2.459119e+01  0.000000e+00
   endloop
 endfacet
 facet normal  0.000000e+00  0.000000e+00 -1.000000e+00
   outer loop
     vertex  2.747462e+01  2.469874e+01  0.000000e+00
     vertex  1.151187e+01  2.459119e+01  0.000000e+00
     vertex  1.144021e+01  2.463169e+01  0.000000e+00
   endloop
 endfacet
 facet normal  0.000000e+00  0.000000e+00 -1.000000e+00
   outer loop
     vertex  2.754923e+01  2.473957e+01  0.000000e+00
     vertex  1.144021e+01  2.463169e+01  0.000000e+00
     vertex  1.136747e+01  2.467021e+01  0.000000e+00
   endloop
 endfacet
 facet normal  0.000000e+00  0.000000e+00 -1.000000e+00
   outer loop
     vertex  2.754923e+01  2.473957e+01  0.000000e+00
     vertex  2.747462e+01  2.469874e+01  0.000000e+00
     vertex  1.144021e+01  2.463169e+01  0.000000e+00
   endloop
 endfacet
 facet normal  0.000000e+00  0.000000e+00 -1.000000e+00
   outer loop
     vertex  2.762493e+01  2.477834e+01  0.000000e+00
     vertex  2.754923e+01  2.473957e+01  0.000000e+00
     vertex  1.136747e+01  2.467021e+01  0.000000e+00
   endloop
 endfacet
 facet normal  0.000000e+00  0.000000e+00 -1.000000e+00
   outer loop
     vertex  2.762493e+01  2.477834e+01  0.000000e+00
     vertex  1.136747e+01  2.467021e+01  0.000000e+00
     vertex  1.129370e+01  2.470672e+01  0.000000e+00
   endloop
 endfacet
 facet normal  0.000000e+00  0.000000e+00 -1.000000e+00
   outer loop
     vertex  2.770167e+01  2.481502e+01  0.000000e+00
     vertex  2.762493e+01  2.477834e+01  0.000000e+00
     vertex  1.129370e+01  2.470672e+01  0.000000e+00
   endloop
 endfacet
 facet normal  0.000000e+00  0.000000e+00 -1.000000e+00
   outer loop
     vertex  2.770167e+01  2.481502e+01  0.000000e+00
     vertex  1.129370e+01  2.470672e+01  0.000000e+00
     vertex  1.121896e+01  2.474119e+01  0.000000e+00
   endloop
 endfacet
 facet normal  0.000000e+00  0.000000e+00 -1.000000e+00
   outer loop
     vertex  2.777939e+01  2.484958e+01  0.000000e+00
     vertex  2.770167e+01  2.481502e+01  0.000000e+00
     vertex  1.121896e+01  2.474119e+01  0.000000e+00
   endloop
 endfacet
 facet normal  0.000000e+00  0.000000e+00 -1.000000e+00
   outer loop
     vertex  2.777939e+01  2.484958e+01  0.000000e+00
     vertex  1.121896e+01  2.474119e+01  0.000000e+00
     vertex  1.114330e+01  2.477360e+01  0.000000e+00
   endloop
 endfacet
 facet normal  0.000000e+00  0.000000e+00 -1.000000e+00
   outer loop
     vertex  2.785802e+01  2.488199e+01  0.000000e+00
     vertex  2.777939e+01  2.484958e+01  0.000000e+00
     vertex  1.114330e+01  2.477360e+01  0.000000e+00
   endloop
 endfacet
 facet normal  0.000000e+00  0.000000e+00 -1.000000e+00
   outer loop
     vertex  2.785802e+01  2.488199e+01  0.000000e+00
     vertex  1.114330e+01  2.477360e+01  0.000000e+00
     vertex  1.106677e+01  2.480392e+01  0.000000e+00
   endloop
 endfacet
 facet normal  0.000000e+00  0.000000e+00 -1.000000e+00
   outer loop
     vertex  2.793752e+01  2.491224e+01  0.000000e+00
     vertex  2.785802e+01  2.488199e+01  0.000000e+00
     vertex  1.106677e+01  2.480392e+01  0.000000e+00
   endloop
 endfacet
 facet normal  0.000000e+00  0.000000e+00 -1.000000e+00
   outer loop
     vertex  2.793752e+01  2.491224e+01  0.000000e+00
     vertex  1.106677e+01  2.480392e+01  0.000000e+00
     vertex  1.098945e+01  2.483214e+01  0.000000e+00
   endloop
 endfacet
 facet normal  0.000000e+00  0.000000e+00 -1.000000e+00
   outer loop
     vertex  2.801781e+01  2.494029e+01  0.000000e+00
     vertex  1.098945e+01  2.483214e+01  0.000000e+00
     vertex  1.091138e+01  2.485821e+01  0.000000e+00
   endloop
 endfacet
 facet normal  0.000000e+00  0.000000e+00 -1.000000e+00
   outer loop
     vertex  2.801781e+01  2.494029e+01  0.000000e+00
     vertex  2.793752e+01  2.491224e+01  0.000000e+00
     vertex  1.098945e+01  2.483214e+01  0.000000e+00
   endloop
 endfacet
 facet normal  0.000000e+00  0.000000e+00 -1.000000e+00
   outer loop
     vertex  2.809885e+01  2.496613e+01  0.000000e+00
     vertex  2.801781e+01  2.494029e+01  0.000000e+00
     vertex  1.091138e+01  2.485821e+01  0.000000e+00
   endloop
 endfacet
 facet normal  0.000000e+00  0.000000e+00 -1.000000e+00
   outer loop
     vertex  2.809885e+01  2.496613e+01  0.000000e+00
     vertex  1.091138e+01  2.485821e+01  0.000000e+00
     vertex  1.083262e+01  2.488214e+01  0.000000e+00
   endloop
 endfacet
 facet normal  0.000000e+00  0.000000e+00 -1.000000e+00
   outer loop
     vertex  3.610000e+01  1.710000e+01  0.000000e+00
     vertex  4.100000e+01  3.000000e+00  0.000000e+00
     vertex  3.610000e+01  3.000000e+00  0.000000e+00
   endloop
 endfacet
 facet normal  0.000000e+00  0.000000e+00 -1.000000e+00
   outer loop
     vertex  3.610000e+01  1.710000e+01  0.000000e+00
     vertex  2.944500e+01  1.893211e+01  0.000000e+00
     vertex  2.952900e+01  1.894547e+01  0.000000e+00
   endloop
 endfacet
 facet normal  0.000000e+00  0.000000e+00 -1.000000e+00
   outer loop
     vertex  3.610000e+01  1.710000e+01  0.000000e+00
     vertex  2.952900e+01  1.894547e+01  0.000000e+00
     vertex  2.961260e+01  1.896113e+01  0.000000e+00
   endloop
 endfacet
 facet normal  0.000000e+00  0.000000e+00 -1.000000e+00
   outer loop
     vertex  3.610000e+01  1.710000e+01  0.000000e+00
     vertex  2.961260e+01  1.896113e+01  0.000000e+00
     vertex  2.969574e+01  1.897908e+01  0.000000e+00
   endloop
 endfacet
 facet normal  0.000000e+00  0.000000e+00 -1.000000e+00
   outer loop
     vertex  3.610000e+01  1.710000e+01  0.000000e+00
     vertex  2.969574e+01  1.897908e+01  0.000000e+00
     vertex  2.977835e+01  1.899931e+01  0.000000e+00
   endloop
 endfacet
 facet normal  0.000000e+00  0.000000e+00 -1.000000e+00
   outer loop
     vertex  3.610000e+01  1.710000e+01  0.000000e+00
     vertex  2.977835e+01  1.899931e+01  0.000000e+00
     vertex  2.986038e+01  1.902179e+01  0.000000e+00
   endloop
 endfacet
 facet normal  0.000000e+00  0.000000e+00 -1.000000e+00
   outer loop
     vertex  3.610000e+01  1.710000e+01  0.000000e+00
     vertex  2.986038e+01  1.902179e+01  0.000000e+00
     vertex  2.994176e+01  1.904651e+01  0.000000e+00
   endloop
 endfacet
 facet normal  0.000000e+00  0.000000e+00 -1.000000e+00
   outer loop
     vertex  3.610000e+01  1.710000e+01  0.000000e+00
     vertex  2.994176e+01  1.904651e+01  0.000000e+00
     vertex  3.002243e+01  1.907346e+01  0.000000e+00
   endloop
 endfacet
 facet normal  0.000000e+00  0.000000e+00 -1.000000e+00
   outer loop
     vertex  3.610000e+01  1.710000e+01  0.000000e+00
     vertex  3.002243e+01  1.907346e+01  0.000000e+00
     vertex  3.010233e+01  1.910261e+01  0.000000e+00
   endloop
 endfacet
 facet normal  0.000000e+00  0.000000e+00 -1.000000e+00
   outer loop
     vertex  3.610000e+01  1.710000e+01  0.000000e+00
     vertex  3.010233e+01  1.910261e+01  0.000000e+00
     vertex  3.018141e+01  1.913394e+01  0.000000e+00
   endloop
 endfacet
 facet normal  0.000000e+00  0.000000e+00 -1.000000e+00
   outer loop
     vertex  3.610000e+01  1.710000e+01  0.000000e+00
     vertex  3.018141e+01  1.913394e+01  0.000000e+00
     vertex  3.025959e+01  1.916743e+01  0.000000e+00
   endloop
 endfacet
 facet normal  0.000000e+00  0.000000e+00 -1.000000e+00
   outer loop
     vertex  3.610000e+01  1.710000e+01  0.000000e+00
     vertex  3.025959e+01  1.916743e+01  0.000000e+00
     vertex  3.033682e+01  1.920305e+01  0.000000e+00
   endloop
 endfacet
 facet normal  0.000000e+00  0.000000e+00 -1.000000e+00
   outer loop
     vertex  3.610000e+01  1.710000e+01  0.000000e+00
     vertex  3.033682e+01  1.920305e+01  0.000000e+00
     vertex  3.041305e+01  1.924078e+01  0.000000e+00
   endloop
 endfacet
 facet normal  0.000000e+00  0.000000e+00 -1.000000e+00
   outer loop
     vertex  3.610000e+01  1.710000e+01  0.000000e+00
     vertex  3.041305e+01  1.924078e+01  0.000000e+00
     vertex  3.048822e+01  1.928059e+01  0.000000e+00
   endloop
 endfacet
 facet normal  0.000000e+00  0.000000e+00 -1.000000e+00
   outer loop
     vertex  3.610000e+01  1.710000e+01  0.000000e+00
     vertex  3.048822e+01  1.928059e+01  0.000000e+00
     vertex  3.056226e+01  1.932244e+01  0.000000e+00
   endloop
 endfacet
 facet normal  0.000000e+00  0.000000e+00 -1.000000e+00
   outer loop
     vertex  3.610000e+01  1.710000e+01  0.000000e+00
     vertex  3.056226e+01  1.932244e+01  0.000000e+00
     vertex  3.063513e+01  1.936630e+01  0.000000e+00
   endloop
 endfacet
 facet normal  0.000000e+00  0.000000e+00 -1.000000e+00
   outer loop
     vertex  3.610000e+01  1.710000e+01  0.000000e+00
     vertex  3.063513e+01  1.936630e+01  0.000000e+00
     vertex  3.070677e+01  1.941215e+01  0.000000e+00
   endloop
 endfacet
 facet normal  0.000000e+00  0.000000e+00 -1.000000e+00
   outer loop
     vertex  3.610000e+01  1.710000e+01  0.000000e+00
     vertex  3.070677e+01  1.941215e+01  0.000000e+00
     vertex  3.077712e+01  1.945995e+01  0.000000e+00
   endloop
 endfacet
 facet normal  0.000000e+00  0.000000e+00 -1.000000e+00
   outer loop
     vertex  3.610000e+01  1.710000e+01  0.000000e+00
     vertex  3.077712e+01  1.945995e+01  0.000000e+00
     vertex  3.084613e+01  1.950966e+01  0.000000e+00
   endloop
 endfacet
 facet normal  0.000000e+00  0.000000e+00 -1.000000e+00
   outer loop
     vertex  3.610000e+01  1.710000e+01  0.000000e+00
     vertex  3.084613e+01  1.950966e+01  0.000000e+00
     vertex  3.091376e+01  1.956125e+01  0.000000e+00
   endloop
 endfacet
 facet normal  0.000000e+00  0.000000e+00 -1.000000e+00
   outer loop
     vertex  3.610000e+01  1.710000e+01  0.000000e+00
     vertex  3.091376e+01  1.956125e+01  0.000000e+00
     vertex  3.097994e+01  1.961467e+01  0.000000e+00
   endloop
 endfacet
 facet normal  0.000000e+00  0.000000e+00 -1.000000e+00
   outer loop
     vertex  3.610000e+01  1.710000e+01  0.000000e+00
     vertex  3.097994e+01  1.961467e+01  0.000000e+00
     vertex  3.104464e+01  1.966988e+01  0.000000e+00
   endloop
 endfacet
 facet normal  0.000000e+00  0.000000e+00 -1.000000e+00
   outer loop
     vertex  3.610000e+01  1.710000e+01  0.000000e+00
     vertex  3.104464e+01  1.966988e+01  0.000000e+00
     vertex  3.110779e+01  1.972685e+01  0.000000e+00
   endloop
 endfacet
 facet normal  0.000000e+00  0.000000e+00 -1.000000e+00
   outer loop
     vertex  3.610000e+01  1.710000e+01  0.000000e+00
     vertex  3.110779e+01  1.972685e+01  0.000000e+00
     vertex  3.116936e+01  1.978553e+01  0.000000e+00
   endloop
 endfacet
 facet normal  0.000000e+00  0.000000e+00 -1.000000e+00
   outer loop
     vertex  3.610000e+01  1.710000e+01  0.000000e+00
     vertex  3.116936e+01  1.978553e+01  0.000000e+00
     vertex  3.122930e+01  1.984588e+01  0.000000e+00
   endloop
 endfacet
 facet normal  0.000000e+00  0.000000e+00 -1.000000e+00
   outer loop
     vertex  3.610000e+01  1.710000e+01  0.000000e+00
     vertex  3.122930e+01  1.984588e+01  0.000000e+00
     vertex  3.128755e+01  1.990785e+01  0.000000e+00
   endloop
 endfacet
 facet normal  0.000000e+00  0.000000e+00 -1.000000e+00
   outer loop
     vertex  3.610000e+01  1.710000e+01  0.000000e+00
     vertex  3.128755e+01  1.990785e+01  0.000000e+00
     vertex  3.134409e+01  1.997139e+01  0.000000e+00
   endloop
 endfacet
 facet normal  0.000000e+00  0.000000e+00 -1.000000e+00
   outer loop
     vertex  3.610000e+01  1.710000e+01  0.000000e+00
     vertex  3.134409e+01  1.997139e+01  0.000000e+00
     vertex  3.139886e+01  2.003646e+01  0.000000e+00
   endloop
 endfacet
 facet normal  0.000000e+00  0.000000e+00 -1.000000e+00
   outer loop
     vertex  3.610000e+01  1.710000e+01  0.000000e+00
     vertex  3.139886e+01  2.003646e+01  0.000000e+00
     vertex  3.145182e+01  2.010301e+01  0.000000e+00
   endloop
 endfacet
 facet normal  0.000000e+00  0.000000e+00 -1.000000e+00
   outer loop
     vertex  3.610000e+01  1.710000e+01  0.000000e+00
     vertex  3.145182e+01  2.010301e+01  0.000000e+00
     vertex  3.150294e+01  2.017099e+01  0.000000e+00
   endloop
 endfacet
 facet normal  0.000000e+00  0.000000e+00 -1.000000e+00
   outer loop
     vertex  3.610000e+01  1.710000e+01  0.000000e+00
     vertex  3.150294e+01  2.017099e+01  0.000000e+00
     vertex  3.155218e+01  2.024035e+01  0.000000e+00
   endloop
 endfacet
 facet normal  0.000000e+00  0.000000e+00 -1.000000e+00
   outer loop
     vertex  3.610000e+01  1.710000e+01  0.000000e+00
     vertex  3.155218e+01  2.024035e+01  0.000000e+00
     vertex  3.159949e+01  2.031102e+01  0.000000e+00
   endloop
 endfacet
 facet normal  0.000000e+00  0.000000e+00 -1.000000e+00
   outer loop
     vertex  3.610000e+01  1.710000e+01  0.000000e+00
     vertex  3.159949e+01  2.031102e+01  0.000000e+00
     vertex  3.164485e+01  2.038297e+01  0.000000e+00
   endloop
 endfacet
 facet normal  0.000000e+00  0.000000e+00 -1.000000e+00
   outer loop
     vertex  3.610000e+01  1.710000e+01  0.000000e+00
     vertex  3.164485e+01  2.038297e+01  0.000000e+00
     vertex  3.168822e+01  2.045614e+01  0.000000e+00
   endloop
 endfacet
 facet normal  0.000000e+00  0.000000e+00 -1.000000e+00
   outer loop
     vertex  3.610000e+01  1.710000e+01  0.000000e+00
     vertex  3.168822e+01  2.045614e+01  0.000000e+00
     vertex  3.172956e+01  2.053047e+01  0.000000e+00
   endloop
 endfacet
 facet normal  0.000000e+00  0.000000e+00 -1.000000e+00
   outer loop
     vertex  3.610000e+01  1.710000e+01  0.000000e+00
     vertex  3.172956e+01  2.053047e+01  0.000000e+00
     vertex  3.176885e+01  2.060591e+01  0.000000e+00
   endloop
 endfacet
 facet normal  0.000000e+00  0.000000e+00 -1.000000e+00
   outer loop
     vertex  3.610000e+01  1.710000e+01  0.000000e+00
     vertex  3.176885e+01  2.060591e+01  0.000000e+00
     vertex  3.180605e+01  2.068239e+01  0.000000e+00
   endloop
 endfacet
 facet normal  0.000000e+00  0.000000e+00 -1.000000e+00
   outer loop
     vertex  3.610000e+01  1.710000e+01  0.000000e+00
     vertex  3.180605e+01  2.068239e+01  0.000000e+00
     vertex  3.184114e+01  2.075987e+01  0.000000e+00
   endloop
 endfacet
 facet normal  0.000000e+00  0.000000e+00 -1.000000e+00
   outer loop
     vertex  3.610000e+01  1.710000e+01  0.000000e+00
     vertex  3.184114e+01  2.075987e+01  0.000000e+00
     vertex  3.187409e+01  2.083828e+01  0.000000e+00
   endloop
 endfacet
 facet normal  0.000000e+00  0.000000e+00 -1.000000e+00
   outer loop
     vertex  3.610000e+01  1.710000e+01  0.000000e+00
     vertex  3.187409e+01  2.083828e+01  0.000000e+00
     vertex  3.190488e+01  2.091757e+01  0.000000e+00
   endloop
 endfacet
 facet normal  0.000000e+00  0.000000e+00 -1.000000e+00
   outer loop
     vertex  3.610000e+01  1.710000e+01  0.000000e+00
     vertex  3.190488e+01  2.091757e+01  0.000000e+00
     vertex  3.193348e+01  2.099767e+01  0.000000e+00
   endloop
 endfacet
 facet normal  0.000000e+00  0.000000e+00 -1.000000e+00
   outer loop
     vertex  3.610000e+01  1.710000e+01  0.000000e+00
     vertex  3.193348e+01  2.099767e+01  0.000000e+00
     vertex  3.195988e+01  2.107852e+01  0.000000e+00
   endloop
 endfacet
 facet normal  0.000000e+00  0.000000e+00 -1.000000e+00
   outer loop
     vertex  3.610000e+01  1.710000e+01  0.000000e+00
     vertex  3.195988e+01  2.107852e+01  0.000000e+00
     vertex  3.198404e+01  2.116007e+01  0.000000e+00
   endloop
 endfacet
 facet normal  0.000000e+00 -0.000000e+00 -1.000000e+00
   outer loop
     vertex  3.200596e+01  2.124225e+01  0.000000e+00
     vertex  3.610000e+01  1.710000e+01  0.000000e+00
     vertex  3.198404e+01  2.116007e+01  0.000000e+00
   endloop
 endfacet
 facet normal  0.000000e+00 -0.000000e+00 -1.000000e+00
   outer loop
     vertex  3.202562e+01  2.132500e+01  0.000000e+00
     vertex  3.610000e+01  1.710000e+01  0.000000e+00
     vertex  3.200596e+01  2.124225e+01  0.000000e+00
   endloop
 endfacet
 facet normal  0.000000e+00 -0.000000e+00 -1.000000e+00
   outer loop
     vertex  3.204300e+01  2.140826e+01  0.000000e+00
     vertex  3.610000e+01  1.710000e+01  0.000000e+00
     vertex  3.202562e+01  2.132500e+01  0.000000e+00
   endloop
 endfacet
 facet normal  0.000000e+00 -0.000000e+00 -1.000000e+00
   outer loop
     vertex  3.205809e+01  2.149196e+01  0.000000e+00
     vertex  3.610000e+01  1.710000e+01  0.000000e+00
     vertex  3.204300e+01  2.140826e+01  0.000000e+00
   endloop
 endfacet
 facet normal  0.000000e+00 -0.000000e+00 -1.000000e+00
   outer loop
     vertex  3.207087e+01  2.157605e+01  0.000000e+00
     vertex  3.610000e+01  1.710000e+01  0.000000e+00
     vertex  3.205809e+01  2.149196e+01  0.000000e+00
   endloop
 endfacet
 facet normal  0.000000e+00 -0.000000e+00 -1.000000e+00
   outer loop
     vertex  3.208135e+01  2.166046e+01  0.000000e+00
     vertex  3.610000e+01  1.710000e+01  0.000000e+00
     vertex  3.207087e+01  2.157605e+01  0.000000e+00
   endloop
 endfacet
 facet normal  0.000000e+00 -0.000000e+00 -1.000000e+00
   outer loop
     vertex  3.208950e+01  2.174512e+01  0.000000e+00
     vertex  3.610000e+01  1.710000e+01  0.000000e+00
     vertex  3.208135e+01  2.166046e+01  0.000000e+00
   endloop
 endfacet
 facet normal  0.000000e+00 -0.000000e+00 -1.000000e+00
   outer loop
     vertex  3.209533e+01  2.182997e+01  0.000000e+00
     vertex  3.610000e+01  1.710000e+01  0.000000e+00
     vertex  3.208950e+01  2.174512e+01  0.000000e+00
   endloop
 endfacet
 facet normal  0.000000e+00 -0.000000e+00 -1.000000e+00
   outer loop
     vertex  3.209883e+01  2.191495e+01  0.000000e+00
     vertex  3.610000e+01  1.710000e+01  0.000000e+00
     vertex  3.209533e+01  2.182997e+01  0.000000e+00
   endloop
 endfacet
 facet normal  0.000000e+00 -0.000000e+00 -1.000000e+00
   outer loop
     vertex  3.210000e+01  2.200000e+01  0.000000e+00
     vertex  3.610000e+01  1.710000e+01  0.000000e+00
     vertex  3.209883e+01  2.191495e+01  0.000000e+00
   endloop
 endfacet
 facet normal  0.000000e+00  0.000000e+00 -1.000000e+00
   outer loop
     vertex  3.209883e+01  2.208505e+01  0.000000e+00
     vertex  3.610000e+01  1.710000e+01  0.000000e+00
     vertex  3.210000e+01  2.200000e+01  0.000000e+00
   endloop
 endfacet
 facet normal  0.000000e+00  0.000000e+00 -1.000000e+00
   outer loop
     vertex  3.209533e+01  2.217003e+01  0.000000e+00
     vertex  3.610000e+01  1.710000e+01  0.000000e+00
     vertex  3.209883e+01  2.208505e+01  0.000000e+00
   endloop
 endfacet
 facet normal  0.000000e+00  0.000000e+00 -1.000000e+00
   outer loop
     vertex  3.208950e+01  2.225488e+01  0.000000e+00
     vertex  3.610000e+01  1.710000e+01  0.000000e+00
     vertex  3.209533e+01  2.217003e+01  0.000000e+00
   endloop
 endfacet
 facet normal  0.000000e+00  0.000000e+00 -1.000000e+00
   outer loop
     vertex  3.208135e+01  2.233954e+01  0.000000e+00
     vertex  3.610000e+01  1.710000e+01  0.000000e+00
     vertex  3.208950e+01  2.225488e+01  0.000000e+00
   endloop
 endfacet
 facet normal -0.000000e+00  0.000000e+00 -1.000000e+00
   outer loop
     vertex  4.100000e+01  1.730000e+01  0.000000e+00
     vertex  3.610000e+01  1.710000e+01  0.000000e+00
     vertex  3.208135e+01  2.233954e+01  0.000000e+00
   endloop
 endfacet
 facet normal  0.000000e+00  0.000000e+00 -1.000000e+00
   outer loop
     vertex  4.100000e+01  1.730000e+01  0.000000e+00
     vertex  3.208135e+01  2.233954e+01  0.000000e+00
     vertex  3.207087e+01  2.242395e+01  0.000000e+00
   endloop
 endfacet
 facet normal  0.000000e+00 -0.000000e+00 -1.000000e+00
   outer loop
     vertex  4.100000e+01  1.730000e+01  0.000000e+00
     vertex  4.100000e+01  3.000000e+00  0.000000e+00
     vertex  3.610000e+01  1.710000e+01  0.000000e+00
   endloop
 endfacet
 facet normal  0.000000e+00  0.000000e+00 -1.000000e+00
   outer loop
     vertex  5.900000e+01  0.000000e+00  0.000000e+00
     vertex  3.610000e+01  3.000000e+00  0.000000e+00
     vertex  4.100000e+01  3.000000e+00  0.000000e+00
   endloop
 endfacet
 facet normal  0.000000e+00  0.000000e+00 -1.000000e+00
   outer loop
     vertex  5.900000e+01  0.000000e+00  0.000000e+00
     vertex  4.100000e+01  3.000000e+00  0.000000e+00
     vertex  5.530000e+01  3.000000e+00  0.000000e+00
   endloop
 endfacet
 facet normal  0.000000e+00  0.000000e+00 -1.000000e+00
   outer loop
     vertex  5.900000e+01  0.000000e+00  0.000000e+00
     vertex  0.000000e+00  0.000000e+00  0.000000e+00
     vertex  3.610000e+01  3.000000e+00  0.000000e+00
   endloop
 endfacet
 facet normal -0.000000e+00  0.000000e+00 -1.000000e+00
   outer loop
     vertex  4.579223e+01  1.968359e+01  0.000000e+00
     vertex  4.100000e+01  1.730000e+01  0.000000e+00
     vertex  4.572951e+01  1.974503e+01  0.000000e+00
   endloop
 endfacet
 facet normal  0.000000e+00 -0.000000e+00 -1.000000e+00
   outer loop
     vertex  4.566850e+01  1.980817e+01  0.000000e+00
     vertex  4.572951e+01  1.974503e+01  0.000000e+00
     vertex  4.100000e+01  1.730000e+01  0.000000e+00
   endloop
 endfacet
 facet normal -0.000000e+00  0.000000e+00 -1.000000e+00
   outer loop
     vertex  4.585661e+01  1.962390e+01  0.000000e+00
     vertex  4.100000e+01  1.730000e+01  0.000000e+00
     vertex  4.579223e+01  1.968359e+01  0.000000e+00
   endloop
 endfacet
 facet normal  0.000000e+00 -0.000000e+00 -1.000000e+00
   outer loop
     vertex  4.560925e+01  1.987296e+01  0.000000e+00
     vertex  4.566850e+01  1.980817e+01  0.000000e+00
     vertex  4.100000e+01  1.730000e+01  0.000000e+00
   endloop
 endfacet
 facet normal -0.000000e+00  0.000000e+00 -1.000000e+00
   outer loop
     vertex  4.592260e+01  1.956599e+01  0.000000e+00
     vertex  4.100000e+01  1.730000e+01  0.000000e+00
     vertex  4.585661e+01  1.962390e+01  0.000000e+00
   endloop
 endfacet
 facet normal  0.000000e+00 -0.000000e+00 -1.000000e+00
   outer loop
     vertex  4.555180e+01  1.993935e+01  0.000000e+00
     vertex  4.560925e+01  1.987296e+01  0.000000e+00
     vertex  4.100000e+01  1.730000e+01  0.000000e+00
   endloop
 endfacet
 facet normal -0.000000e+00  0.000000e+00 -1.000000e+00
   outer loop
     vertex  4.599016e+01  1.950991e+01  0.000000e+00
     vertex  4.100000e+01  1.730000e+01  0.000000e+00
     vertex  4.592260e+01  1.956599e+01  0.000000e+00
   endloop
 endfacet
 facet normal  0.000000e+00 -0.000000e+00 -1.000000e+00
   outer loop
     vertex  4.549619e+01  2.000729e+01  0.000000e+00
     vertex  4.555180e+01  1.993935e+01  0.000000e+00
     vertex  4.100000e+01  1.730000e+01  0.000000e+00
   endloop
 endfacet
 facet normal -0.000000e+00  0.000000e+00 -1.000000e+00
   outer loop
     vertex  4.605923e+01  1.945571e+01  0.000000e+00
     vertex  4.100000e+01  1.730000e+01  0.000000e+00
     vertex  4.599016e+01  1.950991e+01  0.000000e+00
   endloop
 endfacet
 facet normal  0.000000e+00 -0.000000e+00 -1.000000e+00
   outer loop
     vertex  4.544246e+01  2.007672e+01  0.000000e+00
     vertex  4.549619e+01  2.000729e+01  0.000000e+00
     vertex  4.100000e+01  1.730000e+01  0.000000e+00
   endloop
 endfacet
 facet normal -0.000000e+00  0.000000e+00 -1.000000e+00
   outer loop
     vertex  4.612976e+01  1.940343e+01  0.000000e+00
     vertex  4.100000e+01  1.730000e+01  0.000000e+00
     vertex  4.605923e+01  1.945571e+01  0.000000e+00
   endloop
 endfacet
 facet normal  0.000000e+00 -0.000000e+00 -1.000000e+00
   outer loop
     vertex  4.539066e+01  2.014761e+01  0.000000e+00
     vertex  4.544246e+01  2.007672e+01  0.000000e+00
     vertex  4.100000e+01  1.730000e+01  0.000000e+00
   endloop
 endfacet
 facet normal -0.000000e+00  0.000000e+00 -1.000000e+00
   outer loop
     vertex  4.620170e+01  1.935310e+01  0.000000e+00
     vertex  4.100000e+01  1.730000e+01  0.000000e+00
     vertex  4.612976e+01  1.940343e+01  0.000000e+00
   endloop
 endfacet
 facet normal  0.000000e+00 -0.000000e+00 -1.000000e+00
   outer loop
     vertex  4.534082e+01  2.021989e+01  0.000000e+00
     vertex  4.539066e+01  2.014761e+01  0.000000e+00
     vertex  4.100000e+01  1.730000e+01  0.000000e+00
   endloop
 endfacet
 facet normal -0.000000e+00  0.000000e+00 -1.000000e+00
   outer loop
     vertex  4.627499e+01  1.930476e+01  0.000000e+00
     vertex  4.100000e+01  1.730000e+01  0.000000e+00
     vertex  4.620170e+01  1.935310e+01  0.000000e+00
   endloop
 endfacet
 facet normal  0.000000e+00 -0.000000e+00 -1.000000e+00
   outer loop
     vertex  4.529299e+01  2.029352e+01  0.000000e+00
     vertex  4.534082e+01  2.021989e+01  0.000000e+00
     vertex  4.100000e+01  1.730000e+01  0.000000e+00
   endloop
 endfacet
 facet normal -0.000000e+00  0.000000e+00 -1.000000e+00
   outer loop
     vertex  4.634958e+01  1.925845e+01  0.000000e+00
     vertex  4.100000e+01  1.730000e+01  0.000000e+00
     vertex  4.627499e+01  1.930476e+01  0.000000e+00
   endloop
 endfacet
 facet normal  0.000000e+00 -0.000000e+00 -1.000000e+00
   outer loop
     vertex  4.524719e+01  2.036842e+01  0.000000e+00
     vertex  4.529299e+01  2.029352e+01  0.000000e+00
     vertex  4.100000e+01  1.730000e+01  0.000000e+00
   endloop
 endfacet
 facet normal -0.000000e+00  0.000000e+00 -1.000000e+00
   outer loop
     vertex  4.642541e+01  1.921420e+01  0.000000e+00
     vertex  4.100000e+01  1.730000e+01  0.000000e+00
     vertex  4.634958e+01  1.925845e+01  0.000000e+00
   endloop
 endfacet
 facet normal  0.000000e+00 -0.000000e+00 -1.000000e+00
   outer loop
     vertex  4.520347e+01  2.044456e+01  0.000000e+00
     vertex  4.524719e+01  2.036842e+01  0.000000e+00
     vertex  4.100000e+01  1.730000e+01  0.000000e+00
   endloop
 endfacet
 facet normal -0.000000e+00  0.000000e+00 -1.000000e+00
   outer loop
     vertex  4.650243e+01  1.917205e+01  0.000000e+00
     vertex  4.100000e+01  1.730000e+01  0.000000e+00
     vertex  4.642541e+01  1.921420e+01  0.000000e+00
   endloop
 endfacet
 facet normal  0.000000e+00 -0.000000e+00 -1.000000e+00
   outer loop
     vertex  4.516185e+01  2.052186e+01  0.000000e+00
     vertex  4.520347e+01  2.044456e+01  0.000000e+00
     vertex  4.100000e+01  1.730000e+01  0.000000e+00
   endloop
 endfacet
 facet normal -0.000000e+00  0.000000e+00 -1.000000e+00
   outer loop
     vertex  4.658058e+01  1.913203e+01  0.000000e+00
     vertex  4.100000e+01  1.730000e+01  0.000000e+00
     vertex  4.650243e+01  1.917205e+01  0.000000e+00
   endloop
 endfacet
 facet normal  0.000000e+00 -0.000000e+00 -1.000000e+00
   outer loop
     vertex  4.512236e+01  2.060028e+01  0.000000e+00
     vertex  4.516185e+01  2.052186e+01  0.000000e+00
     vertex  4.100000e+01  1.730000e+01  0.000000e+00
   endloop
 endfacet
 facet normal -0.000000e+00  0.000000e+00 -1.000000e+00
   outer loop
     vertex  4.665979e+01  1.909417e+01  0.000000e+00
     vertex  4.100000e+01  1.730000e+01  0.000000e+00
     vertex  4.658058e+01  1.913203e+01  0.000000e+00
   endloop
 endfacet
 facet normal  0.000000e+00 -0.000000e+00 -1.000000e+00
   outer loop
     vertex  4.508505e+01  2.067975e+01  0.000000e+00
     vertex  4.512236e+01  2.060028e+01  0.000000e+00
     vertex  4.100000e+01  1.730000e+01  0.000000e+00
   endloop
 endfacet
 facet normal -0.000000e+00  0.000000e+00 -1.000000e+00
   outer loop
     vertex  4.674001e+01  1.905850e+01  0.000000e+00
     vertex  4.100000e+01  1.730000e+01  0.000000e+00
     vertex  4.665979e+01  1.909417e+01  0.000000e+00
   endloop
 endfacet
 facet normal  0.000000e+00 -0.000000e+00 -1.000000e+00
   outer loop
     vertex  4.504992e+01  2.076022e+01  0.000000e+00
     vertex  4.508505e+01  2.067975e+01  0.000000e+00
     vertex  4.100000e+01  1.730000e+01  0.000000e+00
   endloop
 endfacet
 facet normal -0.000000e+00  0.000000e+00 -1.000000e+00
   outer loop
     vertex  4.682119e+01  1.902504e+01  0.000000e+00
     vertex  4.100000e+01  1.730000e+01  0.000000e+00
     vertex  4.674001e+01  1.905850e+01  0.000000e+00
   endloop
 endfacet
 facet normal  0.000000e+00 -0.000000e+00 -1.000000e+00
   outer loop
     vertex  4.501702e+01  2.084162e+01  0.000000e+00
     vertex  4.504992e+01  2.076022e+01  0.000000e+00
     vertex  4.100000e+01  1.730000e+01  0.000000e+00
   endloop
 endfacet
 facet normal -0.000000e+00  0.000000e+00 -1.000000e+00
   outer loop
     vertex  4.690324e+01  1.899382e+01  0.000000e+00
     vertex  4.100000e+01  1.730000e+01  0.000000e+00
     vertex  4.682119e+01  1.902504e+01  0.000000e+00
   endloop
 endfacet
 facet normal  0.000000e+00 -0.000000e+00 -1.000000e+00
   outer loop
     vertex  4.498637e+01  2.092389e+01  0.000000e+00
     vertex  4.501702e+01  2.084162e+01  0.000000e+00
     vertex  4.100000e+01  1.730000e+01  0.000000e+00
   endloop
 endfacet
 facet normal -0.000000e+00  0.000000e+00 -1.000000e+00
   outer loop
     vertex  4.698613e+01  1.896486e+01  0.000000e+00
     vertex  4.100000e+01  1.730000e+01  0.000000e+00
     vertex  4.690324e+01  1.899382e+01  0.000000e+00
   endloop
 endfacet
 facet normal  0.000000e+00 -0.000000e+00 -1.000000e+00
   outer loop
     vertex  4.495798e+01  2.100697e+01  0.000000e+00
     vertex  4.498637e+01  2.092389e+01  0.000000e+00
     vertex  4.100000e+01  1.730000e+01  0.000000e+00
   endloop
 endfacet
 facet normal -0.000000e+00  0.000000e+00 -1.000000e+00
   outer loop
     vertex  4.706978e+01  1.893819e+01  0.000000e+00
     vertex  4.100000e+01  1.730000e+01  0.000000e+00
     vertex  4.698613e+01  1.896486e+01  0.000000e+00
   endloop
 endfacet
 facet normal  0.000000e+00 -0.000000e+00 -1.000000e+00
   outer loop
     vertex  4.493188e+01  2.109080e+01  0.000000e+00
     vertex  4.495798e+01  2.100697e+01  0.000000e+00
     vertex  4.100000e+01  1.730000e+01  0.000000e+00
   endloop
 endfacet
 facet normal -0.000000e+00  0.000000e+00 -1.000000e+00
   outer loop
     vertex  4.715412e+01  1.891382e+01  0.000000e+00
     vertex  4.100000e+01  1.730000e+01  0.000000e+00
     vertex  4.706978e+01  1.893819e+01  0.000000e+00
   endloop
 endfacet
 facet normal  0.000000e+00 -0.000000e+00 -1.000000e+00
   outer loop
     vertex  4.490809e+01  2.117531e+01  0.000000e+00
     vertex  4.493188e+01  2.109080e+01  0.000000e+00
     vertex  4.100000e+01  1.730000e+01  0.000000e+00
   endloop
 endfacet
 facet normal -0.000000e+00  0.000000e+00 -1.000000e+00
   outer loop
     vertex  4.723911e+01  1.889178e+01  0.000000e+00
     vertex  4.100000e+01  1.730000e+01  0.000000e+00
     vertex  4.715412e+01  1.891382e+01  0.000000e+00
   endloop
 endfacet
 facet normal  0.000000e+00 -0.000000e+00 -1.000000e+00
   outer loop
     vertex  4.488663e+01  2.126045e+01  0.000000e+00
     vertex  4.490809e+01  2.117531e+01  0.000000e+00
     vertex  4.100000e+01  1.730000e+01  0.000000e+00
   endloop
 endfacet
 facet normal -0.000000e+00  0.000000e+00 -1.000000e+00
   outer loop
     vertex  4.732467e+01  1.887207e+01  0.000000e+00
     vertex  4.100000e+01  1.730000e+01  0.000000e+00
     vertex  4.723911e+01  1.889178e+01  0.000000e+00
   endloop
 endfacet
 facet normal  0.000000e+00 -0.000000e+00 -1.000000e+00
   outer loop
     vertex  4.486751e+01  2.134614e+01  0.000000e+00
     vertex  4.488663e+01  2.126045e+01  0.000000e+00
     vertex  4.100000e+01  1.730000e+01  0.000000e+00
   endloop
 endfacet
 facet normal -0.000000e+00  0.000000e+00 -1.000000e+00
   outer loop
     vertex  4.741073e+01  1.885472e+01  0.000000e+00
     vertex  4.100000e+01  1.730000e+01  0.000000e+00
     vertex  4.732467e+01  1.887207e+01  0.000000e+00
   endloop
 endfacet
 facet normal  0.000000e+00 -0.000000e+00 -1.000000e+00
   outer loop
     vertex  4.485076e+01  2.143232e+01  0.000000e+00
     vertex  4.486751e+01  2.134614e+01  0.000000e+00
     vertex  4.100000e+01  1.730000e+01  0.000000e+00
   endloop
 endfacet
 facet normal -0.000000e+00  0.000000e+00 -1.000000e+00
   outer loop
     vertex  4.749724e+01  1.883974e+01  0.000000e+00
     vertex  4.100000e+01  1.730000e+01  0.000000e+00
     vertex  4.741073e+01  1.885472e+01  0.000000e+00
   endloop
 endfacet
 facet normal  0.000000e+00 -0.000000e+00 -1.000000e+00
   outer loop
     vertex  4.483637e+01  2.151893e+01  0.000000e+00
     vertex  4.485076e+01  2.143232e+01  0.000000e+00
     vertex  4.100000e+01  1.730000e+01  0.000000e+00
   endloop
 endfacet
 facet normal  0.000000e+00 -0.000000e+00 -1.000000e+00
   outer loop
     vertex  4.482436e+01  2.160590e+01  0.000000e+00
     vertex  4.483637e+01  2.151893e+01  0.000000e+00
     vertex  4.100000e+01  1.730000e+01  0.000000e+00
   endloop
 endfacet
 facet normal  0.000000e+00 -0.000000e+00 -1.000000e+00
   outer loop
     vertex  4.481474e+01  2.169317e+01  0.000000e+00
     vertex  4.482436e+01  2.160590e+01  0.000000e+00
     vertex  4.100000e+01  1.730000e+01  0.000000e+00
   endloop
 endfacet
 facet normal  0.000000e+00 -0.000000e+00 -1.000000e+00
   outer loop
     vertex  4.480753e+01  2.178067e+01  0.000000e+00
     vertex  4.481474e+01  2.169317e+01  0.000000e+00
     vertex  4.100000e+01  1.730000e+01  0.000000e+00
   endloop
 endfacet
 facet normal  0.000000e+00 -0.000000e+00 -1.000000e+00
   outer loop
     vertex  4.480271e+01  2.186834e+01  0.000000e+00
     vertex  4.480753e+01  2.178067e+01  0.000000e+00
     vertex  4.100000e+01  1.730000e+01  0.000000e+00
   endloop
 endfacet
 facet normal  0.000000e+00 -0.000000e+00 -1.000000e+00
   outer loop
     vertex  4.480030e+01  2.195610e+01  0.000000e+00
     vertex  4.480271e+01  2.186834e+01  0.000000e+00
     vertex  4.100000e+01  1.730000e+01  0.000000e+00
   endloop
 endfacet
 facet normal  0.000000e+00 -0.000000e+00 -1.000000e+00
   outer loop
     vertex  4.480030e+01  2.204390e+01  0.000000e+00
     vertex  4.480030e+01  2.195610e+01  0.000000e+00
     vertex  4.100000e+01  1.730000e+01  0.000000e+00
   endloop
 endfacet
 facet normal  0.000000e+00  0.000000e+00 -1.000000e+00
   outer loop
     vertex  4.480271e+01  2.213166e+01  0.000000e+00
     vertex  4.480030e+01  2.204390e+01  0.000000e+00
     vertex  4.100000e+01  1.730000e+01  0.000000e+00
   endloop
 endfacet
 facet normal  0.000000e+00  0.000000e+00 -1.000000e+00
   outer loop
     vertex  4.480753e+01  2.221933e+01  0.000000e+00
     vertex  4.480271e+01  2.213166e+01  0.000000e+00
     vertex  4.100000e+01  1.730000e+01  0.000000e+00
   endloop
 endfacet
 facet normal  0.000000e+00  0.000000e+00 -1.000000e+00
   outer loop
     vertex  4.481474e+01  2.230683e+01  0.000000e+00
     vertex  4.480753e+01  2.221933e+01  0.000000e+00
     vertex  4.100000e+01  1.730000e+01  0.000000e+00
   endloop
 endfacet
 facet normal -0.000000e+00  0.000000e+00 -1.000000e+00
   outer loop
     vertex  4.482436e+01  2.239410e+01  0.000000e+00
     vertex  4.100000e+01  1.730000e+01  0.000000e+00
     vertex  3.207087e+01  2.242395e+01  0.000000e+00
   endloop
 endfacet
 facet normal  0.000000e+00  0.000000e+00 -1.000000e+00
   outer loop
     vertex  4.482436e+01  2.239410e+01  0.000000e+00
     vertex  4.481474e+01  2.230683e+01  0.000000e+00
     vertex  4.100000e+01  1.730000e+01  0.000000e+00
   endloop
 endfacet
 facet normal -0.000000e+00  0.000000e+00 -1.000000e+00
   outer loop
     vertex  4.483637e+01  2.248107e+01  0.000000e+00
     vertex  3.207087e+01  2.242395e+01  0.000000e+00
     vertex  3.205809e+01  2.250804e+01  0.000000e+00
   endloop
 endfacet
 facet normal  0.000000e+00  0.000000e+00 -1.000000e+00
   outer loop
     vertex  4.483637e+01  2.248107e+01  0.000000e+00
     vertex  4.482436e+01  2.239410e+01  0.000000e+00
     vertex  3.207087e+01  2.242395e+01  0.000000e+00
   endloop
 endfacet
 facet normal -0.000000e+00  0.000000e+00 -1.000000e+00
   outer loop
     vertex  4.485076e+01  2.256768e+01  0.000000e+00
     vertex  3.205809e+01  2.250804e+01  0.000000e+00
     vertex  3.204300e+01  2.259174e+01  0.000000e+00
   endloop
 endfacet
 facet normal  0.000000e+00  0.000000e+00 -1.000000e+00
   outer loop
     vertex  4.485076e+01  2.256768e+01  0.000000e+00
     vertex  4.483637e+01  2.248107e+01  0.000000e+00
     vertex  3.205809e+01  2.250804e+01  0.000000e+00
   endloop
 endfacet
 facet normal -0.000000e+00  0.000000e+00 -1.000000e+00
   outer loop
     vertex  4.486751e+01  2.265386e+01  0.000000e+00
     vertex  3.204300e+01  2.259174e+01  0.000000e+00
     vertex  3.202562e+01  2.267500e+01  0.000000e+00
   endloop
 endfacet
 facet normal  0.000000e+00  0.000000e+00 -1.000000e+00
   outer loop
     vertex  4.486751e+01  2.265386e+01  0.000000e+00
     vertex  4.485076e+01  2.256768e+01  0.000000e+00
     vertex  3.204300e+01  2.259174e+01  0.000000e+00
   endloop
 endfacet
 facet normal -0.000000e+00  0.000000e+00 -1.000000e+00
   outer loop
     vertex  4.488663e+01  2.273955e+01  0.000000e+00
     vertex  3.202562e+01  2.267500e+01  0.000000e+00
     vertex  3.200596e+01  2.275775e+01  0.000000e+00
   endloop
 endfacet
 facet normal  0.000000e+00  0.000000e+00 -1.000000e+00
   outer loop
     vertex  4.488663e+01  2.273955e+01  0.000000e+00
     vertex  4.486751e+01  2.265386e+01  0.000000e+00
     vertex  3.202562e+01  2.267500e+01  0.000000e+00
   endloop
 endfacet
 facet normal -0.000000e+00  0.000000e+00 -1.000000e+00
   outer loop
     vertex  4.490809e+01  2.282469e+01  0.000000e+00
     vertex  3.200596e+01  2.275775e+01  0.000000e+00
     vertex  3.198404e+01  2.283993e+01  0.000000e+00
   endloop
 endfacet
 facet normal  0.000000e+00  0.000000e+00 -1.000000e+00
   outer loop
     vertex  4.490809e+01  2.282469e+01  0.000000e+00
     vertex  4.488663e+01  2.273955e+01  0.000000e+00
     vertex  3.200596e+01  2.275775e+01  0.000000e+00
   endloop
 endfacet
 facet normal -0.000000e+00  0.000000e+00 -1.000000e+00
   outer loop
     vertex  4.493188e+01  2.290920e+01  0.000000e+00
     vertex  3.198404e+01  2.283993e+01  0.000000e+00
     vertex  3.195988e+01  2.292148e+01  0.000000e+00
   endloop
 endfacet
 facet normal  0.000000e+00  0.000000e+00 -1.000000e+00
   outer loop
     vertex  4.493188e+01  2.290920e+01  0.000000e+00
     vertex  4.490809e+01  2.282469e+01  0.000000e+00
     vertex  3.198404e+01  2.283993e+01  0.000000e+00
   endloop
 endfacet
 facet normal -0.000000e+00  0.000000e+00 -1.000000e+00
   outer loop
     vertex  4.495798e+01  2.299303e+01  0.000000e+00
     vertex  3.195988e+01  2.292148e+01  0.000000e+00
     vertex  3.193348e+01  2.300233e+01  0.000000e+00
   endloop
 endfacet
 facet normal  0.000000e+00  0.000000e+00 -1.000000e+00
   outer loop
     vertex  4.495798e+01  2.299303e+01  0.000000e+00
     vertex  4.493188e+01  2.290920e+01  0.000000e+00
     vertex  3.195988e+01  2.292148e+01  0.000000e+00
   endloop
 endfacet
 facet normal -0.000000e+00  0.000000e+00 -1.000000e+00
   outer loop
     vertex  4.498637e+01  2.307611e+01  0.000000e+00
     vertex  3.193348e+01  2.300233e+01  0.000000e+00
     vertex  3.190488e+01  2.308243e+01  0.000000e+00
   endloop
 endfacet
 facet normal  0.000000e+00  0.000000e+00 -1.000000e+00
   outer loop
     vertex  4.498637e+01  2.307611e+01  0.000000e+00
     vertex  4.495798e+01  2.299303e+01  0.000000e+00
     vertex  3.193348e+01  2.300233e+01  0.000000e+00
   endloop
 endfacet
 facet normal  0.000000e+00  0.000000e+00 -1.000000e+00
   outer loop
     vertex  4.501702e+01  2.315838e+01  0.000000e+00
     vertex  4.498637e+01  2.307611e+01  0.000000e+00
     vertex  3.190488e+01  2.308243e+01  0.000000e+00
   endloop
 endfacet
 facet normal -0.000000e+00  0.000000e+00 -1.000000e+00
   outer loop
     vertex  4.501702e+01  2.315838e+01  0.000000e+00
     vertex  3.190488e+01  2.308243e+01  0.000000e+00
     vertex  3.187409e+01  2.316172e+01  0.000000e+00
   endloop
 endfacet
 facet normal -0.000000e+00  0.000000e+00 -1.000000e+00
   outer loop
     vertex  4.504992e+01  2.323978e+01  0.000000e+00
     vertex  3.187409e+01  2.316172e+01  0.000000e+00
     vertex  3.184114e+01  2.324013e+01  0.000000e+00
   endloop
 endfacet
 facet normal  0.000000e+00  0.000000e+00 -1.000000e+00
   outer loop
     vertex  4.504992e+01  2.323978e+01  0.000000e+00
     vertex  4.501702e+01  2.315838e+01  0.000000e+00
     vertex  3.187409e+01  2.316172e+01  0.000000e+00
   endloop
 endfacet
 facet normal  0.000000e+00  0.000000e+00 -1.000000e+00
   outer loop
     vertex  4.508505e+01  2.332025e+01  0.000000e+00
     vertex  4.504992e+01  2.323978e+01  0.000000e+00
     vertex  3.184114e+01  2.324013e+01  0.000000e+00
   endloop
 endfacet
 facet normal  0.000000e+00  0.000000e+00 -1.000000e+00
   outer loop
     vertex  4.508505e+01  2.332025e+01  0.000000e+00
     vertex  3.184114e+01  2.324013e+01  0.000000e+00
     vertex  3.180605e+01  2.331761e+01  0.000000e+00
   endloop
 endfacet
 facet normal  0.000000e+00  0.000000e+00 -1.000000e+00
   outer loop
     vertex  4.512236e+01  2.339972e+01  0.000000e+00
     vertex  4.508505e+01  2.332025e+01  0.000000e+00
     vertex  3.180605e+01  2.331761e+01  0.000000e+00
   endloop
 endfacet
 facet normal  0.000000e+00  0.000000e+00 -1.000000e+00
   outer loop
     vertex  4.512236e+01  2.339972e+01  0.000000e+00
     vertex  3.180605e+01  2.331761e+01  0.000000e+00
     vertex  3.176885e+01  2.339409e+01  0.000000e+00
   endloop
 endfacet
 facet normal  0.000000e+00  0.000000e+00 -1.000000e+00
   outer loop
     vertex  4.516185e+01  2.347814e+01  0.000000e+00
     vertex  4.512236e+01  2.339972e+01  0.000000e+00
     vertex  3.176885e+01  2.339409e+01  0.000000e+00
   endloop
 endfacet
 facet normal  0.000000e+00  0.000000e+00 -1.000000e+00
   outer loop
     vertex  4.516185e+01  2.347814e+01  0.000000e+00
     vertex  3.176885e+01  2.339409e+01  0.000000e+00
     vertex  3.172956e+01  2.346953e+01  0.000000e+00
   endloop
 endfacet
 facet normal  0.000000e+00  0.000000e+00 -1.000000e+00
   outer loop
     vertex  4.520347e+01  2.355544e+01  0.000000e+00
     vertex  4.516185e+01  2.347814e+01  0.000000e+00
     vertex  3.172956e+01  2.346953e+01  0.000000e+00
   endloop
 endfacet
 facet normal  0.000000e+00  0.000000e+00 -1.000000e+00
   outer loop
     vertex  4.520347e+01  2.355544e+01  0.000000e+00
     vertex  3.172956e+01  2.346953e+01  0.000000e+00
     vertex  3.168822e+01  2.354386e+01  0.000000e+00
   endloop
 endfacet
 facet normal  0.000000e+00  0.000000e+00 -1.000000e+00
   outer loop
     vertex  4.524719e+01  2.363158e+01  0.000000e+00
     vertex  3.168822e+01  2.354386e+01  0.000000e+00
     vertex  3.164485e+01  2.361703e+01  0.000000e+00
   endloop
 endfacet
 facet normal  0.000000e+00  0.000000e+00 -1.000000e+00
   outer loop
     vertex  4.524719e+01  2.363158e+01  0.000000e+00
     vertex  4.520347e+01  2.355544e+01  0.000000e+00
     vertex  3.168822e+01  2.354386e+01  0.000000e+00
   endloop
 endfacet
 facet normal  0.000000e+00  0.000000e+00 -1.000000e+00
   outer loop
     vertex  4.529299e+01  2.370648e+01  0.000000e+00
     vertex  4.524719e+01  2.363158e+01  0.000000e+00
     vertex  3.164485e+01  2.361703e+01  0.000000e+00
   endloop
 endfacet
 facet normal  0.000000e+00  0.000000e+00 -1.000000e+00
   outer loop
     vertex  4.529299e+01  2.370648e+01  0.000000e+00
     vertex  3.164485e+01  2.361703e+01  0.000000e+00
     vertex  3.159949e+01  2.368898e+01  0.000000e+00
   endloop
 endfacet
 facet normal  0.000000e+00  0.000000e+00 -1.000000e+00
   outer loop
     vertex  4.534082e+01  2.378011e+01  0.000000e+00
     vertex  3.159949e+01  2.368898e+01  0.000000e+00
     vertex  3.155218e+01  2.375965e+01  0.000000e+00
   endloop
 endfacet
 facet normal  0.000000e+00  0.000000e+00 -1.000000e+00
   outer loop
     vertex  4.534082e+01  2.378011e+01  0.000000e+00
     vertex  4.529299e+01  2.370648e+01  0.000000e+00
     vertex  3.159949e+01  2.368898e+01  0.000000e+00
   endloop
 endfacet
 facet normal  0.000000e+00  0.000000e+00 -1.000000e+00
   outer loop
     vertex  4.539066e+01  2.385239e+01  0.000000e+00
     vertex  4.534082e+01  2.378011e+01  0.000000e+00
     vertex  3.155218e+01  2.375965e+01  0.000000e+00
   endloop
 endfacet
 facet normal  0.000000e+00  0.000000e+00 -1.000000e+00
   outer loop
     vertex  4.539066e+01  2.385239e+01  0.000000e+00
     vertex  3.155218e+01  2.375965e+01  0.000000e+00
     vertex  3.150294e+01  2.382901e+01  0.000000e+00
   endloop
 endfacet
 facet normal  0.000000e+00  0.000000e+00 -1.000000e+00
   outer loop
     vertex  4.544246e+01  2.392328e+01  0.000000e+00
     vertex  4.539066e+01  2.385239e+01  0.000000e+00
     vertex  3.150294e+01  2.382901e+01  0.000000e+00
   endloop
 endfacet
 facet normal  0.000000e+00  0.000000e+00 -1.000000e+00
   outer loop
     vertex  4.544246e+01  2.392328e+01  0.000000e+00
     vertex  3.150294e+01  2.382901e+01  0.000000e+00
     vertex  3.145182e+01  2.389699e+01  0.000000e+00
   endloop
 endfacet
 facet normal  0.000000e+00  0.000000e+00 -1.000000e+00
   outer loop
     vertex  4.549619e+01  2.399271e+01  0.000000e+00
     vertex  3.145182e+01  2.389699e+01  0.000000e+00
     vertex  3.139886e+01  2.396354e+01  0.000000e+00
   endloop
 endfacet
 facet normal  0.000000e+00  0.000000e+00 -1.000000e+00
   outer loop
     vertex  4.549619e+01  2.399271e+01  0.000000e+00
     vertex  4.544246e+01  2.392328e+01  0.000000e+00
     vertex  3.145182e+01  2.389699e+01  0.000000e+00
   endloop
 endfacet
 facet normal  0.000000e+00  0.000000e+00 -1.000000e+00
   outer loop
     vertex  4.555180e+01  2.406065e+01  0.000000e+00
     vertex  4.549619e+01  2.399271e+01  0.000000e+00
     vertex  3.139886e+01  2.396354e+01  0.000000e+00
   endloop
 endfacet
 facet normal  0.000000e+00  0.000000e+00 -1.000000e+00
   outer loop
     vertex  4.555180e+01  2.406065e+01  0.000000e+00
     vertex  3.139886e+01  2.396354e+01  0.000000e+00
     vertex  3.134409e+01  2.402861e+01  0.000000e+00
   endloop
 endfacet
 facet normal  0.000000e+00  0.000000e+00 -1.000000e+00
   outer loop
     vertex  4.560925e+01  2.412704e+01  0.000000e+00
     vertex  3.134409e+01  2.402861e+01  0.000000e+00
     vertex  3.128755e+01  2.409215e+01  0.000000e+00
   endloop
 endfacet
 facet normal  0.000000e+00  0.000000e+00 -1.000000e+00
   outer loop
     vertex  4.560925e+01  2.412704e+01  0.000000e+00
     vertex  4.555180e+01  2.406065e+01  0.000000e+00
     vertex  3.134409e+01  2.402861e+01  0.000000e+00
   endloop
 endfacet
 facet normal  0.000000e+00  0.000000e+00 -1.000000e+00
   outer loop
     vertex  4.566850e+01  2.419183e+01  0.000000e+00
     vertex  4.560925e+01  2.412704e+01  0.000000e+00
     vertex  3.128755e+01  2.409215e+01  0.000000e+00
   endloop
 endfacet
 facet normal  0.000000e+00  0.000000e+00 -1.000000e+00
   outer loop
     vertex  4.566850e+01  2.419183e+01  0.000000e+00
     vertex  3.128755e+01  2.409215e+01  0.000000e+00
     vertex  3.122930e+01  2.415412e+01  0.000000e+00
   endloop
 endfacet
 facet normal  0.000000e+00  0.000000e+00 -1.000000e+00
   outer loop
     vertex  4.572951e+01  2.425497e+01  0.000000e+00
     vertex  3.122930e+01  2.415412e+01  0.000000e+00
     vertex  3.116936e+01  2.421447e+01  0.000000e+00
   endloop
 endfacet
 facet normal  0.000000e+00  0.000000e+00 -1.000000e+00
   outer loop
     vertex  4.572951e+01  2.425497e+01  0.000000e+00
     vertex  4.566850e+01  2.419183e+01  0.000000e+00
     vertex  3.122930e+01  2.415412e+01  0.000000e+00
   endloop
 endfacet
 facet normal  0.000000e+00  0.000000e+00 -1.000000e+00
   outer loop
     vertex  4.579223e+01  2.431641e+01  0.000000e+00
     vertex  4.572951e+01  2.425497e+01  0.000000e+00
     vertex  3.116936e+01  2.421447e+01  0.000000e+00
   endloop
 endfacet
 facet normal  0.000000e+00  0.000000e+00 -1.000000e+00
   outer loop
     vertex  4.579223e+01  2.431641e+01  0.000000e+00
     vertex  3.116936e+01  2.421447e+01  0.000000e+00
     vertex  3.110779e+01  2.427315e+01  0.000000e+00
   endloop
 endfacet
 facet normal  0.000000e+00  0.000000e+00 -1.000000e+00
   outer loop
     vertex  4.585661e+01  2.437610e+01  0.000000e+00
     vertex  3.110779e+01  2.427315e+01  0.000000e+00
     vertex  3.104464e+01  2.433012e+01  0.000000e+00
   endloop
 endfacet
 facet normal  0.000000e+00  0.000000e+00 -1.000000e+00
   outer loop
     vertex  4.585661e+01  2.437610e+01  0.000000e+00
     vertex  4.579223e+01  2.431641e+01  0.000000e+00
     vertex  3.110779e+01  2.427315e+01  0.000000e+00
   endloop
 endfacet
 facet normal  0.000000e+00  0.000000e+00 -1.000000e+00
   outer loop
     vertex  4.592260e+01  2.443401e+01  0.000000e+00
     vertex  4.585661e+01  2.437610e+01  0.000000e+00
     vertex  3.104464e+01  2.433012e+01  0.000000e+00
   endloop
 endfacet
 facet normal  0.000000e+00  0.000000e+00 -1.000000e+00
   outer loop
     vertex  4.592260e+01  2.443401e+01  0.000000e+00
     vertex  3.104464e+01  2.433012e+01  0.000000e+00
     vertex  3.097994e+01  2.438533e+01  0.000000e+00
   endloop
 endfacet
 facet normal  0.000000e+00  0.000000e+00 -1.000000e+00
   outer loop
     vertex  4.599016e+01  2.449009e+01  0.000000e+00
     vertex  4.592260e+01  2.443401e+01  0.000000e+00
     vertex  3.097994e+01  2.438533e+01  0.000000e+00
   endloop
 endfacet
 facet normal  0.000000e+00  0.000000e+00 -1.000000e+00
   outer loop
     vertex  4.599016e+01  2.449009e+01  0.000000e+00
     vertex  3.097994e+01  2.438533e+01  0.000000e+00
     vertex  3.091376e+01  2.443875e+01  0.000000e+00
   endloop
 endfacet
 facet normal  0.000000e+00  0.000000e+00 -1.000000e+00
   outer loop
     vertex  4.605923e+01  2.454429e+01  0.000000e+00
     vertex  3.091376e+01  2.443875e+01  0.000000e+00
     vertex  3.084613e+01  2.449034e+01  0.000000e+00
   endloop
 endfacet
 facet normal  0.000000e+00  0.000000e+00 -1.000000e+00
   outer loop
     vertex  4.605923e+01  2.454429e+01  0.000000e+00
     vertex  4.599016e+01  2.449009e+01  0.000000e+00
     vertex  3.091376e+01  2.443875e+01  0.000000e+00
   endloop
 endfacet
 facet normal  0.000000e+00  0.000000e+00 -1.000000e+00
   outer loop
     vertex  4.612976e+01  2.459657e+01  0.000000e+00
     vertex  3.084613e+01  2.449034e+01  0.000000e+00
     vertex  3.077712e+01  2.454005e+01  0.000000e+00
   endloop
 endfacet
 facet normal  0.000000e+00  0.000000e+00 -1.000000e+00
   outer loop
     vertex  4.612976e+01  2.459657e+01  0.000000e+00
     vertex  4.605923e+01  2.454429e+01  0.000000e+00
     vertex  3.084613e+01  2.449034e+01  0.000000e+00
   endloop
 endfacet
 facet normal  0.000000e+00  0.000000e+00 -1.000000e+00
   outer loop
     vertex  4.620170e+01  2.464690e+01  0.000000e+00
     vertex  4.612976e+01  2.459657e+01  0.000000e+00
     vertex  3.077712e+01  2.454005e+01  0.000000e+00
   endloop
 endfacet
 facet normal  0.000000e+00  0.000000e+00 -1.000000e+00
   outer loop
     vertex  4.620170e+01  2.464690e+01  0.000000e+00
     vertex  3.077712e+01  2.454005e+01  0.000000e+00
     vertex  3.070677e+01  2.458785e+01  0.000000e+00
   endloop
 endfacet
 facet normal  0.000000e+00  0.000000e+00 -1.000000e+00
   outer loop
     vertex  4.627499e+01  2.469524e+01  0.000000e+00
     vertex  3.070677e+01  2.458785e+01  0.000000e+00
     vertex  3.063513e+01  2.463370e+01  0.000000e+00
   endloop
 endfacet
 facet normal  0.000000e+00  0.000000e+00 -1.000000e+00
   outer loop
     vertex  4.627499e+01  2.469524e+01  0.000000e+00
     vertex  4.620170e+01  2.464690e+01  0.000000e+00
     vertex  3.070677e+01  2.458785e+01  0.000000e+00
   endloop
 endfacet
 facet normal  0.000000e+00  0.000000e+00 -1.000000e+00
   outer loop
     vertex  4.634958e+01  2.474155e+01  0.000000e+00
     vertex  3.063513e+01  2.463370e+01  0.000000e+00
     vertex  3.056226e+01  2.467756e+01  0.000000e+00
   endloop
 endfacet
 facet normal  0.000000e+00  0.000000e+00 -1.000000e+00
   outer loop
     vertex  4.634958e+01  2.474155e+01  0.000000e+00
     vertex  4.627499e+01  2.469524e+01  0.000000e+00
     vertex  3.063513e+01  2.463370e+01  0.000000e+00
   endloop
 endfacet
 facet normal  0.000000e+00  0.000000e+00 -1.000000e+00
   outer loop
     vertex  4.642541e+01  2.478580e+01  0.000000e+00
     vertex  4.634958e+01  2.474155e+01  0.000000e+00
     vertex  3.056226e+01  2.467756e+01  0.000000e+00
   endloop
 endfacet
 facet normal  0.000000e+00  0.000000e+00 -1.000000e+00
   outer loop
     vertex  4.642541e+01  2.478580e+01  0.000000e+00
     vertex  3.056226e+01  2.467756e+01  0.000000e+00
     vertex  3.048822e+01  2.471941e+01  0.000000e+00
   endloop
 endfacet
 facet normal  0.000000e+00  0.000000e+00 -1.000000e+00
   outer loop
     vertex  4.650243e+01  2.482795e+01  0.000000e+00
     vertex  4.642541e+01  2.478580e+01  0.000000e+00
     vertex  3.048822e+01  2.471941e+01  0.000000e+00
   endloop
 endfacet
 facet normal  0.000000e+00  0.000000e+00 -1.000000e+00
   outer loop
     vertex  4.650243e+01  2.482795e+01  0.000000e+00
     vertex  3.048822e+01  2.471941e+01  0.000000e+00
     vertex  3.041305e+01  2.475922e+01  0.000000e+00
   endloop
 endfacet
 facet normal  0.000000e+00  0.000000e+00 -1.000000e+00
   outer loop
     vertex  4.658058e+01  2.486797e+01  0.000000e+00
     vertex  3.041305e+01  2.475922e+01  0.000000e+00
     vertex  3.033682e+01  2.479695e+01  0.000000e+00
   endloop
 endfacet
 facet normal  0.000000e+00  0.000000e+00 -1.000000e+00
   outer loop
     vertex  4.658058e+01  2.486797e+01  0.000000e+00
     vertex  4.650243e+01  2.482795e+01  0.000000e+00
     vertex  3.041305e+01  2.475922e+01  0.000000e+00
   endloop
 endfacet
 facet normal  0.000000e+00  0.000000e+00 -1.000000e+00
   outer loop
     vertex  4.665979e+01  2.490583e+01  0.000000e+00
     vertex  4.658058e+01  2.486797e+01  0.000000e+00
     vertex  3.033682e+01  2.479695e+01  0.000000e+00
   endloop
 endfacet
 facet normal  0.000000e+00  0.000000e+00 -1.000000e+00
   outer loop
     vertex  4.665979e+01  2.490583e+01  0.000000e+00
     vertex  3.033682e+01  2.479695e+01  0.000000e+00
     vertex  3.025959e+01  2.483257e+01  0.000000e+00
   endloop
 endfacet
 facet normal  0.000000e+00  0.000000e+00 -1.000000e+00
   outer loop
     vertex  4.674001e+01  2.494150e+01  0.000000e+00
     vertex  4.665979e+01  2.490583e+01  0.000000e+00
     vertex  3.025959e+01  2.483257e+01  0.000000e+00
   endloop
 endfacet
 facet normal  0.000000e+00  0.000000e+00 -1.000000e+00
   outer loop
     vertex  4.674001e+01  2.494150e+01  0.000000e+00
     vertex  3.025959e+01  2.483257e+01  0.000000e+00
     vertex  3.018141e+01  2.486606e+01  0.000000e+00
   endloop
 endfacet
 facet normal  0.000000e+00  0.000000e+00 -1.000000e+00
   outer loop
     vertex  4.682119e+01  2.497496e+01  0.000000e+00
     vertex  4.674001e+01  2.494150e+01  0.000000e+00
     vertex  3.018141e+01  2.486606e+01  0.000000e+00
   endloop
 endfacet
 facet normal  0.000000e+00  0.000000e+00 -1.000000e+00
   outer loop
     vertex  4.682119e+01  2.497496e+01  0.000000e+00
     vertex  3.018141e+01  2.486606e+01  0.000000e+00
     vertex  3.010233e+01  2.489739e+01  0.000000e+00
   endloop
 endfacet
 facet normal  0.000000e+00  0.000000e+00 -1.000000e+00
   outer loop
     vertex  4.690324e+01  2.500618e+01  0.000000e+00
     vertex  4.682119e+01  2.497496e+01  0.000000e+00
     vertex  3.010233e+01  2.489739e+01  0.000000e+00
   endloop
 endfacet
 facet normal  0.000000e+00  0.000000e+00 -1.000000e+00
   outer loop
     vertex  4.690324e+01  2.500618e+01  0.000000e+00
     vertex  3.010233e+01  2.489739e+01  0.000000e+00
     vertex  3.002243e+01  2.492654e+01  0.000000e+00
   endloop
 endfacet
 facet normal  0.000000e+00  0.000000e+00 -1.000000e+00
   outer loop
     vertex  4.698613e+01  2.503514e+01  0.000000e+00
     vertex  4.690324e+01  2.500618e+01  0.000000e+00
     vertex  3.002243e+01  2.492654e+01  0.000000e+00
   endloop
 endfacet
 facet normal  0.000000e+00  0.000000e+00 -1.000000e+00
   outer loop
     vertex  4.698613e+01  2.503514e+01  0.000000e+00
     vertex  3.002243e+01  2.492654e+01  0.000000e+00
     vertex  2.994176e+01  2.495349e+01  0.000000e+00
   endloop
 endfacet
 facet normal  0.000000e+00  0.000000e+00 -1.000000e+00
   outer loop
     vertex  4.706978e+01  2.506181e+01  0.000000e+00
     vertex  4.698613e+01  2.503514e+01  0.000000e+00
     vertex  2.994176e+01  2.495349e+01  0.000000e+00
   endloop
 endfacet
 facet normal  0.000000e+00  0.000000e+00 -1.000000e+00
   outer loop
     vertex  4.706978e+01  2.506181e+01  0.000000e+00
     vertex  2.994176e+01  2.495349e+01  0.000000e+00
     vertex  2.986038e+01  2.497821e+01  0.000000e+00
   endloop
 endfacet
 facet normal  0.000000e+00  0.000000e+00 -1.000000e+00
   outer loop
     vertex  5.530000e+01  1.730000e+01  0.000000e+00
     vertex  5.900000e+01  0.000000e+00  0.000000e+00
     vertex  5.530000e+01  3.000000e+00  0.000000e+00
   endloop
 endfacet
 facet normal  0.000000e+00  0.000000e+00 -1.000000e+00
   outer loop
     vertex  5.530000e+01  1.730000e+01  0.000000e+00
     vertex  4.854606e+01  1.884694e+01  0.000000e+00
     vertex  4.863236e+01  1.886310e+01  0.000000e+00
   endloop
 endfacet
 facet normal  0.000000e+00  0.000000e+00 -1.000000e+00
   outer loop
     vertex  5.530000e+01  1.730000e+01  0.000000e+00
     vertex  4.863236e+01  1.886310e+01  0.000000e+00
     vertex  4.871818e+01  1.888163e+01  0.000000e+00
   endloop
 endfacet
 facet normal  0.000000e+00  0.000000e+00 -1.000000e+00
   outer loop
     vertex  5.530000e+01  1.730000e+01  0.000000e+00
     vertex  4.871818e+01  1.888163e+01  0.000000e+00
     vertex  4.880346e+01  1.890251e+01  0.000000e+00
   endloop
 endfacet
 facet normal  0.000000e+00  0.000000e+00 -1.000000e+00
   outer loop
     vertex  5.530000e+01  1.730000e+01  0.000000e+00
     vertex  4.880346e+01  1.890251e+01  0.000000e+00
     vertex  4.888813e+01  1.892572e+01  0.000000e+00
   endloop
 endfacet
 facet normal  0.000000e+00  0.000000e+00 -1.000000e+00
   outer loop
     vertex  5.530000e+01  1.730000e+01  0.000000e+00
     vertex  4.888813e+01  1.892572e+01  0.000000e+00
     vertex  4.897214e+01  1.895124e+01  0.000000e+00
   endloop
 endfacet
 facet normal  0.000000e+00  0.000000e+00 -1.000000e+00
   outer loop
     vertex  5.530000e+01  1.730000e+01  0.000000e+00
     vertex  4.897214e+01  1.895124e+01  0.000000e+00
     vertex  4.905541e+01  1.897906e+01  0.000000e+00
   endloop
 endfacet
 facet normal  0.000000e+00  0.000000e+00 -1.000000e+00
   outer loop
     vertex  5.530000e+01  1.730000e+01  0.000000e+00
     vertex  4.905541e+01  1.897906e+01  0.000000e+00
     vertex  4.913789e+01  1.900915e+01  0.000000e+00
   endloop
 endfacet
 facet normal  0.000000e+00  0.000000e+00 -1.000000e+00
   outer loop
     vertex  5.530000e+01  1.730000e+01  0.000000e+00
     vertex  4.913789e+01  1.900915e+01  0.000000e+00
     vertex  4.921952e+01  1.904149e+01  0.000000e+00
   endloop
 endfacet
 facet normal  0.000000e+00  0.000000e+00 -1.000000e+00
   outer loop
     vertex  5.530000e+01  1.730000e+01  0.000000e+00
     vertex  4.921952e+01  1.904149e+01  0.000000e+00
     vertex  4.930022e+01  1.907606e+01  0.000000e+00
   endloop
 endfacet
 facet normal  0.000000e+00  0.000000e+00 -1.000000e+00
   outer loop
     vertex  5.530000e+01  1.730000e+01  0.000000e+00
     vertex  4.930022e+01  1.907606e+01  0.000000e+00
     vertex  4.937995e+01  1.911283e+01  0.000000e+00
   endloop
 endfacet
 facet normal  0.000000e+00  0.000000e+00 -1.000000e+00
   outer loop
     vertex  5.530000e+01  1.730000e+01  0.000000e+00
     vertex  4.937995e+01  1.911283e+01  0.000000e+00
     vertex  4.945863e+01  1.915177e+01  0.000000e+00
   endloop
 endfacet
 facet normal  0.000000e+00  0.000000e+00 -1.000000e+00
   outer loop
     vertex  5.530000e+01  1.730000e+01  0.000000e+00
     vertex  4.945863e+01  1.915177e+01  0.000000e+00
     vertex  4.953622e+01  1.919286e+01  0.000000e+00
   endloop
 endfacet
 facet normal  0.000000e+00  0.000000e+00 -1.000000e+00
   outer loop
     vertex  5.530000e+01  1.730000e+01  0.000000e+00
     vertex  4.953622e+01  1.919286e+01  0.000000e+00
     vertex  4.961266e+01  1.923606e+01  0.000000e+00
   endloop
 endfacet
 facet normal  0.000000e+00  0.000000e+00 -1.000000e+00
   outer loop
     vertex  5.530000e+01  1.730000e+01  0.000000e+00
     vertex  4.961266e+01  1.923606e+01  0.000000e+00
     vertex  4.968788e+01  1.928135e+01  0.000000e+00
   endloop
 endfacet
 facet normal  0.000000e+00  0.000000e+00 -1.000000e+00
   outer loop
     vertex  5.530000e+01  1.730000e+01  0.000000e+00
     vertex  4.968788e+01  1.928135e+01  0.000000e+00
     vertex  4.976182e+01  1.932867e+01  0.000000e+00
   endloop
 endfacet
 facet normal  0.000000e+00  0.000000e+00 -1.000000e+00
   outer loop
     vertex  5.530000e+01  1.730000e+01  0.000000e+00
     vertex  4.976182e+01  1.932867e+01  0.000000e+00
     vertex  4.983445e+01  1.937801e+01  0.000000e+00
   endloop
 endfacet
 facet normal  0.000000e+00  0.000000e+00 -1.000000e+00
   outer loop
     vertex  5.530000e+01  1.730000e+01  0.000000e+00
     vertex  4.983445e+01  1.937801e+01  0.000000e+00
     vertex  4.990569e+01  1.942933e+01  0.000000e+00
   endloop
 endfacet
 facet normal  0.000000e+00  0.000000e+00 -1.000000e+00
   outer loop
     vertex  5.530000e+01  1.730000e+01  0.000000e+00
     vertex  4.990569e+01  1.942933e+01  0.000000e+00
     vertex  4.997549e+01  1.948258e+01  0.000000e+00
   endloop
 endfacet
 facet normal  0.000000e+00  0.000000e+00 -1.000000e+00
   outer loop
     vertex  5.530000e+01  1.730000e+01  0.000000e+00
     vertex  4.997549e+01  1.948258e+01  0.000000e+00
     vertex  5.004381e+01  1.953772e+01  0.000000e+00
   endloop
 endfacet
 facet normal  0.000000e+00  0.000000e+00 -1.000000e+00
   outer loop
     vertex  5.530000e+01  1.730000e+01  0.000000e+00
     vertex  5.004381e+01  1.953772e+01  0.000000e+00
     vertex  5.011059e+01  1.959472e+01  0.000000e+00
   endloop
 endfacet
 facet normal  0.000000e+00  0.000000e+00 -1.000000e+00
   outer loop
     vertex  5.530000e+01  1.730000e+01  0.000000e+00
     vertex  5.011059e+01  1.959472e+01  0.000000e+00
     vertex  5.017579e+01  1.965352e+01  0.000000e+00
   endloop
 endfacet
 facet normal  0.000000e+00  0.000000e+00 -1.000000e+00
   outer loop
     vertex  5.530000e+01  1.730000e+01  0.000000e+00
     vertex  5.017579e+01  1.965352e+01  0.000000e+00
     vertex  5.023934e+01  1.971410e+01  0.000000e+00
   endloop
 endfacet
 facet normal  0.000000e+00  0.000000e+00 -1.000000e+00
   outer loop
     vertex  5.530000e+01  1.730000e+01  0.000000e+00
     vertex  5.023934e+01  1.971410e+01  0.000000e+00
     vertex  5.030121e+01  1.977639e+01  0.000000e+00
   endloop
 endfacet
 facet normal  0.000000e+00  0.000000e+00 -1.000000e+00
   outer loop
     vertex  5.530000e+01  1.730000e+01  0.000000e+00
     vertex  5.030121e+01  1.977639e+01  0.000000e+00
     vertex  5.036135e+01  1.984036e+01  0.000000e+00
   endloop
 endfacet
 facet normal  0.000000e+00  0.000000e+00 -1.000000e+00
   outer loop
     vertex  5.530000e+01  1.730000e+01  0.000000e+00
     vertex  5.036135e+01  1.984036e+01  0.000000e+00
     vertex  5.041970e+01  1.990595e+01  0.000000e+00
   endloop
 endfacet
 facet normal  0.000000e+00  0.000000e+00 -1.000000e+00
   outer loop
     vertex  5.530000e+01  1.730000e+01  0.000000e+00
     vertex  5.041970e+01  1.990595e+01  0.000000e+00
     vertex  5.047624e+01  1.997312e+01  0.000000e+00
   endloop
 endfacet
 facet normal  0.000000e+00  0.000000e+00 -1.000000e+00
   outer loop
     vertex  5.530000e+01  1.730000e+01  0.000000e+00
     vertex  5.047624e+01  1.997312e+01  0.000000e+00
     vertex  5.053092e+01  2.004182e+01  0.000000e+00
   endloop
 endfacet
 facet normal  0.000000e+00  0.000000e+00 -1.000000e+00
   outer loop
     vertex  5.530000e+01  1.730000e+01  0.000000e+00
     vertex  5.053092e+01  2.004182e+01  0.000000e+00
     vertex  5.058368e+01  2.011199e+01  0.000000e+00
   endloop
 endfacet
 facet normal  0.000000e+00  0.000000e+00 -1.000000e+00
   outer loop
     vertex  5.530000e+01  1.730000e+01  0.000000e+00
     vertex  5.058368e+01  2.011199e+01  0.000000e+00
     vertex  5.063451e+01  2.018358e+01  0.000000e+00
   endloop
 endfacet
 facet normal  0.000000e+00  0.000000e+00 -1.000000e+00
   outer loop
     vertex  5.530000e+01  1.730000e+01  0.000000e+00
     vertex  5.063451e+01  2.018358e+01  0.000000e+00
     vertex  5.068335e+01  2.025654e+01  0.000000e+00
   endloop
 endfacet
 facet normal  0.000000e+00  0.000000e+00 -1.000000e+00
   outer loop
     vertex  5.530000e+01  1.730000e+01  0.000000e+00
     vertex  5.068335e+01  2.025654e+01  0.000000e+00
     vertex  5.073017e+01  2.033081e+01  0.000000e+00
   endloop
 endfacet
 facet normal  0.000000e+00  0.000000e+00 -1.000000e+00
   outer loop
     vertex  5.530000e+01  1.730000e+01  0.000000e+00
     vertex  5.073017e+01  2.033081e+01  0.000000e+00
     vertex  5.077493e+01  2.040634e+01  0.000000e+00
   endloop
 endfacet
 facet normal  0.000000e+00  0.000000e+00 -1.000000e+00
   outer loop
     vertex  5.530000e+01  1.730000e+01  0.000000e+00
     vertex  5.077493e+01  2.040634e+01  0.000000e+00
     vertex  5.081761e+01  2.048307e+01  0.000000e+00
   endloop
 endfacet
 facet normal  0.000000e+00  0.000000e+00 -1.000000e+00
   outer loop
     vertex  5.530000e+01  1.730000e+01  0.000000e+00
     vertex  5.081761e+01  2.048307e+01  0.000000e+00
     vertex  5.085816e+01  2.056094e+01  0.000000e+00
   endloop
 endfacet
 facet normal  0.000000e+00  0.000000e+00 -1.000000e+00
   outer loop
     vertex  5.530000e+01  1.730000e+01  0.000000e+00
     vertex  5.085816e+01  2.056094e+01  0.000000e+00
     vertex  5.089657e+01  2.063989e+01  0.000000e+00
   endloop
 endfacet
 facet normal  0.000000e+00  0.000000e+00 -1.000000e+00
   outer loop
     vertex  5.530000e+01  1.730000e+01  0.000000e+00
     vertex  5.089657e+01  2.063989e+01  0.000000e+00
     vertex  5.093279e+01  2.071987e+01  0.000000e+00
   endloop
 endfacet
 facet normal  0.000000e+00  0.000000e+00 -1.000000e+00
   outer loop
     vertex  5.530000e+01  1.730000e+01  0.000000e+00
     vertex  5.093279e+01  2.071987e+01  0.000000e+00
     vertex  5.096681e+01  2.080081e+01  0.000000e+00
   endloop
 endfacet
 facet normal  0.000000e+00  0.000000e+00 -1.000000e+00
   outer loop
     vertex  5.530000e+01  1.730000e+01  0.000000e+00
     vertex  5.096681e+01  2.080081e+01  0.000000e+00
     vertex  5.099859e+01  2.088265e+01  0.000000e+00
   endloop
 endfacet
 facet normal  0.000000e+00  0.000000e+00 -1.000000e+00
   outer loop
     vertex  5.530000e+01  1.730000e+01  0.000000e+00
     vertex  5.099859e+01  2.088265e+01  0.000000e+00
     vertex  5.102811e+01  2.096533e+01  0.000000e+00
   endloop
 endfacet
 facet normal  0.000000e+00  0.000000e+00 -1.000000e+00
   outer loop
     vertex  5.530000e+01  1.730000e+01  0.000000e+00
     vertex  5.102811e+01  2.096533e+01  0.000000e+00
     vertex  5.105536e+01  2.104880e+01  0.000000e+00
   endloop
 endfacet
 facet normal  0.000000e+00  0.000000e+00 -1.000000e+00
   outer loop
     vertex  5.530000e+01  1.730000e+01  0.000000e+00
     vertex  5.105536e+01  2.104880e+01  0.000000e+00
     vertex  5.108030e+01  2.113298e+01  0.000000e+00
   endloop
 endfacet
 facet normal  0.000000e+00  0.000000e+00 -1.000000e+00
   outer loop
     vertex  5.530000e+01  1.730000e+01  0.000000e+00
     vertex  5.108030e+01  2.113298e+01  0.000000e+00
     vertex  5.110293e+01  2.121781e+01  0.000000e+00
   endloop
 endfacet
 facet normal  0.000000e+00  0.000000e+00 -1.000000e+00
   outer loop
     vertex  5.530000e+01  1.730000e+01  0.000000e+00
     vertex  5.110293e+01  2.121781e+01  0.000000e+00
     vertex  5.112322e+01  2.130323e+01  0.000000e+00
   endloop
 endfacet
 facet normal  0.000000e+00  0.000000e+00 -1.000000e+00
   outer loop
     vertex  5.530000e+01  1.730000e+01  0.000000e+00
     vertex  5.112322e+01  2.130323e+01  0.000000e+00
     vertex  5.114116e+01  2.138917e+01  0.000000e+00
   endloop
 endfacet
 facet normal  0.000000e+00 -0.000000e+00 -1.000000e+00
   outer loop
     vertex  5.115674e+01  2.147558e+01  0.000000e+00
     vertex  5.530000e+01  1.730000e+01  0.000000e+00
     vertex  5.114116e+01  2.138917e+01  0.000000e+00
   endloop
 endfacet
 facet normal  0.000000e+00 -0.000000e+00 -1.000000e+00
   outer loop
     vertex  5.116993e+01  2.156238e+01  0.000000e+00
     vertex  5.530000e+01  1.730000e+01  0.000000e+00
     vertex  5.115674e+01  2.147558e+01  0.000000e+00
   endloop
 endfacet
 facet normal  0.000000e+00 -0.000000e+00 -1.000000e+00
   outer loop
     vertex  5.118075e+01  2.164950e+01  0.000000e+00
     vertex  5.530000e+01  1.730000e+01  0.000000e+00
     vertex  5.116993e+01  2.156238e+01  0.000000e+00
   endloop
 endfacet
 facet normal  0.000000e+00 -0.000000e+00 -1.000000e+00
   outer loop
     vertex  5.118917e+01  2.173690e+01  0.000000e+00
     vertex  5.530000e+01  1.730000e+01  0.000000e+00
     vertex  5.118075e+01  2.164950e+01  0.000000e+00
   endloop
 endfacet
 facet normal  0.000000e+00 -0.000000e+00 -1.000000e+00
   outer loop
     vertex  5.119518e+01  2.182449e+01  0.000000e+00
     vertex  5.530000e+01  1.730000e+01  0.000000e+00
     vertex  5.118917e+01  2.173690e+01  0.000000e+00
   endloop
 endfacet
 facet normal  0.000000e+00 -0.000000e+00 -1.000000e+00
   outer loop
     vertex  5.119880e+01  2.191221e+01  0.000000e+00
     vertex  5.530000e+01  1.730000e+01  0.000000e+00
     vertex  5.119518e+01  2.182449e+01  0.000000e+00
   endloop
 endfacet
 facet normal  0.000000e+00 -0.000000e+00 -1.000000e+00
   outer loop
     vertex  5.120000e+01  2.200000e+01  0.000000e+00
     vertex  5.530000e+01  1.730000e+01  0.000000e+00
     vertex  5.119880e+01  2.191221e+01  0.000000e+00
   endloop
 endfacet
 facet normal  0.000000e+00  0.000000e+00 -1.000000e+00
   outer loop
     vertex  5.900000e+01  2.600000e+01  0.000000e+00
     vertex  5.017579e+01  2.434648e+01  0.000000e+00
     vertex  5.011059e+01  2.440528e+01  0.000000e+00
   endloop
 endfacet
 facet normal  0.000000e+00  0.000000e+00 -1.000000e+00
   outer loop
     vertex  5.900000e+01  2.600000e+01  0.000000e+00
     vertex  5.011059e+01  2.440528e+01  0.000000e+00
     vertex  5.004381e+01  2.446228e+01  0.000000e+00
   endloop
 endfacet
 facet normal  0.000000e+00  0.000000e+00 -1.000000e+00
   outer loop
     vertex  5.900000e+01  2.600000e+01  0.000000e+00
     vertex  5.004381e+01  2.446228e+01  0.000000e+00
     vertex  4.997549e+01  2.451742e+01  0.000000e+00
   endloop
 endfacet
 facet normal  0.000000e+00  0.000000e+00 -1.000000e+00
   outer loop
     vertex  5.900000e+01  2.600000e+01  0.000000e+00
     vertex  4.997549e+01  2.451742e+01  0.000000e+00
     vertex  4.990569e+01  2.457067e+01  0.000000e+00
   endloop
 endfacet
 facet normal  0.000000e+00  0.000000e+00 -1.000000e+00
   outer loop
     vertex  5.900000e+01  2.600000e+01  0.000000e+00
     vertex  4.990569e+01  2.457067e+01  0.000000e+00
     vertex  4.983445e+01  2.462199e+01  0.000000e+00
   endloop
 endfacet
 facet normal  0.000000e+00  0.000000e+00 -1.000000e+00
   outer loop
     vertex  5.900000e+01  2.600000e+01  0.000000e+00
     vertex  4.983445e+01  2.462199e+01  0.000000e+00
     vertex  4.976182e+01  2.467133e+01  0.000000e+00
   endloop
 endfacet
 facet normal  0.000000e+00  0.000000e+00 -1.000000e+00
   outer loop
     vertex  5.900000e+01  2.600000e+01  0.000000e+00
     vertex  4.976182e+01  2.467133e+01  0.000000e+00
     vertex  4.968788e+01  2.471865e+01  0.000000e+00
   endloop
 endfacet
 facet normal  0.000000e+00  0.000000e+00 -1.000000e+00
   outer loop
     vertex  5.900000e+01  2.600000e+01  0.000000e+00
     vertex  4.968788e+01  2.471865e+01  0.000000e+00
     vertex  4.961266e+01  2.476394e+01  0.000000e+00
   endloop
 endfacet
 facet normal  0.000000e+00  0.000000e+00 -1.000000e+00
   outer loop
     vertex  5.900000e+01  2.600000e+01  0.000000e+00
     vertex  4.961266e+01  2.476394e+01  0.000000e+00
     vertex  4.953622e+01  2.480714e+01  0.000000e+00
   endloop
 endfacet
 facet normal  0.000000e+00  0.000000e+00 -1.000000e+00
   outer loop
     vertex  5.900000e+01  2.600000e+01  0.000000e+00
     vertex  4.953622e+01  2.480714e+01  0.000000e+00
     vertex  4.945863e+01  2.484823e+01  0.000000e+00
   endloop
 endfacet
 facet normal  0.000000e+00  0.000000e+00 -1.000000e+00
   outer loop
     vertex  5.900000e+01  2.600000e+01  0.000000e+00
     vertex  4.945863e+01  2.484823e+01  0.000000e+00
     vertex  4.937995e+01  2.488717e+01  0.000000e+00
   endloop
 endfacet
 facet normal  0.000000e+00  0.000000e+00 -1.000000e+00
   outer loop
     vertex  5.900000e+01  2.600000e+01  0.000000e+00
     vertex  4.937995e+01  2.488717e+01  0.000000e+00
     vertex  4.930022e+01  2.492394e+01  0.000000e+00
   endloop
 endfacet
 facet normal  0.000000e+00  0.000000e+00 -1.000000e+00
   outer loop
     vertex  5.900000e+01  2.600000e+01  0.000000e+00
     vertex  4.930022e+01  2.492394e+01  0.000000e+00
     vertex  4.921952e+01  2.495851e+01  0.000000e+00
   endloop
 endfacet
 facet normal  0.000000e+00  0.000000e+00 -1.000000e+00
   outer loop
     vertex  5.900000e+01  2.600000e+01  0.000000e+00
     vertex  4.921952e+01  2.495851e+01  0.000000e+00
     vertex  4.913789e+01  2.499085e+01  0.000000e+00
   endloop
 endfacet
 facet normal  0.000000e+00  0.000000e+00 -1.000000e+00
   outer loop
     vertex  5.900000e+01  2.600000e+01  0.000000e+00
     vertex  4.913789e+01  2.499085e+01  0.000000e+00
     vertex  4.905541e+01  2.502094e+01  0.000000e+00
   endloop
 endfacet
 facet normal  0.000000e+00  0.000000e+00 -1.000000e+00
   outer loop
     vertex  5.900000e+01  2.600000e+01  0.000000e+00
     vertex  4.905541e+01  2.502094e+01  0.000000e+00
     vertex  4.897214e+01  2.504876e+01  0.000000e+00
   endloop
 endfacet
 facet normal  0.000000e+00  0.000000e+00 -1.000000e+00
   outer loop
     vertex  5.900000e+01  2.600000e+01  0.000000e+00
     vertex  4.897214e+01  2.504876e+01  0.000000e+00
     vertex  4.888813e+01  2.507428e+01  0.000000e+00
   endloop
 endfacet
 facet normal  0.000000e+00  0.000000e+00 -1.000000e+00
   outer loop
     vertex  5.900000e+01  2.600000e+01  0.000000e+00
     vertex  4.888813e+01  2.507428e+01  0.000000e+00
     vertex  4.880346e+01  2.509749e+01  0.000000e+00
   endloop
 endfacet
 facet normal  0.000000e+00  0.000000e+00 -1.000000e+00
   outer loop
     vertex  5.900000e+01  2.600000e+01  0.000000e+00
     vertex  4.880346e+01  2.509749e+01  0.000000e+00
     vertex  4.871818e+01  2.511837e+01  0.000000e+00
   endloop
 endfacet
 facet normal  0.000000e+00  0.000000e+00 -1.000000e+00
   outer loop
     vertex  5.900000e+01  2.600000e+01  0.000000e+00
     vertex  4.871818e+01  2.511837e+01  0.000000e+00
     vertex  4.863236e+01  2.513690e+01  0.000000e+00
   endloop
 endfacet
 facet normal  0.000000e+00  0.000000e+00 -1.000000e+00
   outer loop
     vertex  5.900000e+01  2.600000e+01  0.000000e+00
     vertex  4.863236e+01  2.513690e+01  0.000000e+00
     vertex  4.854606e+01  2.515306e+01  0.000000e+00
   endloop
 endfacet
 facet normal  0.000000e+00  0.000000e+00 -1.000000e+00
   outer loop
     vertex  5.900000e+01  2.600000e+01  0.000000e+00
     vertex  4.854606e+01  2.515306e+01  0.000000e+00
     vertex  4.845936e+01  2.516686e+01  0.000000e+00
   endloop
 endfacet
 facet normal  0.000000e+00  0.000000e+00 -1.000000e+00
   outer loop
     vertex  5.900000e+01  2.600000e+01  0.000000e+00
     vertex  4.845936e+01  2.516686e+01  0.000000e+00
     vertex  4.837230e+01  2.517827e+01  0.000000e+00
   endloop
 endfacet
 facet normal  0.000000e+00  0.000000e+00 -1.000000e+00
   outer loop
     vertex  5.900000e+01  2.600000e+01  0.000000e+00
     vertex  4.837230e+01  2.517827e+01  0.000000e+00
     vertex  4.828497e+01  2.518729e+01  0.000000e+00
   endloop
 endfacet
 facet normal  0.000000e+00 -0.000000e+00 -1.000000e+00
   outer loop
     vertex  5.900000e+01  2.600000e+01  0.000000e+00
     vertex  5.900000e+01  0.000000e+00  0.000000e+00
     vertex  5.530000e+01  1.730000e+01  0.000000e+00
   endloop
 endfacet
 facet normal  0.000000e+00  0.000000e+00 -1.000000e+00
   outer loop
     vertex  5.900000e+01  2.600000e+01  0.000000e+00
     vertex  5.120000e+01  2.200000e+01  0.000000e+00
     vertex  5.119880e+01  2.208779e+01  0.000000e+00
   endloop
 endfacet
 facet normal  0.000000e+00  0.000000e+00 -1.000000e+00
   outer loop
     vertex  5.900000e+01  2.600000e+01  0.000000e+00
     vertex  5.119880e+01  2.208779e+01  0.000000e+00
     vertex  5.119518e+01  2.217551e+01  0.000000e+00
   endloop
 endfacet
 facet normal  0.000000e+00  0.000000e+00 -1.000000e+00
   outer loop
     vertex  5.900000e+01  2.600000e+01  0.000000e+00
     vertex  5.119518e+01  2.217551e+01  0.000000e+00
     vertex  5.118917e+01  2.226310e+01  0.000000e+00
   endloop
 endfacet
 facet normal  0.000000e+00  0.000000e+00 -1.000000e+00
   outer loop
     vertex  5.900000e+01  2.600000e+01  0.000000e+00
     vertex  5.118917e+01  2.226310e+01  0.000000e+00
     vertex  5.118075e+01  2.235050e+01  0.000000e+00
   endloop
 endfacet
 facet normal  0.000000e+00  0.000000e+00 -1.000000e+00
   outer loop
     vertex  5.900000e+01  2.600000e+01  0.000000e+00
     vertex  5.530000e+01  1.730000e+01  0.000000e+00
     vertex  5.120000e+01  2.200000e+01  0.000000e+00
   endloop
 endfacet
 facet normal  0.000000e+00  0.000000e+00 -1.000000e+00
   outer loop
     vertex  5.900000e+01  2.600000e+01  0.000000e+00
     vertex  5.118075e+01  2.235050e+01  0.000000e+00
     vertex  5.116993e+01  2.243762e+01  0.000000e+00
   endloop
 endfacet
 facet normal  0.000000e+00  0.000000e+00 -1.000000e+00
   outer loop
     vertex  5.900000e+01  2.600000e+01  0.000000e+00
     vertex  5.116993e+01  2.243762e+01  0.000000e+00
     vertex  5.115674e+01  2.252442e+01  0.000000e+00
   endloop
 endfacet
 facet normal  0.000000e+00  0.000000e+00 -1.000000e+00
   outer loop
     vertex  5.900000e+01  2.600000e+01  0.000000e+00
     vertex  5.115674e+01  2.252442e+01  0.000000e+00
     vertex  5.114116e+01  2.261083e+01  0.000000e+00
   endloop
 endfacet
 facet normal  0.000000e+00  0.000000e+00 -1.000000e+00
   outer loop
     vertex  5.900000e+01  2.600000e+01  0.000000e+00
     vertex  5.114116e+01  2.261083e+01  0.000000e+00
     vertex  5.112322e+01  2.269677e+01  0.000000e+00
   endloop
 endfacet
 facet normal  0.000000e+00  0.000000e+00 -1.000000e+00
   outer loop
     vertex  5.900000e+01  2.600000e+01  0.000000e+00
     vertex  5.112322e+01  2.269677e+01  0.000000e+00
     vertex  5.110293e+01  2.278219e+01  0.000000e+00
   endloop
 endfacet
 facet normal  0.000000e+00  0.000000e+00 -1.000000e+00
   outer loop
     vertex  5.900000e+01  2.600000e+01  0.000000e+00
     vertex  5.110293e+01  2.278219e+01  0.000000e+00
     vertex  5.108030e+01  2.286702e+01  0.000000e+00
   endloop
 endfacet
 facet normal  0.000000e+00  0.000000e+00 -1.000000e+00
   outer loop
     vertex  5.900000e+01  2.600000e+01  0.000000e+00
     vertex  5.108030e+01  2.286702e+01  0.000000e+00
     vertex  5.105536e+01  2.295120e+01  0.000000e+00
   endloop
 endfacet
 facet normal  0.000000e+00  0.000000e+00 -1.000000e+00
   outer loop
     vertex  5.900000e+01  2.600000e+01  0.000000e+00
     vertex  5.105536e+01  2.295120e+01  0.000000e+00
     vertex  5.102811e+01  2.303467e+01  0.000000e+00
   endloop
 endfacet
 facet normal  0.000000e+00  0.000000e+00 -1.000000e+00
   outer loop
     vertex  5.900000e+01  2.600000e+01  0.000000e+00
     vertex  5.102811e+01  2.303467e+01  0.000000e+00
     vertex  5.099859e+01  2.311735e+01  0.000000e+00
   endloop
 endfacet
 facet normal  0.000000e+00  0.000000e+00 -1.000000e+00
   outer loop
     vertex  5.900000e+01  2.600000e+01  0.000000e+00
     vertex  5.099859e+01  2.311735e+01  0.000000e+00
     vertex  5.096681e+01  2.319919e+01  0.000000e+00
   endloop
 endfacet
 facet normal  0.000000e+00  0.000000e+00 -1.000000e+00
   outer loop
     vertex  5.900000e+01  2.600000e+01  0.000000e+00
     vertex  5.096681e+01  2.319919e+01  0.000000e+00
     vertex  5.093279e+01  2.328013e+01  0.000000e+00
   endloop
 endfacet
 facet normal  0.000000e+00  0.000000e+00 -1.000000e+00
   outer loop
     vertex  5.900000e+01  2.600000e+01  0.000000e+00
     vertex  5.093279e+01  2.328013e+01  0.000000e+00
     vertex  5.089657e+01  2.336011e+01  0.000000e+00
   endloop
 endfacet
 facet normal  0.000000e+00  0.000000e+00 -1.000000e+00
   outer loop
     vertex  5.900000e+01  2.600000e+01  0.000000e+00
     vertex  5.089657e+01  2.336011e+01  0.000000e+00
     vertex  5.085816e+01  2.343906e+01  0.000000e+00
   endloop
 endfacet
 facet normal  0.000000e+00  0.000000e+00 -1.000000e+00
   outer loop
     vertex  5.900000e+01  2.600000e+01  0.000000e+00
     vertex  5.085816e+01  2.343906e+01  0.000000e+00
     vertex  5.081761e+01  2.351693e+01  0.000000e+00
   endloop
 endfacet
 facet normal  0.000000e+00  0.000000e+00 -1.000000e+00
   outer loop
     vertex  5.900000e+01  2.600000e+01  0.000000e+00
     vertex  5.081761e+01  2.351693e+01  0.000000e+00
     vertex  5.077493e+01  2.359366e+01  0.000000e+00
   endloop
 endfacet
 facet normal  0.000000e+00  0.000000e+00 -1.000000e+00
   outer loop
     vertex  5.900000e+01  2.600000e+01  0.000000e+00
     vertex  5.077493e+01  2.359366e+01  0.000000e+00
     vertex  5.073017e+01  2.366919e+01  0.000000e+00
   endloop
 endfacet
 facet normal  0.000000e+00  0.000000e+00 -1.000000e+00
   outer loop
     vertex  5.900000e+01  2.600000e+01  0.000000e+00
     vertex  5.073017e+01  2.366919e+01  0.000000e+00
     vertex  5.068335e+01  2.374346e+01  0.000000e+00
   endloop
 endfacet
 facet normal  0.000000e+00  0.000000e+00 -1.000000e+00
   outer loop
     vertex  5.900000e+01  2.600000e+01  0.000000e+00
     vertex  5.068335e+01  2.374346e+01  0.000000e+00
     vertex  5.063451e+01  2.381642e+01  0.000000e+00
   endloop
 endfacet
 facet normal  0.000000e+00  0.000000e+00 -1.000000e+00
   outer loop
     vertex  5.900000e+01  2.600000e+01  0.000000e+00
     vertex  5.063451e+01  2.381642e+01  0.000000e+00
     vertex  5.058368e+01  2.388801e+01  0.000000e+00
   endloop
 endfacet
 facet normal  0.000000e+00  0.000000e+00 -1.000000e+00
   outer loop
     vertex  5.900000e+01  2.600000e+01  0.000000e+00
     vertex  5.058368e+01  2.388801e+01  0.000000e+00
     vertex  5.053092e+01  2.395818e+01  0.000000e+00
   endloop
 endfacet
 facet normal  0.000000e+00  0.000000e+00 -1.000000e+00
   outer loop
     vertex  5.900000e+01  2.600000e+01  0.000000e+00
     vertex  5.053092e+01  2.395818e+01  0.000000e+00
     vertex  5.047624e+01  2.402688e+01  0.000000e+00
   endloop
 endfacet
 facet normal  0.000000e+00  0.000000e+00 -1.000000e+00
   outer loop
     vertex  5.900000e+01  2.600000e+01  0.000000e+00
     vertex  5.047624e+01  2.402688e+01  0.000000e+00
     vertex  5.041970e+01  2.409405e+01  0.000000e+00
   endloop
 endfacet
 facet normal  0.000000e+00  0.000000e+00 -1.000000e+00
   outer loop
     vertex  5.900000e+01  2.600000e+01  0.000000e+00
     vertex  5.041970e+01  2.409405e+01  0.000000e+00
     vertex  5.036135e+01  2.415964e+01  0.000000e+00
   endloop
 endfacet
 facet normal  0.000000e+00  0.000000e+00 -1.000000e+00
   outer loop
     vertex  5.900000e+01  2.600000e+01  0.000000e+00
     vertex  5.036135e+01  2.415964e+01  0.000000e+00
     vertex  5.030121e+01  2.422361e+01  0.000000e+00
   endloop
 endfacet
 facet normal  0.000000e+00  0.000000e+00 -1.000000e+00
   outer loop
     vertex  5.900000e+01  2.600000e+01  0.000000e+00
     vertex  5.030121e+01  2.422361e+01  0.000000e+00
     vertex  5.023934e+01  2.428590e+01  0.000000e+00
   endloop
 endfacet
 facet normal  0.000000e+00  0.000000e+00 -1.000000e+00
   outer loop
     vertex  5.900000e+01  2.600000e+01  0.000000e+00
     vertex  5.023934e+01  2.428590e+01  0.000000e+00
     vertex  5.017579e+01  2.434648e+01  0.000000e+00
   endloop
 endfacet
 facet normal -0.000000e+00  0.000000e+00 -1.000000e+00
   outer loop
     vertex  5.900000e+01  2.600000e+01  0.000000e+00
     vertex  4.802195e+01  2.519992e+01  0.000000e+00
     vertex  0.000000e+00  2.600000e+01  0.000000e+00
   endloop
 endfacet
 facet normal -0.000000e+00  0.000000e+00 -1.000000e+00
   outer loop
     vertex  4.802195e+01  2.519992e+01  0.000000e+00
     vertex  4.793415e+01  2.519932e+01  0.000000e+00
     vertex  0.000000e+00  2.600000e+01  0.000000e+00
   endloop
 endfacet
 facet normal -0.000000e+00  0.000000e+00 -1.000000e+00
   outer loop
     vertex  4.793415e+01  2.519932e+01  0.000000e+00
     vertex  4.784641e+01  2.519631e+01  0.000000e+00
     vertex  0.000000e+00  2.600000e+01  0.000000e+00
   endloop
 endfacet
 facet normal -0.000000e+00  0.000000e+00 -1.000000e+00
   outer loop
     vertex  4.784641e+01  2.519631e+01  0.000000e+00
     vertex  4.775878e+01  2.519090e+01  0.000000e+00
     vertex  0.000000e+00  2.600000e+01  0.000000e+00
   endloop
 endfacet
 facet normal -0.000000e+00  0.000000e+00 -1.000000e+00
   outer loop
     vertex  4.775878e+01  2.519090e+01  0.000000e+00
     vertex  4.767133e+01  2.518308e+01  0.000000e+00
     vertex  0.000000e+00  2.600000e+01  0.000000e+00
   endloop
 endfacet
 facet normal -0.000000e+00  0.000000e+00 -1.000000e+00
   outer loop
     vertex  4.767133e+01  2.518308e+01  0.000000e+00
     vertex  4.758413e+01  2.517286e+01  0.000000e+00
     vertex  0.000000e+00  2.600000e+01  0.000000e+00
   endloop
 endfacet
 facet normal -0.000000e+00  0.000000e+00 -1.000000e+00
   outer loop
     vertex  4.758413e+01  2.517286e+01  0.000000e+00
     vertex  4.749724e+01  2.516026e+01  0.000000e+00
     vertex  0.000000e+00  2.600000e+01  0.000000e+00
   endloop
 endfacet
 facet normal -0.000000e+00  0.000000e+00 -1.000000e+00
   outer loop
     vertex  4.749724e+01  2.516026e+01  0.000000e+00
     vertex  4.741073e+01  2.514528e+01  0.000000e+00
     vertex  0.000000e+00  2.600000e+01  0.000000e+00
   endloop
 endfacet
 facet normal -0.000000e+00  0.000000e+00 -1.000000e+00
   outer loop
     vertex  4.741073e+01  2.514528e+01  0.000000e+00
     vertex  4.732467e+01  2.512793e+01  0.000000e+00
     vertex  0.000000e+00  2.600000e+01  0.000000e+00
   endloop
 endfacet
 facet normal -0.000000e+00  0.000000e+00 -1.000000e+00
   outer loop
     vertex  4.732467e+01  2.512793e+01  0.000000e+00
     vertex  4.723911e+01  2.510822e+01  0.000000e+00
     vertex  0.000000e+00  2.600000e+01  0.000000e+00
   endloop
 endfacet
 facet normal -0.000000e+00  0.000000e+00 -1.000000e+00
   outer loop
     vertex  4.723911e+01  2.510822e+01  0.000000e+00
     vertex  4.715412e+01  2.508618e+01  0.000000e+00
     vertex  0.000000e+00  2.600000e+01  0.000000e+00
   endloop
 endfacet
 facet normal -0.000000e+00  0.000000e+00 -1.000000e+00
   outer loop
     vertex  4.715412e+01  2.508618e+01  0.000000e+00
     vertex  4.706978e+01  2.506181e+01  0.000000e+00
     vertex  0.000000e+00  2.600000e+01  0.000000e+00
   endloop
 endfacet
 facet normal  0.000000e+00  0.000000e+00 -1.000000e+00
   outer loop
     vertex  4.706978e+01  2.506181e+01  0.000000e+00
     vertex  2.902126e+01  2.509993e+01  0.000000e+00
     vertex  0.000000e+00  2.600000e+01  0.000000e+00
   endloop
 endfacet
 facet normal -0.000000e+00  0.000000e+00 -1.000000e+00
   outer loop
     vertex  2.902126e+01  2.509993e+01  0.000000e+00
     vertex  2.893621e+01  2.509934e+01  0.000000e+00
     vertex  0.000000e+00  2.600000e+01  0.000000e+00
   endloop
 endfacet
 facet normal -0.000000e+00  0.000000e+00 -1.000000e+00
   outer loop
     vertex  2.893621e+01  2.509934e+01  0.000000e+00
     vertex  2.885121e+01  2.509643e+01  0.000000e+00
     vertex  0.000000e+00  2.600000e+01  0.000000e+00
   endloop
 endfacet
 facet normal -0.000000e+00  0.000000e+00 -1.000000e+00
   outer loop
     vertex  2.885121e+01  2.509643e+01  0.000000e+00
     vertex  2.876632e+01  2.509118e+01  0.000000e+00
     vertex  0.000000e+00  2.600000e+01  0.000000e+00
   endloop
 endfacet
 facet normal -0.000000e+00  0.000000e+00 -1.000000e+00
   outer loop
     vertex  2.876632e+01  2.509118e+01  0.000000e+00
     vertex  2.868160e+01  2.508361e+01  0.000000e+00
     vertex  0.000000e+00  2.600000e+01  0.000000e+00
   endloop
 endfacet
 facet normal -0.000000e+00  0.000000e+00 -1.000000e+00
   outer loop
     vertex  2.868160e+01  2.508361e+01  0.000000e+00
     vertex  2.859713e+01  2.507371e+01  0.000000e+00
     vertex  0.000000e+00  2.600000e+01  0.000000e+00
   endloop
 endfacet
 facet normal -0.000000e+00  0.000000e+00 -1.000000e+00
   outer loop
     vertex  2.859713e+01  2.507371e+01  0.000000e+00
     vertex  2.851295e+01  2.506150e+01  0.000000e+00
     vertex  0.000000e+00  2.600000e+01  0.000000e+00
   endloop
 endfacet
 facet normal -0.000000e+00  0.000000e+00 -1.000000e+00
   outer loop
     vertex  2.851295e+01  2.506150e+01  0.000000e+00
     vertex  2.842915e+01  2.504699e+01  0.000000e+00
     vertex  0.000000e+00  2.600000e+01  0.000000e+00
   endloop
 endfacet
 facet normal -0.000000e+00  0.000000e+00 -1.000000e+00
   outer loop
     vertex  2.842915e+01  2.504699e+01  0.000000e+00
     vertex  2.834577e+01  2.503018e+01  0.000000e+00
     vertex  0.000000e+00  2.600000e+01  0.000000e+00
   endloop
 endfacet
 facet normal -0.000000e+00  0.000000e+00 -1.000000e+00
   outer loop
     vertex  2.834577e+01  2.503018e+01  0.000000e+00
     vertex  2.826289e+01  2.501109e+01  0.000000e+00
     vertex  0.000000e+00  2.600000e+01  0.000000e+00
   endloop
 endfacet
 facet normal -0.000000e+00  0.000000e+00 -1.000000e+00
   outer loop
     vertex  2.826289e+01  2.501109e+01  0.000000e+00
     vertex  2.818056e+01  2.498973e+01  0.000000e+00
     vertex  0.000000e+00  2.600000e+01  0.000000e+00
   endloop
 endfacet
 facet normal -0.000000e+00  0.000000e+00 -1.000000e+00
   outer loop
     vertex  2.818056e+01  2.498973e+01  0.000000e+00
     vertex  2.809885e+01  2.496613e+01  0.000000e+00
     vertex  0.000000e+00  2.600000e+01  0.000000e+00
   endloop
 endfacet
 facet normal  0.000000e+00  0.000000e+00 -1.000000e+00
   outer loop
     vertex  2.809885e+01  2.496613e+01  0.000000e+00
     vertex  1.010287e+01  2.499824e+01  0.000000e+00
     vertex  0.000000e+00  2.600000e+01  0.000000e+00
   endloop
 endfacet
 facet normal  0.000000e+00  0.000000e+00 -1.000000e+00
   outer loop
     vertex  1.010287e+01  2.499824e+01  0.000000e+00
     vertex  1.002058e+01  2.499993e+01  0.000000e+00
     vertex  0.000000e+00  2.600000e+01  0.000000e+00
   endloop
 endfacet
 facet normal -0.000000e+00  0.000000e+00 -1.000000e+00
   outer loop
     vertex  1.002058e+01  2.499993e+01  0.000000e+00
     vertex  9.938270e+00  2.499936e+01  0.000000e+00
     vertex  0.000000e+00  2.600000e+01  0.000000e+00
   endloop
 endfacet
 facet normal -0.000000e+00  0.000000e+00 -1.000000e+00
   outer loop
     vertex  9.938270e+00  2.499936e+01  0.000000e+00
     vertex  9.856009e+00  2.499654e+01  0.000000e+00
     vertex  0.000000e+00  2.600000e+01  0.000000e+00
   endloop
 endfacet
 facet normal  0.000000e+00  0.000000e+00 -1.000000e+00
   outer loop
     vertex  5.900000e+01  2.600000e+01  0.000000e+00
     vertex  4.810973e+01  2.519812e+01  0.000000e+00
     vertex  4.802195e+01  2.519992e+01  0.000000e+00
   endloop
 endfacet
 facet normal  0.000000e+00  0.000000e+00 -1.000000e+00
   outer loop
     vertex  5.900000e+01  2.600000e+01  0.000000e+00
     vertex  4.819742e+01  2.519390e+01  0.000000e+00
     vertex  4.810973e+01  2.519812e+01  0.000000e+00
   endloop
 endfacet
 facet normal  0.000000e+00  0.000000e+00 -1.000000e+00
   outer loop
     vertex  5.900000e+01  2.600000e+01  0.000000e+00
     vertex  4.828497e+01  2.518729e+01  0.000000e+00
     vertex  4.819742e+01  2.519390e+01  0.000000e+00
   endloop
 endfacet
 facet normal  0.000000e+00  0.000000e+00 -1.000000e+00
   outer loop
     vertex  4.706978e+01  2.506181e+01  0.000000e+00
     vertex  2.910630e+01  2.509818e+01  0.000000e+00
     vertex  2.902126e+01  2.509993e+01  0.000000e+00
   endloop
 endfacet
 facet normal  0.000000e+00  0.000000e+00 -1.000000e+00
   outer loop
     vertex  4.706978e+01  2.506181e+01  0.000000e+00
     vertex  2.919125e+01  2.509409e+01  0.000000e+00
     vertex  2.910630e+01  2.509818e+01  0.000000e+00
   endloop
 endfacet
 facet normal  0.000000e+00  0.000000e+00 -1.000000e+00
   outer loop
     vertex  4.706978e+01  2.506181e+01  0.000000e+00
     vertex  2.927607e+01  2.508768e+01  0.000000e+00
     vertex  2.919125e+01  2.509409e+01  0.000000e+00
   endloop
 endfacet
 facet normal  0.000000e+00  0.000000e+00 -1.000000e+00
   outer loop
     vertex  4.706978e+01  2.506181e+01  0.000000e+00
     vertex  2.936067e+01  2.507895e+01  0.000000e+00
     vertex  2.927607e+01  2.508768e+01  0.000000e+00
   endloop
 endfacet
 facet normal  0.000000e+00  0.000000e+00 -1.000000e+00
   outer loop
     vertex  4.706978e+01  2.506181e+01  0.000000e+00
     vertex  2.944500e+01  2.506789e+01  0.000000e+00
     vertex  2.936067e+01  2.507895e+01  0.000000e+00
   endloop
 endfacet
 facet normal -0.000000e+00  0.000000e+00 -1.000000e+00
   outer loop
     vertex  4.706978e+01  2.506181e+01  0.000000e+00
     vertex  2.952900e+01  2.505453e+01  0.000000e+00
     vertex  2.944500e+01  2.506789e+01  0.000000e+00
   endloop
 endfacet
 facet normal  0.000000e+00  0.000000e+00 -1.000000e+00
   outer loop
     vertex  4.706978e+01  2.506181e+01  0.000000e+00
     vertex  2.961260e+01  2.503887e+01  0.000000e+00
     vertex  2.952900e+01  2.505453e+01  0.000000e+00
   endloop
 endfacet
 facet normal  0.000000e+00  0.000000e+00 -1.000000e+00
   outer loop
     vertex  4.706978e+01  2.506181e+01  0.000000e+00
     vertex  2.969574e+01  2.502092e+01  0.000000e+00
     vertex  2.961260e+01  2.503887e+01  0.000000e+00
   endloop
 endfacet
 facet normal  0.000000e+00  0.000000e+00 -1.000000e+00
   outer loop
     vertex  4.706978e+01  2.506181e+01  0.000000e+00
     vertex  2.977835e+01  2.500069e+01  0.000000e+00
     vertex  2.969574e+01  2.502092e+01  0.000000e+00
   endloop
 endfacet
 facet normal  0.000000e+00  0.000000e+00 -1.000000e+00
   outer loop
     vertex  4.706978e+01  2.506181e+01  0.000000e+00
     vertex  2.986038e+01  2.497821e+01  0.000000e+00
     vertex  2.977835e+01  2.500069e+01  0.000000e+00
   endloop
 endfacet
 facet normal  0.000000e+00  0.000000e+00 -1.000000e+00
   outer loop
     vertex  2.809885e+01  2.496613e+01  0.000000e+00
     vertex  1.018509e+01  2.499429e+01  0.000000e+00
     vertex  1.010287e+01  2.499824e+01  0.000000e+00
   endloop
 endfacet
 facet normal  0.000000e+00  0.000000e+00 -1.000000e+00
   outer loop
     vertex  2.809885e+01  2.496613e+01  0.000000e+00
     vertex  1.026716e+01  2.498808e+01  0.000000e+00
     vertex  1.018509e+01  2.499429e+01  0.000000e+00
   endloop
 endfacet
 facet normal  0.000000e+00  0.000000e+00 -1.000000e+00
   outer loop
     vertex  2.809885e+01  2.496613e+01  0.000000e+00
     vertex  1.034904e+01  2.497963e+01  0.000000e+00
     vertex  1.026716e+01  2.498808e+01  0.000000e+00
   endloop
 endfacet
 facet normal  0.000000e+00  0.000000e+00 -1.000000e+00
   outer loop
     vertex  2.809885e+01  2.496613e+01  0.000000e+00
     vertex  1.043065e+01  2.496893e+01  0.000000e+00
     vertex  1.034904e+01  2.497963e+01  0.000000e+00
   endloop
 endfacet
 facet normal -0.000000e+00  0.000000e+00 -1.000000e+00
   outer loop
     vertex  2.809885e+01  2.496613e+01  0.000000e+00
     vertex  1.051194e+01  2.495600e+01  0.000000e+00
     vertex  1.043065e+01  2.496893e+01  0.000000e+00
   endloop
 endfacet
 facet normal  0.000000e+00  0.000000e+00 -1.000000e+00
   outer loop
     vertex  2.809885e+01  2.496613e+01  0.000000e+00
     vertex  1.059284e+01  2.494084e+01  0.000000e+00
     vertex  1.051194e+01  2.495600e+01  0.000000e+00
   endloop
 endfacet
 facet normal  0.000000e+00  0.000000e+00 -1.000000e+00
   outer loop
     vertex  2.809885e+01  2.496613e+01  0.000000e+00
     vertex  1.067329e+01  2.492347e+01  0.000000e+00
     vertex  1.059284e+01  2.494084e+01  0.000000e+00
   endloop
 endfacet
 facet normal  0.000000e+00  0.000000e+00 -1.000000e+00
   outer loop
     vertex  2.809885e+01  2.496613e+01  0.000000e+00
     vertex  1.075324e+01  2.490390e+01  0.000000e+00
     vertex  1.067329e+01  2.492347e+01  0.000000e+00
   endloop
 endfacet
 facet normal  0.000000e+00  0.000000e+00 -1.000000e+00
   outer loop
     vertex  2.809885e+01  2.496613e+01  0.000000e+00
     vertex  1.083262e+01  2.488214e+01  0.000000e+00
     vertex  1.075324e+01  2.490390e+01  0.000000e+00
   endloop
 endfacet
 facet normal  0.000000e+00  0.000000e+00 -1.000000e+00
   outer loop
     vertex  3.000000e+00  1.690000e+01  0.000000e+00
     vertex  1.002058e+01  1.900007e+01  0.000000e+00
     vertex  1.690000e+01  1.690000e+01  0.000000e+00
   endloop
 endfacet
 facet normal  0.000000e+00  0.000000e+00 -1.000000e+00
   outer loop
     vertex  1.002058e+01  1.900007e+01  0.000000e+00
     vertex  1.010287e+01  1.900176e+01  0.000000e+00
     vertex  1.690000e+01  1.690000e+01  0.000000e+00
   endloop
 endfacet
 facet normal  0.000000e+00  0.000000e+00 -1.000000e+00
   outer loop
     vertex  1.010287e+01  1.900176e+01  0.000000e+00
     vertex  1.018509e+01  1.900571e+01  0.000000e+00
     vertex  1.690000e+01  1.690000e+01  0.000000e+00
   endloop
 endfacet
 facet normal  0.000000e+00  0.000000e+00 -1.000000e+00
   outer loop
     vertex  1.018509e+01  1.900571e+01  0.000000e+00
     vertex  1.026716e+01  1.901192e+01  0.000000e+00
     vertex  1.690000e+01  1.690000e+01  0.000000e+00
   endloop
 endfacet
 facet normal  0.000000e+00  0.000000e+00 -1.000000e+00
   outer loop
     vertex  3.000000e+00  1.690000e+01  0.000000e+00
     vertex  9.938270e+00  1.900064e+01  0.000000e+00
     vertex  1.002058e+01  1.900007e+01  0.000000e+00
   endloop
 endfacet
 facet normal  0.000000e+00  0.000000e+00 -1.000000e+00
   outer loop
     vertex  3.000000e+00  1.690000e+01  0.000000e+00
     vertex  9.856009e+00  1.900346e+01  0.000000e+00
     vertex  9.938270e+00  1.900064e+01  0.000000e+00
   endloop
 endfacet
 facet normal  0.000000e+00  0.000000e+00 -1.000000e+00
   outer loop
     vertex  3.000000e+00  1.690000e+01  0.000000e+00
     vertex  9.773855e+00  1.900854e+01  0.000000e+00
     vertex  9.856009e+00  1.900346e+01  0.000000e+00
   endloop
 endfacet
 facet normal  0.000000e+00  0.000000e+00 -1.000000e+00
   outer loop
     vertex  3.000000e+00  1.690000e+01  0.000000e+00
     vertex  9.691873e+00  1.901587e+01  0.000000e+00
     vertex  9.773855e+00  1.900854e+01  0.000000e+00
   endloop
 endfacet
 facet normal  0.000000e+00  0.000000e+00 -1.000000e+00
   outer loop
     vertex  2.200000e+01  1.710000e+01  0.000000e+00
     vertex  2.902126e+01  1.890007e+01  0.000000e+00
     vertex  3.610000e+01  1.710000e+01  0.000000e+00
   endloop
 endfacet
 facet normal  0.000000e+00  0.000000e+00 -1.000000e+00
   outer loop
     vertex  2.902126e+01  1.890007e+01  0.000000e+00
     vertex  2.910630e+01  1.890182e+01  0.000000e+00
     vertex  3.610000e+01  1.710000e+01  0.000000e+00
   endloop
 endfacet
 facet normal  0.000000e+00  0.000000e+00 -1.000000e+00
   outer loop
     vertex  2.910630e+01  1.890182e+01  0.000000e+00
     vertex  2.919125e+01  1.890591e+01  0.000000e+00
     vertex  3.610000e+01  1.710000e+01  0.000000e+00
   endloop
 endfacet
 facet normal  0.000000e+00  0.000000e+00 -1.000000e+00
   outer loop
     vertex  2.919125e+01  1.890591e+01  0.000000e+00
     vertex  2.927607e+01  1.891232e+01  0.000000e+00
     vertex  3.610000e+01  1.710000e+01  0.000000e+00
   endloop
 endfacet
 facet normal  0.000000e+00  0.000000e+00 -1.000000e+00
   outer loop
     vertex  2.927607e+01  1.891232e+01  0.000000e+00
     vertex  2.936067e+01  1.892105e+01  0.000000e+00
     vertex  3.610000e+01  1.710000e+01  0.000000e+00
   endloop
 endfacet
 facet normal  0.000000e+00  0.000000e+00 -1.000000e+00
   outer loop
     vertex  2.936067e+01  1.892105e+01  0.000000e+00
     vertex  2.944500e+01  1.893211e+01  0.000000e+00
     vertex  3.610000e+01  1.710000e+01  0.000000e+00
   endloop
 endfacet
 facet normal  0.000000e+00  0.000000e+00 -1.000000e+00
   outer loop
     vertex  2.200000e+01  1.710000e+01  0.000000e+00
     vertex  2.893621e+01  1.890066e+01  0.000000e+00
     vertex  2.902126e+01  1.890007e+01  0.000000e+00
   endloop
 endfacet
 facet normal  0.000000e+00  0.000000e+00 -1.000000e+00
   outer loop
     vertex  2.200000e+01  1.710000e+01  0.000000e+00
     vertex  2.885121e+01  1.890357e+01  0.000000e+00
     vertex  2.893621e+01  1.890066e+01  0.000000e+00
   endloop
 endfacet
 facet normal  0.000000e+00  0.000000e+00 -1.000000e+00
   outer loop
     vertex  2.200000e+01  1.710000e+01  0.000000e+00
     vertex  2.876632e+01  1.890882e+01  0.000000e+00
     vertex  2.885121e+01  1.890357e+01  0.000000e+00
   endloop
 endfacet
 facet normal  0.000000e+00  0.000000e+00 -1.000000e+00
   outer loop
     vertex  2.200000e+01  1.710000e+01  0.000000e+00
     vertex  2.868160e+01  1.891639e+01  0.000000e+00
     vertex  2.876632e+01  1.890882e+01  0.000000e+00
   endloop
 endfacet
 facet normal  0.000000e+00  0.000000e+00 -1.000000e+00
   outer loop
     vertex  2.200000e+01  1.710000e+01  0.000000e+00
     vertex  2.859713e+01  1.892629e+01  0.000000e+00
     vertex  2.868160e+01  1.891639e+01  0.000000e+00
   endloop
 endfacet
 facet normal  0.000000e+00  0.000000e+00 -1.000000e+00
   outer loop
     vertex  4.100000e+01  1.730000e+01  0.000000e+00
     vertex  4.802195e+01  1.880008e+01  0.000000e+00
     vertex  5.530000e+01  1.730000e+01  0.000000e+00
   endloop
 endfacet
 facet normal  0.000000e+00  0.000000e+00 -1.000000e+00
   outer loop
     vertex  4.802195e+01  1.880008e+01  0.000000e+00
     vertex  4.810973e+01  1.880188e+01  0.000000e+00
     vertex  5.530000e+01  1.730000e+01  0.000000e+00
   endloop
 endfacet
 facet normal  0.000000e+00  0.000000e+00 -1.000000e+00
   outer loop
     vertex  4.810973e+01  1.880188e+01  0.000000e+00
     vertex  4.819742e+01  1.880610e+01  0.000000e+00
     vertex  5.530000e+01  1.730000e+01  0.000000e+00
   endloop
 endfacet
 facet normal  0.000000e+00  0.000000e+00 -1.000000e+00
   outer loop
     vertex  4.819742e+01  1.880610e+01  0.000000e+00
     vertex  4.828497e+01  1.881271e+01  0.000000e+00
     vertex  5.530000e+01  1.730000e+01  0.000000e+00
   endloop
 endfacet
 facet normal  0.000000e+00  0.000000e+00 -1.000000e+00
   outer loop
     vertex  4.828497e+01  1.881271e+01  0.000000e+00
     vertex  4.837230e+01  1.882173e+01  0.000000e+00
     vertex  5.530000e+01  1.730000e+01  0.000000e+00
   endloop
 endfacet
 facet normal  0.000000e+00  0.000000e+00 -1.000000e+00
   outer loop
     vertex  4.837230e+01  1.882173e+01  0.000000e+00
     vertex  4.845936e+01  1.883314e+01  0.000000e+00
     vertex  5.530000e+01  1.730000e+01  0.000000e+00
   endloop
 endfacet
 facet normal  0.000000e+00  0.000000e+00 -1.000000e+00
   outer loop
     vertex  4.845936e+01  1.883314e+01  0.000000e+00
     vertex  4.854606e+01  1.884694e+01  0.000000e+00
     vertex  5.530000e+01  1.730000e+01  0.000000e+00
   endloop
 endfacet
 facet normal  0.000000e+00  0.000000e+00 -1.000000e+00
   outer loop
     vertex  4.100000e+01  1.730000e+01  0.000000e+00
     vertex  4.793415e+01  1.880068e+01  0.000000e+00
     vertex  4.802195e+01  1.880008e+01  0.000000e+00
   endloop
 endfacet
 facet normal  0.000000e+00  0.000000e+00 -1.000000e+00
   outer loop
     vertex  4.100000e+01  1.730000e+01  0.000000e+00
     vertex  4.784641e+01  1.880369e+01  0.000000e+00
     vertex  4.793415e+01  1.880068e+01  0.000000e+00
   endloop
 endfacet
 facet normal  0.000000e+00  0.000000e+00 -1.000000e+00
   outer loop
     vertex  4.100000e+01  1.730000e+01  0.000000e+00
     vertex  4.775878e+01  1.880910e+01  0.000000e+00
     vertex  4.784641e+01  1.880369e+01  0.000000e+00
   endloop
 endfacet
 facet normal  0.000000e+00  0.000000e+00 -1.000000e+00
   outer loop
     vertex  4.100000e+01  1.730000e+01  0.000000e+00
     vertex  4.767133e+01  1.881692e+01  0.000000e+00
     vertex  4.775878e+01  1.880910e+01  0.000000e+00
   endloop
 endfacet
 facet normal  0.000000e+00  0.000000e+00 -1.000000e+00
   outer loop
     vertex  4.100000e+01  1.730000e+01  0.000000e+00
     vertex  4.758413e+01  1.882714e+01  0.000000e+00
     vertex  4.767133e+01  1.881692e+01  0.000000e+00
   endloop
 endfacet
 facet normal  0.000000e+00  0.000000e+00 -1.000000e+00
   outer loop
     vertex  4.100000e+01  1.730000e+01  0.000000e+00
     vertex  4.749724e+01  1.883974e+01  0.000000e+00
     vertex  4.758413e+01  1.882714e+01  0.000000e+00
   endloop
 endfacet
 facet normal  1.000000e+00  0.000000e+00  0.000000e+00
   outer loop
     vertex  5.900000e+01  0.000000e+00  1.500000e+00
     vertex  5.900000e+01  0.000000e+00  0.000000e+00
     vertex  5.900000e+01  2.600000e+01  0.000000e+00
   endloop
 endfacet
 facet normal  1.000000e+00 -0.000000e+00  0.000000e+00
   outer loop
     vertex  5.900000e+01  0.000000e+00  1.500000e+00
     vertex  5.900000e+01  2.600000e+01  0.000000e+00
     vertex  5.900000e+01  2.600000e+01  1.500000e+00
   endloop
 endfacet
 facet normal  0.000000e+00  1.000000e+00  0.000000e+00
   outer loop
     vertex  1.690000e+01  3.000000e+00  1.500000e+00
     vertex  1.690000e+01  3.000000e+00  0.000000e+00
     vertex  3.000000e+00  3.000000e+00  0.000000e+00
   endloop
 endfacet
 facet normal  0.000000e+00  1.000000e+00  0.000000e+00
   outer loop
     vertex  1.690000e+01  3.000000e+00  1.500000e+00
     vertex  3.000000e+00  3.000000e+00  0.000000e+00
     vertex  3.000000e+00  3.000000e+00  1.500000e+00
   endloop
 endfacet
 facet normal -1.000000e+00  0.000000e+00  0.000000e+00
   outer loop
     vertex  1.690000e+01  3.000000e+00  1.500000e+00
     vertex  1.690000e+01  1.690000e+01  0.000000e+00
     vertex  1.690000e+01  3.000000e+00  0.000000e+00
   endloop
 endfacet
 facet normal -1.000000e+00  0.000000e+00  0.000000e+00
   outer loop
     vertex  1.690000e+01  3.000000e+00  1.500000e+00
     vertex  1.690000e+01  1.690000e+01  1.500000e+00
     vertex  1.690000e+01  1.690000e+01  0.000000e+00
   endloop
 endfacet
 facet normal  1.000000e+00  0.000000e+00  0.000000e+00
   outer loop
     vertex  3.000000e+00  3.000000e+00  1.500000e+00
     vertex  3.000000e+00  3.000000e+00  0.000000e+00
     vertex  3.000000e+00  1.690000e+01  0.000000e+00
   endloop
 endfacet
 facet normal  1.000000e+00 -0.000000e+00  0.000000e+00
   outer loop
     vertex  3.000000e+00  3.000000e+00  1.500000e+00
     vertex  3.000000e+00  1.690000e+01  0.000000e+00
     vertex  3.000000e+00  1.690000e+01  1.500000e+00
   endloop
 endfacet
 facet normal  0.000000e+00 -1.000000e+00 -0.000000e+00
   outer loop
     vertex  1.690000e+01  1.690000e+01  1.500000e+00
     vertex  3.000000e+00  1.690000e+01  0.000000e+00
     vertex  1.690000e+01  1.690000e+01  0.000000e+00
   endloop
 endfacet
 facet normal -0.000000e+00 -1.000000e+00  0.000000e+00
   outer loop
     vertex  1.690000e+01  1.690000e+01  1.500000e+00
     vertex  3.000000e+00  1.690000e+01  1.500000e+00
     vertex  3.000000e+00  1.690000e+01  0.000000e+00
   endloop
 endfacet
 facet normal  0.000000e+00  1.000000e+00  0.000000e+00
   outer loop
     vertex  3.610000e+01  3.000000e+00  1.500000e+00
     vertex  3.610000e+01  3.000000e+00  0.000000e+00
     vertex  2.200000e+01  3.000000e+00  0.000000e+00
   endloop
 endfacet
 facet normal  0.000000e+00  1.000000e+00  0.000000e+00
   outer loop
     vertex  3.610000e+01  3.000000e+00  1.500000e+00
     vertex  2.200000e+01  3.000000e+00  0.000000e+00
     vertex  2.200000e+01  3.000000e+00  1.500000e+00
   endloop
 endfacet
 facet normal -1.000000e+00  0.000000e+00  0.000000e+00
   outer loop
     vertex  3.610000e+01  3.000000e+00  1.500000e+00
     vertex  3.610000e+01  1.710000e+01  0.000000e+00
     vertex  3.610000e+01  3.000000e+00  0.000000e+00
   endloop
 endfacet
 facet normal -1.000000e+00  0.000000e+00  0.000000e+00
   outer loop
     vertex  3.610000e+01  3.000000e+00  1.500000e+00
     vertex  3.610000e+01  1.710000e+01  1.500000e+00
     vertex  3.610000e+01  1.710000e+01  0.000000e+00
   endloop
 endfacet
 facet normal  1.000000e+00  0.000000e+00  0.000000e+00
   outer loop
     vertex  2.200000e+01  3.000000e+00  1.500000e+00
     vertex  2.200000e+01  3.000000e+00  0.000000e+00
     vertex  2.200000e+01  1.710000e+01  0.000000e+00
   endloop
 endfacet
 facet normal  1.000000e+00 -0.000000e+00  0.000000e+00
   outer loop
     vertex  2.200000e+01  3.000000e+00  1.500000e+00
     vertex  2.200000e+01  1.710000e+01  0.000000e+00
     vertex  2.200000e+01  1.710000e+01  1.500000e+00
   endloop
 endfacet
 facet normal  0.000000e+00 -1.000000e+00 -0.000000e+00
   outer loop
     vertex  3.610000e+01  1.710000e+01  1.500000e+00
     vertex  2.200000e+01  1.710000e+01  0.000000e+00
     vertex  3.610000e+01  1.710000e+01  0.000000e+00
   endloop
 endfacet
 facet normal -0.000000e+00 -1.000000e+00  0.000000e+00
   outer loop
     vertex  3.610000e+01  1.710000e+01  1.500000e+00
     vertex  2.200000e+01  1.710000e+01  1.500000e+00
     vertex  2.200000e+01  1.710000e+01  0.000000e+00
   endloop
 endfacet
 facet normal  0.000000e+00  1.000000e+00  0.000000e+00
   outer loop
     vertex  5.530000e+01  3.000000e+00  1.500000e+00
     vertex  5.530000e+01  3.000000e+00  0.000000e+00
     vertex  4.100000e+01  3.000000e+00  0.000000e+00
   endloop
 endfacet
 facet normal  0.000000e+00  1.000000e+00  0.000000e+00
   outer loop
     vertex  5.530000e+01  3.000000e+00  1.500000e+00
     vertex  4.100000e+01  3.000000e+00  0.000000e+00
     vertex  4.100000e+01  3.000000e+00  1.500000e+00
   endloop
 endfacet
 facet normal -1.000000e+00  0.000000e+00  0.000000e+00
   outer loop
     vertex  5.530000e+01  3.000000e+00  1.500000e+00
     vertex  5.530000e+01  1.730000e+01  0.000000e+00
     vertex  5.530000e+01  3.000000e+00  0.000000e+00
   endloop
 endfacet
 facet normal -1.000000e+00  0.000000e+00  0.000000e+00
   outer loop
     vertex  5.530000e+01  3.000000e+00  1.500000e+00
     vertex  5.530000e+01  1.730000e+01  1.500000e+00
     vertex  5.530000e+01  1.730000e+01  0.000000e+00
   endloop
 endfacet
 facet normal  1.000000e+00  0.000000e+00  0.000000e+00
   outer loop
     vertex  4.100000e+01  3.000000e+00  1.500000e+00
     vertex  4.100000e+01  3.000000e+00  0.000000e+00
     vertex  4.100000e+01  1.730000e+01  0.000000e+00
   endloop
 endfacet
 facet normal  1.000000e+00 -0.000000e+00  0.000000e+00
   outer loop
     vertex  4.100000e+01  3.000000e+00  1.500000e+00
     vertex  4.100000e+01  1.730000e+01  0.000000e+00
     vertex  4.100000e+01  1.730000e+01  1.500000e+00
   endloop
 endfacet
 facet normal  0.000000e+00 -1.000000e+00 -0.000000e+00
   outer loop
     vertex  5.530000e+01  1.730000e+01  1.500000e+00
     vertex  4.100000e+01  1.730000e+01  0.000000e+00
     vertex  5.530000e+01  1.730000e+01  0.000000e+00
   endloop
 endfacet
 facet normal -0.000000e+00 -1.000000e+00  0.000000e+00
   outer loop
     vertex  5.530000e+01  1.730000e+01  1.500000e+00
     vertex  4.100000e+01  1.730000e+01  1.500000e+00
     vertex  4.100000e+01  1.730000e+01  0.000000e+00
   endloop
 endfacet
 facet normal -9.999059e-01 -1.371831e-02  0.000000e+00
   outer loop
     vertex  1.299887e+01  2.208230e+01  1.500000e+00
     vertex  1.300000e+01  2.200000e+01  0.000000e+00
     vertex  1.300000e+01  2.200000e+01  1.500000e+00
   endloop
 endfacet
 facet normal -9.999059e-01 -1.371831e-02 -0.000000e+00
   outer loop
     vertex  1.299887e+01  2.208230e+01  1.500000e+00
     vertex  1.299887e+01  2.208230e+01  0.000000e+00
     vertex  1.300000e+01  2.200000e+01  0.000000e+00
   endloop
 endfacet
 facet normal -9.991532e-01 -4.114462e-02 -0.000000e+00
   outer loop
     vertex  1.299548e+01  2.216454e+01  1.500000e+00
     vertex  1.299548e+01  2.216454e+01  0.000000e+00
     vertex  1.299887e+01  2.208230e+01  0.000000e+00
   endloop
 endfacet
 facet normal -9.991532e-01 -4.114462e-02  0.000000e+00
   outer loop
     vertex  1.299548e+01  2.216454e+01  1.500000e+00
     vertex  1.299887e+01  2.208230e+01  0.000000e+00
     vertex  1.299887e+01  2.208230e+01  1.500000e+00
   endloop
 endfacet
 facet normal -9.976484e-01 -6.853995e-02 -0.000000e+00
   outer loop
     vertex  1.298984e+01  2.224666e+01  1.500000e+00
     vertex  1.298984e+01  2.224666e+01  0.000000e+00
     vertex  1.299548e+01  2.216454e+01  0.000000e+00
   endloop
 endfacet
 facet normal -9.976484e-01 -6.853995e-02  0.000000e+00
   outer loop
     vertex  1.298984e+01  2.224666e+01  1.500000e+00
     vertex  1.299548e+01  2.216454e+01  0.000000e+00
     vertex  1.299548e+01  2.216454e+01  1.500000e+00
   endloop
 endfacet
 facet normal -9.953925e-01 -9.588368e-02 -0.000000e+00
   outer loop
     vertex  1.298195e+01  2.232859e+01  1.500000e+00
     vertex  1.298195e+01  2.232859e+01  0.000000e+00
     vertex  1.298984e+01  2.224666e+01  0.000000e+00
   endloop
 endfacet
 facet normal -9.953925e-01 -9.588368e-02  0.000000e+00
   outer loop
     vertex  1.298195e+01  2.232859e+01  1.500000e+00
     vertex  1.298984e+01  2.224666e+01  0.000000e+00
     vertex  1.298984e+01  2.224666e+01  1.500000e+00
   endloop
 endfacet
 facet normal -9.923874e-01 -1.231552e-01 -0.000000e+00
   outer loop
     vertex  1.297181e+01  2.241027e+01  1.500000e+00
     vertex  1.297181e+01  2.241027e+01  0.000000e+00
     vertex  1.298195e+01  2.232859e+01  0.000000e+00
   endloop
 endfacet
 facet normal -9.923874e-01 -1.231552e-01  0.000000e+00
   outer loop
     vertex  1.297181e+01  2.241027e+01  1.500000e+00
     vertex  1.298195e+01  2.232859e+01  0.000000e+00
     vertex  1.298195e+01  2.232859e+01  1.500000e+00
   endloop
 endfacet
 facet normal -9.886353e-01 -1.503341e-01 -0.000000e+00
   outer loop
     vertex  1.295944e+01  2.249165e+01  1.500000e+00
     vertex  1.295944e+01  2.249165e+01  0.000000e+00
     vertex  1.297181e+01  2.241027e+01  0.000000e+00
   endloop
 endfacet
 facet normal -9.841389e-01 -1.773998e-01 -0.000000e+00
   outer loop
     vertex  1.295944e+01  2.249165e+01  1.500000e+00
     vertex  1.294484e+01  2.257265e+01  0.000000e+00
     vertex  1.295944e+01  2.249165e+01  0.000000e+00
   endloop
 endfacet
 facet normal -9.886353e-01 -1.503341e-01  0.000000e+00
   outer loop
     vertex  1.295944e+01  2.249165e+01  1.500000e+00
     vertex  1.297181e+01  2.241027e+01  0.000000e+00
     vertex  1.297181e+01  2.241027e+01  1.500000e+00
   endloop
 endfacet
 facet normal -9.841389e-01 -1.773998e-01 -0.000000e+00
   outer loop
     vertex  1.294484e+01  2.257265e+01  1.500000e+00
     vertex  1.294484e+01  2.257265e+01  0.000000e+00
     vertex  1.295944e+01  2.249165e+01  1.500000e+00
   endloop
 endfacet
 facet normal -9.789017e-01 -2.043319e-01 -0.000000e+00
   outer loop
     vertex  1.292802e+01  2.265322e+01  1.500000e+00
     vertex  1.292802e+01  2.265322e+01  0.000000e+00
     vertex  1.294484e+01  2.257265e+01  0.000000e+00
   endloop
 endfacet
 facet normal -9.789017e-01 -2.043319e-01  0.000000e+00
   outer loop
     vertex  1.292802e+01  2.265322e+01  1.500000e+00
     vertex  1.294484e+01  2.257265e+01  0.000000e+00
     vertex  1.294484e+01  2.257265e+01  1.500000e+00
   endloop
 endfacet
 facet normal -9.729276e-01 -2.311102e-01 -0.000000e+00
   outer loop
     vertex  1.290900e+01  2.273331e+01  1.500000e+00
     vertex  1.290900e+01  2.273331e+01  0.000000e+00
     vertex  1.292802e+01  2.265322e+01  0.000000e+00
   endloop
 endfacet
 facet normal -9.729276e-01 -2.311102e-01  0.000000e+00
   outer loop
     vertex  1.290900e+01  2.273331e+01  1.500000e+00
     vertex  1.292802e+01  2.265322e+01  0.000000e+00
     vertex  1.292802e+01  2.265322e+01  1.500000e+00
   endloop
 endfacet
 facet normal -9.662211e-01 -2.577146e-01  0.000000e+00
   outer loop
     vertex  1.288778e+01  2.281284e+01  1.500000e+00
     vertex  1.290900e+01  2.273331e+01  0.000000e+00
     vertex  1.290900e+01  2.273331e+01  1.500000e+00
   endloop
 endfacet
 facet normal -9.662211e-01 -2.577146e-01 -0.000000e+00
   outer loop
     vertex  1.288778e+01  2.281284e+01  1.500000e+00
     vertex  1.288778e+01  2.281284e+01  0.000000e+00
     vertex  1.290900e+01  2.273331e+01  0.000000e+00
   endloop
 endfacet
 facet normal -9.587873e-01 -2.841250e-01 -0.000000e+00
   outer loop
     vertex  1.288778e+01  2.281284e+01  1.500000e+00
     vertex  1.286440e+01  2.289175e+01  0.000000e+00
     vertex  1.288778e+01  2.281284e+01  0.000000e+00
   endloop
 endfacet
 facet normal -9.587873e-01 -2.841250e-01 -0.000000e+00
   outer loop
     vertex  1.286440e+01  2.289175e+01  1.500000e+00
     vertex  1.286440e+01  2.289175e+01  0.000000e+00
     vertex  1.288778e+01  2.281284e+01  1.500000e+00
   endloop
 endfacet
 facet normal -9.506317e-01 -3.103214e-01 -0.000000e+00
   outer loop
     vertex  1.286440e+01  2.289175e+01  1.500000e+00
     vertex  1.283886e+01  2.297000e+01  0.000000e+00
     vertex  1.286440e+01  2.289175e+01  0.000000e+00
   endloop
 endfacet
 facet normal -9.506317e-01 -3.103214e-01 -0.000000e+00
   outer loop
     vertex  1.283886e+01  2.297000e+01  1.500000e+00
     vertex  1.283886e+01  2.297000e+01  0.000000e+00
     vertex  1.286440e+01  2.289175e+01  1.500000e+00
   endloop
 endfacet
 facet normal -9.417605e-01 -3.362843e-01 -0.000000e+00
   outer loop
     vertex  1.283886e+01  2.297000e+01  1.500000e+00
     vertex  1.281118e+01  2.304752e+01  0.000000e+00
     vertex  1.283886e+01  2.297000e+01  0.000000e+00
   endloop
 endfacet
 facet normal -9.417605e-01 -3.362843e-01 -0.000000e+00
   outer loop
     vertex  1.281118e+01  2.304752e+01  1.500000e+00
     vertex  1.281118e+01  2.304752e+01  0.000000e+00
     vertex  1.283886e+01  2.297000e+01  1.500000e+00
   endloop
 endfacet
 facet normal -9.321804e-01 -3.619940e-01  0.000000e+00
   outer loop
     vertex  1.278138e+01  2.312424e+01  1.500000e+00
     vertex  1.281118e+01  2.304752e+01  0.000000e+00
     vertex  1.281118e+01  2.304752e+01  1.500000e+00
   endloop
 endfacet
 facet normal -9.321804e-01 -3.619940e-01 -0.000000e+00
   outer loop
     vertex  1.278138e+01  2.312424e+01  1.500000e+00
     vertex  1.278138e+01  2.312424e+01  0.000000e+00
     vertex  1.281118e+01  2.304752e+01  0.000000e+00
   endloop
 endfacet
 facet normal -9.218986e-01 -3.874313e-01  0.000000e+00
   outer loop
     vertex  1.274949e+01  2.320013e+01  1.500000e+00
     vertex  1.278138e+01  2.312424e+01  0.000000e+00
     vertex  1.278138e+01  2.312424e+01  1.500000e+00
   endloop
 endfacet
 facet normal -9.218986e-01 -3.874313e-01 -0.000000e+00
   outer loop
     vertex  1.274949e+01  2.320013e+01  1.500000e+00
     vertex  1.274949e+01  2.320013e+01  0.000000e+00
     vertex  1.278138e+01  2.312424e+01  0.000000e+00
   endloop
 endfacet
 facet normal -9.109228e-01 -4.125769e-01  0.000000e+00
   outer loop
     vertex  1.271553e+01  2.327510e+01  1.500000e+00
     vertex  1.274949e+01  2.320013e+01  0.000000e+00
     vertex  1.274949e+01  2.320013e+01  1.500000e+00
   endloop
 endfacet
 facet normal -9.109228e-01 -4.125769e-01 -0.000000e+00
   outer loop
     vertex  1.271553e+01  2.327510e+01  1.500000e+00
     vertex  1.271553e+01  2.327510e+01  0.000000e+00
     vertex  1.274949e+01  2.320013e+01  0.000000e+00
   endloop
 endfacet
 facet normal -8.992613e-01 -4.374119e-01  0.000000e+00
   outer loop
     vertex  1.267953e+01  2.334912e+01  1.500000e+00
     vertex  1.271553e+01  2.327510e+01  0.000000e+00
     vertex  1.271553e+01  2.327510e+01  1.500000e+00
   endloop
 endfacet
 facet normal -8.992613e-01 -4.374119e-01 -0.000000e+00
   outer loop
     vertex  1.267953e+01  2.334912e+01  1.500000e+00
     vertex  1.267953e+01  2.334912e+01  0.000000e+00
     vertex  1.271553e+01  2.327510e+01  0.000000e+00
   endloop
 endfacet
 facet normal -8.869228e-01 -4.619176e-01  0.000000e+00
   outer loop
     vertex  1.264151e+01  2.342212e+01  1.500000e+00
     vertex  1.267953e+01  2.334912e+01  0.000000e+00
     vertex  1.267953e+01  2.334912e+01  1.500000e+00
   endloop
 endfacet
 facet normal -8.869228e-01 -4.619176e-01 -0.000000e+00
   outer loop
     vertex  1.264151e+01  2.342212e+01  1.500000e+00
     vertex  1.264151e+01  2.342212e+01  0.000000e+00
     vertex  1.267953e+01  2.334912e+01  0.000000e+00
   endloop
 endfacet
 facet normal -8.739167e-01 -4.860756e-01  0.000000e+00
   outer loop
     vertex  1.260150e+01  2.349406e+01  1.500000e+00
     vertex  1.264151e+01  2.342212e+01  0.000000e+00
     vertex  1.264151e+01  2.342212e+01  1.500000e+00
   endloop
 endfacet
 facet normal -8.739167e-01 -4.860756e-01 -0.000000e+00
   outer loop
     vertex  1.260150e+01  2.349406e+01  1.500000e+00
     vertex  1.260150e+01  2.349406e+01  0.000000e+00
     vertex  1.264151e+01  2.342212e+01  0.000000e+00
   endloop
 endfacet
 facet normal -8.602528e-01 -5.098678e-01  0.000000e+00
   outer loop
     vertex  1.255953e+01  2.356486e+01  1.500000e+00
     vertex  1.260150e+01  2.349406e+01  0.000000e+00
     vertex  1.260150e+01  2.349406e+01  1.500000e+00
   endloop
 endfacet
 facet normal -8.602528e-01 -5.098678e-01 -0.000000e+00
   outer loop
     vertex  1.255953e+01  2.356486e+01  1.500000e+00
     vertex  1.255953e+01  2.356486e+01  0.000000e+00
     vertex  1.260150e+01  2.349406e+01  0.000000e+00
   endloop
 endfacet
 facet normal -8.459413e-01 -5.332761e-01  0.000000e+00
   outer loop
     vertex  1.251564e+01  2.363449e+01  1.500000e+00
     vertex  1.255953e+01  2.356486e+01  0.000000e+00
     vertex  1.255953e+01  2.356486e+01  1.500000e+00
   endloop
 endfacet
 facet normal -8.459413e-01 -5.332761e-01 -0.000000e+00
   outer loop
     vertex  1.251564e+01  2.363449e+01  1.500000e+00
     vertex  1.251564e+01  2.363449e+01  0.000000e+00
     vertex  1.255953e+01  2.356486e+01  0.000000e+00
   endloop
 endfacet
 facet normal -8.309929e-01 -5.562829e-01 -0.000000e+00
   outer loop
     vertex  1.246985e+01  2.370289e+01  1.500000e+00
     vertex  1.246985e+01  2.370289e+01  0.000000e+00
     vertex  1.251564e+01  2.363449e+01  0.000000e+00
   endloop
 endfacet
 facet normal -8.309929e-01 -5.562829e-01  0.000000e+00
   outer loop
     vertex  1.246985e+01  2.370289e+01  1.500000e+00
     vertex  1.251564e+01  2.363449e+01  0.000000e+00
     vertex  1.251564e+01  2.363449e+01  1.500000e+00
   endloop
 endfacet
 facet normal -8.154191e-01 -5.788711e-01 -0.000000e+00
   outer loop
     vertex  1.242220e+01  2.377001e+01  1.500000e+00
     vertex  1.242220e+01  2.377001e+01  0.000000e+00
     vertex  1.246985e+01  2.370289e+01  0.000000e+00
   endloop
 endfacet
 facet normal -8.154191e-01 -5.788711e-01  0.000000e+00
   outer loop
     vertex  1.242220e+01  2.377001e+01  1.500000e+00
     vertex  1.246985e+01  2.370289e+01  0.000000e+00
     vertex  1.246985e+01  2.370289e+01  1.500000e+00
   endloop
 endfacet
 facet normal -7.992314e-01 -6.010234e-01 -0.000000e+00
   outer loop
     vertex  1.237273e+01  2.383579e+01  1.500000e+00
     vertex  1.237273e+01  2.383579e+01  0.000000e+00
     vertex  1.242220e+01  2.377001e+01  0.000000e+00
   endloop
 endfacet
 facet normal -7.992314e-01 -6.010234e-01  0.000000e+00
   outer loop
     vertex  1.237273e+01  2.383579e+01  1.500000e+00
     vertex  1.242220e+01  2.377001e+01  0.000000e+00
     vertex  1.242220e+01  2.377001e+01  1.500000e+00
   endloop
 endfacet
 facet normal -7.824421e-01 -6.227234e-01 -0.000000e+00
   outer loop
     vertex  1.232148e+01  2.390020e+01  1.500000e+00
     vertex  1.232148e+01  2.390020e+01  0.000000e+00
     vertex  1.237273e+01  2.383579e+01  0.000000e+00
   endloop
 endfacet
 facet normal -7.824421e-01 -6.227234e-01  0.000000e+00
   outer loop
     vertex  1.232148e+01  2.390020e+01  1.500000e+00
     vertex  1.237273e+01  2.383579e+01  0.000000e+00
     vertex  1.237273e+01  2.383579e+01  1.500000e+00
   endloop
 endfacet
 facet normal -7.650637e-01 -6.439545e-01 -0.000000e+00
   outer loop
     vertex  1.226847e+01  2.396317e+01  1.500000e+00
     vertex  1.226847e+01  2.396317e+01  0.000000e+00
     vertex  1.232148e+01  2.390020e+01  0.000000e+00
   endloop
 endfacet
 facet normal -7.650637e-01 -6.439545e-01  0.000000e+00
   outer loop
     vertex  1.226847e+01  2.396317e+01  1.500000e+00
     vertex  1.232148e+01  2.390020e+01  0.000000e+00
     vertex  1.232148e+01  2.390020e+01  1.500000e+00
   endloop
 endfacet
 facet normal -7.471095e-01 -6.647010e-01 -0.000000e+00
   outer loop
     vertex  1.221376e+01  2.402466e+01  1.500000e+00
     vertex  1.221376e+01  2.402466e+01  0.000000e+00
     vertex  1.226847e+01  2.396317e+01  0.000000e+00
   endloop
 endfacet
 facet normal -7.285929e-01 -6.849470e-01 -0.000000e+00
   outer loop
     vertex  1.221376e+01  2.402466e+01  1.500000e+00
     vertex  1.215738e+01  2.408463e+01  0.000000e+00
     vertex  1.221376e+01  2.402466e+01  0.000000e+00
   endloop
 endfacet
 facet normal -7.471095e-01 -6.647010e-01  0.000000e+00
   outer loop
     vertex  1.221376e+01  2.402466e+01  1.500000e+00
     vertex  1.226847e+01  2.396317e+01  0.000000e+00
     vertex  1.226847e+01  2.396317e+01  1.500000e+00
   endloop
 endfacet
 facet normal -7.285929e-01 -6.849470e-01 -0.000000e+00
   outer loop
     vertex  1.215738e+01  2.408463e+01  1.500000e+00
     vertex  1.215738e+01  2.408463e+01  0.000000e+00
     vertex  1.221376e+01  2.402466e+01  1.500000e+00
   endloop
 endfacet
 facet normal -7.095278e-01 -7.046775e-01 -0.000000e+00
   outer loop
     vertex  1.209938e+01  2.414303e+01  1.500000e+00
     vertex  1.209938e+01  2.414303e+01  0.000000e+00
     vertex  1.215738e+01  2.408463e+01  0.000000e+00
   endloop
 endfacet
 facet normal -6.899286e-01 -7.238775e-01 -0.000000e+00
   outer loop
     vertex  1.209938e+01  2.414303e+01  1.500000e+00
     vertex  1.203980e+01  2.419982e+01  0.000000e+00
     vertex  1.209938e+01  2.414303e+01  0.000000e+00
   endloop
 endfacet
 facet normal -7.095278e-01 -7.046775e-01  0.000000e+00
   outer loop
     vertex  1.209938e+01  2.414303e+01  1.500000e+00
     vertex  1.215738e+01  2.408463e+01  0.000000e+00
     vertex  1.215738e+01  2.408463e+01  1.500000e+00
   endloop
 endfacet
 facet normal -6.899286e-01 -7.238775e-01 -0.000000e+00
   outer loop
     vertex  1.203980e+01  2.419982e+01  1.500000e+00
     vertex  1.203980e+01  2.419982e+01  0.000000e+00
     vertex  1.209938e+01  2.414303e+01  1.500000e+00
   endloop
 endfacet
 facet normal -6.698100e-01 -7.425325e-01 -0.000000e+00
   outer loop
     vertex  1.197868e+01  2.425495e+01  1.500000e+00
     vertex  1.197868e+01  2.425495e+01  0.000000e+00
     vertex  1.203980e+01  2.419982e+01  0.000000e+00
   endloop
 endfacet
 facet normal -6.698100e-01 -7.425325e-01  0.000000e+00
   outer loop
     vertex  1.197868e+01  2.425495e+01  1.500000e+00
     vertex  1.203980e+01  2.419982e+01  0.000000e+00
     vertex  1.203980e+01  2.419982e+01  1.500000e+00
   endloop
 endfacet
 facet normal -6.491872e-01 -7.606287e-01 -0.000000e+00
   outer loop
     vertex  1.191607e+01  2.430839e+01  1.500000e+00
     vertex  1.191607e+01  2.430839e+01  0.000000e+00
     vertex  1.197868e+01  2.425495e+01  0.000000e+00
   endloop
 endfacet
 facet normal -6.280757e-01 -7.781522e-01 -0.000000e+00
   outer loop
     vertex  1.191607e+01  2.430839e+01  1.500000e+00
     vertex  1.185203e+01  2.436009e+01  0.000000e+00
     vertex  1.191607e+01  2.430839e+01  0.000000e+00
   endloop
 endfacet
 facet normal -6.491872e-01 -7.606287e-01  0.000000e+00
   outer loop
     vertex  1.191607e+01  2.430839e+01  1.500000e+00
     vertex  1.197868e+01  2.425495e+01  0.000000e+00
     vertex  1.197868e+01  2.425495e+01  1.500000e+00
   endloop
 endfacet
 facet normal -6.064915e-01 -7.950900e-01 -0.000000e+00
   outer loop
     vertex  1.185203e+01  2.436009e+01  1.500000e+00
     vertex  1.178658e+01  2.441001e+01  0.000000e+00
     vertex  1.185203e+01  2.436009e+01  0.000000e+00
   endloop
 endfacet
 facet normal -6.280757e-01 -7.781522e-01 -0.000000e+00
   outer loop
     vertex  1.185203e+01  2.436009e+01  1.500000e+00
     vertex  1.185203e+01  2.436009e+01  0.000000e+00
     vertex  1.191607e+01  2.430839e+01  1.500000e+00
   endloop
 endfacet
 facet normal -6.064915e-01 -7.950900e-01 -0.000000e+00
   outer loop
     vertex  1.178658e+01  2.441001e+01  1.500000e+00
     vertex  1.178658e+01  2.441001e+01  0.000000e+00
     vertex  1.185203e+01  2.436009e+01  1.500000e+00
   endloop
 endfacet
 facet normal -5.844507e-01 -8.114292e-01  0.000000e+00
   outer loop
     vertex  1.171979e+01  2.445811e+01  1.500000e+00
     vertex  1.178658e+01  2.441001e+01  0.000000e+00
     vertex  1.178658e+01  2.441001e+01  1.500000e+00
   endloop
 endfacet
 facet normal -5.844507e-01 -8.114292e-01 -0.000000e+00
   outer loop
     vertex  1.171979e+01  2.445811e+01  1.500000e+00
     vertex  1.171979e+01  2.445811e+01  0.000000e+00
     vertex  1.178658e+01  2.441001e+01  0.000000e+00
   endloop
 endfacet
 facet normal -5.619699e-01 -8.271577e-01 -0.000000e+00
   outer loop
     vertex  1.165171e+01  2.450437e+01  1.500000e+00
     vertex  1.165171e+01  2.450437e+01  0.000000e+00
     vertex  1.171979e+01  2.445811e+01  0.000000e+00
   endloop
 endfacet
 facet normal -5.619699e-01 -8.271577e-01  0.000000e+00
   outer loop
     vertex  1.165171e+01  2.450437e+01  1.500000e+00
     vertex  1.171979e+01  2.445811e+01  0.000000e+00
     vertex  1.171979e+01  2.445811e+01  1.500000e+00
   endloop
 endfacet
 facet normal -5.390661e-01 -8.422635e-01  0.000000e+00
   outer loop
     vertex  1.158238e+01  2.454874e+01  1.500000e+00
     vertex  1.165171e+01  2.450437e+01  0.000000e+00
     vertex  1.165171e+01  2.450437e+01  1.500000e+00
   endloop
 endfacet
 facet normal -5.390661e-01 -8.422635e-01 -0.000000e+00
   outer loop
     vertex  1.158238e+01  2.454874e+01  1.500000e+00
     vertex  1.158238e+01  2.454874e+01  0.000000e+00
     vertex  1.165171e+01  2.450437e+01  0.000000e+00
   endloop
 endfacet
 facet normal -5.157565e-01 -8.567352e-01  0.000000e+00
   outer loop
     vertex  1.151187e+01  2.459119e+01  1.500000e+00
     vertex  1.158238e+01  2.454874e+01  0.000000e+00
     vertex  1.158238e+01  2.454874e+01  1.500000e+00
   endloop
 endfacet
 facet normal -5.157565e-01 -8.567352e-01 -0.000000e+00
   outer loop
     vertex  1.151187e+01  2.459119e+01  1.500000e+00
     vertex  1.151187e+01  2.459119e+01  0.000000e+00
     vertex  1.158238e+01  2.454874e+01  0.000000e+00
   endloop
 endfacet
 facet normal -4.920587e-01 -8.705620e-01  0.000000e+00
   outer loop
     vertex  1.144021e+01  2.463169e+01  1.500000e+00
     vertex  1.151187e+01  2.459119e+01  0.000000e+00
     vertex  1.151187e+01  2.459119e+01  1.500000e+00
   endloop
 endfacet
 facet normal -4.920587e-01 -8.705620e-01 -0.000000e+00
   outer loop
     vertex  1.144021e+01  2.463169e+01  1.500000e+00
     vertex  1.144021e+01  2.463169e+01  0.000000e+00
     vertex  1.151187e+01  2.459119e+01  0.000000e+00
   endloop
 endfacet
 facet normal -4.679904e-01 -8.837335e-01  0.000000e+00
   outer loop
     vertex  1.136747e+01  2.467021e+01  1.500000e+00
     vertex  1.144021e+01  2.463169e+01  0.000000e+00
     vertex  1.144021e+01  2.463169e+01  1.500000e+00
   endloop
 endfacet
 facet normal -4.679904e-01 -8.837335e-01 -0.000000e+00
   outer loop
     vertex  1.136747e+01  2.467021e+01  1.500000e+00
     vertex  1.136747e+01  2.467021e+01  0.000000e+00
     vertex  1.144021e+01  2.463169e+01  0.000000e+00
   endloop
 endfacet
 facet normal -4.435699e-01 -8.962398e-01  0.000000e+00
   outer loop
     vertex  1.129370e+01  2.470672e+01  1.500000e+00
     vertex  1.136747e+01  2.467021e+01  0.000000e+00
     vertex  1.136747e+01  2.467021e+01  1.500000e+00
   endloop
 endfacet
 facet normal -4.435699e-01 -8.962398e-01 -0.000000e+00
   outer loop
     vertex  1.129370e+01  2.470672e+01  1.500000e+00
     vertex  1.129370e+01  2.470672e+01  0.000000e+00
     vertex  1.136747e+01  2.467021e+01  0.000000e+00
   endloop
 endfacet
 facet normal -4.188155e-01 -9.080714e-01  0.000000e+00
   outer loop
     vertex  1.121896e+01  2.474119e+01  1.500000e+00
     vertex  1.129370e+01  2.470672e+01  0.000000e+00
     vertex  1.129370e+01  2.470672e+01  1.500000e+00
   endloop
 endfacet
 facet normal -4.188155e-01 -9.080714e-01 -0.000000e+00
   outer loop
     vertex  1.121896e+01  2.474119e+01  1.500000e+00
     vertex  1.121896e+01  2.474119e+01  0.000000e+00
     vertex  1.129370e+01  2.470672e+01  0.000000e+00
   endloop
 endfacet
 facet normal -3.937458e-01 -9.192194e-01  0.000000e+00
   outer loop
     vertex  1.114330e+01  2.477360e+01  1.500000e+00
     vertex  1.121896e+01  2.474119e+01  0.000000e+00
     vertex  1.121896e+01  2.474119e+01  1.500000e+00
   endloop
 endfacet
 facet normal -3.937458e-01 -9.192194e-01 -0.000000e+00
   outer loop
     vertex  1.114330e+01  2.477360e+01  1.500000e+00
     vertex  1.114330e+01  2.477360e+01  0.000000e+00
     vertex  1.121896e+01  2.474119e+01  0.000000e+00
   endloop
 endfacet
 facet normal -3.683796e-01 -9.296754e-01  0.000000e+00
   outer loop
     vertex  1.106677e+01  2.480392e+01  1.500000e+00
     vertex  1.114330e+01  2.477360e+01  0.000000e+00
     vertex  1.114330e+01  2.477360e+01  1.500000e+00
   endloop
 endfacet
 facet normal -3.683796e-01 -9.296754e-01 -0.000000e+00
   outer loop
     vertex  1.106677e+01  2.480392e+01  1.500000e+00
     vertex  1.106677e+01  2.480392e+01  0.000000e+00
     vertex  1.114330e+01  2.477360e+01  0.000000e+00
   endloop
 endfacet
 facet normal -3.427362e-01 -9.394317e-01 -0.000000e+00
   outer loop
     vertex  1.106677e+01  2.480392e+01  1.500000e+00
     vertex  1.098945e+01  2.483214e+01  0.000000e+00
     vertex  1.106677e+01  2.480392e+01  0.000000e+00
   endloop
 endfacet
 facet normal -3.427362e-01 -9.394317e-01 -0.000000e+00
   outer loop
     vertex  1.098945e+01  2.483214e+01  1.500000e+00
     vertex  1.098945e+01  2.483214e+01  0.000000e+00
     vertex  1.106677e+01  2.480392e+01  1.500000e+00
   endloop
 endfacet
 facet normal -3.168348e-01 -9.484807e-01  0.000000e+00
   outer loop
     vertex  1.091138e+01  2.485821e+01  1.500000e+00
     vertex  1.098945e+01  2.483214e+01  0.000000e+00
     vertex  1.098945e+01  2.483214e+01  1.500000e+00
   endloop
 endfacet
 facet normal -3.168348e-01 -9.484807e-01 -0.000000e+00
   outer loop
     vertex  1.091138e+01  2.485821e+01  1.500000e+00
     vertex  1.091138e+01  2.485821e+01  0.000000e+00
     vertex  1.098945e+01  2.483214e+01  0.000000e+00
   endloop
 endfacet
 facet normal -2.906949e-01 -9.568158e-01  0.000000e+00
   outer loop
     vertex  1.083262e+01  2.488214e+01  1.500000e+00
     vertex  1.091138e+01  2.485821e+01  0.000000e+00
     vertex  1.091138e+01  2.485821e+01  1.500000e+00
   endloop
 endfacet
 facet normal -2.906949e-01 -9.568158e-01 -0.000000e+00
   outer loop
     vertex  1.083262e+01  2.488214e+01  1.500000e+00
     vertex  1.083262e+01  2.488214e+01  0.000000e+00
     vertex  1.091138e+01  2.485821e+01  0.000000e+00
   endloop
 endfacet
 facet normal -2.643362e-01 -9.644306e-01  0.000000e+00
   outer loop
     vertex  1.075324e+01  2.490390e+01  1.500000e+00
     vertex  1.083262e+01  2.488214e+01  0.000000e+00
     vertex  1.083262e+01  2.488214e+01  1.500000e+00
   endloop
 endfacet
 facet normal -2.643362e-01 -9.644306e-01 -0.000000e+00
   outer loop
     vertex  1.075324e+01  2.490390e+01  1.500000e+00
     vertex  1.075324e+01  2.490390e+01  0.000000e+00
     vertex  1.083262e+01  2.488214e+01  0.000000e+00
   endloop
 endfacet
 facet normal -2.377784e-01 -9.713194e-01  0.000000e+00
   outer loop
     vertex  1.067329e+01  2.492347e+01  1.500000e+00
     vertex  1.075324e+01  2.490390e+01  0.000000e+00
     vertex  1.075324e+01  2.490390e+01  1.500000e+00
   endloop
 endfacet
 facet normal -2.377784e-01 -9.713194e-01 -0.000000e+00
   outer loop
     vertex  1.067329e+01  2.492347e+01  1.500000e+00
     vertex  1.067329e+01  2.492347e+01  0.000000e+00
     vertex  1.075324e+01  2.490390e+01  0.000000e+00
   endloop
 endfacet
 facet normal -2.110417e-01 -9.774771e-01  0.000000e+00
   outer loop
     vertex  1.059284e+01  2.494084e+01  1.500000e+00
     vertex  1.067329e+01  2.492347e+01  0.000000e+00
     vertex  1.067329e+01  2.492347e+01  1.500000e+00
   endloop
 endfacet
 facet normal -2.110417e-01 -9.774771e-01 -0.000000e+00
   outer loop
     vertex  1.059284e+01  2.494084e+01  1.500000e+00
     vertex  1.059284e+01  2.494084e+01  0.000000e+00
     vertex  1.067329e+01  2.492347e+01  0.000000e+00
   endloop
 endfacet
 facet normal -1.841461e-01 -9.828989e-01  0.000000e+00
   outer loop
     vertex  1.051194e+01  2.495600e+01  1.500000e+00
     vertex  1.059284e+01  2.494084e+01  0.000000e+00
     vertex  1.059284e+01  2.494084e+01  1.500000e+00
   endloop
 endfacet
 facet normal -1.841461e-01 -9.828989e-01 -0.000000e+00
   outer loop
     vertex  1.051194e+01  2.495600e+01  1.500000e+00
     vertex  1.051194e+01  2.495600e+01  0.000000e+00
     vertex  1.059284e+01  2.494084e+01  0.000000e+00
   endloop
 endfacet
 facet normal -1.571119e-01 -9.875808e-01 -0.000000e+00
   outer loop
     vertex  1.051194e+01  2.495600e+01  1.500000e+00
     vertex  1.043065e+01  2.496893e+01  0.000000e+00
     vertex  1.051194e+01  2.495600e+01  0.000000e+00
   endloop
 endfacet
 facet normal -1.571119e-01 -9.875808e-01 -0.000000e+00
   outer loop
     vertex  1.043065e+01  2.496893e+01  1.500000e+00
     vertex  1.043065e+01  2.496893e+01  0.000000e+00
     vertex  1.051194e+01  2.495600e+01  1.500000e+00
   endloop
 endfacet
 facet normal -1.299594e-01 -9.915193e-01 -0.000000e+00
   outer loop
     vertex  1.043065e+01  2.496893e+01  1.500000e+00
     vertex  1.034904e+01  2.497963e+01  0.000000e+00
     vertex  1.043065e+01  2.496893e+01  0.000000e+00
   endloop
 endfacet
 facet normal -1.299594e-01 -9.915193e-01 -0.000000e+00
   outer loop
     vertex  1.034904e+01  2.497963e+01  1.500000e+00
     vertex  1.034904e+01  2.497963e+01  0.000000e+00
     vertex  1.043065e+01  2.496893e+01  1.500000e+00
   endloop
 endfacet
 facet normal -1.027091e-01 -9.947114e-01  0.000000e+00
   outer loop
     vertex  1.026716e+01  2.498808e+01  1.500000e+00
     vertex  1.034904e+01  2.497963e+01  0.000000e+00
     vertex  1.034904e+01  2.497963e+01  1.500000e+00
   endloop
 endfacet
 facet normal -1.027091e-01 -9.947114e-01 -0.000000e+00
   outer loop
     vertex  1.026716e+01  2.498808e+01  1.500000e+00
     vertex  1.026716e+01  2.498808e+01  0.000000e+00
     vertex  1.034904e+01  2.497963e+01  0.000000e+00
   endloop
 endfacet
 facet normal -7.538152e-02 -9.971548e-01  0.000000e+00
   outer loop
     vertex  1.018509e+01  2.499429e+01  1.500000e+00
     vertex  1.026716e+01  2.498808e+01  0.000000e+00
     vertex  1.026716e+01  2.498808e+01  1.500000e+00
   endloop
 endfacet
 facet normal -7.538152e-02 -9.971548e-01 -0.000000e+00
   outer loop
     vertex  1.018509e+01  2.499429e+01  1.500000e+00
     vertex  1.018509e+01  2.499429e+01  0.000000e+00
     vertex  1.026716e+01  2.498808e+01  0.000000e+00
   endloop
 endfacet
 facet normal -4.799716e-02 -9.988475e-01  0.000000e+00
   outer loop
     vertex  1.010287e+01  2.499824e+01  1.500000e+00
     vertex  1.018509e+01  2.499429e+01  0.000000e+00
     vertex  1.018509e+01  2.499429e+01  1.500000e+00
   endloop
 endfacet
 facet normal -4.799716e-02 -9.988475e-01 -0.000000e+00
   outer loop
     vertex  1.010287e+01  2.499824e+01  1.500000e+00
     vertex  1.010287e+01  2.499824e+01  0.000000e+00
     vertex  1.018509e+01  2.499429e+01  0.000000e+00
   endloop
 endfacet
 facet normal -2.057667e-02 -9.997883e-01 -0.000000e+00
   outer loop
     vertex  1.002058e+01  2.499993e+01  1.500000e+00
     vertex  1.002058e+01  2.499993e+01  0.000000e+00
     vertex  1.010287e+01  2.499824e+01  0.000000e+00
   endloop
 endfacet
 facet normal -2.057667e-02 -9.997883e-01  0.000000e+00
   outer loop
     vertex  1.002058e+01  2.499993e+01  1.500000e+00
     vertex  1.010287e+01  2.499824e+01  0.000000e+00
     vertex  1.010287e+01  2.499824e+01  1.500000e+00
   endloop
 endfacet
 facet normal  6.859319e-03 -9.999765e-01  0.000000e+00
   outer loop
     vertex  1.002058e+01  2.499993e+01  1.500000e+00
     vertex  9.938270e+00  2.499936e+01  0.000000e+00
     vertex  1.002058e+01  2.499993e+01  0.000000e+00
   endloop
 endfacet
 facet normal  6.859319e-03 -9.999765e-01  0.000000e+00
   outer loop
     vertex  9.938270e+00  2.499936e+01  1.500000e+00
     vertex  9.938270e+00  2.499936e+01  0.000000e+00
     vertex  1.002058e+01  2.499993e+01  1.500000e+00
   endloop
 endfacet
 facet normal  3.429014e-02 -9.994119e-01  0.000000e+00
   outer loop
     vertex  9.856009e+00  2.499654e+01  1.500000e+00
     vertex  9.856009e+00  2.499654e+01  0.000000e+00
     vertex  9.938270e+00  2.499936e+01  0.000000e+00
   endloop
 endfacet
 facet normal  3.429014e-02 -9.994119e-01  0.000000e+00
   outer loop
     vertex  9.856009e+00  2.499654e+01  1.500000e+00
     vertex  9.938270e+00  2.499936e+01  0.000000e+00
     vertex  9.938270e+00  2.499936e+01  1.500000e+00
   endloop
 endfacet
 facet normal  6.169515e-02 -9.980950e-01  0.000000e+00
   outer loop
     vertex  9.773855e+00  2.499146e+01  1.500000e+00
     vertex  9.773855e+00  2.499146e+01  0.000000e+00
     vertex  9.856009e+00  2.499654e+01  0.000000e+00
   endloop
 endfacet
 facet normal  8.905371e-02 -9.960268e-01  0.000000e+00
   outer loop
     vertex  9.773855e+00  2.499146e+01  1.500000e+00
     vertex  9.691873e+00  2.498413e+01  0.000000e+00
     vertex  9.773855e+00  2.499146e+01  0.000000e+00
   endloop
 endfacet
 facet normal  6.169515e-02 -9.980950e-01  0.000000e+00
   outer loop
     vertex  9.773855e+00  2.499146e+01  1.500000e+00
     vertex  9.856009e+00  2.499654e+01  0.000000e+00
     vertex  9.856009e+00  2.499654e+01  1.500000e+00
   endloop
 endfacet
 facet normal  8.905371e-02 -9.960268e-01  0.000000e+00
   outer loop
     vertex  9.691873e+00  2.498413e+01  1.500000e+00
     vertex  9.691873e+00  2.498413e+01  0.000000e+00
     vertex  9.773855e+00  2.499146e+01  1.500000e+00
   endloop
 endfacet
 facet normal  1.163452e-01 -9.932088e-01  0.000000e+00
   outer loop
     vertex  9.610122e+00  2.497456e+01  1.500000e+00
     vertex  9.691873e+00  2.498413e+01  0.000000e+00
     vertex  9.691873e+00  2.498413e+01  1.500000e+00
   endloop
 endfacet
 facet normal  1.163452e-01 -9.932088e-01  0.000000e+00
   outer loop
     vertex  9.610122e+00  2.497456e+01  1.500000e+00
     vertex  9.610122e+00  2.497456e+01  0.000000e+00
     vertex  9.691873e+00  2.498413e+01  0.000000e+00
   endloop
 endfacet
 facet normal  1.435492e-01 -9.896432e-01  0.000000e+00
   outer loop
     vertex  9.528664e+00  2.496274e+01  1.500000e+00
     vertex  9.610122e+00  2.497456e+01  0.000000e+00
     vertex  9.610122e+00  2.497456e+01  1.500000e+00
   endloop
 endfacet
 facet normal  1.435492e-01 -9.896432e-01  0.000000e+00
   outer loop
     vertex  9.528664e+00  2.496274e+01  1.500000e+00
     vertex  9.528664e+00  2.496274e+01  0.000000e+00
     vertex  9.610122e+00  2.497456e+01  0.000000e+00
   endloop
 endfacet
 facet normal  1.706451e-01 -9.853326e-01  0.000000e+00
   outer loop
     vertex  9.528664e+00  2.496274e+01  1.500000e+00
     vertex  9.447562e+00  2.494870e+01  0.000000e+00
     vertex  9.528664e+00  2.496274e+01  0.000000e+00
   endloop
 endfacet
 facet normal  1.706451e-01 -9.853326e-01  0.000000e+00
   outer loop
     vertex  9.447562e+00  2.494870e+01  1.500000e+00
     vertex  9.447562e+00  2.494870e+01  0.000000e+00
     vertex  9.528664e+00  2.496274e+01  1.500000e+00
   endloop
 endfacet
 facet normal  1.976125e-01 -9.802802e-01  0.000000e+00
   outer loop
     vertex  9.366875e+00  2.493243e+01  1.500000e+00
     vertex  9.447562e+00  2.494870e+01  0.000000e+00
     vertex  9.447562e+00  2.494870e+01  1.500000e+00
   endloop
 endfacet
 facet normal  1.976125e-01 -9.802802e-01  0.000000e+00
   outer loop
     vertex  9.366875e+00  2.493243e+01  1.500000e+00
     vertex  9.366875e+00  2.493243e+01  0.000000e+00
     vertex  9.447562e+00  2.494870e+01  0.000000e+00
   endloop
 endfacet
 facet normal  2.244312e-01 -9.744899e-01  0.000000e+00
   outer loop
     vertex  9.286665e+00  2.491396e+01  1.500000e+00
     vertex  9.366875e+00  2.493243e+01  0.000000e+00
     vertex  9.366875e+00  2.493243e+01  1.500000e+00
   endloop
 endfacet
 facet normal  2.244312e-01 -9.744899e-01  0.000000e+00
   outer loop
     vertex  9.286665e+00  2.491396e+01  1.500000e+00
     vertex  9.286665e+00  2.491396e+01  0.000000e+00
     vertex  9.366875e+00  2.493243e+01  0.000000e+00
   endloop
 endfacet
 facet normal  2.510809e-01 -9.679661e-01  0.000000e+00
   outer loop
     vertex  9.286665e+00  2.491396e+01  1.500000e+00
     vertex  9.206992e+00  2.489329e+01  0.000000e+00
     vertex  9.286665e+00  2.491396e+01  0.000000e+00
   endloop
 endfacet
 facet normal  2.510809e-01 -9.679661e-01  0.000000e+00
   outer loop
     vertex  9.206992e+00  2.489329e+01  1.500000e+00
     vertex  9.206992e+00  2.489329e+01  0.000000e+00
     vertex  9.286665e+00  2.491396e+01  1.500000e+00
   endloop
 endfacet
 facet normal  2.775416e-01 -9.607136e-01  0.000000e+00
   outer loop
     vertex  9.127915e+00  2.487045e+01  1.500000e+00
     vertex  9.206992e+00  2.489329e+01  0.000000e+00
     vertex  9.206992e+00  2.489329e+01  1.500000e+00
   endloop
 endfacet
 facet normal  2.775416e-01 -9.607136e-01  0.000000e+00
   outer loop
     vertex  9.127915e+00  2.487045e+01  1.500000e+00
     vertex  9.127915e+00  2.487045e+01  0.000000e+00
     vertex  9.206992e+00  2.489329e+01  0.000000e+00
   endloop
 endfacet
 facet normal  3.037934e-01 -9.527379e-01  0.000000e+00
   outer loop
     vertex  9.049496e+00  2.484544e+01  1.500000e+00
     vertex  9.127915e+00  2.487045e+01  0.000000e+00
     vertex  9.127915e+00  2.487045e+01  1.500000e+00
   endloop
 endfacet
 facet normal  3.037934e-01 -9.527379e-01  0.000000e+00
   outer loop
     vertex  9.049496e+00  2.484544e+01  1.500000e+00
     vertex  9.049496e+00  2.484544e+01  0.000000e+00
     vertex  9.127915e+00  2.487045e+01  0.000000e+00
   endloop
 endfacet
 facet normal  3.298166e-01 -9.440450e-01  0.000000e+00
   outer loop
     vertex  8.971791e+00  2.481830e+01  1.500000e+00
     vertex  9.049496e+00  2.484544e+01  0.000000e+00
     vertex  9.049496e+00  2.484544e+01  1.500000e+00
   endloop
 endfacet
 facet normal  3.298166e-01 -9.440450e-01  0.000000e+00
   outer loop
     vertex  8.971791e+00  2.481830e+01  1.500000e+00
     vertex  8.971791e+00  2.481830e+01  0.000000e+00
     vertex  9.049496e+00  2.484544e+01  0.000000e+00
   endloop
 endfacet
 facet normal  3.555914e-01 -9.346415e-01  0.000000e+00
   outer loop
     vertex  8.971791e+00  2.481830e+01  1.500000e+00
     vertex  8.894861e+00  2.478903e+01  0.000000e+00
     vertex  8.971791e+00  2.481830e+01  0.000000e+00
   endloop
 endfacet
 facet normal  3.555914e-01 -9.346415e-01  0.000000e+00
   outer loop
     vertex  8.894861e+00  2.478903e+01  1.500000e+00
     vertex  8.894861e+00  2.478903e+01  0.000000e+00
     vertex  8.971791e+00  2.481830e+01  1.500000e+00
   endloop
 endfacet
 facet normal  4.063188e-01 -9.137314e-01  0.000000e+00
   outer loop
     vertex  8.818763e+00  2.475766e+01  1.500000e+00
     vertex  8.743554e+00  2.472421e+01  0.000000e+00
     vertex  8.818763e+00  2.475766e+01  0.000000e+00
   endloop
 endfacet
 facet normal  3.810986e-01 -9.245344e-01  0.000000e+00
   outer loop
     vertex  8.818763e+00  2.475766e+01  1.500000e+00
     vertex  8.894861e+00  2.478903e+01  0.000000e+00
     vertex  8.894861e+00  2.478903e+01  1.500000e+00
   endloop
 endfacet
 facet normal  3.810986e-01 -9.245344e-01  0.000000e+00
   outer loop
     vertex  8.818763e+00  2.475766e+01  1.500000e+00
     vertex  8.818763e+00  2.475766e+01  0.000000e+00
     vertex  8.894861e+00  2.478903e+01  0.000000e+00
   endloop
 endfacet
 facet normal  4.063188e-01 -9.137314e-01  0.000000e+00
   outer loop
     vertex  8.743554e+00  2.472421e+01  1.500000e+00
     vertex  8.743554e+00  2.472421e+01  0.000000e+00
     vertex  8.818763e+00  2.475766e+01  1.500000e+00
   endloop
 endfacet
 facet normal  4.312333e-01 -9.022405e-01  0.000000e+00
   outer loop
     vertex  8.669290e+00  2.468872e+01  1.500000e+00
     vertex  8.669290e+00  2.468872e+01  0.000000e+00
     vertex  8.743554e+00  2.472421e+01  0.000000e+00
   endloop
 endfacet
 facet normal  4.312333e-01 -9.022405e-01  0.000000e+00
   outer loop
     vertex  8.669290e+00  2.468872e+01  1.500000e+00
     vertex  8.743554e+00  2.472421e+01  0.000000e+00
     vertex  8.743554e+00  2.472421e+01  1.500000e+00
   endloop
 endfacet
 facet normal  4.558231e-01 -8.900704e-01  0.000000e+00
   outer loop
     vertex  8.596029e+00  2.465120e+01  1.500000e+00
     vertex  8.596029e+00  2.465120e+01  0.000000e+00
     vertex  8.669290e+00  2.468872e+01  0.000000e+00
   endloop
 endfacet
 facet normal  4.800697e-01 -8.772303e-01  0.000000e+00
   outer loop
     vertex  8.596029e+00  2.465120e+01  1.500000e+00
     vertex  8.523824e+00  2.461169e+01  0.000000e+00
     vertex  8.596029e+00  2.465120e+01  0.000000e+00
   endloop
 endfacet
 facet normal  4.558231e-01 -8.900704e-01  0.000000e+00
   outer loop
     vertex  8.596029e+00  2.465120e+01  1.500000e+00
     vertex  8.669290e+00  2.468872e+01  0.000000e+00
     vertex  8.669290e+00  2.468872e+01  1.500000e+00
   endloop
 endfacet
 facet normal  4.800697e-01 -8.772303e-01  0.000000e+00
   outer loop
     vertex  8.523824e+00  2.461169e+01  1.500000e+00
     vertex  8.523824e+00  2.461169e+01  0.000000e+00
     vertex  8.596029e+00  2.465120e+01  1.500000e+00
   endloop
 endfacet
 facet normal  5.039550e-01 -8.637299e-01  0.000000e+00
   outer loop
     vertex  8.452730e+00  2.457021e+01  1.500000e+00
     vertex  8.452730e+00  2.457021e+01  0.000000e+00
     vertex  8.523824e+00  2.461169e+01  0.000000e+00
   endloop
 endfacet
 facet normal  5.039550e-01 -8.637299e-01  0.000000e+00
   outer loop
     vertex  8.452730e+00  2.457021e+01  1.500000e+00
     vertex  8.523824e+00  2.461169e+01  0.000000e+00
     vertex  8.523824e+00  2.461169e+01  1.500000e+00
   endloop
 endfacet
 facet normal  5.274609e-01 -8.495793e-01  0.000000e+00
   outer loop
     vertex  8.382802e+00  2.452679e+01  1.500000e+00
     vertex  8.382802e+00  2.452679e+01  0.000000e+00
     vertex  8.452730e+00  2.457021e+01  0.000000e+00
   endloop
 endfacet
 facet normal  5.505698e-01 -8.347891e-01  0.000000e+00
   outer loop
     vertex  8.382802e+00  2.452679e+01  1.500000e+00
     vertex  8.314090e+00  2.448147e+01  0.000000e+00
     vertex  8.382802e+00  2.452679e+01  0.000000e+00
   endloop
 endfacet
 facet normal  5.274609e-01 -8.495793e-01  0.000000e+00
   outer loop
     vertex  8.382802e+00  2.452679e+01  1.500000e+00
     vertex  8.452730e+00  2.457021e+01  0.000000e+00
     vertex  8.452730e+00  2.457021e+01  1.500000e+00
   endloop
 endfacet
 facet normal  5.505698e-01 -8.347891e-01  0.000000e+00
   outer loop
     vertex  8.314090e+00  2.448147e+01  1.500000e+00
     vertex  8.314090e+00  2.448147e+01  0.000000e+00
     vertex  8.382802e+00  2.452679e+01  1.500000e+00
   endloop
 endfacet
 facet normal  5.732642e-01 -8.193706e-01  0.000000e+00
   outer loop
     vertex  8.246648e+00  2.443429e+01  1.500000e+00
     vertex  8.246648e+00  2.443429e+01  0.000000e+00
     vertex  8.314090e+00  2.448147e+01  0.000000e+00
   endloop
 endfacet
 facet normal  5.732642e-01 -8.193706e-01  0.000000e+00
   outer loop
     vertex  8.246648e+00  2.443429e+01  1.500000e+00
     vertex  8.314090e+00  2.448147e+01  0.000000e+00
     vertex  8.314090e+00  2.448147e+01  1.500000e+00
   endloop
 endfacet
 facet normal  5.955271e-01 -8.033352e-01  0.000000e+00
   outer loop
     vertex  8.180526e+00  2.438527e+01  1.500000e+00
     vertex  8.180526e+00  2.438527e+01  0.000000e+00
     vertex  8.246648e+00  2.443429e+01  0.000000e+00
   endloop
 endfacet
 facet normal  6.173417e-01 -7.866951e-01  0.000000e+00
   outer loop
     vertex  8.180526e+00  2.438527e+01  1.500000e+00
     vertex  8.115773e+00  2.433446e+01  0.000000e+00
     vertex  8.180526e+00  2.438527e+01  0.000000e+00
   endloop
 endfacet
 facet normal  5.955271e-01 -8.033352e-01  0.000000e+00
   outer loop
     vertex  8.180526e+00  2.438527e+01  1.500000e+00
     vertex  8.246648e+00  2.443429e+01  0.000000e+00
     vertex  8.246648e+00  2.443429e+01  1.500000e+00
   endloop
 endfacet
 facet normal  6.173417e-01 -7.866951e-01  0.000000e+00
   outer loop
     vertex  8.115773e+00  2.433446e+01  1.500000e+00
     vertex  8.115773e+00  2.433446e+01  0.000000e+00
     vertex  8.180526e+00  2.438527e+01  1.500000e+00
   endloop
 endfacet
 facet normal  6.386916e-01 -7.694628e-01  0.000000e+00
   outer loop
     vertex  8.052438e+00  2.428189e+01  1.500000e+00
     vertex  8.052438e+00  2.428189e+01  0.000000e+00
     vertex  8.115773e+00  2.433446e+01  0.000000e+00
   endloop
 endfacet
 facet normal  6.386916e-01 -7.694628e-01  0.000000e+00
   outer loop
     vertex  8.052438e+00  2.428189e+01  1.500000e+00
     vertex  8.115773e+00  2.433446e+01  0.000000e+00
     vertex  8.115773e+00  2.433446e+01  1.500000e+00
   endloop
 endfacet
 facet normal  6.595607e-01 -7.516513e-01  0.000000e+00
   outer loop
     vertex  7.990570e+00  2.422760e+01  1.500000e+00
     vertex  7.990570e+00  2.422760e+01  0.000000e+00
     vertex  8.052438e+00  2.428189e+01  0.000000e+00
   endloop
 endfacet
 facet normal  6.595607e-01 -7.516513e-01  0.000000e+00
   outer loop
     vertex  7.990570e+00  2.422760e+01  1.500000e+00
     vertex  8.052438e+00  2.428189e+01  0.000000e+00
     vertex  8.052438e+00  2.428189e+01  1.500000e+00
   endloop
 endfacet
 facet normal  6.799333e-01 -7.332740e-01  0.000000e+00
   outer loop
     vertex  7.930214e+00  2.417163e+01  1.500000e+00
     vertex  7.930214e+00  2.417163e+01  0.000000e+00
     vertex  7.990570e+00  2.422760e+01  0.000000e+00
   endloop
 endfacet
 facet normal  6.997940e-01 -7.143447e-01  0.000000e+00
   outer loop
     vertex  7.930214e+00  2.417163e+01  1.500000e+00
     vertex  7.871417e+00  2.411403e+01  0.000000e+00
     vertex  7.930214e+00  2.417163e+01  0.000000e+00
   endloop
 endfacet
 facet normal  6.799333e-01 -7.332740e-01  0.000000e+00
   outer loop
     vertex  7.930214e+00  2.417163e+01  1.500000e+00
     vertex  7.990570e+00  2.422760e+01  0.000000e+00
     vertex  7.990570e+00  2.422760e+01  1.500000e+00
   endloop
 endfacet
 facet normal  6.997940e-01 -7.143447e-01  0.000000e+00
   outer loop
     vertex  7.871417e+00  2.411403e+01  1.500000e+00
     vertex  7.871417e+00  2.411403e+01  0.000000e+00
     vertex  7.930214e+00  2.417163e+01  1.500000e+00
   endloop
 endfacet
 facet normal  7.191280e-01 -6.948776e-01  0.000000e+00
   outer loop
     vertex  7.871417e+00  2.411403e+01  1.500000e+00
     vertex  7.814221e+00  2.405484e+01  0.000000e+00
     vertex  7.871417e+00  2.411403e+01  0.000000e+00
   endloop
 endfacet
 facet normal  7.191280e-01 -6.948776e-01  0.000000e+00
   outer loop
     vertex  7.814221e+00  2.405484e+01  1.500000e+00
     vertex  7.814221e+00  2.405484e+01  0.000000e+00
     vertex  7.871417e+00  2.411403e+01  1.500000e+00
   endloop
 endfacet
 facet normal  7.379206e-01 -6.748875e-01  0.000000e+00
   outer loop
     vertex  7.814221e+00  2.405484e+01  1.500000e+00
     vertex  7.758671e+00  2.399410e+01  0.000000e+00
     vertex  7.814221e+00  2.405484e+01  0.000000e+00
   endloop
 endfacet
 facet normal  7.379206e-01 -6.748875e-01  0.000000e+00
   outer loop
     vertex  7.758671e+00  2.399410e+01  1.500000e+00
     vertex  7.758671e+00  2.399410e+01  0.000000e+00
     vertex  7.814221e+00  2.405484e+01  1.500000e+00
   endloop
 endfacet
 facet normal  7.561578e-01 -6.543893e-01  0.000000e+00
   outer loop
     vertex  7.704809e+00  2.393186e+01  1.500000e+00
     vertex  7.758671e+00  2.399410e+01  0.000000e+00
     vertex  7.758671e+00  2.399410e+01  1.500000e+00
   endloop
 endfacet
 facet normal  7.561578e-01 -6.543893e-01  0.000000e+00
   outer loop
     vertex  7.704809e+00  2.393186e+01  1.500000e+00
     vertex  7.704809e+00  2.393186e+01  0.000000e+00
     vertex  7.758671e+00  2.399410e+01  0.000000e+00
   endloop
 endfacet
 facet normal  7.738257e-01 -6.333986e-01  0.000000e+00
   outer loop
     vertex  7.704809e+00  2.393186e+01  1.500000e+00
     vertex  7.652674e+00  2.386817e+01  0.000000e+00
     vertex  7.704809e+00  2.393186e+01  0.000000e+00
   endloop
 endfacet
 facet normal  7.738257e-01 -6.333986e-01  0.000000e+00
   outer loop
     vertex  7.652674e+00  2.386817e+01  1.500000e+00
     vertex  7.652674e+00  2.386817e+01  0.000000e+00
     vertex  7.704809e+00  2.393186e+01  1.500000e+00
   endloop
 endfacet
 facet normal  7.909112e-01 -6.119310e-01  0.000000e+00
   outer loop
     vertex  7.602306e+00  2.380307e+01  1.500000e+00
     vertex  7.602306e+00  2.380307e+01  0.000000e+00
     vertex  7.652674e+00  2.386817e+01  0.000000e+00
   endloop
 endfacet
 facet normal  7.909112e-01 -6.119310e-01  0.000000e+00
   outer loop
     vertex  7.602306e+00  2.380307e+01  1.500000e+00
     vertex  7.652674e+00  2.386817e+01  0.000000e+00
     vertex  7.652674e+00  2.386817e+01  1.500000e+00
   endloop
 endfacet
 facet normal  8.074012e-01 -5.900028e-01  0.000000e+00
   outer loop
     vertex  7.553743e+00  2.373661e+01  1.500000e+00
     vertex  7.602306e+00  2.380307e+01  0.000000e+00
     vertex  7.602306e+00  2.380307e+01  1.500000e+00
   endloop
 endfacet
 facet normal  8.074012e-01 -5.900028e-01  0.000000e+00
   outer loop
     vertex  7.553743e+00  2.373661e+01  1.500000e+00
     vertex  7.553743e+00  2.373661e+01  0.000000e+00
     vertex  7.602306e+00  2.380307e+01  0.000000e+00
   endloop
 endfacet
 facet normal  8.232835e-01 -5.676304e-01  0.000000e+00
   outer loop
     vertex  7.553743e+00  2.373661e+01  1.500000e+00
     vertex  7.507021e+00  2.366885e+01  0.000000e+00
     vertex  7.553743e+00  2.373661e+01  0.000000e+00
   endloop
 endfacet
 facet normal  8.385460e-01 -5.448308e-01  0.000000e+00
   outer loop
     vertex  7.507021e+00  2.366885e+01  1.500000e+00
     vertex  7.462176e+00  2.359983e+01  0.000000e+00
     vertex  7.507021e+00  2.366885e+01  0.000000e+00
   endloop
 endfacet
 facet normal  8.232835e-01 -5.676304e-01  0.000000e+00
   outer loop
     vertex  7.507021e+00  2.366885e+01  1.500000e+00
     vertex  7.507021e+00  2.366885e+01  0.000000e+00
     vertex  7.553743e+00  2.373661e+01  1.500000e+00
   endloop
 endfacet
 facet normal  8.385460e-01 -5.448308e-01  0.000000e+00
   outer loop
     vertex  7.462176e+00  2.359983e+01  1.500000e+00
     vertex  7.462176e+00  2.359983e+01  0.000000e+00
     vertex  7.507021e+00  2.366885e+01  1.500000e+00
   endloop
 endfacet
 facet normal  8.531773e-01 -5.216210e-01  0.000000e+00
   outer loop
     vertex  7.419242e+00  2.352960e+01  1.500000e+00
     vertex  7.419242e+00  2.352960e+01  0.000000e+00
     vertex  7.462176e+00  2.359983e+01  0.000000e+00
   endloop
 endfacet
 facet normal  8.671664e-01 -4.980186e-01  0.000000e+00
   outer loop
     vertex  7.419242e+00  2.352960e+01  1.500000e+00
     vertex  7.378250e+00  2.345823e+01  0.000000e+00
     vertex  7.419242e+00  2.352960e+01  0.000000e+00
   endloop
 endfacet
 facet normal  8.531773e-01 -5.216210e-01  0.000000e+00
   outer loop
     vertex  7.419242e+00  2.352960e+01  1.500000e+00
     vertex  7.462176e+00  2.359983e+01  0.000000e+00
     vertex  7.462176e+00  2.359983e+01  1.500000e+00
   endloop
 endfacet
 facet normal  8.671664e-01 -4.980186e-01  0.000000e+00
   outer loop
     vertex  7.378250e+00  2.345823e+01  1.500000e+00
     vertex  7.378250e+00  2.345823e+01  0.000000e+00
     vertex  7.419242e+00  2.352960e+01  1.500000e+00
   endloop
 endfacet
 facet normal  8.805026e-01 -4.740412e-01  0.000000e+00
   outer loop
     vertex  7.339231e+00  2.338575e+01  1.500000e+00
     vertex  7.339231e+00  2.338575e+01  0.000000e+00
     vertex  7.378250e+00  2.345823e+01  0.000000e+00
   endloop
 endfacet
 facet normal  8.805026e-01 -4.740412e-01  0.000000e+00
   outer loop
     vertex  7.339231e+00  2.338575e+01  1.500000e+00
     vertex  7.378250e+00  2.345823e+01  0.000000e+00
     vertex  7.378250e+00  2.345823e+01  1.500000e+00
   endloop
 endfacet
 facet normal  8.931761e-01 -4.497071e-01  0.000000e+00
   outer loop
     vertex  7.302216e+00  2.331224e+01  1.500000e+00
     vertex  7.302216e+00  2.331224e+01  0.000000e+00
     vertex  7.339231e+00  2.338575e+01  0.000000e+00
   endloop
 endfacet
 facet normal  9.051772e-01 -4.250344e-01  0.000000e+00
   outer loop
     vertex  7.302216e+00  2.331224e+01  1.500000e+00
     vertex  7.267232e+00  2.323773e+01  0.000000e+00
     vertex  7.302216e+00  2.331224e+01  0.000000e+00
   endloop
 endfacet
 facet normal  8.931761e-01 -4.497071e-01  0.000000e+00
   outer loop
     vertex  7.302216e+00  2.331224e+01  1.500000e+00
     vertex  7.339231e+00  2.338575e+01  0.000000e+00
     vertex  7.339231e+00  2.338575e+01  1.500000e+00
   endloop
 endfacet
 facet normal  9.051772e-01 -4.250344e-01  0.000000e+00
   outer loop
     vertex  7.267232e+00  2.323773e+01  1.500000e+00
     vertex  7.267232e+00  2.323773e+01  0.000000e+00
     vertex  7.302216e+00  2.331224e+01  1.500000e+00
   endloop
 endfacet
 facet normal  9.164969e-01 -4.000417e-01  0.000000e+00
   outer loop
     vertex  7.234304e+00  2.316229e+01  1.500000e+00
     vertex  7.234304e+00  2.316229e+01  0.000000e+00
     vertex  7.267232e+00  2.323773e+01  0.000000e+00
   endloop
 endfacet
 facet normal  9.164969e-01 -4.000417e-01  0.000000e+00
   outer loop
     vertex  7.234304e+00  2.316229e+01  1.500000e+00
     vertex  7.267232e+00  2.323773e+01  0.000000e+00
     vertex  7.267232e+00  2.323773e+01  1.500000e+00
   endloop
 endfacet
 facet normal  9.271267e-01 -3.747479e-01  0.000000e+00
   outer loop
     vertex  7.203459e+00  2.308598e+01  1.500000e+00
     vertex  7.203459e+00  2.308598e+01  0.000000e+00
     vertex  7.234304e+00  2.316229e+01  0.000000e+00
   endloop
 endfacet
 facet normal  9.370586e-01 -3.491720e-01  0.000000e+00
   outer loop
     vertex  7.203459e+00  2.308598e+01  1.500000e+00
     vertex  7.174718e+00  2.300885e+01  0.000000e+00
     vertex  7.203459e+00  2.308598e+01  0.000000e+00
   endloop
 endfacet
 facet normal  9.271267e-01 -3.747479e-01  0.000000e+00
   outer loop
     vertex  7.203459e+00  2.308598e+01  1.500000e+00
     vertex  7.234304e+00  2.316229e+01  0.000000e+00
     vertex  7.234304e+00  2.316229e+01  1.500000e+00
   endloop
 endfacet
 facet normal  9.370586e-01 -3.491720e-01  0.000000e+00
   outer loop
     vertex  7.174718e+00  2.300885e+01  1.500000e+00
     vertex  7.174718e+00  2.300885e+01  0.000000e+00
     vertex  7.203459e+00  2.308598e+01  1.500000e+00
   endloop
 endfacet
 facet normal  9.462851e-01 -3.233333e-01  0.000000e+00
   outer loop
     vertex  7.148105e+00  2.293096e+01  1.500000e+00
     vertex  7.148105e+00  2.293096e+01  0.000000e+00
     vertex  7.174718e+00  2.300885e+01  0.000000e+00
   endloop
 endfacet
 facet normal  9.462851e-01 -3.233333e-01  0.000000e+00
   outer loop
     vertex  7.148105e+00  2.293096e+01  1.500000e+00
     vertex  7.174718e+00  2.300885e+01  0.000000e+00
     vertex  7.174718e+00  2.300885e+01  1.500000e+00
   endloop
 endfacet
 facet normal  9.547993e-01 -2.972512e-01  0.000000e+00
   outer loop
     vertex  7.123638e+00  2.285237e+01  1.500000e+00
     vertex  7.123638e+00  2.285237e+01  0.000000e+00
     vertex  7.148105e+00  2.293096e+01  0.000000e+00
   endloop
 endfacet
 facet normal  9.625948e-01 -2.709453e-01  0.000000e+00
   outer loop
     vertex  7.123638e+00  2.285237e+01  1.500000e+00
     vertex  7.101337e+00  2.277314e+01  0.000000e+00
     vertex  7.123638e+00  2.285237e+01  0.000000e+00
   endloop
 endfacet
 facet normal  9.547993e-01 -2.972512e-01  0.000000e+00
   outer loop
     vertex  7.123638e+00  2.285237e+01  1.500000e+00
     vertex  7.148105e+00  2.293096e+01  0.000000e+00
     vertex  7.148105e+00  2.293096e+01  1.500000e+00
   endloop
 endfacet
 facet normal  9.625948e-01 -2.709453e-01  0.000000e+00
   outer loop
     vertex  7.101337e+00  2.277314e+01  1.500000e+00
     vertex  7.101337e+00  2.277314e+01  0.000000e+00
     vertex  7.123638e+00  2.285237e+01  1.500000e+00
   endloop
 endfacet
 facet normal  9.696656e-01 -2.444354e-01  0.000000e+00
   outer loop
     vertex  7.081217e+00  2.269333e+01  1.500000e+00
     vertex  7.081217e+00  2.269333e+01  0.000000e+00
     vertex  7.101337e+00  2.277314e+01  0.000000e+00
   endloop
 endfacet
 facet normal  9.696656e-01 -2.444354e-01  0.000000e+00
   outer loop
     vertex  7.081217e+00  2.269333e+01  1.500000e+00
     vertex  7.101337e+00  2.277314e+01  0.000000e+00
     vertex  7.101337e+00  2.277314e+01  1.500000e+00
   endloop
 endfacet
 facet normal  9.760065e-01 -2.177416e-01  0.000000e+00
   outer loop
     vertex  7.063295e+00  2.261300e+01  1.500000e+00
     vertex  7.063295e+00  2.261300e+01  0.000000e+00
     vertex  7.081217e+00  2.269333e+01  0.000000e+00
   endloop
 endfacet
 facet normal  9.816126e-01 -1.908838e-01  0.000000e+00
   outer loop
     vertex  7.063295e+00  2.261300e+01  1.500000e+00
     vertex  7.047583e+00  2.253220e+01  0.000000e+00
     vertex  7.063295e+00  2.261300e+01  0.000000e+00
   endloop
 endfacet
 facet normal  9.760065e-01 -2.177416e-01  0.000000e+00
   outer loop
     vertex  7.063295e+00  2.261300e+01  1.500000e+00
     vertex  7.081217e+00  2.269333e+01  0.000000e+00
     vertex  7.081217e+00  2.269333e+01  1.500000e+00
   endloop
 endfacet
 facet normal  9.816126e-01 -1.908838e-01  0.000000e+00
   outer loop
     vertex  7.047583e+00  2.253220e+01  1.500000e+00
     vertex  7.047583e+00  2.253220e+01  0.000000e+00
     vertex  7.063295e+00  2.261300e+01  1.500000e+00
   endloop
 endfacet
 facet normal  9.864799e-01 -1.638824e-01  0.000000e+00
   outer loop
     vertex  7.034094e+00  2.245100e+01  1.500000e+00
     vertex  7.034094e+00  2.245100e+01  0.000000e+00
     vertex  7.047583e+00  2.253220e+01  0.000000e+00
   endloop
 endfacet
 facet normal  9.864799e-01 -1.638824e-01  0.000000e+00
   outer loop
     vertex  7.034094e+00  2.245100e+01  1.500000e+00
     vertex  7.047583e+00  2.253220e+01  0.000000e+00
     vertex  7.047583e+00  2.253220e+01  1.500000e+00
   endloop
 endfacet
 facet normal  9.906046e-01 -1.367575e-01  0.000000e+00
   outer loop
     vertex  7.022838e+00  2.236947e+01  1.500000e+00
     vertex  7.022838e+00  2.236947e+01  0.000000e+00
     vertex  7.034094e+00  2.245100e+01  0.000000e+00
   endloop
 endfacet
 facet normal  9.939835e-01 -1.095298e-01  0.000000e+00
   outer loop
     vertex  7.022838e+00  2.236947e+01  1.500000e+00
     vertex  7.013822e+00  2.228765e+01  0.000000e+00
     vertex  7.022838e+00  2.236947e+01  0.000000e+00
   endloop
 endfacet
 facet normal  9.906046e-01 -1.367575e-01  0.000000e+00
   outer loop
     vertex  7.022838e+00  2.236947e+01  1.500000e+00
     vertex  7.034094e+00  2.245100e+01  0.000000e+00
     vertex  7.034094e+00  2.245100e+01  1.500000e+00
   endloop
 endfacet
 facet normal  9.939835e-01 -1.095298e-01  0.000000e+00
   outer loop
     vertex  7.013822e+00  2.228765e+01  1.500000e+00
     vertex  7.013822e+00  2.228765e+01  0.000000e+00
     vertex  7.022838e+00  2.236947e+01  1.500000e+00
   endloop
 endfacet
 facet normal  9.966142e-01 -8.221955e-02  0.000000e+00
   outer loop
     vertex  7.007055e+00  2.220562e+01  1.500000e+00
     vertex  7.013822e+00  2.228765e+01  0.000000e+00
     vertex  7.013822e+00  2.228765e+01  1.500000e+00
   endloop
 endfacet
 facet normal  9.966142e-01 -8.221955e-02  0.000000e+00
   outer loop
     vertex  7.007055e+00  2.220562e+01  1.500000e+00
     vertex  7.007055e+00  2.220562e+01  0.000000e+00
     vertex  7.013822e+00  2.228765e+01  0.000000e+00
   endloop
 endfacet
 facet normal  9.984947e-01 -5.484744e-02  0.000000e+00
   outer loop
     vertex  7.007055e+00  2.220562e+01  1.500000e+00
     vertex  7.002540e+00  2.212343e+01  0.000000e+00
     vertex  7.007055e+00  2.220562e+01  0.000000e+00
   endloop
 endfacet
 facet normal  9.984947e-01 -5.484744e-02  0.000000e+00
   outer loop
     vertex  7.002540e+00  2.212343e+01  1.500000e+00
     vertex  7.002540e+00  2.212343e+01  0.000000e+00
     vertex  7.007055e+00  2.220562e+01  1.500000e+00
   endloop
 endfacet
 facet normal  9.996236e-01 -2.743405e-02  0.000000e+00
   outer loop
     vertex  7.002540e+00  2.212343e+01  1.500000e+00
     vertex  7.000282e+00  2.204115e+01  0.000000e+00
     vertex  7.002540e+00  2.212343e+01  0.000000e+00
   endloop
 endfacet
 facet normal  9.996236e-01 -2.743405e-02  0.000000e+00
   outer loop
     vertex  7.000282e+00  2.204115e+01  1.500000e+00
     vertex  7.000282e+00  2.204115e+01  0.000000e+00
     vertex  7.002540e+00  2.212343e+01  1.500000e+00
   endloop
 endfacet
 facet normal  1.000000e+00  0.000000e+00  0.000000e+00
   outer loop
     vertex  7.000282e+00  2.204115e+01  1.500000e+00
     vertex  7.000282e+00  2.195885e+01  0.000000e+00
     vertex  7.000282e+00  2.204115e+01  0.000000e+00
   endloop
 endfacet
 facet normal  1.000000e+00 -0.000000e+00  0.000000e+00
   outer loop
     vertex  7.000282e+00  2.195885e+01  1.500000e+00
     vertex  7.000282e+00  2.195885e+01  0.000000e+00
     vertex  7.000282e+00  2.204115e+01  1.500000e+00
   endloop
 endfacet
 facet normal  9.996236e-01  2.743405e-02  0.000000e+00
   outer loop
     vertex  7.002540e+00  2.187657e+01  1.500000e+00
     vertex  7.000282e+00  2.195885e+01  0.000000e+00
     vertex  7.000282e+00  2.195885e+01  1.500000e+00
   endloop
 endfacet
 facet normal  9.996236e-01  2.743405e-02  0.000000e+00
   outer loop
     vertex  7.002540e+00  2.187657e+01  1.500000e+00
     vertex  7.002540e+00  2.187657e+01  0.000000e+00
     vertex  7.000282e+00  2.195885e+01  0.000000e+00
   endloop
 endfacet
 facet normal  9.984947e-01  5.484744e-02  0.000000e+00
   outer loop
     vertex  7.007055e+00  2.179438e+01  1.500000e+00
     vertex  7.002540e+00  2.187657e+01  0.000000e+00
     vertex  7.002540e+00  2.187657e+01  1.500000e+00
   endloop
 endfacet
 facet normal  9.984947e-01  5.484744e-02  0.000000e+00
   outer loop
     vertex  7.007055e+00  2.179438e+01  1.500000e+00
     vertex  7.007055e+00  2.179438e+01  0.000000e+00
     vertex  7.002540e+00  2.187657e+01  0.000000e+00
   endloop
 endfacet
 facet normal  9.966142e-01  8.221955e-02  0.000000e+00
   outer loop
     vertex  7.013822e+00  2.171235e+01  1.500000e+00
     vertex  7.007055e+00  2.179438e+01  0.000000e+00
     vertex  7.007055e+00  2.179438e+01  1.500000e+00
   endloop
 endfacet
 facet normal  9.966142e-01  8.221955e-02  0.000000e+00
   outer loop
     vertex  7.013822e+00  2.171235e+01  1.500000e+00
     vertex  7.013822e+00  2.171235e+01  0.000000e+00
     vertex  7.007055e+00  2.179438e+01  0.000000e+00
   endloop
 endfacet
 facet normal  9.939835e-01  1.095298e-01  0.000000e+00
   outer loop
     vertex  7.013822e+00  2.171235e+01  1.500000e+00
     vertex  7.022838e+00  2.163053e+01  0.000000e+00
     vertex  7.013822e+00  2.171235e+01  0.000000e+00
   endloop
 endfacet
 facet normal  9.939835e-01  1.095298e-01  0.000000e+00
   outer loop
     vertex  7.022838e+00  2.163053e+01  1.500000e+00
     vertex  7.022838e+00  2.163053e+01  0.000000e+00
     vertex  7.013822e+00  2.171235e+01  1.500000e+00
   endloop
 endfacet
 facet normal  9.906046e-01  1.367575e-01  0.000000e+00
   outer loop
     vertex  7.022838e+00  2.163053e+01  1.500000e+00
     vertex  7.034094e+00  2.154900e+01  0.000000e+00
     vertex  7.022838e+00  2.163053e+01  0.000000e+00
   endloop
 endfacet
 facet normal  9.906046e-01  1.367575e-01  0.000000e+00
   outer loop
     vertex  7.034094e+00  2.154900e+01  1.500000e+00
     vertex  7.034094e+00  2.154900e+01  0.000000e+00
     vertex  7.022838e+00  2.163053e+01  1.500000e+00
   endloop
 endfacet
 facet normal  9.864799e-01  1.638824e-01  0.000000e+00
   outer loop
     vertex  7.034094e+00  2.154900e+01  1.500000e+00
     vertex  7.047583e+00  2.146780e+01  0.000000e+00
     vertex  7.034094e+00  2.154900e+01  0.000000e+00
   endloop
 endfacet
 facet normal  9.864799e-01  1.638824e-01  0.000000e+00
   outer loop
     vertex  7.047583e+00  2.146780e+01  1.500000e+00
     vertex  7.047583e+00  2.146780e+01  0.000000e+00
     vertex  7.034094e+00  2.154900e+01  1.500000e+00
   endloop
 endfacet
 facet normal  9.816126e-01  1.908838e-01  0.000000e+00
   outer loop
     vertex  7.063295e+00  2.138700e+01  1.500000e+00
     vertex  7.047583e+00  2.146780e+01  0.000000e+00
     vertex  7.047583e+00  2.146780e+01  1.500000e+00
   endloop
 endfacet
 facet normal  9.816126e-01  1.908838e-01  0.000000e+00
   outer loop
     vertex  7.063295e+00  2.138700e+01  1.500000e+00
     vertex  7.063295e+00  2.138700e+01  0.000000e+00
     vertex  7.047583e+00  2.146780e+01  0.000000e+00
   endloop
 endfacet
 facet normal  9.760065e-01  2.177416e-01  0.000000e+00
   outer loop
     vertex  7.063295e+00  2.138700e+01  1.500000e+00
     vertex  7.081217e+00  2.130667e+01  0.000000e+00
     vertex  7.063295e+00  2.138700e+01  0.000000e+00
   endloop
 endfacet
 facet normal  9.760065e-01  2.177416e-01  0.000000e+00
   outer loop
     vertex  7.081217e+00  2.130667e+01  1.500000e+00
     vertex  7.081217e+00  2.130667e+01  0.000000e+00
     vertex  7.063295e+00  2.138700e+01  1.500000e+00
   endloop
 endfacet
 facet normal  9.696656e-01  2.444354e-01  0.000000e+00
   outer loop
     vertex  7.101337e+00  2.122686e+01  1.500000e+00
     vertex  7.101337e+00  2.122686e+01  0.000000e+00
     vertex  7.081217e+00  2.130667e+01  0.000000e+00
   endloop
 endfacet
 facet normal  9.625948e-01  2.709453e-01  0.000000e+00
   outer loop
     vertex  7.101337e+00  2.122686e+01  1.500000e+00
     vertex  7.123638e+00  2.114763e+01  0.000000e+00
     vertex  7.101337e+00  2.122686e+01  0.000000e+00
   endloop
 endfacet
 facet normal  9.696656e-01  2.444354e-01  0.000000e+00
   outer loop
     vertex  7.101337e+00  2.122686e+01  1.500000e+00
     vertex  7.081217e+00  2.130667e+01  0.000000e+00
     vertex  7.081217e+00  2.130667e+01  1.500000e+00
   endloop
 endfacet
 facet normal  9.625948e-01  2.709453e-01  0.000000e+00
   outer loop
     vertex  7.123638e+00  2.114763e+01  1.500000e+00
     vertex  7.123638e+00  2.114763e+01  0.000000e+00
     vertex  7.101337e+00  2.122686e+01  1.500000e+00
   endloop
 endfacet
 facet normal  9.547993e-01  2.972512e-01  0.000000e+00
   outer loop
     vertex  7.148105e+00  2.106904e+01  1.500000e+00
     vertex  7.148105e+00  2.106904e+01  0.000000e+00
     vertex  7.123638e+00  2.114763e+01  0.000000e+00
   endloop
 endfacet
 facet normal  9.547993e-01  2.972512e-01  0.000000e+00
   outer loop
     vertex  7.148105e+00  2.106904e+01  1.500000e+00
     vertex  7.123638e+00  2.114763e+01  0.000000e+00
     vertex  7.123638e+00  2.114763e+01  1.500000e+00
   endloop
 endfacet
 facet normal  9.462851e-01  3.233333e-01  0.000000e+00
   outer loop
     vertex  7.174718e+00  2.099115e+01  1.500000e+00
     vertex  7.174718e+00  2.099115e+01  0.000000e+00
     vertex  7.148105e+00  2.106904e+01  0.000000e+00
   endloop
 endfacet
 facet normal  9.370586e-01  3.491720e-01  0.000000e+00
   outer loop
     vertex  7.174718e+00  2.099115e+01  1.500000e+00
     vertex  7.203459e+00  2.091402e+01  0.000000e+00
     vertex  7.174718e+00  2.099115e+01  0.000000e+00
   endloop
 endfacet
 facet normal  9.462851e-01  3.233333e-01  0.000000e+00
   outer loop
     vertex  7.174718e+00  2.099115e+01  1.500000e+00
     vertex  7.148105e+00  2.106904e+01  0.000000e+00
     vertex  7.148105e+00  2.106904e+01  1.500000e+00
   endloop
 endfacet
 facet normal  9.370586e-01  3.491720e-01  0.000000e+00
   outer loop
     vertex  7.203459e+00  2.091402e+01  1.500000e+00
     vertex  7.203459e+00  2.091402e+01  0.000000e+00
     vertex  7.174718e+00  2.099115e+01  1.500000e+00
   endloop
 endfacet
 facet normal  9.271267e-01  3.747479e-01  0.000000e+00
   outer loop
     vertex  7.234304e+00  2.083771e+01  1.500000e+00
     vertex  7.234304e+00  2.083771e+01  0.000000e+00
     vertex  7.203459e+00  2.091402e+01  0.000000e+00
   endloop
 endfacet
 facet normal  9.271267e-01  3.747479e-01  0.000000e+00
   outer loop
     vertex  7.234304e+00  2.083771e+01  1.500000e+00
     vertex  7.203459e+00  2.091402e+01  0.000000e+00
     vertex  7.203459e+00  2.091402e+01  1.500000e+00
   endloop
 endfacet
 facet normal  9.164969e-01  4.000417e-01  0.000000e+00
   outer loop
     vertex  7.267232e+00  2.076227e+01  1.500000e+00
     vertex  7.267232e+00  2.076227e+01  0.000000e+00
     vertex  7.234304e+00  2.083771e+01  0.000000e+00
   endloop
 endfacet
 facet normal  9.051772e-01  4.250344e-01  0.000000e+00
   outer loop
     vertex  7.267232e+00  2.076227e+01  1.500000e+00
     vertex  7.302216e+00  2.068776e+01  0.000000e+00
     vertex  7.267232e+00  2.076227e+01  0.000000e+00
   endloop
 endfacet
 facet normal  9.164969e-01  4.000417e-01  0.000000e+00
   outer loop
     vertex  7.267232e+00  2.076227e+01  1.500000e+00
     vertex  7.234304e+00  2.083771e+01  0.000000e+00
     vertex  7.234304e+00  2.083771e+01  1.500000e+00
   endloop
 endfacet
 facet normal  8.931761e-01  4.497071e-01  0.000000e+00
   outer loop
     vertex  7.302216e+00  2.068776e+01  1.500000e+00
     vertex  7.339231e+00  2.061425e+01  0.000000e+00
     vertex  7.302216e+00  2.068776e+01  0.000000e+00
   endloop
 endfacet
 facet normal  9.051772e-01  4.250344e-01  0.000000e+00
   outer loop
     vertex  7.302216e+00  2.068776e+01  1.500000e+00
     vertex  7.302216e+00  2.068776e+01  0.000000e+00
     vertex  7.267232e+00  2.076227e+01  1.500000e+00
   endloop
 endfacet
 facet normal  8.931761e-01  4.497071e-01  0.000000e+00
   outer loop
     vertex  7.339231e+00  2.061425e+01  1.500000e+00
     vertex  7.339231e+00  2.061425e+01  0.000000e+00
     vertex  7.302216e+00  2.068776e+01  1.500000e+00
   endloop
 endfacet
 facet normal  8.805026e-01  4.740412e-01  0.000000e+00
   outer loop
     vertex  7.378250e+00  2.054177e+01  1.500000e+00
     vertex  7.378250e+00  2.054177e+01  0.000000e+00
     vertex  7.339231e+00  2.061425e+01  0.000000e+00
   endloop
 endfacet
 facet normal  8.805026e-01  4.740412e-01  0.000000e+00
   outer loop
     vertex  7.378250e+00  2.054177e+01  1.500000e+00
     vertex  7.339231e+00  2.061425e+01  0.000000e+00
     vertex  7.339231e+00  2.061425e+01  1.500000e+00
   endloop
 endfacet
 facet normal  8.671664e-01  4.980186e-01  0.000000e+00
   outer loop
     vertex  7.419242e+00  2.047040e+01  1.500000e+00
     vertex  7.419242e+00  2.047040e+01  0.000000e+00
     vertex  7.378250e+00  2.054177e+01  0.000000e+00
   endloop
 endfacet
 facet normal  8.531773e-01  5.216210e-01  0.000000e+00
   outer loop
     vertex  7.419242e+00  2.047040e+01  1.500000e+00
     vertex  7.462176e+00  2.040017e+01  0.000000e+00
     vertex  7.419242e+00  2.047040e+01  0.000000e+00
   endloop
 endfacet
 facet normal  8.671664e-01  4.980186e-01  0.000000e+00
   outer loop
     vertex  7.419242e+00  2.047040e+01  1.500000e+00
     vertex  7.378250e+00  2.054177e+01  0.000000e+00
     vertex  7.378250e+00  2.054177e+01  1.500000e+00
   endloop
 endfacet
 facet normal  8.531773e-01  5.216210e-01  0.000000e+00
   outer loop
     vertex  7.462176e+00  2.040017e+01  1.500000e+00
     vertex  7.462176e+00  2.040017e+01  0.000000e+00
     vertex  7.419242e+00  2.047040e+01  1.500000e+00
   endloop
 endfacet
 facet normal  8.385460e-01  5.448308e-01  0.000000e+00
   outer loop
     vertex  7.507021e+00  2.033115e+01  1.500000e+00
     vertex  7.462176e+00  2.040017e+01  0.000000e+00
     vertex  7.462176e+00  2.040017e+01  1.500000e+00
   endloop
 endfacet
 facet normal  8.385460e-01  5.448308e-01  0.000000e+00
   outer loop
     vertex  7.507021e+00  2.033115e+01  1.500000e+00
     vertex  7.507021e+00  2.033115e+01  0.000000e+00
     vertex  7.462176e+00  2.040017e+01  0.000000e+00
   endloop
 endfacet
 facet normal  8.232835e-01  5.676304e-01  0.000000e+00
   outer loop
     vertex  7.507021e+00  2.033115e+01  1.500000e+00
     vertex  7.553743e+00  2.026339e+01  0.000000e+00
     vertex  7.507021e+00  2.033115e+01  0.000000e+00
   endloop
 endfacet
 facet normal  8.232835e-01  5.676304e-01  0.000000e+00
   outer loop
     vertex  7.553743e+00  2.026339e+01  1.500000e+00
     vertex  7.553743e+00  2.026339e+01  0.000000e+00
     vertex  7.507021e+00  2.033115e+01  1.500000e+00
   endloop
 endfacet
 facet normal  8.074012e-01  5.900028e-01  0.000000e+00
   outer loop
     vertex  7.553743e+00  2.026339e+01  1.500000e+00
     vertex  7.602306e+00  2.019693e+01  0.000000e+00
     vertex  7.553743e+00  2.026339e+01  0.000000e+00
   endloop
 endfacet
 facet normal  8.074012e-01  5.900028e-01  0.000000e+00
   outer loop
     vertex  7.602306e+00  2.019693e+01  1.500000e+00
     vertex  7.602306e+00  2.019693e+01  0.000000e+00
     vertex  7.553743e+00  2.026339e+01  1.500000e+00
   endloop
 endfacet
 facet normal  7.909112e-01  6.119310e-01  0.000000e+00
   outer loop
     vertex  7.652674e+00  2.013183e+01  1.500000e+00
     vertex  7.602306e+00  2.019693e+01  0.000000e+00
     vertex  7.602306e+00  2.019693e+01  1.500000e+00
   endloop
 endfacet
 facet normal  7.909112e-01  6.119310e-01  0.000000e+00
   outer loop
     vertex  7.652674e+00  2.013183e+01  1.500000e+00
     vertex  7.652674e+00  2.013183e+01  0.000000e+00
     vertex  7.602306e+00  2.019693e+01  0.000000e+00
   endloop
 endfacet
 facet normal  7.738257e-01  6.333986e-01  0.000000e+00
   outer loop
     vertex  7.652674e+00  2.013183e+01  1.500000e+00
     vertex  7.704809e+00  2.006814e+01  0.000000e+00
     vertex  7.652674e+00  2.013183e+01  0.000000e+00
   endloop
 endfacet
 facet normal  7.738257e-01  6.333986e-01  0.000000e+00
   outer loop
     vertex  7.704809e+00  2.006814e+01  1.500000e+00
     vertex  7.704809e+00  2.006814e+01  0.000000e+00
     vertex  7.652674e+00  2.013183e+01  1.500000e+00
   endloop
 endfacet
 facet normal  7.561578e-01  6.543893e-01  0.000000e+00
   outer loop
     vertex  7.758671e+00  2.000590e+01  1.500000e+00
     vertex  7.704809e+00  2.006814e+01  0.000000e+00
     vertex  7.704809e+00  2.006814e+01  1.500000e+00
   endloop
 endfacet
 facet normal  7.561578e-01  6.543893e-01  0.000000e+00
   outer loop
     vertex  7.758671e+00  2.000590e+01  1.500000e+00
     vertex  7.758671e+00  2.000590e+01  0.000000e+00
     vertex  7.704809e+00  2.006814e+01  0.000000e+00
   endloop
 endfacet
 facet normal  7.379206e-01  6.748875e-01  0.000000e+00
   outer loop
     vertex  7.758671e+00  2.000590e+01  1.500000e+00
     vertex  7.814221e+00  1.994516e+01  0.000000e+00
     vertex  7.758671e+00  2.000590e+01  0.000000e+00
   endloop
 endfacet
 facet normal  7.379206e-01  6.748875e-01  0.000000e+00
   outer loop
     vertex  7.814221e+00  1.994516e+01  1.500000e+00
     vertex  7.814221e+00  1.994516e+01  0.000000e+00
     vertex  7.758671e+00  2.000590e+01  1.500000e+00
   endloop
 endfacet
 facet normal  7.191280e-01  6.948776e-01  0.000000e+00
   outer loop
     vertex  7.814221e+00  1.994516e+01  1.500000e+00
     vertex  7.871417e+00  1.988597e+01  0.000000e+00
     vertex  7.814221e+00  1.994516e+01  0.000000e+00
   endloop
 endfacet
 facet normal  7.191280e-01  6.948776e-01  0.000000e+00
   outer loop
     vertex  7.871417e+00  1.988597e+01  1.500000e+00
     vertex  7.871417e+00  1.988597e+01  0.000000e+00
     vertex  7.814221e+00  1.994516e+01  1.500000e+00
   endloop
 endfacet
 facet normal  6.997940e-01  7.143447e-01  0.000000e+00
   outer loop
     vertex  7.871417e+00  1.988597e+01  1.500000e+00
     vertex  7.930214e+00  1.982837e+01  0.000000e+00
     vertex  7.871417e+00  1.988597e+01  0.000000e+00
   endloop
 endfacet
 facet normal  6.997940e-01  7.143447e-01  0.000000e+00
   outer loop
     vertex  7.930214e+00  1.982837e+01  1.500000e+00
     vertex  7.930214e+00  1.982837e+01  0.000000e+00
     vertex  7.871417e+00  1.988597e+01  1.500000e+00
   endloop
 endfacet
 facet normal  6.799333e-01  7.332740e-01  0.000000e+00
   outer loop
     vertex  7.990570e+00  1.977240e+01  1.500000e+00
     vertex  7.930214e+00  1.982837e+01  0.000000e+00
     vertex  7.930214e+00  1.982837e+01  1.500000e+00
   endloop
 endfacet
 facet normal  6.799333e-01  7.332740e-01  0.000000e+00
   outer loop
     vertex  7.990570e+00  1.977240e+01  1.500000e+00
     vertex  7.990570e+00  1.977240e+01  0.000000e+00
     vertex  7.930214e+00  1.982837e+01  0.000000e+00
   endloop
 endfacet
 facet normal  6.595607e-01  7.516513e-01  0.000000e+00
   outer loop
     vertex  8.052438e+00  1.971811e+01  1.500000e+00
     vertex  7.990570e+00  1.977240e+01  0.000000e+00
     vertex  7.990570e+00  1.977240e+01  1.500000e+00
   endloop
 endfacet
 facet normal  6.595607e-01  7.516513e-01  0.000000e+00
   outer loop
     vertex  8.052438e+00  1.971811e+01  1.500000e+00
     vertex  8.052438e+00  1.971811e+01  0.000000e+00
     vertex  7.990570e+00  1.977240e+01  0.000000e+00
   endloop
 endfacet
 facet normal  6.386916e-01  7.694628e-01  0.000000e+00
   outer loop
     vertex  8.052438e+00  1.971811e+01  1.500000e+00
     vertex  8.115773e+00  1.966554e+01  0.000000e+00
     vertex  8.052438e+00  1.971811e+01  0.000000e+00
   endloop
 endfacet
 facet normal  6.386916e-01  7.694628e-01  0.000000e+00
   outer loop
     vertex  8.115773e+00  1.966554e+01  1.500000e+00
     vertex  8.115773e+00  1.966554e+01  0.000000e+00
     vertex  8.052438e+00  1.971811e+01  1.500000e+00
   endloop
 endfacet
 facet normal  6.173417e-01  7.866951e-01  0.000000e+00
   outer loop
     vertex  8.180526e+00  1.961473e+01  1.500000e+00
     vertex  8.115773e+00  1.966554e+01  0.000000e+00
     vertex  8.115773e+00  1.966554e+01  1.500000e+00
   endloop
 endfacet
 facet normal  6.173417e-01  7.866951e-01  0.000000e+00
   outer loop
     vertex  8.180526e+00  1.961473e+01  1.500000e+00
     vertex  8.180526e+00  1.961473e+01  0.000000e+00
     vertex  8.115773e+00  1.966554e+01  0.000000e+00
   endloop
 endfacet
 facet normal  5.955271e-01  8.033352e-01  0.000000e+00
   outer loop
     vertex  8.180526e+00  1.961473e+01  1.500000e+00
     vertex  8.246648e+00  1.956571e+01  0.000000e+00
     vertex  8.180526e+00  1.961473e+01  0.000000e+00
   endloop
 endfacet
 facet normal  5.955271e-01  8.033352e-01  0.000000e+00
   outer loop
     vertex  8.246648e+00  1.956571e+01  1.500000e+00
     vertex  8.246648e+00  1.956571e+01  0.000000e+00
     vertex  8.180526e+00  1.961473e+01  1.500000e+00
   endloop
 endfacet
 facet normal  5.732642e-01  8.193706e-01  0.000000e+00
   outer loop
     vertex  8.246648e+00  1.956571e+01  1.500000e+00
     vertex  8.314090e+00  1.951853e+01  0.000000e+00
     vertex  8.246648e+00  1.956571e+01  0.000000e+00
   endloop
 endfacet
 facet normal  5.732642e-01  8.193706e-01  0.000000e+00
   outer loop
     vertex  8.314090e+00  1.951853e+01  1.500000e+00
     vertex  8.314090e+00  1.951853e+01  0.000000e+00
     vertex  8.246648e+00  1.956571e+01  1.500000e+00
   endloop
 endfacet
 facet normal  5.505698e-01  8.347891e-01  0.000000e+00
   outer loop
     vertex  8.314090e+00  1.951853e+01  1.500000e+00
     vertex  8.382802e+00  1.947321e+01  0.000000e+00
     vertex  8.314090e+00  1.951853e+01  0.000000e+00
   endloop
 endfacet
 facet normal  5.505698e-01  8.347891e-01  0.000000e+00
   outer loop
     vertex  8.382802e+00  1.947321e+01  1.500000e+00
     vertex  8.382802e+00  1.947321e+01  0.000000e+00
     vertex  8.314090e+00  1.951853e+01  1.500000e+00
   endloop
 endfacet
 facet normal  5.274609e-01  8.495793e-01  0.000000e+00
   outer loop
     vertex  8.452730e+00  1.942979e+01  1.500000e+00
     vertex  8.382802e+00  1.947321e+01  0.000000e+00
     vertex  8.382802e+00  1.947321e+01  1.500000e+00
   endloop
 endfacet
 facet normal  5.274609e-01  8.495793e-01  0.000000e+00
   outer loop
     vertex  8.452730e+00  1.942979e+01  1.500000e+00
     vertex  8.452730e+00  1.942979e+01  0.000000e+00
     vertex  8.382802e+00  1.947321e+01  0.000000e+00
   endloop
 endfacet
 facet normal  5.039550e-01  8.637299e-01  0.000000e+00
   outer loop
     vertex  8.452730e+00  1.942979e+01  1.500000e+00
     vertex  8.523824e+00  1.938831e+01  0.000000e+00
     vertex  8.452730e+00  1.942979e+01  0.000000e+00
   endloop
 endfacet
 facet normal  5.039550e-01  8.637299e-01  0.000000e+00
   outer loop
     vertex  8.523824e+00  1.938831e+01  1.500000e+00
     vertex  8.523824e+00  1.938831e+01  0.000000e+00
     vertex  8.452730e+00  1.942979e+01  1.500000e+00
   endloop
 endfacet
 facet normal  4.800697e-01  8.772303e-01  0.000000e+00
   outer loop
     vertex  8.596029e+00  1.934880e+01  1.500000e+00
     vertex  8.523824e+00  1.938831e+01  0.000000e+00
     vertex  8.523824e+00  1.938831e+01  1.500000e+00
   endloop
 endfacet
 facet normal  4.800697e-01  8.772303e-01  0.000000e+00
   outer loop
     vertex  8.596029e+00  1.934880e+01  1.500000e+00
     vertex  8.596029e+00  1.934880e+01  0.000000e+00
     vertex  8.523824e+00  1.938831e+01  0.000000e+00
   endloop
 endfacet
 facet normal  4.558231e-01  8.900704e-01  0.000000e+00
   outer loop
     vertex  8.596029e+00  1.934880e+01  1.500000e+00
     vertex  8.669290e+00  1.931128e+01  0.000000e+00
     vertex  8.596029e+00  1.934880e+01  0.000000e+00
   endloop
 endfacet
 facet normal  4.558231e-01  8.900704e-01  0.000000e+00
   outer loop
     vertex  8.669290e+00  1.931128e+01  1.500000e+00
     vertex  8.669290e+00  1.931128e+01  0.000000e+00
     vertex  8.596029e+00  1.934880e+01  1.500000e+00
   endloop
 endfacet
 facet normal  4.312333e-01  9.022405e-01  0.000000e+00
   outer loop
     vertex  8.743554e+00  1.927579e+01  1.500000e+00
     vertex  8.669290e+00  1.931128e+01  0.000000e+00
     vertex  8.669290e+00  1.931128e+01  1.500000e+00
   endloop
 endfacet
 facet normal  4.312333e-01  9.022405e-01  0.000000e+00
   outer loop
     vertex  8.743554e+00  1.927579e+01  1.500000e+00
     vertex  8.743554e+00  1.927579e+01  0.000000e+00
     vertex  8.669290e+00  1.931128e+01  0.000000e+00
   endloop
 endfacet
 facet normal  4.063188e-01  9.137314e-01  0.000000e+00
   outer loop
     vertex  8.818763e+00  1.924234e+01  1.500000e+00
     vertex  8.743554e+00  1.927579e+01  0.000000e+00
     vertex  8.743554e+00  1.927579e+01  1.500000e+00
   endloop
 endfacet
 facet normal  4.063188e-01  9.137314e-01  0.000000e+00
   outer loop
     vertex  8.818763e+00  1.924234e+01  1.500000e+00
     vertex  8.818763e+00  1.924234e+01  0.000000e+00
     vertex  8.743554e+00  1.927579e+01  0.000000e+00
   endloop
 endfacet
 facet normal  3.810986e-01  9.245344e-01  0.000000e+00
   outer loop
     vertex  8.818763e+00  1.924234e+01  1.500000e+00
     vertex  8.894861e+00  1.921097e+01  0.000000e+00
     vertex  8.818763e+00  1.924234e+01  0.000000e+00
   endloop
 endfacet
 facet normal  3.810986e-01  9.245344e-01  0.000000e+00
   outer loop
     vertex  8.894861e+00  1.921097e+01  1.500000e+00
     vertex  8.894861e+00  1.921097e+01  0.000000e+00
     vertex  8.818763e+00  1.924234e+01  1.500000e+00
   endloop
 endfacet
 facet normal  3.555914e-01  9.346415e-01  0.000000e+00
   outer loop
     vertex  8.971791e+00  1.918170e+01  1.500000e+00
     vertex  8.971791e+00  1.918170e+01  0.000000e+00
     vertex  8.894861e+00  1.921097e+01  0.000000e+00
   endloop
 endfacet
 facet normal  3.555914e-01  9.346415e-01  0.000000e+00
   outer loop
     vertex  8.971791e+00  1.918170e+01  1.500000e+00
     vertex  8.894861e+00  1.921097e+01  0.000000e+00
     vertex  8.894861e+00  1.921097e+01  1.500000e+00
   endloop
 endfacet
 facet normal  3.298166e-01  9.440450e-01  0.000000e+00
   outer loop
     vertex  9.049496e+00  1.915456e+01  1.500000e+00
     vertex  9.049496e+00  1.915456e+01  0.000000e+00
     vertex  8.971791e+00  1.918170e+01  0.000000e+00
   endloop
 endfacet
 facet normal  3.037934e-01  9.527379e-01  0.000000e+00
   outer loop
     vertex  9.049496e+00  1.915456e+01  1.500000e+00
     vertex  9.127915e+00  1.912955e+01  0.000000e+00
     vertex  9.049496e+00  1.915456e+01  0.000000e+00
   endloop
 endfacet
 facet normal  3.298166e-01  9.440450e-01  0.000000e+00
   outer loop
     vertex  9.049496e+00  1.915456e+01  1.500000e+00
     vertex  8.971791e+00  1.918170e+01  0.000000e+00
     vertex  8.971791e+00  1.918170e+01  1.500000e+00
   endloop
 endfacet
 facet normal  2.775416e-01  9.607136e-01  0.000000e+00
   outer loop
     vertex  9.127915e+00  1.912955e+01  1.500000e+00
     vertex  9.206992e+00  1.910671e+01  0.000000e+00
     vertex  9.127915e+00  1.912955e+01  0.000000e+00
   endloop
 endfacet
 facet normal  3.037934e-01  9.527379e-01  0.000000e+00
   outer loop
     vertex  9.127915e+00  1.912955e+01  1.500000e+00
     vertex  9.127915e+00  1.912955e+01  0.000000e+00
     vertex  9.049496e+00  1.915456e+01  1.500000e+00
   endloop
 endfacet
 facet normal  2.775416e-01  9.607136e-01  0.000000e+00
   outer loop
     vertex  9.206992e+00  1.910671e+01  1.500000e+00
     vertex  9.206992e+00  1.910671e+01  0.000000e+00
     vertex  9.127915e+00  1.912955e+01  1.500000e+00
   endloop
 endfacet
 facet normal  2.510809e-01  9.679661e-01  0.000000e+00
   outer loop
     vertex  9.286665e+00  1.908604e+01  1.500000e+00
     vertex  9.206992e+00  1.910671e+01  0.000000e+00
     vertex  9.206992e+00  1.910671e+01  1.500000e+00
   endloop
 endfacet
 facet normal  2.510809e-01  9.679661e-01  0.000000e+00
   outer loop
     vertex  9.286665e+00  1.908604e+01  1.500000e+00
     vertex  9.286665e+00  1.908604e+01  0.000000e+00
     vertex  9.206992e+00  1.910671e+01  0.000000e+00
   endloop
 endfacet
 facet normal  2.244312e-01  9.744899e-01  0.000000e+00
   outer loop
     vertex  9.286665e+00  1.908604e+01  1.500000e+00
     vertex  9.366875e+00  1.906757e+01  0.000000e+00
     vertex  9.286665e+00  1.908604e+01  0.000000e+00
   endloop
 endfacet
 facet normal  2.244312e-01  9.744899e-01  0.000000e+00
   outer loop
     vertex  9.366875e+00  1.906757e+01  1.500000e+00
     vertex  9.366875e+00  1.906757e+01  0.000000e+00
     vertex  9.286665e+00  1.908604e+01  1.500000e+00
   endloop
 endfacet
 facet normal  1.976125e-01  9.802802e-01  0.000000e+00
   outer loop
     vertex  9.447562e+00  1.905130e+01  1.500000e+00
     vertex  9.366875e+00  1.906757e+01  0.000000e+00
     vertex  9.366875e+00  1.906757e+01  1.500000e+00
   endloop
 endfacet
 facet normal  1.976125e-01  9.802802e-01  0.000000e+00
   outer loop
     vertex  9.447562e+00  1.905130e+01  1.500000e+00
     vertex  9.447562e+00  1.905130e+01  0.000000e+00
     vertex  9.366875e+00  1.906757e+01  0.000000e+00
   endloop
 endfacet
 facet normal  1.706451e-01  9.853326e-01  0.000000e+00
   outer loop
     vertex  9.447562e+00  1.905130e+01  1.500000e+00
     vertex  9.528664e+00  1.903726e+01  0.000000e+00
     vertex  9.447562e+00  1.905130e+01  0.000000e+00
   endloop
 endfacet
 facet normal  1.706451e-01  9.853326e-01  0.000000e+00
   outer loop
     vertex  9.528664e+00  1.903726e+01  1.500000e+00
     vertex  9.528664e+00  1.903726e+01  0.000000e+00
     vertex  9.447562e+00  1.905130e+01  1.500000e+00
   endloop
 endfacet
 facet normal  1.435492e-01  9.896432e-01  0.000000e+00
   outer loop
     vertex  9.528664e+00  1.903726e+01  1.500000e+00
     vertex  9.610122e+00  1.902544e+01  0.000000e+00
     vertex  9.528664e+00  1.903726e+01  0.000000e+00
   endloop
 endfacet
 facet normal  1.435492e-01  9.896432e-01  0.000000e+00
   outer loop
     vertex  9.610122e+00  1.902544e+01  1.500000e+00
     vertex  9.610122e+00  1.902544e+01  0.000000e+00
     vertex  9.528664e+00  1.903726e+01  1.500000e+00
   endloop
 endfacet
 facet normal  1.163452e-01  9.932088e-01  0.000000e+00
   outer loop
     vertex  9.610122e+00  1.902544e+01  1.500000e+00
     vertex  9.691873e+00  1.901587e+01  0.000000e+00
     vertex  9.610122e+00  1.902544e+01  0.000000e+00
   endloop
 endfacet
 facet normal  1.163452e-01  9.932088e-01  0.000000e+00
   outer loop
     vertex  9.691873e+00  1.901587e+01  1.500000e+00
     vertex  9.691873e+00  1.901587e+01  0.000000e+00
     vertex  9.610122e+00  1.902544e+01  1.500000e+00
   endloop
 endfacet
 facet normal  8.905371e-02  9.960268e-01  0.000000e+00
   outer loop
     vertex  9.773855e+00  1.900854e+01  1.500000e+00
     vertex  9.691873e+00  1.901587e+01  0.000000e+00
     vertex  9.691873e+00  1.901587e+01  1.500000e+00
   endloop
 endfacet
 facet normal  8.905371e-02  9.960268e-01  0.000000e+00
   outer loop
     vertex  9.773855e+00  1.900854e+01  1.500000e+00
     vertex  9.773855e+00  1.900854e+01  0.000000e+00
     vertex  9.691873e+00  1.901587e+01  0.000000e+00
   endloop
 endfacet
 facet normal  6.169515e-02  9.980950e-01  0.000000e+00
   outer loop
     vertex  9.773855e+00  1.900854e+01  1.500000e+00
     vertex  9.856009e+00  1.900346e+01  0.000000e+00
     vertex  9.773855e+00  1.900854e+01  0.000000e+00
   endloop
 endfacet
 facet normal  6.169515e-02  9.980950e-01  0.000000e+00
   outer loop
     vertex  9.856009e+00  1.900346e+01  1.500000e+00
     vertex  9.856009e+00  1.900346e+01  0.000000e+00
     vertex  9.773855e+00  1.900854e+01  1.500000e+00
   endloop
 endfacet
 facet normal  3.429014e-02  9.994119e-01  0.000000e+00
   outer loop
     vertex  9.938270e+00  1.900064e+01  1.500000e+00
     vertex  9.856009e+00  1.900346e+01  0.000000e+00
     vertex  9.856009e+00  1.900346e+01  1.500000e+00
   endloop
 endfacet
 facet normal  3.429014e-02  9.994119e-01  0.000000e+00
   outer loop
     vertex  9.938270e+00  1.900064e+01  1.500000e+00
     vertex  9.938270e+00  1.900064e+01  0.000000e+00
     vertex  9.856009e+00  1.900346e+01  0.000000e+00
   endloop
 endfacet
 facet normal  6.859319e-03  9.999765e-01  0.000000e+00
   outer loop
     vertex  9.938270e+00  1.900064e+01  1.500000e+00
     vertex  1.002058e+01  1.900007e+01  0.000000e+00
     vertex  9.938270e+00  1.900064e+01  0.000000e+00
   endloop
 endfacet
 facet normal  6.859319e-03  9.999765e-01  0.000000e+00
   outer loop
     vertex  1.002058e+01  1.900007e+01  1.500000e+00
     vertex  1.002058e+01  1.900007e+01  0.000000e+00
     vertex  9.938270e+00  1.900064e+01  1.500000e+00
   endloop
 endfacet
 facet normal -4.799716e-02  9.988475e-01  0.000000e+00
   outer loop
     vertex  1.010287e+01  1.900176e+01  1.500000e+00
     vertex  1.018509e+01  1.900571e+01  0.000000e+00
     vertex  1.010287e+01  1.900176e+01  0.000000e+00
   endloop
 endfacet
 facet normal -2.057667e-02  9.997883e-01  0.000000e+00
   outer loop
     vertex  1.010287e+01  1.900176e+01  1.500000e+00
     vertex  1.002058e+01  1.900007e+01  0.000000e+00
     vertex  1.002058e+01  1.900007e+01  1.500000e+00
   endloop
 endfacet
 facet normal -2.057667e-02  9.997883e-01  0.000000e+00
   outer loop
     vertex  1.010287e+01  1.900176e+01  1.500000e+00
     vertex  1.010287e+01  1.900176e+01  0.000000e+00
     vertex  1.002058e+01  1.900007e+01  0.000000e+00
   endloop
 endfacet
 facet normal -4.799716e-02  9.988475e-01  0.000000e+00
   outer loop
     vertex  1.018509e+01  1.900571e+01  1.500000e+00
     vertex  1.018509e+01  1.900571e+01  0.000000e+00
     vertex  1.010287e+01  1.900176e+01  1.500000e+00
   endloop
 endfacet
 facet normal -7.538152e-02  9.971548e-01  0.000000e+00
   outer loop
     vertex  1.026716e+01  1.901192e+01  1.500000e+00
     vertex  1.026716e+01  1.901192e+01  0.000000e+00
     vertex  1.018509e+01  1.900571e+01  0.000000e+00
   endloop
 endfacet
 facet normal -7.538152e-02  9.971548e-01  0.000000e+00
   outer loop
     vertex  1.026716e+01  1.901192e+01  1.500000e+00
     vertex  1.018509e+01  1.900571e+01  0.000000e+00
     vertex  1.018509e+01  1.900571e+01  1.500000e+00
   endloop
 endfacet
 facet normal -1.027091e-01  9.947114e-01  0.000000e+00
   outer loop
     vertex  1.034904e+01  1.902037e+01  1.500000e+00
     vertex  1.034904e+01  1.902037e+01  0.000000e+00
     vertex  1.026716e+01  1.901192e+01  0.000000e+00
   endloop
 endfacet
 facet normal -1.027091e-01  9.947114e-01  0.000000e+00
   outer loop
     vertex  1.034904e+01  1.902037e+01  1.500000e+00
     vertex  1.026716e+01  1.901192e+01  0.000000e+00
     vertex  1.026716e+01  1.901192e+01  1.500000e+00
   endloop
 endfacet
 facet normal -1.299594e-01  9.915193e-01  0.000000e+00
   outer loop
     vertex  1.043065e+01  1.903107e+01  1.500000e+00
     vertex  1.043065e+01  1.903107e+01  0.000000e+00
     vertex  1.034904e+01  1.902037e+01  0.000000e+00
   endloop
 endfacet
 facet normal -1.299594e-01  9.915193e-01  0.000000e+00
   outer loop
     vertex  1.043065e+01  1.903107e+01  1.500000e+00
     vertex  1.034904e+01  1.902037e+01  0.000000e+00
     vertex  1.034904e+01  1.902037e+01  1.500000e+00
   endloop
 endfacet
 facet normal -1.571119e-01  9.875808e-01  0.000000e+00
   outer loop
     vertex  1.051194e+01  1.904400e+01  1.500000e+00
     vertex  1.051194e+01  1.904400e+01  0.000000e+00
     vertex  1.043065e+01  1.903107e+01  0.000000e+00
   endloop
 endfacet
 facet normal -1.841461e-01  9.828989e-01  0.000000e+00
   outer loop
     vertex  1.051194e+01  1.904400e+01  1.500000e+00
     vertex  1.059284e+01  1.905916e+01  0.000000e+00
     vertex  1.051194e+01  1.904400e+01  0.000000e+00
   endloop
 endfacet
 facet normal -1.571119e-01  9.875808e-01  0.000000e+00
   outer loop
     vertex  1.051194e+01  1.904400e+01  1.500000e+00
     vertex  1.043065e+01  1.903107e+01  0.000000e+00
     vertex  1.043065e+01  1.903107e+01  1.500000e+00
   endloop
 endfacet
 facet normal -2.110417e-01  9.774771e-01  0.000000e+00
   outer loop
     vertex  1.059284e+01  1.905916e+01  1.500000e+00
     vertex  1.067329e+01  1.907653e+01  0.000000e+00
     vertex  1.059284e+01  1.905916e+01  0.000000e+00
   endloop
 endfacet
 facet normal -1.841461e-01  9.828989e-01  0.000000e+00
   outer loop
     vertex  1.059284e+01  1.905916e+01  1.500000e+00
     vertex  1.059284e+01  1.905916e+01  0.000000e+00
     vertex  1.051194e+01  1.904400e+01  1.500000e+00
   endloop
 endfacet
 facet normal -2.377784e-01  9.713194e-01  0.000000e+00
   outer loop
     vertex  1.067329e+01  1.907653e+01  1.500000e+00
     vertex  1.075324e+01  1.909610e+01  0.000000e+00
     vertex  1.067329e+01  1.907653e+01  0.000000e+00
   endloop
 endfacet
 facet normal -2.110417e-01  9.774771e-01  0.000000e+00
   outer loop
     vertex  1.067329e+01  1.907653e+01  1.500000e+00
     vertex  1.067329e+01  1.907653e+01  0.000000e+00
     vertex  1.059284e+01  1.905916e+01  1.500000e+00
   endloop
 endfacet
 facet normal -2.643362e-01  9.644306e-01  0.000000e+00
   outer loop
     vertex  1.075324e+01  1.909610e+01  1.500000e+00
     vertex  1.083262e+01  1.911786e+01  0.000000e+00
     vertex  1.075324e+01  1.909610e+01  0.000000e+00
   endloop
 endfacet
 facet normal -2.377784e-01  9.713194e-01  0.000000e+00
   outer loop
     vertex  1.075324e+01  1.909610e+01  1.500000e+00
     vertex  1.075324e+01  1.909610e+01  0.000000e+00
     vertex  1.067329e+01  1.907653e+01  1.500000e+00
   endloop
 endfacet
 facet normal -2.643362e-01  9.644306e-01  0.000000e+00
   outer loop
     vertex  1.083262e+01  1.911786e+01  1.500000e+00
     vertex  1.083262e+01  1.911786e+01  0.000000e+00
     vertex  1.075324e+01  1.909610e+01  1.500000e+00
   endloop
 endfacet
 facet normal -2.906949e-01  9.568158e-01  0.000000e+00
   outer loop
     vertex  1.091138e+01  1.914179e+01  1.500000e+00
     vertex  1.091138e+01  1.914179e+01  0.000000e+00
     vertex  1.083262e+01  1.911786e+01  0.000000e+00
   endloop
 endfacet
 facet normal -2.906949e-01  9.568158e-01  0.000000e+00
   outer loop
     vertex  1.091138e+01  1.914179e+01  1.500000e+00
     vertex  1.083262e+01  1.911786e+01  0.000000e+00
     vertex  1.083262e+01  1.911786e+01  1.500000e+00
   endloop
 endfacet
 facet normal -3.168348e-01  9.484807e-01  0.000000e+00
   outer loop
     vertex  1.098945e+01  1.916786e+01  1.500000e+00
     vertex  1.098945e+01  1.916786e+01  0.000000e+00
     vertex  1.091138e+01  1.914179e+01  0.000000e+00
   endloop
 endfacet
 facet normal -3.427362e-01  9.394317e-01  0.000000e+00
   outer loop
     vertex  1.098945e+01  1.916786e+01  1.500000e+00
     vertex  1.106677e+01  1.919608e+01  0.000000e+00
     vertex  1.098945e+01  1.916786e+01  0.000000e+00
   endloop
 endfacet
 facet normal -3.168348e-01  9.484807e-01  0.000000e+00
   outer loop
     vertex  1.098945e+01  1.916786e+01  1.500000e+00
     vertex  1.091138e+01  1.914179e+01  0.000000e+00
     vertex  1.091138e+01  1.914179e+01  1.500000e+00
   endloop
 endfacet
 facet normal -3.427362e-01  9.394317e-01  0.000000e+00
   outer loop
     vertex  1.106677e+01  1.919608e+01  1.500000e+00
     vertex  1.106677e+01  1.919608e+01  0.000000e+00
     vertex  1.098945e+01  1.916786e+01  1.500000e+00
   endloop
 endfacet
 facet normal -3.683796e-01  9.296754e-01  0.000000e+00
   outer loop
     vertex  1.114330e+01  1.922640e+01  1.500000e+00
     vertex  1.114330e+01  1.922640e+01  0.000000e+00
     vertex  1.106677e+01  1.919608e+01  0.000000e+00
   endloop
 endfacet
 facet normal -3.683796e-01  9.296754e-01  0.000000e+00
   outer loop
     vertex  1.114330e+01  1.922640e+01  1.500000e+00
     vertex  1.106677e+01  1.919608e+01  0.000000e+00
     vertex  1.106677e+01  1.919608e+01  1.500000e+00
   endloop
 endfacet
 facet normal -3.937458e-01  9.192194e-01  0.000000e+00
   outer loop
     vertex  1.121896e+01  1.925881e+01  1.500000e+00
     vertex  1.114330e+01  1.922640e+01  0.000000e+00
     vertex  1.114330e+01  1.922640e+01  1.500000e+00
   endloop
 endfacet
 facet normal -3.937458e-01  9.192194e-01  0.000000e+00
   outer loop
     vertex  1.121896e+01  1.925881e+01  1.500000e+00
     vertex  1.121896e+01  1.925881e+01  0.000000e+00
     vertex  1.114330e+01  1.922640e+01  0.000000e+00
   endloop
 endfacet
 facet normal -4.188155e-01  9.080714e-01  0.000000e+00
   outer loop
     vertex  1.121896e+01  1.925881e+01  1.500000e+00
     vertex  1.129370e+01  1.929328e+01  0.000000e+00
     vertex  1.121896e+01  1.925881e+01  0.000000e+00
   endloop
 endfacet
 facet normal -4.188155e-01  9.080714e-01  0.000000e+00
   outer loop
     vertex  1.129370e+01  1.929328e+01  1.500000e+00
     vertex  1.129370e+01  1.929328e+01  0.000000e+00
     vertex  1.121896e+01  1.925881e+01  1.500000e+00
   endloop
 endfacet
 facet normal -4.435699e-01  8.962398e-01  0.000000e+00
   outer loop
     vertex  1.136747e+01  1.932979e+01  1.500000e+00
     vertex  1.136747e+01  1.932979e+01  0.000000e+00
     vertex  1.129370e+01  1.929328e+01  0.000000e+00
   endloop
 endfacet
 facet normal -4.679904e-01  8.837335e-01  0.000000e+00
   outer loop
     vertex  1.136747e+01  1.932979e+01  1.500000e+00
     vertex  1.144021e+01  1.936831e+01  0.000000e+00
     vertex  1.136747e+01  1.932979e+01  0.000000e+00
   endloop
 endfacet
 facet normal -4.435699e-01  8.962398e-01  0.000000e+00
   outer loop
     vertex  1.136747e+01  1.932979e+01  1.500000e+00
     vertex  1.129370e+01  1.929328e+01  0.000000e+00
     vertex  1.129370e+01  1.929328e+01  1.500000e+00
   endloop
 endfacet
 facet normal -4.679904e-01  8.837335e-01  0.000000e+00
   outer loop
     vertex  1.144021e+01  1.936831e+01  1.500000e+00
     vertex  1.144021e+01  1.936831e+01  0.000000e+00
     vertex  1.136747e+01  1.932979e+01  1.500000e+00
   endloop
 endfacet
 facet normal -4.920587e-01  8.705620e-01  0.000000e+00
   outer loop
     vertex  1.144021e+01  1.936831e+01  1.500000e+00
     vertex  1.151187e+01  1.940881e+01  0.000000e+00
     vertex  1.144021e+01  1.936831e+01  0.000000e+00
   endloop
 endfacet
 facet normal -4.920587e-01  8.705620e-01  0.000000e+00
   outer loop
     vertex  1.151187e+01  1.940881e+01  1.500000e+00
     vertex  1.151187e+01  1.940881e+01  0.000000e+00
     vertex  1.144021e+01  1.936831e+01  1.500000e+00
   endloop
 endfacet
 facet normal -5.157565e-01  8.567352e-01  0.000000e+00
   outer loop
     vertex  1.151187e+01  1.940881e+01  1.500000e+00
     vertex  1.158238e+01  1.945126e+01  0.000000e+00
     vertex  1.151187e+01  1.940881e+01  0.000000e+00
   endloop
 endfacet
 facet normal -5.157565e-01  8.567352e-01  0.000000e+00
   outer loop
     vertex  1.158238e+01  1.945126e+01  1.500000e+00
     vertex  1.158238e+01  1.945126e+01  0.000000e+00
     vertex  1.151187e+01  1.940881e+01  1.500000e+00
   endloop
 endfacet
 facet normal -5.390661e-01  8.422635e-01  0.000000e+00
   outer loop
     vertex  1.165171e+01  1.949563e+01  1.500000e+00
     vertex  1.165171e+01  1.949563e+01  0.000000e+00
     vertex  1.158238e+01  1.945126e+01  0.000000e+00
   endloop
 endfacet
 facet normal -5.390661e-01  8.422635e-01  0.000000e+00
   outer loop
     vertex  1.165171e+01  1.949563e+01  1.500000e+00
     vertex  1.158238e+01  1.945126e+01  0.000000e+00
     vertex  1.158238e+01  1.945126e+01  1.500000e+00
   endloop
 endfacet
 facet normal -5.619699e-01  8.271577e-01  0.000000e+00
   outer loop
     vertex  1.171979e+01  1.954189e+01  1.500000e+00
     vertex  1.171979e+01  1.954189e+01  0.000000e+00
     vertex  1.165171e+01  1.949563e+01  0.000000e+00
   endloop
 endfacet
 facet normal -5.844507e-01  8.114292e-01  0.000000e+00
   outer loop
     vertex  1.171979e+01  1.954189e+01  1.500000e+00
     vertex  1.178658e+01  1.958999e+01  0.000000e+00
     vertex  1.171979e+01  1.954189e+01  0.000000e+00
   endloop
 endfacet
 facet normal -5.619699e-01  8.271577e-01  0.000000e+00
   outer loop
     vertex  1.171979e+01  1.954189e+01  1.500000e+00
     vertex  1.165171e+01  1.949563e+01  0.000000e+00
     vertex  1.165171e+01  1.949563e+01  1.500000e+00
   endloop
 endfacet
 facet normal -5.844507e-01  8.114292e-01  0.000000e+00
   outer loop
     vertex  1.178658e+01  1.958999e+01  1.500000e+00
     vertex  1.178658e+01  1.958999e+01  0.000000e+00
     vertex  1.171979e+01  1.954189e+01  1.500000e+00
   endloop
 endfacet
 facet normal -6.064915e-01  7.950900e-01  0.000000e+00
   outer loop
     vertex  1.185203e+01  1.963991e+01  1.500000e+00
     vertex  1.185203e+01  1.963991e+01  0.000000e+00
     vertex  1.178658e+01  1.958999e+01  0.000000e+00
   endloop
 endfacet
 facet normal -6.280757e-01  7.781522e-01  0.000000e+00
   outer loop
     vertex  1.185203e+01  1.963991e+01  1.500000e+00
     vertex  1.191607e+01  1.969161e+01  0.000000e+00
     vertex  1.185203e+01  1.963991e+01  0.000000e+00
   endloop
 endfacet
 facet normal -6.064915e-01  7.950900e-01  0.000000e+00
   outer loop
     vertex  1.185203e+01  1.963991e+01  1.500000e+00
     vertex  1.178658e+01  1.958999e+01  0.000000e+00
     vertex  1.178658e+01  1.958999e+01  1.500000e+00
   endloop
 endfacet
 facet normal -6.280757e-01  7.781522e-01  0.000000e+00
   outer loop
     vertex  1.191607e+01  1.969161e+01  1.500000e+00
     vertex  1.191607e+01  1.969161e+01  0.000000e+00
     vertex  1.185203e+01  1.963991e+01  1.500000e+00
   endloop
 endfacet
 facet normal -6.491872e-01  7.606287e-01  0.000000e+00
   outer loop
     vertex  1.191607e+01  1.969161e+01  1.500000e+00
     vertex  1.197868e+01  1.974505e+01  0.000000e+00
     vertex  1.191607e+01  1.969161e+01  0.000000e+00
   endloop
 endfacet
 facet normal -6.491872e-01  7.606287e-01  0.000000e+00
   outer loop
     vertex  1.197868e+01  1.974505e+01  1.500000e+00
     vertex  1.197868e+01  1.974505e+01  0.000000e+00
     vertex  1.191607e+01  1.969161e+01  1.500000e+00
   endloop
 endfacet
 facet normal -6.698100e-01  7.425325e-01  0.000000e+00
   outer loop
     vertex  1.203980e+01  1.980018e+01  1.500000e+00
     vertex  1.203980e+01  1.980018e+01  0.000000e+00
     vertex  1.197868e+01  1.974505e+01  0.000000e+00
   endloop
 endfacet
 facet normal -6.698100e-01  7.425325e-01  0.000000e+00
   outer loop
     vertex  1.203980e+01  1.980018e+01  1.500000e+00
     vertex  1.197868e+01  1.974505e+01  0.000000e+00
     vertex  1.197868e+01  1.974505e+01  1.500000e+00
   endloop
 endfacet
 facet normal -6.899286e-01  7.238775e-01  0.000000e+00
   outer loop
     vertex  1.209938e+01  1.985697e+01  1.500000e+00
     vertex  1.209938e+01  1.985697e+01  0.000000e+00
     vertex  1.203980e+01  1.980018e+01  0.000000e+00
   endloop
 endfacet
 facet normal -6.899286e-01  7.238775e-01  0.000000e+00
   outer loop
     vertex  1.209938e+01  1.985697e+01  1.500000e+00
     vertex  1.203980e+01  1.980018e+01  0.000000e+00
     vertex  1.203980e+01  1.980018e+01  1.500000e+00
   endloop
 endfacet
 facet normal -7.095278e-01  7.046775e-01  0.000000e+00
   outer loop
     vertex  1.215738e+01  1.991537e+01  1.500000e+00
     vertex  1.215738e+01  1.991537e+01  0.000000e+00
     vertex  1.209938e+01  1.985697e+01  0.000000e+00
   endloop
 endfacet
 facet normal -7.095278e-01  7.046775e-01  0.000000e+00
   outer loop
     vertex  1.215738e+01  1.991537e+01  1.500000e+00
     vertex  1.209938e+01  1.985697e+01  0.000000e+00
     vertex  1.209938e+01  1.985697e+01  1.500000e+00
   endloop
 endfacet
 facet normal -7.285929e-01  6.849470e-01  0.000000e+00
   outer loop
     vertex  1.221376e+01  1.997534e+01  1.500000e+00
     vertex  1.221376e+01  1.997534e+01  0.000000e+00
     vertex  1.215738e+01  1.991537e+01  0.000000e+00
   endloop
 endfacet
 facet normal -7.285929e-01  6.849470e-01  0.000000e+00
   outer loop
     vertex  1.221376e+01  1.997534e+01  1.500000e+00
     vertex  1.215738e+01  1.991537e+01  0.000000e+00
     vertex  1.215738e+01  1.991537e+01  1.500000e+00
   endloop
 endfacet
 facet normal -7.471095e-01  6.647010e-01  0.000000e+00
   outer loop
     vertex  1.226847e+01  2.003683e+01  1.500000e+00
     vertex  1.226847e+01  2.003683e+01  0.000000e+00
     vertex  1.221376e+01  1.997534e+01  0.000000e+00
   endloop
 endfacet
 facet normal -7.471095e-01  6.647010e-01  0.000000e+00
   outer loop
     vertex  1.226847e+01  2.003683e+01  1.500000e+00
     vertex  1.221376e+01  1.997534e+01  0.000000e+00
     vertex  1.221376e+01  1.997534e+01  1.500000e+00
   endloop
 endfacet
 facet normal -7.650637e-01  6.439545e-01  0.000000e+00
   outer loop
     vertex  1.232148e+01  2.009980e+01  1.500000e+00
     vertex  1.232148e+01  2.009980e+01  0.000000e+00
     vertex  1.226847e+01  2.003683e+01  0.000000e+00
   endloop
 endfacet
 facet normal -7.650637e-01  6.439545e-01  0.000000e+00
   outer loop
     vertex  1.232148e+01  2.009980e+01  1.500000e+00
     vertex  1.226847e+01  2.003683e+01  0.000000e+00
     vertex  1.226847e+01  2.003683e+01  1.500000e+00
   endloop
 endfacet
 facet normal -7.824421e-01  6.227234e-01  0.000000e+00
   outer loop
     vertex  1.237273e+01  2.016421e+01  1.500000e+00
     vertex  1.237273e+01  2.016421e+01  0.000000e+00
     vertex  1.232148e+01  2.009980e+01  0.000000e+00
   endloop
 endfacet
 facet normal -7.824421e-01  6.227234e-01  0.000000e+00
   outer loop
     vertex  1.237273e+01  2.016421e+01  1.500000e+00
     vertex  1.232148e+01  2.009980e+01  0.000000e+00
     vertex  1.232148e+01  2.009980e+01  1.500000e+00
   endloop
 endfacet
 facet normal -7.992314e-01  6.010234e-01  0.000000e+00
   outer loop
     vertex  1.242220e+01  2.022999e+01  1.500000e+00
     vertex  1.242220e+01  2.022999e+01  0.000000e+00
     vertex  1.237273e+01  2.016421e+01  0.000000e+00
   endloop
 endfacet
 facet normal -7.992314e-01  6.010234e-01  0.000000e+00
   outer loop
     vertex  1.242220e+01  2.022999e+01  1.500000e+00
     vertex  1.237273e+01  2.016421e+01  0.000000e+00
     vertex  1.237273e+01  2.016421e+01  1.500000e+00
   endloop
 endfacet
 facet normal -8.154191e-01  5.788711e-01  0.000000e+00
   outer loop
     vertex  1.246985e+01  2.029711e+01  1.500000e+00
     vertex  1.246985e+01  2.029711e+01  0.000000e+00
     vertex  1.242220e+01  2.022999e+01  0.000000e+00
   endloop
 endfacet
 facet normal -8.309929e-01  5.562829e-01  0.000000e+00
   outer loop
     vertex  1.246985e+01  2.029711e+01  1.500000e+00
     vertex  1.251564e+01  2.036551e+01  0.000000e+00
     vertex  1.246985e+01  2.029711e+01  0.000000e+00
   endloop
 endfacet
 facet normal -8.154191e-01  5.788711e-01  0.000000e+00
   outer loop
     vertex  1.246985e+01  2.029711e+01  1.500000e+00
     vertex  1.242220e+01  2.022999e+01  0.000000e+00
     vertex  1.242220e+01  2.022999e+01  1.500000e+00
   endloop
 endfacet
 facet normal -8.309929e-01  5.562829e-01  0.000000e+00
   outer loop
     vertex  1.251564e+01  2.036551e+01  1.500000e+00
     vertex  1.251564e+01  2.036551e+01  0.000000e+00
     vertex  1.246985e+01  2.029711e+01  1.500000e+00
   endloop
 endfacet
 facet normal -8.459413e-01  5.332761e-01  0.000000e+00
   outer loop
     vertex  1.255953e+01  2.043514e+01  1.500000e+00
     vertex  1.255953e+01  2.043514e+01  0.000000e+00
     vertex  1.251564e+01  2.036551e+01  0.000000e+00
   endloop
 endfacet
 facet normal -8.602528e-01  5.098678e-01  0.000000e+00
   outer loop
     vertex  1.255953e+01  2.043514e+01  1.500000e+00
     vertex  1.260150e+01  2.050594e+01  0.000000e+00
     vertex  1.255953e+01  2.043514e+01  0.000000e+00
   endloop
 endfacet
 facet normal -8.459413e-01  5.332761e-01  0.000000e+00
   outer loop
     vertex  1.255953e+01  2.043514e+01  1.500000e+00
     vertex  1.251564e+01  2.036551e+01  0.000000e+00
     vertex  1.251564e+01  2.036551e+01  1.500000e+00
   endloop
 endfacet
 facet normal -8.602528e-01  5.098678e-01  0.000000e+00
   outer loop
     vertex  1.260150e+01  2.050594e+01  1.500000e+00
     vertex  1.260150e+01  2.050594e+01  0.000000e+00
     vertex  1.255953e+01  2.043514e+01  1.500000e+00
   endloop
 endfacet
 facet normal -8.739167e-01  4.860756e-01  0.000000e+00
   outer loop
     vertex  1.264151e+01  2.057788e+01  1.500000e+00
     vertex  1.264151e+01  2.057788e+01  0.000000e+00
     vertex  1.260150e+01  2.050594e+01  0.000000e+00
   endloop
 endfacet
 facet normal -8.739167e-01  4.860756e-01  0.000000e+00
   outer loop
     vertex  1.264151e+01  2.057788e+01  1.500000e+00
     vertex  1.260150e+01  2.050594e+01  0.000000e+00
     vertex  1.260150e+01  2.050594e+01  1.500000e+00
   endloop
 endfacet
 facet normal -8.869228e-01  4.619176e-01  0.000000e+00
   outer loop
     vertex  1.267953e+01  2.065088e+01  1.500000e+00
     vertex  1.264151e+01  2.057788e+01  0.000000e+00
     vertex  1.264151e+01  2.057788e+01  1.500000e+00
   endloop
 endfacet
 facet normal -8.869228e-01  4.619176e-01  0.000000e+00
   outer loop
     vertex  1.267953e+01  2.065088e+01  1.500000e+00
     vertex  1.267953e+01  2.065088e+01  0.000000e+00
     vertex  1.264151e+01  2.057788e+01  0.000000e+00
   endloop
 endfacet
 facet normal -8.992613e-01  4.374119e-01  0.000000e+00
   outer loop
     vertex  1.267953e+01  2.065088e+01  1.500000e+00
     vertex  1.271553e+01  2.072490e+01  0.000000e+00
     vertex  1.267953e+01  2.065088e+01  0.000000e+00
   endloop
 endfacet
 facet normal -8.992613e-01  4.374119e-01  0.000000e+00
   outer loop
     vertex  1.271553e+01  2.072490e+01  1.500000e+00
     vertex  1.271553e+01  2.072490e+01  0.000000e+00
     vertex  1.267953e+01  2.065088e+01  1.500000e+00
   endloop
 endfacet
 facet normal -9.109228e-01  4.125769e-01  0.000000e+00
   outer loop
     vertex  1.274949e+01  2.079987e+01  1.500000e+00
     vertex  1.271553e+01  2.072490e+01  0.000000e+00
     vertex  1.271553e+01  2.072490e+01  1.500000e+00
   endloop
 endfacet
 facet normal -9.109228e-01  4.125769e-01  0.000000e+00
   outer loop
     vertex  1.274949e+01  2.079987e+01  1.500000e+00
     vertex  1.274949e+01  2.079987e+01  0.000000e+00
     vertex  1.271553e+01  2.072490e+01  0.000000e+00
   endloop
 endfacet
 facet normal -9.218986e-01  3.874313e-01  0.000000e+00
   outer loop
     vertex  1.278138e+01  2.087576e+01  1.500000e+00
     vertex  1.274949e+01  2.079987e+01  0.000000e+00
     vertex  1.274949e+01  2.079987e+01  1.500000e+00
   endloop
 endfacet
 facet normal -9.218986e-01  3.874313e-01  0.000000e+00
   outer loop
     vertex  1.278138e+01  2.087576e+01  1.500000e+00
     vertex  1.278138e+01  2.087576e+01  0.000000e+00
     vertex  1.274949e+01  2.079987e+01  0.000000e+00
   endloop
 endfacet
 facet normal -9.321804e-01  3.619940e-01  0.000000e+00
   outer loop
     vertex  1.281118e+01  2.095248e+01  1.500000e+00
     vertex  1.278138e+01  2.087576e+01  0.000000e+00
     vertex  1.278138e+01  2.087576e+01  1.500000e+00
   endloop
 endfacet
 facet normal -9.321804e-01  3.619940e-01  0.000000e+00
   outer loop
     vertex  1.281118e+01  2.095248e+01  1.500000e+00
     vertex  1.281118e+01  2.095248e+01  0.000000e+00
     vertex  1.278138e+01  2.087576e+01  0.000000e+00
   endloop
 endfacet
 facet normal -9.417605e-01  3.362843e-01  0.000000e+00
   outer loop
     vertex  1.283886e+01  2.103000e+01  1.500000e+00
     vertex  1.281118e+01  2.095248e+01  0.000000e+00
     vertex  1.281118e+01  2.095248e+01  1.500000e+00
   endloop
 endfacet
 facet normal -9.417605e-01  3.362843e-01  0.000000e+00
   outer loop
     vertex  1.283886e+01  2.103000e+01  1.500000e+00
     vertex  1.283886e+01  2.103000e+01  0.000000e+00
     vertex  1.281118e+01  2.095248e+01  0.000000e+00
   endloop
 endfacet
 facet normal -9.506317e-01  3.103214e-01  0.000000e+00
   outer loop
     vertex  1.286440e+01  2.110825e+01  1.500000e+00
     vertex  1.283886e+01  2.103000e+01  0.000000e+00
     vertex  1.283886e+01  2.103000e+01  1.500000e+00
   endloop
 endfacet
 facet normal -9.506317e-01  3.103214e-01  0.000000e+00
   outer loop
     vertex  1.286440e+01  2.110825e+01  1.500000e+00
     vertex  1.286440e+01  2.110825e+01  0.000000e+00
     vertex  1.283886e+01  2.103000e+01  0.000000e+00
   endloop
 endfacet
 facet normal -9.587873e-01  2.841250e-01  0.000000e+00
   outer loop
     vertex  1.286440e+01  2.110825e+01  1.500000e+00
     vertex  1.288778e+01  2.118716e+01  0.000000e+00
     vertex  1.286440e+01  2.110825e+01  0.000000e+00
   endloop
 endfacet
 facet normal -9.587873e-01  2.841250e-01  0.000000e+00
   outer loop
     vertex  1.288778e+01  2.118716e+01  1.500000e+00
     vertex  1.288778e+01  2.118716e+01  0.000000e+00
     vertex  1.286440e+01  2.110825e+01  1.500000e+00
   endloop
 endfacet
 facet normal -9.662211e-01  2.577146e-01  0.000000e+00
   outer loop
     vertex  1.290900e+01  2.126669e+01  1.500000e+00
     vertex  1.288778e+01  2.118716e+01  0.000000e+00
     vertex  1.288778e+01  2.118716e+01  1.500000e+00
   endloop
 endfacet
 facet normal -9.662211e-01  2.577146e-01  0.000000e+00
   outer loop
     vertex  1.290900e+01  2.126669e+01  1.500000e+00
     vertex  1.290900e+01  2.126669e+01  0.000000e+00
     vertex  1.288778e+01  2.118716e+01  0.000000e+00
   endloop
 endfacet
 facet normal -9.729276e-01  2.311102e-01  0.000000e+00
   outer loop
     vertex  1.292802e+01  2.134678e+01  1.500000e+00
     vertex  1.290900e+01  2.126669e+01  0.000000e+00
     vertex  1.290900e+01  2.126669e+01  1.500000e+00
   endloop
 endfacet
 facet normal -9.729276e-01  2.311102e-01  0.000000e+00
   outer loop
     vertex  1.292802e+01  2.134678e+01  1.500000e+00
     vertex  1.292802e+01  2.134678e+01  0.000000e+00
     vertex  1.290900e+01  2.126669e+01  0.000000e+00
   endloop
 endfacet
 facet normal -9.789017e-01  2.043319e-01  0.000000e+00
   outer loop
     vertex  1.294484e+01  2.142735e+01  1.500000e+00
     vertex  1.292802e+01  2.134678e+01  0.000000e+00
     vertex  1.292802e+01  2.134678e+01  1.500000e+00
   endloop
 endfacet
 facet normal -9.789017e-01  2.043319e-01  0.000000e+00
   outer loop
     vertex  1.294484e+01  2.142735e+01  1.500000e+00
     vertex  1.294484e+01  2.142735e+01  0.000000e+00
     vertex  1.292802e+01  2.134678e+01  0.000000e+00
   endloop
 endfacet
 facet normal -9.841389e-01  1.773998e-01  0.000000e+00
   outer loop
     vertex  1.295944e+01  2.150835e+01  1.500000e+00
     vertex  1.294484e+01  2.142735e+01  0.000000e+00
     vertex  1.294484e+01  2.142735e+01  1.500000e+00
   endloop
 endfacet
 facet normal -9.841389e-01  1.773998e-01  0.000000e+00
   outer loop
     vertex  1.295944e+01  2.150835e+01  1.500000e+00
     vertex  1.295944e+01  2.150835e+01  0.000000e+00
     vertex  1.294484e+01  2.142735e+01  0.000000e+00
   endloop
 endfacet
 facet normal -9.886353e-01  1.503341e-01  0.000000e+00
   outer loop
     vertex  1.297181e+01  2.158973e+01  1.500000e+00
     vertex  1.295944e+01  2.150835e+01  0.000000e+00
     vertex  1.295944e+01  2.150835e+01  1.500000e+00
   endloop
 endfacet
 facet normal -9.886353e-01  1.503341e-01  0.000000e+00
   outer loop
     vertex  1.297181e+01  2.158973e+01  1.500000e+00
     vertex  1.297181e+01  2.158973e+01  0.000000e+00
     vertex  1.295944e+01  2.150835e+01  0.000000e+00
   endloop
 endfacet
 facet normal -9.923874e-01  1.231552e-01  0.000000e+00
   outer loop
     vertex  1.297181e+01  2.158973e+01  1.500000e+00
     vertex  1.298195e+01  2.167141e+01  0.000000e+00
     vertex  1.297181e+01  2.158973e+01  0.000000e+00
   endloop
 endfacet
 facet normal -9.923874e-01  1.231552e-01  0.000000e+00
   outer loop
     vertex  1.298195e+01  2.167141e+01  1.500000e+00
     vertex  1.298195e+01  2.167141e+01  0.000000e+00
     vertex  1.297181e+01  2.158973e+01  1.500000e+00
   endloop
 endfacet
 facet normal -9.953925e-01  9.588368e-02  0.000000e+00
   outer loop
     vertex  1.298984e+01  2.175334e+01  1.500000e+00
     vertex  1.298984e+01  2.175334e+01  0.000000e+00
     vertex  1.298195e+01  2.167141e+01  0.000000e+00
   endloop
 endfacet
 facet normal -9.976484e-01  6.853995e-02  0.000000e+00
   outer loop
     vertex  1.298984e+01  2.175334e+01  1.500000e+00
     vertex  1.299548e+01  2.183546e+01  0.000000e+00
     vertex  1.298984e+01  2.175334e+01  0.000000e+00
   endloop
 endfacet
 facet normal -9.953925e-01  9.588368e-02  0.000000e+00
   outer loop
     vertex  1.298984e+01  2.175334e+01  1.500000e+00
     vertex  1.298195e+01  2.167141e+01  0.000000e+00
     vertex  1.298195e+01  2.167141e+01  1.500000e+00
   endloop
 endfacet
 facet normal -9.976484e-01  6.853995e-02  0.000000e+00
   outer loop
     vertex  1.299548e+01  2.183546e+01  1.500000e+00
     vertex  1.299548e+01  2.183546e+01  0.000000e+00
     vertex  1.298984e+01  2.175334e+01  1.500000e+00
   endloop
 endfacet
 facet normal -9.991532e-01  4.114462e-02  0.000000e+00
   outer loop
     vertex  1.299887e+01  2.191770e+01  1.500000e+00
     vertex  1.299887e+01  2.191770e+01  0.000000e+00
     vertex  1.299548e+01  2.183546e+01  0.000000e+00
   endloop
 endfacet
 facet normal -9.991532e-01  4.114462e-02  0.000000e+00
   outer loop
     vertex  1.299887e+01  2.191770e+01  1.500000e+00
     vertex  1.299548e+01  2.183546e+01  0.000000e+00
     vertex  1.299548e+01  2.183546e+01  1.500000e+00
   endloop
 endfacet
 facet normal -9.999059e-01  1.371831e-02  0.000000e+00
   outer loop
     vertex  1.300000e+01  2.200000e+01  1.500000e+00
     vertex  1.300000e+01  2.200000e+01  0.000000e+00
     vertex  1.299887e+01  2.191770e+01  0.000000e+00
   endloop
 endfacet
 facet normal -9.999059e-01  1.371831e-02  0.000000e+00
   outer loop
     vertex  1.300000e+01  2.200000e+01  1.500000e+00
     vertex  1.299887e+01  2.191770e+01  0.000000e+00
     vertex  1.299887e+01  2.191770e+01  1.500000e+00
   endloop
 endfacet
 facet normal -9.999059e-01 -1.371831e-02  0.000000e+00
   outer loop
     vertex  3.209883e+01  2.208505e+01  1.500000e+00
     vertex  3.210000e+01  2.200000e+01  0.000000e+00
     vertex  3.210000e+01  2.200000e+01  1.500000e+00
   endloop
 endfacet
 facet normal -9.999059e-01 -1.371831e-02 -0.000000e+00
   outer loop
     vertex  3.209883e+01  2.208505e+01  1.500000e+00
     vertex  3.209883e+01  2.208505e+01  0.000000e+00
     vertex  3.210000e+01  2.200000e+01  0.000000e+00
   endloop
 endfacet
 facet normal -9.991532e-01 -4.114462e-02 -0.000000e+00
   outer loop
     vertex  3.209533e+01  2.217003e+01  1.500000e+00
     vertex  3.209533e+01  2.217003e+01  0.000000e+00
     vertex  3.209883e+01  2.208505e+01  0.000000e+00
   endloop
 endfacet
 facet normal -9.991532e-01 -4.114462e-02  0.000000e+00
   outer loop
     vertex  3.209533e+01  2.217003e+01  1.500000e+00
     vertex  3.209883e+01  2.208505e+01  0.000000e+00
     vertex  3.209883e+01  2.208505e+01  1.500000e+00
   endloop
 endfacet
 facet normal -9.976484e-01 -6.853995e-02 -0.000000e+00
   outer loop
     vertex  3.208950e+01  2.225488e+01  1.500000e+00
     vertex  3.208950e+01  2.225488e+01  0.000000e+00
     vertex  3.209533e+01  2.217003e+01  0.000000e+00
   endloop
 endfacet
 facet normal -9.976484e-01 -6.853995e-02  0.000000e+00
   outer loop
     vertex  3.208950e+01  2.225488e+01  1.500000e+00
     vertex  3.209533e+01  2.217003e+01  0.000000e+00
     vertex  3.209533e+01  2.217003e+01  1.500000e+00
   endloop
 endfacet
 facet normal -9.953925e-01 -9.588368e-02 -0.000000e+00
   outer loop
     vertex  3.208135e+01  2.233954e+01  1.500000e+00
     vertex  3.208135e+01  2.233954e+01  0.000000e+00
     vertex  3.208950e+01  2.225488e+01  0.000000e+00
   endloop
 endfacet
 facet normal -9.953925e-01 -9.588368e-02  0.000000e+00
   outer loop
     vertex  3.208135e+01  2.233954e+01  1.500000e+00
     vertex  3.208950e+01  2.225488e+01  0.000000e+00
     vertex  3.208950e+01  2.225488e+01  1.500000e+00
   endloop
 endfacet
 facet normal -9.923874e-01 -1.231552e-01 -0.000000e+00
   outer loop
     vertex  3.207087e+01  2.242395e+01  1.500000e+00
     vertex  3.207087e+01  2.242395e+01  0.000000e+00
     vertex  3.208135e+01  2.233954e+01  0.000000e+00
   endloop
 endfacet
 facet normal -9.923874e-01 -1.231552e-01  0.000000e+00
   outer loop
     vertex  3.207087e+01  2.242395e+01  1.500000e+00
     vertex  3.208135e+01  2.233954e+01  0.000000e+00
     vertex  3.208135e+01  2.233954e+01  1.500000e+00
   endloop
 endfacet
 facet normal -9.886353e-01 -1.503341e-01 -0.000000e+00
   outer loop
     vertex  3.205809e+01  2.250804e+01  1.500000e+00
     vertex  3.205809e+01  2.250804e+01  0.000000e+00
     vertex  3.207087e+01  2.242395e+01  0.000000e+00
   endloop
 endfacet
 facet normal -9.841389e-01 -1.773998e-01 -0.000000e+00
   outer loop
     vertex  3.205809e+01  2.250804e+01  1.500000e+00
     vertex  3.204300e+01  2.259174e+01  0.000000e+00
     vertex  3.205809e+01  2.250804e+01  0.000000e+00
   endloop
 endfacet
 facet normal -9.886353e-01 -1.503341e-01  0.000000e+00
   outer loop
     vertex  3.205809e+01  2.250804e+01  1.500000e+00
     vertex  3.207087e+01  2.242395e+01  0.000000e+00
     vertex  3.207087e+01  2.242395e+01  1.500000e+00
   endloop
 endfacet
 facet normal -9.841389e-01 -1.773998e-01 -0.000000e+00
   outer loop
     vertex  3.204300e+01  2.259174e+01  1.500000e+00
     vertex  3.204300e+01  2.259174e+01  0.000000e+00
     vertex  3.205809e+01  2.250804e+01  1.500000e+00
   endloop
 endfacet
 facet normal -9.789017e-01 -2.043319e-01 -0.000000e+00
   outer loop
     vertex  3.202562e+01  2.267500e+01  1.500000e+00
     vertex  3.202562e+01  2.267500e+01  0.000000e+00
     vertex  3.204300e+01  2.259174e+01  0.000000e+00
   endloop
 endfacet
 facet normal -9.789017e-01 -2.043319e-01  0.000000e+00
   outer loop
     vertex  3.202562e+01  2.267500e+01  1.500000e+00
     vertex  3.204300e+01  2.259174e+01  0.000000e+00
     vertex  3.204300e+01  2.259174e+01  1.500000e+00
   endloop
 endfacet
 facet normal -9.729276e-01 -2.311102e-01 -0.000000e+00
   outer loop
     vertex  3.200596e+01  2.275775e+01  1.500000e+00
     vertex  3.200596e+01  2.275775e+01  0.000000e+00
     vertex  3.202562e+01  2.267500e+01  0.000000e+00
   endloop
 endfacet
 facet normal -9.729276e-01 -2.311102e-01  0.000000e+00
   outer loop
     vertex  3.200596e+01  2.275775e+01  1.500000e+00
     vertex  3.202562e+01  2.267500e+01  0.000000e+00
     vertex  3.202562e+01  2.267500e+01  1.500000e+00
   endloop
 endfacet
 facet normal -9.662211e-01 -2.577146e-01  0.000000e+00
   outer loop
     vertex  3.198404e+01  2.283993e+01  1.500000e+00
     vertex  3.200596e+01  2.275775e+01  0.000000e+00
     vertex  3.200596e+01  2.275775e+01  1.500000e+00
   endloop
 endfacet
 facet normal -9.662211e-01 -2.577146e-01 -0.000000e+00
   outer loop
     vertex  3.198404e+01  2.283993e+01  1.500000e+00
     vertex  3.198404e+01  2.283993e+01  0.000000e+00
     vertex  3.200596e+01  2.275775e+01  0.000000e+00
   endloop
 endfacet
 facet normal -9.587873e-01 -2.841250e-01 -0.000000e+00
   outer loop
     vertex  3.198404e+01  2.283993e+01  1.500000e+00
     vertex  3.195988e+01  2.292148e+01  0.000000e+00
     vertex  3.198404e+01  2.283993e+01  0.000000e+00
   endloop
 endfacet
 facet normal -9.587873e-01 -2.841250e-01 -0.000000e+00
   outer loop
     vertex  3.195988e+01  2.292148e+01  1.500000e+00
     vertex  3.195988e+01  2.292148e+01  0.000000e+00
     vertex  3.198404e+01  2.283993e+01  1.500000e+00
   endloop
 endfacet
 facet normal -9.506317e-01 -3.103214e-01 -0.000000e+00
   outer loop
     vertex  3.195988e+01  2.292148e+01  1.500000e+00
     vertex  3.193348e+01  2.300233e+01  0.000000e+00
     vertex  3.195988e+01  2.292148e+01  0.000000e+00
   endloop
 endfacet
 facet normal -9.506317e-01 -3.103214e-01 -0.000000e+00
   outer loop
     vertex  3.193348e+01  2.300233e+01  1.500000e+00
     vertex  3.193348e+01  2.300233e+01  0.000000e+00
     vertex  3.195988e+01  2.292148e+01  1.500000e+00
   endloop
 endfacet
 facet normal -9.417605e-01 -3.362843e-01 -0.000000e+00
   outer loop
     vertex  3.193348e+01  2.300233e+01  1.500000e+00
     vertex  3.190488e+01  2.308243e+01  0.000000e+00
     vertex  3.193348e+01  2.300233e+01  0.000000e+00
   endloop
 endfacet
 facet normal -9.417605e-01 -3.362843e-01 -0.000000e+00
   outer loop
     vertex  3.190488e+01  2.308243e+01  1.500000e+00
     vertex  3.190488e+01  2.308243e+01  0.000000e+00
     vertex  3.193348e+01  2.300233e+01  1.500000e+00
   endloop
 endfacet
 facet normal -9.321804e-01 -3.619940e-01  0.000000e+00
   outer loop
     vertex  3.187409e+01  2.316172e+01  1.500000e+00
     vertex  3.190488e+01  2.308243e+01  0.000000e+00
     vertex  3.190488e+01  2.308243e+01  1.500000e+00
   endloop
 endfacet
 facet normal -9.321804e-01 -3.619940e-01 -0.000000e+00
   outer loop
     vertex  3.187409e+01  2.316172e+01  1.500000e+00
     vertex  3.187409e+01  2.316172e+01  0.000000e+00
     vertex  3.190488e+01  2.308243e+01  0.000000e+00
   endloop
 endfacet
 facet normal -9.218986e-01 -3.874313e-01  0.000000e+00
   outer loop
     vertex  3.184114e+01  2.324013e+01  1.500000e+00
     vertex  3.187409e+01  2.316172e+01  0.000000e+00
     vertex  3.187409e+01  2.316172e+01  1.500000e+00
   endloop
 endfacet
 facet normal -9.218986e-01 -3.874313e-01 -0.000000e+00
   outer loop
     vertex  3.184114e+01  2.324013e+01  1.500000e+00
     vertex  3.184114e+01  2.324013e+01  0.000000e+00
     vertex  3.187409e+01  2.316172e+01  0.000000e+00
   endloop
 endfacet
 facet normal -9.109228e-01 -4.125769e-01  0.000000e+00
   outer loop
     vertex  3.180605e+01  2.331761e+01  1.500000e+00
     vertex  3.184114e+01  2.324013e+01  0.000000e+00
     vertex  3.184114e+01  2.324013e+01  1.500000e+00
   endloop
 endfacet
 facet normal -9.109228e-01 -4.125769e-01 -0.000000e+00
   outer loop
     vertex  3.180605e+01  2.331761e+01  1.500000e+00
     vertex  3.180605e+01  2.331761e+01  0.000000e+00
     vertex  3.184114e+01  2.324013e+01  0.000000e+00
   endloop
 endfacet
 facet normal -8.992613e-01 -4.374119e-01  0.000000e+00
   outer loop
     vertex  3.176885e+01  2.339409e+01  1.500000e+00
     vertex  3.180605e+01  2.331761e+01  0.000000e+00
     vertex  3.180605e+01  2.331761e+01  1.500000e+00
   endloop
 endfacet
 facet normal -8.992613e-01 -4.374119e-01 -0.000000e+00
   outer loop
     vertex  3.176885e+01  2.339409e+01  1.500000e+00
     vertex  3.176885e+01  2.339409e+01  0.000000e+00
     vertex  3.180605e+01  2.331761e+01  0.000000e+00
   endloop
 endfacet
 facet normal -8.869228e-01 -4.619176e-01  0.000000e+00
   outer loop
     vertex  3.172956e+01  2.346953e+01  1.500000e+00
     vertex  3.176885e+01  2.339409e+01  0.000000e+00
     vertex  3.176885e+01  2.339409e+01  1.500000e+00
   endloop
 endfacet
 facet normal -8.869228e-01 -4.619176e-01 -0.000000e+00
   outer loop
     vertex  3.172956e+01  2.346953e+01  1.500000e+00
     vertex  3.172956e+01  2.346953e+01  0.000000e+00
     vertex  3.176885e+01  2.339409e+01  0.000000e+00
   endloop
 endfacet
 facet normal -8.739167e-01 -4.860756e-01  0.000000e+00
   outer loop
     vertex  3.168822e+01  2.354386e+01  1.500000e+00
     vertex  3.172956e+01  2.346953e+01  0.000000e+00
     vertex  3.172956e+01  2.346953e+01  1.500000e+00
   endloop
 endfacet
 facet normal -8.739167e-01 -4.860756e-01 -0.000000e+00
   outer loop
     vertex  3.168822e+01  2.354386e+01  1.500000e+00
     vertex  3.168822e+01  2.354386e+01  0.000000e+00
     vertex  3.172956e+01  2.346953e+01  0.000000e+00
   endloop
 endfacet
 facet normal -8.602528e-01 -5.098678e-01  0.000000e+00
   outer loop
     vertex  3.164485e+01  2.361703e+01  1.500000e+00
     vertex  3.168822e+01  2.354386e+01  0.000000e+00
     vertex  3.168822e+01  2.354386e+01  1.500000e+00
   endloop
 endfacet
 facet normal -8.602528e-01 -5.098678e-01 -0.000000e+00
   outer loop
     vertex  3.164485e+01  2.361703e+01  1.500000e+00
     vertex  3.164485e+01  2.361703e+01  0.000000e+00
     vertex  3.168822e+01  2.354386e+01  0.000000e+00
   endloop
 endfacet
 facet normal -8.459413e-01 -5.332761e-01  0.000000e+00
   outer loop
     vertex  3.159949e+01  2.368898e+01  1.500000e+00
     vertex  3.164485e+01  2.361703e+01  0.000000e+00
     vertex  3.164485e+01  2.361703e+01  1.500000e+00
   endloop
 endfacet
 facet normal -8.459413e-01 -5.332761e-01 -0.000000e+00
   outer loop
     vertex  3.159949e+01  2.368898e+01  1.500000e+00
     vertex  3.159949e+01  2.368898e+01  0.000000e+00
     vertex  3.164485e+01  2.361703e+01  0.000000e+00
   endloop
 endfacet
 facet normal -8.309929e-01 -5.562829e-01 -0.000000e+00
   outer loop
     vertex  3.155218e+01  2.375965e+01  1.500000e+00
     vertex  3.155218e+01  2.375965e+01  0.000000e+00
     vertex  3.159949e+01  2.368898e+01  0.000000e+00
   endloop
 endfacet
 facet normal -8.309929e-01 -5.562829e-01  0.000000e+00
   outer loop
     vertex  3.155218e+01  2.375965e+01  1.500000e+00
     vertex  3.159949e+01  2.368898e+01  0.000000e+00
     vertex  3.159949e+01  2.368898e+01  1.500000e+00
   endloop
 endfacet
 facet normal -8.154191e-01 -5.788711e-01 -0.000000e+00
   outer loop
     vertex  3.150294e+01  2.382901e+01  1.500000e+00
     vertex  3.150294e+01  2.382901e+01  0.000000e+00
     vertex  3.155218e+01  2.375965e+01  0.000000e+00
   endloop
 endfacet
 facet normal -8.154191e-01 -5.788711e-01  0.000000e+00
   outer loop
     vertex  3.150294e+01  2.382901e+01  1.500000e+00
     vertex  3.155218e+01  2.375965e+01  0.000000e+00
     vertex  3.155218e+01  2.375965e+01  1.500000e+00
   endloop
 endfacet
 facet normal -7.992314e-01 -6.010234e-01 -0.000000e+00
   outer loop
     vertex  3.145182e+01  2.389699e+01  1.500000e+00
     vertex  3.145182e+01  2.389699e+01  0.000000e+00
     vertex  3.150294e+01  2.382901e+01  0.000000e+00
   endloop
 endfacet
 facet normal -7.992314e-01 -6.010234e-01  0.000000e+00
   outer loop
     vertex  3.145182e+01  2.389699e+01  1.500000e+00
     vertex  3.150294e+01  2.382901e+01  0.000000e+00
     vertex  3.150294e+01  2.382901e+01  1.500000e+00
   endloop
 endfacet
 facet normal -7.824421e-01 -6.227234e-01 -0.000000e+00
   outer loop
     vertex  3.139886e+01  2.396354e+01  1.500000e+00
     vertex  3.139886e+01  2.396354e+01  0.000000e+00
     vertex  3.145182e+01  2.389699e+01  0.000000e+00
   endloop
 endfacet
 facet normal -7.824421e-01 -6.227234e-01  0.000000e+00
   outer loop
     vertex  3.139886e+01  2.396354e+01  1.500000e+00
     vertex  3.145182e+01  2.389699e+01  0.000000e+00
     vertex  3.145182e+01  2.389699e+01  1.500000e+00
   endloop
 endfacet
 facet normal -7.650637e-01 -6.439545e-01 -0.000000e+00
   outer loop
     vertex  3.134409e+01  2.402861e+01  1.500000e+00
     vertex  3.134409e+01  2.402861e+01  0.000000e+00
     vertex  3.139886e+01  2.396354e+01  0.000000e+00
   endloop
 endfacet
 facet normal -7.650637e-01 -6.439545e-01  0.000000e+00
   outer loop
     vertex  3.134409e+01  2.402861e+01  1.500000e+00
     vertex  3.139886e+01  2.396354e+01  0.000000e+00
     vertex  3.139886e+01  2.396354e+01  1.500000e+00
   endloop
 endfacet
 facet normal -7.471095e-01 -6.647010e-01 -0.000000e+00
   outer loop
     vertex  3.128755e+01  2.409215e+01  1.500000e+00
     vertex  3.128755e+01  2.409215e+01  0.000000e+00
     vertex  3.134409e+01  2.402861e+01  0.000000e+00
   endloop
 endfacet
 facet normal -7.285929e-01 -6.849470e-01 -0.000000e+00
   outer loop
     vertex  3.128755e+01  2.409215e+01  1.500000e+00
     vertex  3.122930e+01  2.415412e+01  0.000000e+00
     vertex  3.128755e+01  2.409215e+01  0.000000e+00
   endloop
 endfacet
 facet normal -7.471095e-01 -6.647010e-01  0.000000e+00
   outer loop
     vertex  3.128755e+01  2.409215e+01  1.500000e+00
     vertex  3.134409e+01  2.402861e+01  0.000000e+00
     vertex  3.134409e+01  2.402861e+01  1.500000e+00
   endloop
 endfacet
 facet normal -7.285929e-01 -6.849470e-01 -0.000000e+00
   outer loop
     vertex  3.122930e+01  2.415412e+01  1.500000e+00
     vertex  3.122930e+01  2.415412e+01  0.000000e+00
     vertex  3.128755e+01  2.409215e+01  1.500000e+00
   endloop
 endfacet
 facet normal -7.095278e-01 -7.046775e-01 -0.000000e+00
   outer loop
     vertex  3.116936e+01  2.421447e+01  1.500000e+00
     vertex  3.116936e+01  2.421447e+01  0.000000e+00
     vertex  3.122930e+01  2.415412e+01  0.000000e+00
   endloop
 endfacet
 facet normal -6.899286e-01 -7.238775e-01 -0.000000e+00
   outer loop
     vertex  3.116936e+01  2.421447e+01  1.500000e+00
     vertex  3.110779e+01  2.427315e+01  0.000000e+00
     vertex  3.116936e+01  2.421447e+01  0.000000e+00
   endloop
 endfacet
 facet normal -7.095278e-01 -7.046775e-01  0.000000e+00
   outer loop
     vertex  3.116936e+01  2.421447e+01  1.500000e+00
     vertex  3.122930e+01  2.415412e+01  0.000000e+00
     vertex  3.122930e+01  2.415412e+01  1.500000e+00
   endloop
 endfacet
 facet normal -6.899286e-01 -7.238775e-01 -0.000000e+00
   outer loop
     vertex  3.110779e+01  2.427315e+01  1.500000e+00
     vertex  3.110779e+01  2.427315e+01  0.000000e+00
     vertex  3.116936e+01  2.421447e+01  1.500000e+00
   endloop
 endfacet
 facet normal -6.698100e-01 -7.425325e-01 -0.000000e+00
   outer loop
     vertex  3.104464e+01  2.433012e+01  1.500000e+00
     vertex  3.104464e+01  2.433012e+01  0.000000e+00
     vertex  3.110779e+01  2.427315e+01  0.000000e+00
   endloop
 endfacet
 facet normal -6.698100e-01 -7.425325e-01  0.000000e+00
   outer loop
     vertex  3.104464e+01  2.433012e+01  1.500000e+00
     vertex  3.110779e+01  2.427315e+01  0.000000e+00
     vertex  3.110779e+01  2.427315e+01  1.500000e+00
   endloop
 endfacet
 facet normal -6.491872e-01 -7.606287e-01 -0.000000e+00
   outer loop
     vertex  3.097994e+01  2.438533e+01  1.500000e+00
     vertex  3.097994e+01  2.438533e+01  0.000000e+00
     vertex  3.104464e+01  2.433012e+01  0.000000e+00
   endloop
 endfacet
 facet normal -6.280757e-01 -7.781522e-01 -0.000000e+00
   outer loop
     vertex  3.097994e+01  2.438533e+01  1.500000e+00
     vertex  3.091376e+01  2.443875e+01  0.000000e+00
     vertex  3.097994e+01  2.438533e+01  0.000000e+00
   endloop
 endfacet
 facet normal -6.491872e-01 -7.606287e-01  0.000000e+00
   outer loop
     vertex  3.097994e+01  2.438533e+01  1.500000e+00
     vertex  3.104464e+01  2.433012e+01  0.000000e+00
     vertex  3.104464e+01  2.433012e+01  1.500000e+00
   endloop
 endfacet
 facet normal -6.064915e-01 -7.950900e-01 -0.000000e+00
   outer loop
     vertex  3.091376e+01  2.443875e+01  1.500000e+00
     vertex  3.084613e+01  2.449034e+01  0.000000e+00
     vertex  3.091376e+01  2.443875e+01  0.000000e+00
   endloop
 endfacet
 facet normal -6.280757e-01 -7.781522e-01 -0.000000e+00
   outer loop
     vertex  3.091376e+01  2.443875e+01  1.500000e+00
     vertex  3.091376e+01  2.443875e+01  0.000000e+00
     vertex  3.097994e+01  2.438533e+01  1.500000e+00
   endloop
 endfacet
 facet normal -6.064915e-01 -7.950900e-01 -0.000000e+00
   outer loop
     vertex  3.084613e+01  2.449034e+01  1.500000e+00
     vertex  3.084613e+01  2.449034e+01  0.000000e+00
     vertex  3.091376e+01  2.443875e+01  1.500000e+00
   endloop
 endfacet
 facet normal -5.844507e-01 -8.114292e-01  0.000000e+00
   outer loop
     vertex  3.077712e+01  2.454005e+01  1.500000e+00
     vertex  3.084613e+01  2.449034e+01  0.000000e+00
     vertex  3.084613e+01  2.449034e+01  1.500000e+00
   endloop
 endfacet
 facet normal -5.844507e-01 -8.114292e-01 -0.000000e+00
   outer loop
     vertex  3.077712e+01  2.454005e+01  1.500000e+00
     vertex  3.077712e+01  2.454005e+01  0.000000e+00
     vertex  3.084613e+01  2.449034e+01  0.000000e+00
   endloop
 endfacet
 facet normal -5.619699e-01 -8.271577e-01 -0.000000e+00
   outer loop
     vertex  3.070677e+01  2.458785e+01  1.500000e+00
     vertex  3.070677e+01  2.458785e+01  0.000000e+00
     vertex  3.077712e+01  2.454005e+01  0.000000e+00
   endloop
 endfacet
 facet normal -5.619699e-01 -8.271577e-01  0.000000e+00
   outer loop
     vertex  3.070677e+01  2.458785e+01  1.500000e+00
     vertex  3.077712e+01  2.454005e+01  0.000000e+00
     vertex  3.077712e+01  2.454005e+01  1.500000e+00
   endloop
 endfacet
 facet normal -5.390661e-01 -8.422635e-01  0.000000e+00
   outer loop
     vertex  3.063513e+01  2.463370e+01  1.500000e+00
     vertex  3.070677e+01  2.458785e+01  0.000000e+00
     vertex  3.070677e+01  2.458785e+01  1.500000e+00
   endloop
 endfacet
 facet normal -5.390661e-01 -8.422635e-01 -0.000000e+00
   outer loop
     vertex  3.063513e+01  2.463370e+01  1.500000e+00
     vertex  3.063513e+01  2.463370e+01  0.000000e+00
     vertex  3.070677e+01  2.458785e+01  0.000000e+00
   endloop
 endfacet
 facet normal -5.157565e-01 -8.567352e-01  0.000000e+00
   outer loop
     vertex  3.056226e+01  2.467756e+01  1.500000e+00
     vertex  3.063513e+01  2.463370e+01  0.000000e+00
     vertex  3.063513e+01  2.463370e+01  1.500000e+00
   endloop
 endfacet
 facet normal -5.157565e-01 -8.567352e-01 -0.000000e+00
   outer loop
     vertex  3.056226e+01  2.467756e+01  1.500000e+00
     vertex  3.056226e+01  2.467756e+01  0.000000e+00
     vertex  3.063513e+01  2.463370e+01  0.000000e+00
   endloop
 endfacet
 facet normal -4.920587e-01 -8.705620e-01  0.000000e+00
   outer loop
     vertex  3.048822e+01  2.471941e+01  1.500000e+00
     vertex  3.056226e+01  2.467756e+01  0.000000e+00
     vertex  3.056226e+01  2.467756e+01  1.500000e+00
   endloop
 endfacet
 facet normal -4.920587e-01 -8.705620e-01 -0.000000e+00
   outer loop
     vertex  3.048822e+01  2.471941e+01  1.500000e+00
     vertex  3.048822e+01  2.471941e+01  0.000000e+00
     vertex  3.056226e+01  2.467756e+01  0.000000e+00
   endloop
 endfacet
 facet normal -4.679904e-01 -8.837335e-01  0.000000e+00
   outer loop
     vertex  3.041305e+01  2.475922e+01  1.500000e+00
     vertex  3.048822e+01  2.471941e+01  0.000000e+00
     vertex  3.048822e+01  2.471941e+01  1.500000e+00
   endloop
 endfacet
 facet normal -4.679904e-01 -8.837335e-01 -0.000000e+00
   outer loop
     vertex  3.041305e+01  2.475922e+01  1.500000e+00
     vertex  3.041305e+01  2.475922e+01  0.000000e+00
     vertex  3.048822e+01  2.471941e+01  0.000000e+00
   endloop
 endfacet
 facet normal -4.435699e-01 -8.962398e-01  0.000000e+00
   outer loop
     vertex  3.033682e+01  2.479695e+01  1.500000e+00
     vertex  3.041305e+01  2.475922e+01  0.000000e+00
     vertex  3.041305e+01  2.475922e+01  1.500000e+00
   endloop
 endfacet
 facet normal -4.435699e-01 -8.962398e-01 -0.000000e+00
   outer loop
     vertex  3.033682e+01  2.479695e+01  1.500000e+00
     vertex  3.033682e+01  2.479695e+01  0.000000e+00
     vertex  3.041305e+01  2.475922e+01  0.000000e+00
   endloop
 endfacet
 facet normal -4.188155e-01 -9.080714e-01  0.000000e+00
   outer loop
     vertex  3.025959e+01  2.483257e+01  1.500000e+00
     vertex  3.033682e+01  2.479695e+01  0.000000e+00
     vertex  3.033682e+01  2.479695e+01  1.500000e+00
   endloop
 endfacet
 facet normal -4.188155e-01 -9.080714e-01 -0.000000e+00
   outer loop
     vertex  3.025959e+01  2.483257e+01  1.500000e+00
     vertex  3.025959e+01  2.483257e+01  0.000000e+00
     vertex  3.033682e+01  2.479695e+01  0.000000e+00
   endloop
 endfacet
 facet normal -3.937458e-01 -9.192194e-01  0.000000e+00
   outer loop
     vertex  3.018141e+01  2.486606e+01  1.500000e+00
     vertex  3.025959e+01  2.483257e+01  0.000000e+00
     vertex  3.025959e+01  2.483257e+01  1.500000e+00
   endloop
 endfacet
 facet normal -3.937458e-01 -9.192194e-01 -0.000000e+00
   outer loop
     vertex  3.018141e+01  2.486606e+01  1.500000e+00
     vertex  3.018141e+01  2.486606e+01  0.000000e+00
     vertex  3.025959e+01  2.483257e+01  0.000000e+00
   endloop
 endfacet
 facet normal -3.683796e-01 -9.296754e-01  0.000000e+00
   outer loop
     vertex  3.010233e+01  2.489739e+01  1.500000e+00
     vertex  3.018141e+01  2.486606e+01  0.000000e+00
     vertex  3.018141e+01  2.486606e+01  1.500000e+00
   endloop
 endfacet
 facet normal -3.683796e-01 -9.296754e-01 -0.000000e+00
   outer loop
     vertex  3.010233e+01  2.489739e+01  1.500000e+00
     vertex  3.010233e+01  2.489739e+01  0.000000e+00
     vertex  3.018141e+01  2.486606e+01  0.000000e+00
   endloop
 endfacet
 facet normal -3.427362e-01 -9.394317e-01 -0.000000e+00
   outer loop
     vertex  3.010233e+01  2.489739e+01  1.500000e+00
     vertex  3.002243e+01  2.492654e+01  0.000000e+00
     vertex  3.010233e+01  2.489739e+01  0.000000e+00
   endloop
 endfacet
 facet normal -3.427362e-01 -9.394317e-01 -0.000000e+00
   outer loop
     vertex  3.002243e+01  2.492654e+01  1.500000e+00
     vertex  3.002243e+01  2.492654e+01  0.000000e+00
     vertex  3.010233e+01  2.489739e+01  1.500000e+00
   endloop
 endfacet
 facet normal -3.168348e-01 -9.484807e-01  0.000000e+00
   outer loop
     vertex  2.994176e+01  2.495349e+01  1.500000e+00
     vertex  3.002243e+01  2.492654e+01  0.000000e+00
     vertex  3.002243e+01  2.492654e+01  1.500000e+00
   endloop
 endfacet
 facet normal -3.168348e-01 -9.484807e-01 -0.000000e+00
   outer loop
     vertex  2.994176e+01  2.495349e+01  1.500000e+00
     vertex  2.994176e+01  2.495349e+01  0.000000e+00
     vertex  3.002243e+01  2.492654e+01  0.000000e+00
   endloop
 endfacet
 facet normal -2.906949e-01 -9.568158e-01  0.000000e+00
   outer loop
     vertex  2.986038e+01  2.497821e+01  1.500000e+00
     vertex  2.994176e+01  2.495349e+01  0.000000e+00
     vertex  2.994176e+01  2.495349e+01  1.500000e+00
   endloop
 endfacet
 facet normal -2.906949e-01 -9.568158e-01 -0.000000e+00
   outer loop
     vertex  2.986038e+01  2.497821e+01  1.500000e+00
     vertex  2.986038e+01  2.497821e+01  0.000000e+00
     vertex  2.994176e+01  2.495349e+01  0.000000e+00
   endloop
 endfacet
 facet normal -2.643362e-01 -9.644306e-01  0.000000e+00
   outer loop
     vertex  2.977835e+01  2.500069e+01  1.500000e+00
     vertex  2.986038e+01  2.497821e+01  0.000000e+00
     vertex  2.986038e+01  2.497821e+01  1.500000e+00
   endloop
 endfacet
 facet normal -2.643362e-01 -9.644306e-01 -0.000000e+00
   outer loop
     vertex  2.977835e+01  2.500069e+01  1.500000e+00
     vertex  2.977835e+01  2.500069e+01  0.000000e+00
     vertex  2.986038e+01  2.497821e+01  0.000000e+00
   endloop
 endfacet
 facet normal -2.377784e-01 -9.713194e-01  0.000000e+00
   outer loop
     vertex  2.969574e+01  2.502092e+01  1.500000e+00
     vertex  2.977835e+01  2.500069e+01  0.000000e+00
     vertex  2.977835e+01  2.500069e+01  1.500000e+00
   endloop
 endfacet
 facet normal -2.377784e-01 -9.713194e-01 -0.000000e+00
   outer loop
     vertex  2.969574e+01  2.502092e+01  1.500000e+00
     vertex  2.969574e+01  2.502092e+01  0.000000e+00
     vertex  2.977835e+01  2.500069e+01  0.000000e+00
   endloop
 endfacet
 facet normal -2.110417e-01 -9.774771e-01  0.000000e+00
   outer loop
     vertex  2.961260e+01  2.503887e+01  1.500000e+00
     vertex  2.969574e+01  2.502092e+01  0.000000e+00
     vertex  2.969574e+01  2.502092e+01  1.500000e+00
   endloop
 endfacet
 facet normal -2.110417e-01 -9.774771e-01 -0.000000e+00
   outer loop
     vertex  2.961260e+01  2.503887e+01  1.500000e+00
     vertex  2.961260e+01  2.503887e+01  0.000000e+00
     vertex  2.969574e+01  2.502092e+01  0.000000e+00
   endloop
 endfacet
 facet normal -1.841461e-01 -9.828989e-01  0.000000e+00
   outer loop
     vertex  2.952900e+01  2.505453e+01  1.500000e+00
     vertex  2.961260e+01  2.503887e+01  0.000000e+00
     vertex  2.961260e+01  2.503887e+01  1.500000e+00
   endloop
 endfacet
 facet normal -1.841461e-01 -9.828989e-01 -0.000000e+00
   outer loop
     vertex  2.952900e+01  2.505453e+01  1.500000e+00
     vertex  2.952900e+01  2.505453e+01  0.000000e+00
     vertex  2.961260e+01  2.503887e+01  0.000000e+00
   endloop
 endfacet
 facet normal -1.571119e-01 -9.875808e-01 -0.000000e+00
   outer loop
     vertex  2.952900e+01  2.505453e+01  1.500000e+00
     vertex  2.944500e+01  2.506789e+01  0.000000e+00
     vertex  2.952900e+01  2.505453e+01  0.000000e+00
   endloop
 endfacet
 facet normal -1.571119e-01 -9.875808e-01 -0.000000e+00
   outer loop
     vertex  2.944500e+01  2.506789e+01  1.500000e+00
     vertex  2.944500e+01  2.506789e+01  0.000000e+00
     vertex  2.952900e+01  2.505453e+01  1.500000e+00
   endloop
 endfacet
 facet normal -1.299594e-01 -9.915193e-01 -0.000000e+00
   outer loop
     vertex  2.944500e+01  2.506789e+01  1.500000e+00
     vertex  2.936067e+01  2.507895e+01  0.000000e+00
     vertex  2.944500e+01  2.506789e+01  0.000000e+00
   endloop
 endfacet
 facet normal -1.299594e-01 -9.915193e-01 -0.000000e+00
   outer loop
     vertex  2.936067e+01  2.507895e+01  1.500000e+00
     vertex  2.936067e+01  2.507895e+01  0.000000e+00
     vertex  2.944500e+01  2.506789e+01  1.500000e+00
   endloop
 endfacet
 facet normal -1.027091e-01 -9.947114e-01  0.000000e+00
   outer loop
     vertex  2.927607e+01  2.508768e+01  1.500000e+00
     vertex  2.936067e+01  2.507895e+01  0.000000e+00
     vertex  2.936067e+01  2.507895e+01  1.500000e+00
   endloop
 endfacet
 facet normal -1.027091e-01 -9.947114e-01 -0.000000e+00
   outer loop
     vertex  2.927607e+01  2.508768e+01  1.500000e+00
     vertex  2.927607e+01  2.508768e+01  0.000000e+00
     vertex  2.936067e+01  2.507895e+01  0.000000e+00
   endloop
 endfacet
 facet normal -7.538152e-02 -9.971548e-01  0.000000e+00
   outer loop
     vertex  2.919125e+01  2.509409e+01  1.500000e+00
     vertex  2.927607e+01  2.508768e+01  0.000000e+00
     vertex  2.927607e+01  2.508768e+01  1.500000e+00
   endloop
 endfacet
 facet normal -7.538152e-02 -9.971548e-01 -0.000000e+00
   outer loop
     vertex  2.919125e+01  2.509409e+01  1.500000e+00
     vertex  2.919125e+01  2.509409e+01  0.000000e+00
     vertex  2.927607e+01  2.508768e+01  0.000000e+00
   endloop
 endfacet
 facet normal -4.799716e-02 -9.988475e-01  0.000000e+00
   outer loop
     vertex  2.910630e+01  2.509818e+01  1.500000e+00
     vertex  2.919125e+01  2.509409e+01  0.000000e+00
     vertex  2.919125e+01  2.509409e+01  1.500000e+00
   endloop
 endfacet
 facet normal -4.799716e-02 -9.988475e-01 -0.000000e+00
   outer loop
     vertex  2.910630e+01  2.509818e+01  1.500000e+00
     vertex  2.910630e+01  2.509818e+01  0.000000e+00
     vertex  2.919125e+01  2.509409e+01  0.000000e+00
   endloop
 endfacet
 facet normal -2.057667e-02 -9.997883e-01 -0.000000e+00
   outer loop
     vertex  2.902126e+01  2.509993e+01  1.500000e+00
     vertex  2.902126e+01  2.509993e+01  0.000000e+00
     vertex  2.910630e+01  2.509818e+01  0.000000e+00
   endloop
 endfacet
 facet normal -2.057667e-02 -9.997883e-01  0.000000e+00
   outer loop
     vertex  2.902126e+01  2.509993e+01  1.500000e+00
     vertex  2.910630e+01  2.509818e+01  0.000000e+00
     vertex  2.910630e+01  2.509818e+01  1.500000e+00
   endloop
 endfacet
 facet normal  6.859319e-03 -9.999765e-01  0.000000e+00
   outer loop
     vertex  2.902126e+01  2.509993e+01  1.500000e+00
     vertex  2.893621e+01  2.509934e+01  0.000000e+00
     vertex  2.902126e+01  2.509993e+01  0.000000e+00
   endloop
 endfacet
 facet normal  6.859319e-03 -9.999765e-01  0.000000e+00
   outer loop
     vertex  2.893621e+01  2.509934e+01  1.500000e+00
     vertex  2.893621e+01  2.509934e+01  0.000000e+00
     vertex  2.902126e+01  2.509993e+01  1.500000e+00
   endloop
 endfacet
 facet normal  3.429014e-02 -9.994119e-01  0.000000e+00
   outer loop
     vertex  2.885121e+01  2.509643e+01  1.500000e+00
     vertex  2.885121e+01  2.509643e+01  0.000000e+00
     vertex  2.893621e+01  2.509934e+01  0.000000e+00
   endloop
 endfacet
 facet normal  3.429014e-02 -9.994119e-01  0.000000e+00
   outer loop
     vertex  2.885121e+01  2.509643e+01  1.500000e+00
     vertex  2.893621e+01  2.509934e+01  0.000000e+00
     vertex  2.893621e+01  2.509934e+01  1.500000e+00
   endloop
 endfacet
 facet normal  6.169515e-02 -9.980950e-01  0.000000e+00
   outer loop
     vertex  2.876632e+01  2.509118e+01  1.500000e+00
     vertex  2.876632e+01  2.509118e+01  0.000000e+00
     vertex  2.885121e+01  2.509643e+01  0.000000e+00
   endloop
 endfacet
 facet normal  8.905371e-02 -9.960268e-01  0.000000e+00
   outer loop
     vertex  2.876632e+01  2.509118e+01  1.500000e+00
     vertex  2.868160e+01  2.508361e+01  0.000000e+00
     vertex  2.876632e+01  2.509118e+01  0.000000e+00
   endloop
 endfacet
 facet normal  6.169515e-02 -9.980950e-01  0.000000e+00
   outer loop
     vertex  2.876632e+01  2.509118e+01  1.500000e+00
     vertex  2.885121e+01  2.509643e+01  0.000000e+00
     vertex  2.885121e+01  2.509643e+01  1.500000e+00
   endloop
 endfacet
 facet normal  8.905371e-02 -9.960268e-01  0.000000e+00
   outer loop
     vertex  2.868160e+01  2.508361e+01  1.500000e+00
     vertex  2.868160e+01  2.508361e+01  0.000000e+00
     vertex  2.876632e+01  2.509118e+01  1.500000e+00
   endloop
 endfacet
 facet normal  1.163452e-01 -9.932088e-01  0.000000e+00
   outer loop
     vertex  2.859713e+01  2.507371e+01  1.500000e+00
     vertex  2.868160e+01  2.508361e+01  0.000000e+00
     vertex  2.868160e+01  2.508361e+01  1.500000e+00
   endloop
 endfacet
 facet normal  1.163452e-01 -9.932088e-01  0.000000e+00
   outer loop
     vertex  2.859713e+01  2.507371e+01  1.500000e+00
     vertex  2.859713e+01  2.507371e+01  0.000000e+00
     vertex  2.868160e+01  2.508361e+01  0.000000e+00
   endloop
 endfacet
 facet normal  1.435492e-01 -9.896432e-01  0.000000e+00
   outer loop
     vertex  2.851295e+01  2.506150e+01  1.500000e+00
     vertex  2.859713e+01  2.507371e+01  0.000000e+00
     vertex  2.859713e+01  2.507371e+01  1.500000e+00
   endloop
 endfacet
 facet normal  1.435492e-01 -9.896432e-01  0.000000e+00
   outer loop
     vertex  2.851295e+01  2.506150e+01  1.500000e+00
     vertex  2.851295e+01  2.506150e+01  0.000000e+00
     vertex  2.859713e+01  2.507371e+01  0.000000e+00
   endloop
 endfacet
 facet normal  1.706451e-01 -9.853326e-01  0.000000e+00
   outer loop
     vertex  2.851295e+01  2.506150e+01  1.500000e+00
     vertex  2.842915e+01  2.504699e+01  0.000000e+00
     vertex  2.851295e+01  2.506150e+01  0.000000e+00
   endloop
 endfacet
 facet normal  1.706451e-01 -9.853326e-01  0.000000e+00
   outer loop
     vertex  2.842915e+01  2.504699e+01  1.500000e+00
     vertex  2.842915e+01  2.504699e+01  0.000000e+00
     vertex  2.851295e+01  2.506150e+01  1.500000e+00
   endloop
 endfacet
 facet normal  1.976125e-01 -9.802802e-01  0.000000e+00
   outer loop
     vertex  2.834577e+01  2.503018e+01  1.500000e+00
     vertex  2.842915e+01  2.504699e+01  0.000000e+00
     vertex  2.842915e+01  2.504699e+01  1.500000e+00
   endloop
 endfacet
 facet normal  1.976125e-01 -9.802802e-01  0.000000e+00
   outer loop
     vertex  2.834577e+01  2.503018e+01  1.500000e+00
     vertex  2.834577e+01  2.503018e+01  0.000000e+00
     vertex  2.842915e+01  2.504699e+01  0.000000e+00
   endloop
 endfacet
 facet normal  2.244312e-01 -9.744899e-01  0.000000e+00
   outer loop
     vertex  2.826289e+01  2.501109e+01  1.500000e+00
     vertex  2.834577e+01  2.503018e+01  0.000000e+00
     vertex  2.834577e+01  2.503018e+01  1.500000e+00
   endloop
 endfacet
 facet normal  2.244312e-01 -9.744899e-01  0.000000e+00
   outer loop
     vertex  2.826289e+01  2.501109e+01  1.500000e+00
     vertex  2.826289e+01  2.501109e+01  0.000000e+00
     vertex  2.834577e+01  2.503018e+01  0.000000e+00
   endloop
 endfacet
 facet normal  2.510809e-01 -9.679661e-01  0.000000e+00
   outer loop
     vertex  2.826289e+01  2.501109e+01  1.500000e+00
     vertex  2.818056e+01  2.498973e+01  0.000000e+00
     vertex  2.826289e+01  2.501109e+01  0.000000e+00
   endloop
 endfacet
 facet normal  2.510809e-01 -9.679661e-01  0.000000e+00
   outer loop
     vertex  2.818056e+01  2.498973e+01  1.500000e+00
     vertex  2.818056e+01  2.498973e+01  0.000000e+00
     vertex  2.826289e+01  2.501109e+01  1.500000e+00
   endloop
 endfacet
 facet normal  2.775416e-01 -9.607136e-01  0.000000e+00
   outer loop
     vertex  2.809885e+01  2.496613e+01  1.500000e+00
     vertex  2.818056e+01  2.498973e+01  0.000000e+00
     vertex  2.818056e+01  2.498973e+01  1.500000e+00
   endloop
 endfacet
 facet normal  2.775416e-01 -9.607136e-01  0.000000e+00
   outer loop
     vertex  2.809885e+01  2.496613e+01  1.500000e+00
     vertex  2.809885e+01  2.496613e+01  0.000000e+00
     vertex  2.818056e+01  2.498973e+01  0.000000e+00
   endloop
 endfacet
 facet normal  3.037934e-01 -9.527379e-01  0.000000e+00
   outer loop
     vertex  2.801781e+01  2.494029e+01  1.500000e+00
     vertex  2.809885e+01  2.496613e+01  0.000000e+00
     vertex  2.809885e+01  2.496613e+01  1.500000e+00
   endloop
 endfacet
 facet normal  3.037934e-01 -9.527379e-01  0.000000e+00
   outer loop
     vertex  2.801781e+01  2.494029e+01  1.500000e+00
     vertex  2.801781e+01  2.494029e+01  0.000000e+00
     vertex  2.809885e+01  2.496613e+01  0.000000e+00
   endloop
 endfacet
 facet normal  3.298166e-01 -9.440450e-01  0.000000e+00
   outer loop
     vertex  2.793752e+01  2.491224e+01  1.500000e+00
     vertex  2.801781e+01  2.494029e+01  0.000000e+00
     vertex  2.801781e+01  2.494029e+01  1.500000e+00
   endloop
 endfacet
 facet normal  3.298166e-01 -9.440450e-01  0.000000e+00
   outer loop
     vertex  2.793752e+01  2.491224e+01  1.500000e+00
     vertex  2.793752e+01  2.491224e+01  0.000000e+00
     vertex  2.801781e+01  2.494029e+01  0.000000e+00
   endloop
 endfacet
 facet normal  3.555914e-01 -9.346415e-01  0.000000e+00
   outer loop
     vertex  2.793752e+01  2.491224e+01  1.500000e+00
     vertex  2.785802e+01  2.488199e+01  0.000000e+00
     vertex  2.793752e+01  2.491224e+01  0.000000e+00
   endloop
 endfacet
 facet normal  3.555914e-01 -9.346415e-01  0.000000e+00
   outer loop
     vertex  2.785802e+01  2.488199e+01  1.500000e+00
     vertex  2.785802e+01  2.488199e+01  0.000000e+00
     vertex  2.793752e+01  2.491224e+01  1.500000e+00
   endloop
 endfacet
 facet normal  4.063188e-01 -9.137314e-01  0.000000e+00
   outer loop
     vertex  2.777939e+01  2.484958e+01  1.500000e+00
     vertex  2.770167e+01  2.481502e+01  0.000000e+00
     vertex  2.777939e+01  2.484958e+01  0.000000e+00
   endloop
 endfacet
 facet normal  3.810986e-01 -9.245344e-01  0.000000e+00
   outer loop
     vertex  2.777939e+01  2.484958e+01  1.500000e+00
     vertex  2.785802e+01  2.488199e+01  0.000000e+00
     vertex  2.785802e+01  2.488199e+01  1.500000e+00
   endloop
 endfacet
 facet normal  3.810986e-01 -9.245344e-01  0.000000e+00
   outer loop
     vertex  2.777939e+01  2.484958e+01  1.500000e+00
     vertex  2.777939e+01  2.484958e+01  0.000000e+00
     vertex  2.785802e+01  2.488199e+01  0.000000e+00
   endloop
 endfacet
 facet normal  4.063188e-01 -9.137314e-01  0.000000e+00
   outer loop
     vertex  2.770167e+01  2.481502e+01  1.500000e+00
     vertex  2.770167e+01  2.481502e+01  0.000000e+00
     vertex  2.777939e+01  2.484958e+01  1.500000e+00
   endloop
 endfacet
 facet normal  4.312333e-01 -9.022405e-01  0.000000e+00
   outer loop
     vertex  2.762493e+01  2.477834e+01  1.500000e+00
     vertex  2.762493e+01  2.477834e+01  0.000000e+00
     vertex  2.770167e+01  2.481502e+01  0.000000e+00
   endloop
 endfacet
 facet normal  4.312333e-01 -9.022405e-01  0.000000e+00
   outer loop
     vertex  2.762493e+01  2.477834e+01  1.500000e+00
     vertex  2.770167e+01  2.481502e+01  0.000000e+00
     vertex  2.770167e+01  2.481502e+01  1.500000e+00
   endloop
 endfacet
 facet normal  4.558231e-01 -8.900704e-01  0.000000e+00
   outer loop
     vertex  2.754923e+01  2.473957e+01  1.500000e+00
     vertex  2.754923e+01  2.473957e+01  0.000000e+00
     vertex  2.762493e+01  2.477834e+01  0.000000e+00
   endloop
 endfacet
 facet normal  4.800697e-01 -8.772303e-01  0.000000e+00
   outer loop
     vertex  2.754923e+01  2.473957e+01  1.500000e+00
     vertex  2.747462e+01  2.469874e+01  0.000000e+00
     vertex  2.754923e+01  2.473957e+01  0.000000e+00
   endloop
 endfacet
 facet normal  4.558231e-01 -8.900704e-01  0.000000e+00
   outer loop
     vertex  2.754923e+01  2.473957e+01  1.500000e+00
     vertex  2.762493e+01  2.477834e+01  0.000000e+00
     vertex  2.762493e+01  2.477834e+01  1.500000e+00
   endloop
 endfacet
 facet normal  4.800697e-01 -8.772303e-01  0.000000e+00
   outer loop
     vertex  2.747462e+01  2.469874e+01  1.500000e+00
     vertex  2.747462e+01  2.469874e+01  0.000000e+00
     vertex  2.754923e+01  2.473957e+01  1.500000e+00
   endloop
 endfacet
 facet normal  5.039550e-01 -8.637299e-01  0.000000e+00
   outer loop
     vertex  2.740115e+01  2.465588e+01  1.500000e+00
     vertex  2.740115e+01  2.465588e+01  0.000000e+00
     vertex  2.747462e+01  2.469874e+01  0.000000e+00
   endloop
 endfacet
 facet normal  5.039550e-01 -8.637299e-01  0.000000e+00
   outer loop
     vertex  2.740115e+01  2.465588e+01  1.500000e+00
     vertex  2.747462e+01  2.469874e+01  0.000000e+00
     vertex  2.747462e+01  2.469874e+01  1.500000e+00
   endloop
 endfacet
 facet normal  5.274609e-01 -8.495793e-01  0.000000e+00
   outer loop
     vertex  2.732890e+01  2.461102e+01  1.500000e+00
     vertex  2.732890e+01  2.461102e+01  0.000000e+00
     vertex  2.740115e+01  2.465588e+01  0.000000e+00
   endloop
 endfacet
 facet normal  5.505698e-01 -8.347891e-01  0.000000e+00
   outer loop
     vertex  2.732890e+01  2.461102e+01  1.500000e+00
     vertex  2.725789e+01  2.456419e+01  0.000000e+00
     vertex  2.732890e+01  2.461102e+01  0.000000e+00
   endloop
 endfacet
 facet normal  5.274609e-01 -8.495793e-01  0.000000e+00
   outer loop
     vertex  2.732890e+01  2.461102e+01  1.500000e+00
     vertex  2.740115e+01  2.465588e+01  0.000000e+00
     vertex  2.740115e+01  2.465588e+01  1.500000e+00
   endloop
 endfacet
 facet normal  5.505698e-01 -8.347891e-01  0.000000e+00
   outer loop
     vertex  2.725789e+01  2.456419e+01  1.500000e+00
     vertex  2.725789e+01  2.456419e+01  0.000000e+00
     vertex  2.732890e+01  2.461102e+01  1.500000e+00
   endloop
 endfacet
 facet normal  5.732642e-01 -8.193706e-01  0.000000e+00
   outer loop
     vertex  2.718820e+01  2.451543e+01  1.500000e+00
     vertex  2.718820e+01  2.451543e+01  0.000000e+00
     vertex  2.725789e+01  2.456419e+01  0.000000e+00
   endloop
 endfacet
 facet normal  5.732642e-01 -8.193706e-01  0.000000e+00
   outer loop
     vertex  2.718820e+01  2.451543e+01  1.500000e+00
     vertex  2.725789e+01  2.456419e+01  0.000000e+00
     vertex  2.725789e+01  2.456419e+01  1.500000e+00
   endloop
 endfacet
 facet normal  5.955271e-01 -8.033352e-01  0.000000e+00
   outer loop
     vertex  2.711988e+01  2.446478e+01  1.500000e+00
     vertex  2.711988e+01  2.446478e+01  0.000000e+00
     vertex  2.718820e+01  2.451543e+01  0.000000e+00
   endloop
 endfacet
 facet normal  6.173417e-01 -7.866951e-01  0.000000e+00
   outer loop
     vertex  2.711988e+01  2.446478e+01  1.500000e+00
     vertex  2.705297e+01  2.441227e+01  0.000000e+00
     vertex  2.711988e+01  2.446478e+01  0.000000e+00
   endloop
 endfacet
 facet normal  5.955271e-01 -8.033352e-01  0.000000e+00
   outer loop
     vertex  2.711988e+01  2.446478e+01  1.500000e+00
     vertex  2.718820e+01  2.451543e+01  0.000000e+00
     vertex  2.718820e+01  2.451543e+01  1.500000e+00
   endloop
 endfacet
 facet normal  6.173417e-01 -7.866951e-01  0.000000e+00
   outer loop
     vertex  2.705297e+01  2.441227e+01  1.500000e+00
     vertex  2.705297e+01  2.441227e+01  0.000000e+00
     vertex  2.711988e+01  2.446478e+01  1.500000e+00
   endloop
 endfacet
 facet normal  6.386916e-01 -7.694628e-01  0.000000e+00
   outer loop
     vertex  2.698752e+01  2.435795e+01  1.500000e+00
     vertex  2.698752e+01  2.435795e+01  0.000000e+00
     vertex  2.705297e+01  2.441227e+01  0.000000e+00
   endloop
 endfacet
 facet normal  6.386916e-01 -7.694628e-01  0.000000e+00
   outer loop
     vertex  2.698752e+01  2.435795e+01  1.500000e+00
     vertex  2.705297e+01  2.441227e+01  0.000000e+00
     vertex  2.705297e+01  2.441227e+01  1.500000e+00
   endloop
 endfacet
 facet normal  6.595607e-01 -7.516513e-01  0.000000e+00
   outer loop
     vertex  2.692359e+01  2.430185e+01  1.500000e+00
     vertex  2.692359e+01  2.430185e+01  0.000000e+00
     vertex  2.698752e+01  2.435795e+01  0.000000e+00
   endloop
 endfacet
 facet normal  6.595607e-01 -7.516513e-01  0.000000e+00
   outer loop
     vertex  2.692359e+01  2.430185e+01  1.500000e+00
     vertex  2.698752e+01  2.435795e+01  0.000000e+00
     vertex  2.698752e+01  2.435795e+01  1.500000e+00
   endloop
 endfacet
 facet normal  6.799333e-01 -7.332740e-01  0.000000e+00
   outer loop
     vertex  2.686122e+01  2.424402e+01  1.500000e+00
     vertex  2.686122e+01  2.424402e+01  0.000000e+00
     vertex  2.692359e+01  2.430185e+01  0.000000e+00
   endloop
 endfacet
 facet normal  6.997940e-01 -7.143447e-01  0.000000e+00
   outer loop
     vertex  2.686122e+01  2.424402e+01  1.500000e+00
     vertex  2.680046e+01  2.418450e+01  0.000000e+00
     vertex  2.686122e+01  2.424402e+01  0.000000e+00
   endloop
 endfacet
 facet normal  6.799333e-01 -7.332740e-01  0.000000e+00
   outer loop
     vertex  2.686122e+01  2.424402e+01  1.500000e+00
     vertex  2.692359e+01  2.430185e+01  0.000000e+00
     vertex  2.692359e+01  2.430185e+01  1.500000e+00
   endloop
 endfacet
 facet normal  6.997940e-01 -7.143447e-01  0.000000e+00
   outer loop
     vertex  2.680046e+01  2.418450e+01  1.500000e+00
     vertex  2.680046e+01  2.418450e+01  0.000000e+00
     vertex  2.686122e+01  2.424402e+01  1.500000e+00
   endloop
 endfacet
 facet normal  7.191280e-01 -6.948776e-01  0.000000e+00
   outer loop
     vertex  2.680046e+01  2.418450e+01  1.500000e+00
     vertex  2.674136e+01  2.412334e+01  0.000000e+00
     vertex  2.680046e+01  2.418450e+01  0.000000e+00
   endloop
 endfacet
 facet normal  7.191280e-01 -6.948776e-01  0.000000e+00
   outer loop
     vertex  2.674136e+01  2.412334e+01  1.500000e+00
     vertex  2.674136e+01  2.412334e+01  0.000000e+00
     vertex  2.680046e+01  2.418450e+01  1.500000e+00
   endloop
 endfacet
 facet normal  7.379206e-01 -6.748875e-01  0.000000e+00
   outer loop
     vertex  2.674136e+01  2.412334e+01  1.500000e+00
     vertex  2.668396e+01  2.406057e+01  0.000000e+00
     vertex  2.674136e+01  2.412334e+01  0.000000e+00
   endloop
 endfacet
 facet normal  7.379206e-01 -6.748875e-01  0.000000e+00
   outer loop
     vertex  2.668396e+01  2.406057e+01  1.500000e+00
     vertex  2.668396e+01  2.406057e+01  0.000000e+00
     vertex  2.674136e+01  2.412334e+01  1.500000e+00
   endloop
 endfacet
 facet normal  7.561578e-01 -6.543893e-01  0.000000e+00
   outer loop
     vertex  2.662830e+01  2.399626e+01  1.500000e+00
     vertex  2.668396e+01  2.406057e+01  0.000000e+00
     vertex  2.668396e+01  2.406057e+01  1.500000e+00
   endloop
 endfacet
 facet normal  7.561578e-01 -6.543893e-01  0.000000e+00
   outer loop
     vertex  2.662830e+01  2.399626e+01  1.500000e+00
     vertex  2.662830e+01  2.399626e+01  0.000000e+00
     vertex  2.668396e+01  2.406057e+01  0.000000e+00
   endloop
 endfacet
 facet normal  7.738257e-01 -6.333986e-01  0.000000e+00
   outer loop
     vertex  2.662830e+01  2.399626e+01  1.500000e+00
     vertex  2.657443e+01  2.393044e+01  0.000000e+00
     vertex  2.662830e+01  2.399626e+01  0.000000e+00
   endloop
 endfacet
 facet normal  7.738257e-01 -6.333986e-01  0.000000e+00
   outer loop
     vertex  2.657443e+01  2.393044e+01  1.500000e+00
     vertex  2.657443e+01  2.393044e+01  0.000000e+00
     vertex  2.662830e+01  2.399626e+01  1.500000e+00
   endloop
 endfacet
 facet normal  7.909112e-01 -6.119310e-01  0.000000e+00
   outer loop
     vertex  2.652238e+01  2.386317e+01  1.500000e+00
     vertex  2.652238e+01  2.386317e+01  0.000000e+00
     vertex  2.657443e+01  2.393044e+01  0.000000e+00
   endloop
 endfacet
 facet normal  7.909112e-01 -6.119310e-01  0.000000e+00
   outer loop
     vertex  2.652238e+01  2.386317e+01  1.500000e+00
     vertex  2.657443e+01  2.393044e+01  0.000000e+00
     vertex  2.657443e+01  2.393044e+01  1.500000e+00
   endloop
 endfacet
 facet normal  8.074012e-01 -5.900028e-01  0.000000e+00
   outer loop
     vertex  2.647220e+01  2.379450e+01  1.500000e+00
     vertex  2.652238e+01  2.386317e+01  0.000000e+00
     vertex  2.652238e+01  2.386317e+01  1.500000e+00
   endloop
 endfacet
 facet normal  8.074012e-01 -5.900028e-01  0.000000e+00
   outer loop
     vertex  2.647220e+01  2.379450e+01  1.500000e+00
     vertex  2.647220e+01  2.379450e+01  0.000000e+00
     vertex  2.652238e+01  2.386317e+01  0.000000e+00
   endloop
 endfacet
 facet normal  8.232835e-01 -5.676304e-01  0.000000e+00
   outer loop
     vertex  2.647220e+01  2.379450e+01  1.500000e+00
     vertex  2.642392e+01  2.372448e+01  0.000000e+00
     vertex  2.647220e+01  2.379450e+01  0.000000e+00
   endloop
 endfacet
 facet normal  8.385460e-01 -5.448308e-01  0.000000e+00
   outer loop
     vertex  2.642392e+01  2.372448e+01  1.500000e+00
     vertex  2.637758e+01  2.365316e+01  0.000000e+00
     vertex  2.642392e+01  2.372448e+01  0.000000e+00
   endloop
 endfacet
 facet normal  8.232835e-01 -5.676304e-01  0.000000e+00
   outer loop
     vertex  2.642392e+01  2.372448e+01  1.500000e+00
     vertex  2.642392e+01  2.372448e+01  0.000000e+00
     vertex  2.647220e+01  2.379450e+01  1.500000e+00
   endloop
 endfacet
 facet normal  8.385460e-01 -5.448308e-01  0.000000e+00
   outer loop
     vertex  2.637758e+01  2.365316e+01  1.500000e+00
     vertex  2.637758e+01  2.365316e+01  0.000000e+00
     vertex  2.642392e+01  2.372448e+01  1.500000e+00
   endloop
 endfacet
 facet normal  8.531773e-01 -5.216210e-01  0.000000e+00
   outer loop
     vertex  2.633322e+01  2.358059e+01  1.500000e+00
     vertex  2.633322e+01  2.358059e+01  0.000000e+00
     vertex  2.637758e+01  2.365316e+01  0.000000e+00
   endloop
 endfacet
 facet normal  8.671664e-01 -4.980186e-01  0.000000e+00
   outer loop
     vertex  2.633322e+01  2.358059e+01  1.500000e+00
     vertex  2.629086e+01  2.350683e+01  0.000000e+00
     vertex  2.633322e+01  2.358059e+01  0.000000e+00
   endloop
 endfacet
 facet normal  8.531773e-01 -5.216210e-01  0.000000e+00
   outer loop
     vertex  2.633322e+01  2.358059e+01  1.500000e+00
     vertex  2.637758e+01  2.365316e+01  0.000000e+00
     vertex  2.637758e+01  2.365316e+01  1.500000e+00
   endloop
 endfacet
 facet normal  8.671664e-01 -4.980186e-01  0.000000e+00
   outer loop
     vertex  2.629086e+01  2.350683e+01  1.500000e+00
     vertex  2.629086e+01  2.350683e+01  0.000000e+00
     vertex  2.633322e+01  2.358059e+01  1.500000e+00
   endloop
 endfacet
 facet normal  8.805026e-01 -4.740412e-01  0.000000e+00
   outer loop
     vertex  2.625054e+01  2.343194e+01  1.500000e+00
     vertex  2.625054e+01  2.343194e+01  0.000000e+00
     vertex  2.629086e+01  2.350683e+01  0.000000e+00
   endloop
 endfacet
 facet normal  8.805026e-01 -4.740412e-01  0.000000e+00
   outer loop
     vertex  2.625054e+01  2.343194e+01  1.500000e+00
     vertex  2.629086e+01  2.350683e+01  0.000000e+00
     vertex  2.629086e+01  2.350683e+01  1.500000e+00
   endloop
 endfacet
 facet normal  8.931761e-01 -4.497071e-01  0.000000e+00
   outer loop
     vertex  2.621229e+01  2.335598e+01  1.500000e+00
     vertex  2.621229e+01  2.335598e+01  0.000000e+00
     vertex  2.625054e+01  2.343194e+01  0.000000e+00
   endloop
 endfacet
 facet normal  9.051772e-01 -4.250344e-01  0.000000e+00
   outer loop
     vertex  2.621229e+01  2.335598e+01  1.500000e+00
     vertex  2.617614e+01  2.327899e+01  0.000000e+00
     vertex  2.621229e+01  2.335598e+01  0.000000e+00
   endloop
 endfacet
 facet normal  8.931761e-01 -4.497071e-01  0.000000e+00
   outer loop
     vertex  2.621229e+01  2.335598e+01  1.500000e+00
     vertex  2.625054e+01  2.343194e+01  0.000000e+00
     vertex  2.625054e+01  2.343194e+01  1.500000e+00
   endloop
 endfacet
 facet normal  9.051772e-01 -4.250344e-01  0.000000e+00
   outer loop
     vertex  2.617614e+01  2.327899e+01  1.500000e+00
     vertex  2.617614e+01  2.327899e+01  0.000000e+00
     vertex  2.621229e+01  2.335598e+01  1.500000e+00
   endloop
 endfacet
 facet normal  9.164969e-01 -4.000417e-01  0.000000e+00
   outer loop
     vertex  2.614211e+01  2.320104e+01  1.500000e+00
     vertex  2.614211e+01  2.320104e+01  0.000000e+00
     vertex  2.617614e+01  2.327899e+01  0.000000e+00
   endloop
 endfacet
 facet normal  9.164969e-01 -4.000417e-01  0.000000e+00
   outer loop
     vertex  2.614211e+01  2.320104e+01  1.500000e+00
     vertex  2.617614e+01  2.327899e+01  0.000000e+00
     vertex  2.617614e+01  2.327899e+01  1.500000e+00
   endloop
 endfacet
 facet normal  9.271267e-01 -3.747479e-01  0.000000e+00
   outer loop
     vertex  2.611024e+01  2.312218e+01  1.500000e+00
     vertex  2.611024e+01  2.312218e+01  0.000000e+00
     vertex  2.614211e+01  2.320104e+01  0.000000e+00
   endloop
 endfacet
 facet normal  9.370586e-01 -3.491720e-01  0.000000e+00
   outer loop
     vertex  2.611024e+01  2.312218e+01  1.500000e+00
     vertex  2.608054e+01  2.304248e+01  0.000000e+00
     vertex  2.611024e+01  2.312218e+01  0.000000e+00
   endloop
 endfacet
 facet normal  9.271267e-01 -3.747479e-01  0.000000e+00
   outer loop
     vertex  2.611024e+01  2.312218e+01  1.500000e+00
     vertex  2.614211e+01  2.320104e+01  0.000000e+00
     vertex  2.614211e+01  2.320104e+01  1.500000e+00
   endloop
 endfacet
 facet normal  9.370586e-01 -3.491720e-01  0.000000e+00
   outer loop
     vertex  2.608054e+01  2.304248e+01  1.500000e+00
     vertex  2.608054e+01  2.304248e+01  0.000000e+00
     vertex  2.611024e+01  2.312218e+01  1.500000e+00
   endloop
 endfacet
 facet normal  9.462851e-01 -3.233333e-01  0.000000e+00
   outer loop
     vertex  2.605304e+01  2.296200e+01  1.500000e+00
     vertex  2.605304e+01  2.296200e+01  0.000000e+00
     vertex  2.608054e+01  2.304248e+01  0.000000e+00
   endloop
 endfacet
 facet normal  9.462851e-01 -3.233333e-01  0.000000e+00
   outer loop
     vertex  2.605304e+01  2.296200e+01  1.500000e+00
     vertex  2.608054e+01  2.304248e+01  0.000000e+00
     vertex  2.608054e+01  2.304248e+01  1.500000e+00
   endloop
 endfacet
 facet normal  9.547993e-01 -2.972512e-01  0.000000e+00
   outer loop
     vertex  2.602776e+01  2.288079e+01  1.500000e+00
     vertex  2.602776e+01  2.288079e+01  0.000000e+00
     vertex  2.605304e+01  2.296200e+01  0.000000e+00
   endloop
 endfacet
 facet normal  9.625948e-01 -2.709453e-01  0.000000e+00
   outer loop
     vertex  2.602776e+01  2.288079e+01  1.500000e+00
     vertex  2.600471e+01  2.279892e+01  0.000000e+00
     vertex  2.602776e+01  2.288079e+01  0.000000e+00
   endloop
 endfacet
 facet normal  9.547993e-01 -2.972512e-01  0.000000e+00
   outer loop
     vertex  2.602776e+01  2.288079e+01  1.500000e+00
     vertex  2.605304e+01  2.296200e+01  0.000000e+00
     vertex  2.605304e+01  2.296200e+01  1.500000e+00
   endloop
 endfacet
 facet normal  9.625948e-01 -2.709453e-01  0.000000e+00
   outer loop
     vertex  2.600471e+01  2.279892e+01  1.500000e+00
     vertex  2.600471e+01  2.279892e+01  0.000000e+00
     vertex  2.602776e+01  2.288079e+01  1.500000e+00
   endloop
 endfacet
 facet normal  9.696656e-01 -2.444354e-01  0.000000e+00
   outer loop
     vertex  2.598392e+01  2.271644e+01  1.500000e+00
     vertex  2.598392e+01  2.271644e+01  0.000000e+00
     vertex  2.600471e+01  2.279892e+01  0.000000e+00
   endloop
 endfacet
 facet normal  9.696656e-01 -2.444354e-01  0.000000e+00
   outer loop
     vertex  2.598392e+01  2.271644e+01  1.500000e+00
     vertex  2.600471e+01  2.279892e+01  0.000000e+00
     vertex  2.600471e+01  2.279892e+01  1.500000e+00
   endloop
 endfacet
 facet normal  9.760065e-01 -2.177416e-01  0.000000e+00
   outer loop
     vertex  2.596540e+01  2.263343e+01  1.500000e+00
     vertex  2.596540e+01  2.263343e+01  0.000000e+00
     vertex  2.598392e+01  2.271644e+01  0.000000e+00
   endloop
 endfacet
 facet normal  9.816126e-01 -1.908838e-01  0.000000e+00
   outer loop
     vertex  2.596540e+01  2.263343e+01  1.500000e+00
     vertex  2.594917e+01  2.254994e+01  0.000000e+00
     vertex  2.596540e+01  2.263343e+01  0.000000e+00
   endloop
 endfacet
 facet normal  9.760065e-01 -2.177416e-01  0.000000e+00
   outer loop
     vertex  2.596540e+01  2.263343e+01  1.500000e+00
     vertex  2.598392e+01  2.271644e+01  0.000000e+00
     vertex  2.598392e+01  2.271644e+01  1.500000e+00
   endloop
 endfacet
 facet normal  9.816126e-01 -1.908838e-01  0.000000e+00
   outer loop
     vertex  2.594917e+01  2.254994e+01  1.500000e+00
     vertex  2.594917e+01  2.254994e+01  0.000000e+00
     vertex  2.596540e+01  2.263343e+01  1.500000e+00
   endloop
 endfacet
 facet normal  9.864799e-01 -1.638824e-01  0.000000e+00
   outer loop
     vertex  2.593523e+01  2.246604e+01  1.500000e+00
     vertex  2.593523e+01  2.246604e+01  0.000000e+00
     vertex  2.594917e+01  2.254994e+01  0.000000e+00
   endloop
 endfacet
 facet normal  9.864799e-01 -1.638824e-01  0.000000e+00
   outer loop
     vertex  2.593523e+01  2.246604e+01  1.500000e+00
     vertex  2.594917e+01  2.254994e+01  0.000000e+00
     vertex  2.594917e+01  2.254994e+01  1.500000e+00
   endloop
 endfacet
 facet normal  9.906046e-01 -1.367575e-01  0.000000e+00
   outer loop
     vertex  2.592360e+01  2.238178e+01  1.500000e+00
     vertex  2.592360e+01  2.238178e+01  0.000000e+00
     vertex  2.593523e+01  2.246604e+01  0.000000e+00
   endloop
 endfacet
 facet normal  9.939835e-01 -1.095298e-01  0.000000e+00
   outer loop
     vertex  2.592360e+01  2.238178e+01  1.500000e+00
     vertex  2.591428e+01  2.229724e+01  0.000000e+00
     vertex  2.592360e+01  2.238178e+01  0.000000e+00
   endloop
 endfacet
 facet normal  9.906046e-01 -1.367575e-01  0.000000e+00
   outer loop
     vertex  2.592360e+01  2.238178e+01  1.500000e+00
     vertex  2.593523e+01  2.246604e+01  0.000000e+00
     vertex  2.593523e+01  2.246604e+01  1.500000e+00
   endloop
 endfacet
 facet normal  9.939835e-01 -1.095298e-01  0.000000e+00
   outer loop
     vertex  2.591428e+01  2.229724e+01  1.500000e+00
     vertex  2.591428e+01  2.229724e+01  0.000000e+00
     vertex  2.592360e+01  2.238178e+01  1.500000e+00
   endloop
 endfacet
 facet normal  9.966142e-01 -8.221955e-02  0.000000e+00
   outer loop
     vertex  2.590729e+01  2.221247e+01  1.500000e+00
     vertex  2.591428e+01  2.229724e+01  0.000000e+00
     vertex  2.591428e+01  2.229724e+01  1.500000e+00
   endloop
 endfacet
 facet normal  9.966142e-01 -8.221955e-02  0.000000e+00
   outer loop
     vertex  2.590729e+01  2.221247e+01  1.500000e+00
     vertex  2.590729e+01  2.221247e+01  0.000000e+00
     vertex  2.591428e+01  2.229724e+01  0.000000e+00
   endloop
 endfacet
 facet normal  9.984947e-01 -5.484744e-02  0.000000e+00
   outer loop
     vertex  2.590729e+01  2.221247e+01  1.500000e+00
     vertex  2.590263e+01  2.212755e+01  0.000000e+00
     vertex  2.590729e+01  2.221247e+01  0.000000e+00
   endloop
 endfacet
 facet normal  9.984947e-01 -5.484744e-02  0.000000e+00
   outer loop
     vertex  2.590263e+01  2.212755e+01  1.500000e+00
     vertex  2.590263e+01  2.212755e+01  0.000000e+00
     vertex  2.590729e+01  2.221247e+01  1.500000e+00
   endloop
 endfacet
 facet normal  9.996236e-01 -2.743405e-02  0.000000e+00
   outer loop
     vertex  2.590263e+01  2.212755e+01  1.500000e+00
     vertex  2.590029e+01  2.204253e+01  0.000000e+00
     vertex  2.590263e+01  2.212755e+01  0.000000e+00
   endloop
 endfacet
 facet normal  9.996236e-01 -2.743405e-02  0.000000e+00
   outer loop
     vertex  2.590029e+01  2.204253e+01  1.500000e+00
     vertex  2.590029e+01  2.204253e+01  0.000000e+00
     vertex  2.590263e+01  2.212755e+01  1.500000e+00
   endloop
 endfacet
 facet normal  1.000000e+00  0.000000e+00  0.000000e+00
   outer loop
     vertex  2.590029e+01  2.204253e+01  1.500000e+00
     vertex  2.590029e+01  2.195747e+01  0.000000e+00
     vertex  2.590029e+01  2.204253e+01  0.000000e+00
   endloop
 endfacet
 facet normal  1.000000e+00 -0.000000e+00  0.000000e+00
   outer loop
     vertex  2.590029e+01  2.195747e+01  1.500000e+00
     vertex  2.590029e+01  2.195747e+01  0.000000e+00
     vertex  2.590029e+01  2.204253e+01  1.500000e+00
   endloop
 endfacet
 facet normal  9.996236e-01  2.743405e-02  0.000000e+00
   outer loop
     vertex  2.590263e+01  2.187245e+01  1.500000e+00
     vertex  2.590029e+01  2.195747e+01  0.000000e+00
     vertex  2.590029e+01  2.195747e+01  1.500000e+00
   endloop
 endfacet
 facet normal  9.996236e-01  2.743405e-02  0.000000e+00
   outer loop
     vertex  2.590263e+01  2.187245e+01  1.500000e+00
     vertex  2.590263e+01  2.187245e+01  0.000000e+00
     vertex  2.590029e+01  2.195747e+01  0.000000e+00
   endloop
 endfacet
 facet normal  9.984947e-01  5.484744e-02  0.000000e+00
   outer loop
     vertex  2.590729e+01  2.178753e+01  1.500000e+00
     vertex  2.590263e+01  2.187245e+01  0.000000e+00
     vertex  2.590263e+01  2.187245e+01  1.500000e+00
   endloop
 endfacet
 facet normal  9.984947e-01  5.484744e-02  0.000000e+00
   outer loop
     vertex  2.590729e+01  2.178753e+01  1.500000e+00
     vertex  2.590729e+01  2.178753e+01  0.000000e+00
     vertex  2.590263e+01  2.187245e+01  0.000000e+00
   endloop
 endfacet
 facet normal  9.966142e-01  8.221955e-02  0.000000e+00
   outer loop
     vertex  2.591428e+01  2.170276e+01  1.500000e+00
     vertex  2.590729e+01  2.178753e+01  0.000000e+00
     vertex  2.590729e+01  2.178753e+01  1.500000e+00
   endloop
 endfacet
 facet normal  9.966142e-01  8.221955e-02  0.000000e+00
   outer loop
     vertex  2.591428e+01  2.170276e+01  1.500000e+00
     vertex  2.591428e+01  2.170276e+01  0.000000e+00
     vertex  2.590729e+01  2.178753e+01  0.000000e+00
   endloop
 endfacet
 facet normal  9.939835e-01  1.095298e-01  0.000000e+00
   outer loop
     vertex  2.591428e+01  2.170276e+01  1.500000e+00
     vertex  2.592360e+01  2.161822e+01  0.000000e+00
     vertex  2.591428e+01  2.170276e+01  0.000000e+00
   endloop
 endfacet
 facet normal  9.939835e-01  1.095298e-01  0.000000e+00
   outer loop
     vertex  2.592360e+01  2.161822e+01  1.500000e+00
     vertex  2.592360e+01  2.161822e+01  0.000000e+00
     vertex  2.591428e+01  2.170276e+01  1.500000e+00
   endloop
 endfacet
 facet normal  9.906046e-01  1.367575e-01  0.000000e+00
   outer loop
     vertex  2.592360e+01  2.161822e+01  1.500000e+00
     vertex  2.593523e+01  2.153396e+01  0.000000e+00
     vertex  2.592360e+01  2.161822e+01  0.000000e+00
   endloop
 endfacet
 facet normal  9.906046e-01  1.367575e-01  0.000000e+00
   outer loop
     vertex  2.593523e+01  2.153396e+01  1.500000e+00
     vertex  2.593523e+01  2.153396e+01  0.000000e+00
     vertex  2.592360e+01  2.161822e+01  1.500000e+00
   endloop
 endfacet
 facet normal  9.864799e-01  1.638824e-01  0.000000e+00
   outer loop
     vertex  2.593523e+01  2.153396e+01  1.500000e+00
     vertex  2.594917e+01  2.145006e+01  0.000000e+00
     vertex  2.593523e+01  2.153396e+01  0.000000e+00
   endloop
 endfacet
 facet normal  9.864799e-01  1.638824e-01  0.000000e+00
   outer loop
     vertex  2.594917e+01  2.145006e+01  1.500000e+00
     vertex  2.594917e+01  2.145006e+01  0.000000e+00
     vertex  2.593523e+01  2.153396e+01  1.500000e+00
   endloop
 endfacet
 facet normal  9.816126e-01  1.908838e-01  0.000000e+00
   outer loop
     vertex  2.596540e+01  2.136657e+01  1.500000e+00
     vertex  2.594917e+01  2.145006e+01  0.000000e+00
     vertex  2.594917e+01  2.145006e+01  1.500000e+00
   endloop
 endfacet
 facet normal  9.816126e-01  1.908838e-01  0.000000e+00
   outer loop
     vertex  2.596540e+01  2.136657e+01  1.500000e+00
     vertex  2.596540e+01  2.136657e+01  0.000000e+00
     vertex  2.594917e+01  2.145006e+01  0.000000e+00
   endloop
 endfacet
 facet normal  9.760065e-01  2.177416e-01  0.000000e+00
   outer loop
     vertex  2.596540e+01  2.136657e+01  1.500000e+00
     vertex  2.598392e+01  2.128356e+01  0.000000e+00
     vertex  2.596540e+01  2.136657e+01  0.000000e+00
   endloop
 endfacet
 facet normal  9.760065e-01  2.177416e-01  0.000000e+00
   outer loop
     vertex  2.598392e+01  2.128356e+01  1.500000e+00
     vertex  2.598392e+01  2.128356e+01  0.000000e+00
     vertex  2.596540e+01  2.136657e+01  1.500000e+00
   endloop
 endfacet
 facet normal  9.696656e-01  2.444354e-01  0.000000e+00
   outer loop
     vertex  2.600471e+01  2.120108e+01  1.500000e+00
     vertex  2.600471e+01  2.120108e+01  0.000000e+00
     vertex  2.598392e+01  2.128356e+01  0.000000e+00
   endloop
 endfacet
 facet normal  9.625948e-01  2.709453e-01  0.000000e+00
   outer loop
     vertex  2.600471e+01  2.120108e+01  1.500000e+00
     vertex  2.602776e+01  2.111921e+01  0.000000e+00
     vertex  2.600471e+01  2.120108e+01  0.000000e+00
   endloop
 endfacet
 facet normal  9.696656e-01  2.444354e-01  0.000000e+00
   outer loop
     vertex  2.600471e+01  2.120108e+01  1.500000e+00
     vertex  2.598392e+01  2.128356e+01  0.000000e+00
     vertex  2.598392e+01  2.128356e+01  1.500000e+00
   endloop
 endfacet
 facet normal  9.625948e-01  2.709453e-01  0.000000e+00
   outer loop
     vertex  2.602776e+01  2.111921e+01  1.500000e+00
     vertex  2.602776e+01  2.111921e+01  0.000000e+00
     vertex  2.600471e+01  2.120108e+01  1.500000e+00
   endloop
 endfacet
 facet normal  9.547993e-01  2.972512e-01  0.000000e+00
   outer loop
     vertex  2.605304e+01  2.103800e+01  1.500000e+00
     vertex  2.605304e+01  2.103800e+01  0.000000e+00
     vertex  2.602776e+01  2.111921e+01  0.000000e+00
   endloop
 endfacet
 facet normal  9.547993e-01  2.972512e-01  0.000000e+00
   outer loop
     vertex  2.605304e+01  2.103800e+01  1.500000e+00
     vertex  2.602776e+01  2.111921e+01  0.000000e+00
     vertex  2.602776e+01  2.111921e+01  1.500000e+00
   endloop
 endfacet
 facet normal  9.462851e-01  3.233333e-01  0.000000e+00
   outer loop
     vertex  2.608054e+01  2.095752e+01  1.500000e+00
     vertex  2.608054e+01  2.095752e+01  0.000000e+00
     vertex  2.605304e+01  2.103800e+01  0.000000e+00
   endloop
 endfacet
 facet normal  9.370586e-01  3.491720e-01  0.000000e+00
   outer loop
     vertex  2.608054e+01  2.095752e+01  1.500000e+00
     vertex  2.611024e+01  2.087782e+01  0.000000e+00
     vertex  2.608054e+01  2.095752e+01  0.000000e+00
   endloop
 endfacet
 facet normal  9.462851e-01  3.233333e-01  0.000000e+00
   outer loop
     vertex  2.608054e+01  2.095752e+01  1.500000e+00
     vertex  2.605304e+01  2.103800e+01  0.000000e+00
     vertex  2.605304e+01  2.103800e+01  1.500000e+00
   endloop
 endfacet
 facet normal  9.370586e-01  3.491720e-01  0.000000e+00
   outer loop
     vertex  2.611024e+01  2.087782e+01  1.500000e+00
     vertex  2.611024e+01  2.087782e+01  0.000000e+00
     vertex  2.608054e+01  2.095752e+01  1.500000e+00
   endloop
 endfacet
 facet normal  9.271267e-01  3.747479e-01  0.000000e+00
   outer loop
     vertex  2.614211e+01  2.079896e+01  1.500000e+00
     vertex  2.614211e+01  2.079896e+01  0.000000e+00
     vertex  2.611024e+01  2.087782e+01  0.000000e+00
   endloop
 endfacet
 facet normal  9.271267e-01  3.747479e-01  0.000000e+00
   outer loop
     vertex  2.614211e+01  2.079896e+01  1.500000e+00
     vertex  2.611024e+01  2.087782e+01  0.000000e+00
     vertex  2.611024e+01  2.087782e+01  1.500000e+00
   endloop
 endfacet
 facet normal  9.164969e-01  4.000417e-01  0.000000e+00
   outer loop
     vertex  2.617614e+01  2.072101e+01  1.500000e+00
     vertex  2.617614e+01  2.072101e+01  0.000000e+00
     vertex  2.614211e+01  2.079896e+01  0.000000e+00
   endloop
 endfacet
 facet normal  9.051772e-01  4.250344e-01  0.000000e+00
   outer loop
     vertex  2.617614e+01  2.072101e+01  1.500000e+00
     vertex  2.621229e+01  2.064402e+01  0.000000e+00
     vertex  2.617614e+01  2.072101e+01  0.000000e+00
   endloop
 endfacet
 facet normal  9.164969e-01  4.000417e-01  0.000000e+00
   outer loop
     vertex  2.617614e+01  2.072101e+01  1.500000e+00
     vertex  2.614211e+01  2.079896e+01  0.000000e+00
     vertex  2.614211e+01  2.079896e+01  1.500000e+00
   endloop
 endfacet
 facet normal  8.931761e-01  4.497071e-01  0.000000e+00
   outer loop
     vertex  2.621229e+01  2.064402e+01  1.500000e+00
     vertex  2.625054e+01  2.056806e+01  0.000000e+00
     vertex  2.621229e+01  2.064402e+01  0.000000e+00
   endloop
 endfacet
 facet normal  9.051772e-01  4.250344e-01  0.000000e+00
   outer loop
     vertex  2.621229e+01  2.064402e+01  1.500000e+00
     vertex  2.621229e+01  2.064402e+01  0.000000e+00
     vertex  2.617614e+01  2.072101e+01  1.500000e+00
   endloop
 endfacet
 facet normal  8.931761e-01  4.497071e-01  0.000000e+00
   outer loop
     vertex  2.625054e+01  2.056806e+01  1.500000e+00
     vertex  2.625054e+01  2.056806e+01  0.000000e+00
     vertex  2.621229e+01  2.064402e+01  1.500000e+00
   endloop
 endfacet
 facet normal  8.805026e-01  4.740412e-01  0.000000e+00
   outer loop
     vertex  2.629086e+01  2.049317e+01  1.500000e+00
     vertex  2.629086e+01  2.049317e+01  0.000000e+00
     vertex  2.625054e+01  2.056806e+01  0.000000e+00
   endloop
 endfacet
 facet normal  8.805026e-01  4.740412e-01  0.000000e+00
   outer loop
     vertex  2.629086e+01  2.049317e+01  1.500000e+00
     vertex  2.625054e+01  2.056806e+01  0.000000e+00
     vertex  2.625054e+01  2.056806e+01  1.500000e+00
   endloop
 endfacet
 facet normal  8.671664e-01  4.980186e-01  0.000000e+00
   outer loop
     vertex  2.633322e+01  2.041941e+01  1.500000e+00
     vertex  2.633322e+01  2.041941e+01  0.000000e+00
     vertex  2.629086e+01  2.049317e+01  0.000000e+00
   endloop
 endfacet
 facet normal  8.531773e-01  5.216210e-01  0.000000e+00
   outer loop
     vertex  2.633322e+01  2.041941e+01  1.500000e+00
     vertex  2.637758e+01  2.034684e+01  0.000000e+00
     vertex  2.633322e+01  2.041941e+01  0.000000e+00
   endloop
 endfacet
 facet normal  8.671664e-01  4.980186e-01  0.000000e+00
   outer loop
     vertex  2.633322e+01  2.041941e+01  1.500000e+00
     vertex  2.629086e+01  2.049317e+01  0.000000e+00
     vertex  2.629086e+01  2.049317e+01  1.500000e+00
   endloop
 endfacet
 facet normal  8.531773e-01  5.216210e-01  0.000000e+00
   outer loop
     vertex  2.637758e+01  2.034684e+01  1.500000e+00
     vertex  2.637758e+01  2.034684e+01  0.000000e+00
     vertex  2.633322e+01  2.041941e+01  1.500000e+00
   endloop
 endfacet
 facet normal  8.385460e-01  5.448308e-01  0.000000e+00
   outer loop
     vertex  2.642392e+01  2.027552e+01  1.500000e+00
     vertex  2.637758e+01  2.034684e+01  0.000000e+00
     vertex  2.637758e+01  2.034684e+01  1.500000e+00
   endloop
 endfacet
 facet normal  8.385460e-01  5.448308e-01  0.000000e+00
   outer loop
     vertex  2.642392e+01  2.027552e+01  1.500000e+00
     vertex  2.642392e+01  2.027552e+01  0.000000e+00
     vertex  2.637758e+01  2.034684e+01  0.000000e+00
   endloop
 endfacet
 facet normal  8.232835e-01  5.676304e-01  0.000000e+00
   outer loop
     vertex  2.642392e+01  2.027552e+01  1.500000e+00
     vertex  2.647220e+01  2.020550e+01  0.000000e+00
     vertex  2.642392e+01  2.027552e+01  0.000000e+00
   endloop
 endfacet
 facet normal  8.232835e-01  5.676304e-01  0.000000e+00
   outer loop
     vertex  2.647220e+01  2.020550e+01  1.500000e+00
     vertex  2.647220e+01  2.020550e+01  0.000000e+00
     vertex  2.642392e+01  2.027552e+01  1.500000e+00
   endloop
 endfacet
 facet normal  8.074012e-01  5.900028e-01  0.000000e+00
   outer loop
     vertex  2.647220e+01  2.020550e+01  1.500000e+00
     vertex  2.652238e+01  2.013683e+01  0.000000e+00
     vertex  2.647220e+01  2.020550e+01  0.000000e+00
   endloop
 endfacet
 facet normal  8.074012e-01  5.900028e-01  0.000000e+00
   outer loop
     vertex  2.652238e+01  2.013683e+01  1.500000e+00
     vertex  2.652238e+01  2.013683e+01  0.000000e+00
     vertex  2.647220e+01  2.020550e+01  1.500000e+00
   endloop
 endfacet
 facet normal  7.909112e-01  6.119310e-01  0.000000e+00
   outer loop
     vertex  2.657443e+01  2.006956e+01  1.500000e+00
     vertex  2.652238e+01  2.013683e+01  0.000000e+00
     vertex  2.652238e+01  2.013683e+01  1.500000e+00
   endloop
 endfacet
 facet normal  7.909112e-01  6.119310e-01  0.000000e+00
   outer loop
     vertex  2.657443e+01  2.006956e+01  1.500000e+00
     vertex  2.657443e+01  2.006956e+01  0.000000e+00
     vertex  2.652238e+01  2.013683e+01  0.000000e+00
   endloop
 endfacet
 facet normal  7.738257e-01  6.333986e-01  0.000000e+00
   outer loop
     vertex  2.657443e+01  2.006956e+01  1.500000e+00
     vertex  2.662830e+01  2.000374e+01  0.000000e+00
     vertex  2.657443e+01  2.006956e+01  0.000000e+00
   endloop
 endfacet
 facet normal  7.738257e-01  6.333986e-01  0.000000e+00
   outer loop
     vertex  2.662830e+01  2.000374e+01  1.500000e+00
     vertex  2.662830e+01  2.000374e+01  0.000000e+00
     vertex  2.657443e+01  2.006956e+01  1.500000e+00
   endloop
 endfacet
 facet normal  7.561578e-01  6.543893e-01  0.000000e+00
   outer loop
     vertex  2.668396e+01  1.993943e+01  1.500000e+00
     vertex  2.662830e+01  2.000374e+01  0.000000e+00
     vertex  2.662830e+01  2.000374e+01  1.500000e+00
   endloop
 endfacet
 facet normal  7.561578e-01  6.543893e-01  0.000000e+00
   outer loop
     vertex  2.668396e+01  1.993943e+01  1.500000e+00
     vertex  2.668396e+01  1.993943e+01  0.000000e+00
     vertex  2.662830e+01  2.000374e+01  0.000000e+00
   endloop
 endfacet
 facet normal  7.379206e-01  6.748875e-01  0.000000e+00
   outer loop
     vertex  2.668396e+01  1.993943e+01  1.500000e+00
     vertex  2.674136e+01  1.987666e+01  0.000000e+00
     vertex  2.668396e+01  1.993943e+01  0.000000e+00
   endloop
 endfacet
 facet normal  7.379206e-01  6.748875e-01  0.000000e+00
   outer loop
     vertex  2.674136e+01  1.987666e+01  1.500000e+00
     vertex  2.674136e+01  1.987666e+01  0.000000e+00
     vertex  2.668396e+01  1.993943e+01  1.500000e+00
   endloop
 endfacet
 facet normal  7.191280e-01  6.948776e-01  0.000000e+00
   outer loop
     vertex  2.674136e+01  1.987666e+01  1.500000e+00
     vertex  2.680046e+01  1.981550e+01  0.000000e+00
     vertex  2.674136e+01  1.987666e+01  0.000000e+00
   endloop
 endfacet
 facet normal  7.191280e-01  6.948776e-01  0.000000e+00
   outer loop
     vertex  2.680046e+01  1.981550e+01  1.500000e+00
     vertex  2.680046e+01  1.981550e+01  0.000000e+00
     vertex  2.674136e+01  1.987666e+01  1.500000e+00
   endloop
 endfacet
 facet normal  6.997940e-01  7.143447e-01  0.000000e+00
   outer loop
     vertex  2.680046e+01  1.981550e+01  1.500000e+00
     vertex  2.686122e+01  1.975598e+01  0.000000e+00
     vertex  2.680046e+01  1.981550e+01  0.000000e+00
   endloop
 endfacet
 facet normal  6.997940e-01  7.143447e-01  0.000000e+00
   outer loop
     vertex  2.686122e+01  1.975598e+01  1.500000e+00
     vertex  2.686122e+01  1.975598e+01  0.000000e+00
     vertex  2.680046e+01  1.981550e+01  1.500000e+00
   endloop
 endfacet
 facet normal  6.799333e-01  7.332740e-01  0.000000e+00
   outer loop
     vertex  2.692359e+01  1.969815e+01  1.500000e+00
     vertex  2.686122e+01  1.975598e+01  0.000000e+00
     vertex  2.686122e+01  1.975598e+01  1.500000e+00
   endloop
 endfacet
 facet normal  6.799333e-01  7.332740e-01  0.000000e+00
   outer loop
     vertex  2.692359e+01  1.969815e+01  1.500000e+00
     vertex  2.692359e+01  1.969815e+01  0.000000e+00
     vertex  2.686122e+01  1.975598e+01  0.000000e+00
   endloop
 endfacet
 facet normal  6.595607e-01  7.516513e-01  0.000000e+00
   outer loop
     vertex  2.698752e+01  1.964205e+01  1.500000e+00
     vertex  2.692359e+01  1.969815e+01  0.000000e+00
     vertex  2.692359e+01  1.969815e+01  1.500000e+00
   endloop
 endfacet
 facet normal  6.595607e-01  7.516513e-01  0.000000e+00
   outer loop
     vertex  2.698752e+01  1.964205e+01  1.500000e+00
     vertex  2.698752e+01  1.964205e+01  0.000000e+00
     vertex  2.692359e+01  1.969815e+01  0.000000e+00
   endloop
 endfacet
 facet normal  6.386916e-01  7.694628e-01  0.000000e+00
   outer loop
     vertex  2.698752e+01  1.964205e+01  1.500000e+00
     vertex  2.705297e+01  1.958773e+01  0.000000e+00
     vertex  2.698752e+01  1.964205e+01  0.000000e+00
   endloop
 endfacet
 facet normal  6.386916e-01  7.694628e-01  0.000000e+00
   outer loop
     vertex  2.705297e+01  1.958773e+01  1.500000e+00
     vertex  2.705297e+01  1.958773e+01  0.000000e+00
     vertex  2.698752e+01  1.964205e+01  1.500000e+00
   endloop
 endfacet
 facet normal  6.173417e-01  7.866951e-01  0.000000e+00
   outer loop
     vertex  2.711988e+01  1.953522e+01  1.500000e+00
     vertex  2.705297e+01  1.958773e+01  0.000000e+00
     vertex  2.705297e+01  1.958773e+01  1.500000e+00
   endloop
 endfacet
 facet normal  6.173417e-01  7.866951e-01  0.000000e+00
   outer loop
     vertex  2.711988e+01  1.953522e+01  1.500000e+00
     vertex  2.711988e+01  1.953522e+01  0.000000e+00
     vertex  2.705297e+01  1.958773e+01  0.000000e+00
   endloop
 endfacet
 facet normal  5.955271e-01  8.033352e-01  0.000000e+00
   outer loop
     vertex  2.711988e+01  1.953522e+01  1.500000e+00
     vertex  2.718820e+01  1.948457e+01  0.000000e+00
     vertex  2.711988e+01  1.953522e+01  0.000000e+00
   endloop
 endfacet
 facet normal  5.955271e-01  8.033352e-01  0.000000e+00
   outer loop
     vertex  2.718820e+01  1.948457e+01  1.500000e+00
     vertex  2.718820e+01  1.948457e+01  0.000000e+00
     vertex  2.711988e+01  1.953522e+01  1.500000e+00
   endloop
 endfacet
 facet normal  5.732642e-01  8.193706e-01  0.000000e+00
   outer loop
     vertex  2.718820e+01  1.948457e+01  1.500000e+00
     vertex  2.725789e+01  1.943581e+01  0.000000e+00
     vertex  2.718820e+01  1.948457e+01  0.000000e+00
   endloop
 endfacet
 facet normal  5.732642e-01  8.193706e-01  0.000000e+00
   outer loop
     vertex  2.725789e+01  1.943581e+01  1.500000e+00
     vertex  2.725789e+01  1.943581e+01  0.000000e+00
     vertex  2.718820e+01  1.948457e+01  1.500000e+00
   endloop
 endfacet
 facet normal  5.505698e-01  8.347891e-01  0.000000e+00
   outer loop
     vertex  2.725789e+01  1.943581e+01  1.500000e+00
     vertex  2.732890e+01  1.938898e+01  0.000000e+00
     vertex  2.725789e+01  1.943581e+01  0.000000e+00
   endloop
 endfacet
 facet normal  5.505698e-01  8.347891e-01  0.000000e+00
   outer loop
     vertex  2.732890e+01  1.938898e+01  1.500000e+00
     vertex  2.732890e+01  1.938898e+01  0.000000e+00
     vertex  2.725789e+01  1.943581e+01  1.500000e+00
   endloop
 endfacet
 facet normal  5.274609e-01  8.495793e-01  0.000000e+00
   outer loop
     vertex  2.740115e+01  1.934412e+01  1.500000e+00
     vertex  2.732890e+01  1.938898e+01  0.000000e+00
     vertex  2.732890e+01  1.938898e+01  1.500000e+00
   endloop
 endfacet
 facet normal  5.274609e-01  8.495793e-01  0.000000e+00
   outer loop
     vertex  2.740115e+01  1.934412e+01  1.500000e+00
     vertex  2.740115e+01  1.934412e+01  0.000000e+00
     vertex  2.732890e+01  1.938898e+01  0.000000e+00
   endloop
 endfacet
 facet normal  5.039550e-01  8.637299e-01  0.000000e+00
   outer loop
     vertex  2.740115e+01  1.934412e+01  1.500000e+00
     vertex  2.747462e+01  1.930126e+01  0.000000e+00
     vertex  2.740115e+01  1.934412e+01  0.000000e+00
   endloop
 endfacet
 facet normal  5.039550e-01  8.637299e-01  0.000000e+00
   outer loop
     vertex  2.747462e+01  1.930126e+01  1.500000e+00
     vertex  2.747462e+01  1.930126e+01  0.000000e+00
     vertex  2.740115e+01  1.934412e+01  1.500000e+00
   endloop
 endfacet
 facet normal  4.800697e-01  8.772303e-01  0.000000e+00
   outer loop
     vertex  2.754923e+01  1.926043e+01  1.500000e+00
     vertex  2.747462e+01  1.930126e+01  0.000000e+00
     vertex  2.747462e+01  1.930126e+01  1.500000e+00
   endloop
 endfacet
 facet normal  4.800697e-01  8.772303e-01  0.000000e+00
   outer loop
     vertex  2.754923e+01  1.926043e+01  1.500000e+00
     vertex  2.754923e+01  1.926043e+01  0.000000e+00
     vertex  2.747462e+01  1.930126e+01  0.000000e+00
   endloop
 endfacet
 facet normal  4.558231e-01  8.900704e-01  0.000000e+00
   outer loop
     vertex  2.754923e+01  1.926043e+01  1.500000e+00
     vertex  2.762493e+01  1.922166e+01  0.000000e+00
     vertex  2.754923e+01  1.926043e+01  0.000000e+00
   endloop
 endfacet
 facet normal  4.558231e-01  8.900704e-01  0.000000e+00
   outer loop
     vertex  2.762493e+01  1.922166e+01  1.500000e+00
     vertex  2.762493e+01  1.922166e+01  0.000000e+00
     vertex  2.754923e+01  1.926043e+01  1.500000e+00
   endloop
 endfacet
 facet normal  4.312333e-01  9.022405e-01  0.000000e+00
   outer loop
     vertex  2.770167e+01  1.918498e+01  1.500000e+00
     vertex  2.762493e+01  1.922166e+01  0.000000e+00
     vertex  2.762493e+01  1.922166e+01  1.500000e+00
   endloop
 endfacet
 facet normal  4.312333e-01  9.022405e-01  0.000000e+00
   outer loop
     vertex  2.770167e+01  1.918498e+01  1.500000e+00
     vertex  2.770167e+01  1.918498e+01  0.000000e+00
     vertex  2.762493e+01  1.922166e+01  0.000000e+00
   endloop
 endfacet
 facet normal  4.063188e-01  9.137314e-01  0.000000e+00
   outer loop
     vertex  2.777939e+01  1.915042e+01  1.500000e+00
     vertex  2.770167e+01  1.918498e+01  0.000000e+00
     vertex  2.770167e+01  1.918498e+01  1.500000e+00
   endloop
 endfacet
 facet normal  4.063188e-01  9.137314e-01  0.000000e+00
   outer loop
     vertex  2.777939e+01  1.915042e+01  1.500000e+00
     vertex  2.777939e+01  1.915042e+01  0.000000e+00
     vertex  2.770167e+01  1.918498e+01  0.000000e+00
   endloop
 endfacet
 facet normal  3.810986e-01  9.245344e-01  0.000000e+00
   outer loop
     vertex  2.777939e+01  1.915042e+01  1.500000e+00
     vertex  2.785802e+01  1.911801e+01  0.000000e+00
     vertex  2.777939e+01  1.915042e+01  0.000000e+00
   endloop
 endfacet
 facet normal  3.810986e-01  9.245344e-01  0.000000e+00
   outer loop
     vertex  2.785802e+01  1.911801e+01  1.500000e+00
     vertex  2.785802e+01  1.911801e+01  0.000000e+00
     vertex  2.777939e+01  1.915042e+01  1.500000e+00
   endloop
 endfacet
 facet normal  3.555914e-01  9.346415e-01  0.000000e+00
   outer loop
     vertex  2.793752e+01  1.908776e+01  1.500000e+00
     vertex  2.793752e+01  1.908776e+01  0.000000e+00
     vertex  2.785802e+01  1.911801e+01  0.000000e+00
   endloop
 endfacet
 facet normal  3.555914e-01  9.346415e-01  0.000000e+00
   outer loop
     vertex  2.793752e+01  1.908776e+01  1.500000e+00
     vertex  2.785802e+01  1.911801e+01  0.000000e+00
     vertex  2.785802e+01  1.911801e+01  1.500000e+00
   endloop
 endfacet
 facet normal  3.298166e-01  9.440450e-01  0.000000e+00
   outer loop
     vertex  2.801781e+01  1.905971e+01  1.500000e+00
     vertex  2.801781e+01  1.905971e+01  0.000000e+00
     vertex  2.793752e+01  1.908776e+01  0.000000e+00
   endloop
 endfacet
 facet normal  3.037934e-01  9.527379e-01  0.000000e+00
   outer loop
     vertex  2.801781e+01  1.905971e+01  1.500000e+00
     vertex  2.809885e+01  1.903387e+01  0.000000e+00
     vertex  2.801781e+01  1.905971e+01  0.000000e+00
   endloop
 endfacet
 facet normal  3.298166e-01  9.440450e-01  0.000000e+00
   outer loop
     vertex  2.801781e+01  1.905971e+01  1.500000e+00
     vertex  2.793752e+01  1.908776e+01  0.000000e+00
     vertex  2.793752e+01  1.908776e+01  1.500000e+00
   endloop
 endfacet
 facet normal  2.775416e-01  9.607136e-01  0.000000e+00
   outer loop
     vertex  2.809885e+01  1.903387e+01  1.500000e+00
     vertex  2.818056e+01  1.901027e+01  0.000000e+00
     vertex  2.809885e+01  1.903387e+01  0.000000e+00
   endloop
 endfacet
 facet normal  3.037934e-01  9.527379e-01  0.000000e+00
   outer loop
     vertex  2.809885e+01  1.903387e+01  1.500000e+00
     vertex  2.809885e+01  1.903387e+01  0.000000e+00
     vertex  2.801781e+01  1.905971e+01  1.500000e+00
   endloop
 endfacet
 facet normal  2.775416e-01  9.607136e-01  0.000000e+00
   outer loop
     vertex  2.818056e+01  1.901027e+01  1.500000e+00
     vertex  2.818056e+01  1.901027e+01  0.000000e+00
     vertex  2.809885e+01  1.903387e+01  1.500000e+00
   endloop
 endfacet
 facet normal  2.510809e-01  9.679661e-01  0.000000e+00
   outer loop
     vertex  2.826289e+01  1.898891e+01  1.500000e+00
     vertex  2.818056e+01  1.901027e+01  0.000000e+00
     vertex  2.818056e+01  1.901027e+01  1.500000e+00
   endloop
 endfacet
 facet normal  2.510809e-01  9.679661e-01  0.000000e+00
   outer loop
     vertex  2.826289e+01  1.898891e+01  1.500000e+00
     vertex  2.826289e+01  1.898891e+01  0.000000e+00
     vertex  2.818056e+01  1.901027e+01  0.000000e+00
   endloop
 endfacet
 facet normal  2.244312e-01  9.744899e-01  0.000000e+00
   outer loop
     vertex  2.826289e+01  1.898891e+01  1.500000e+00
     vertex  2.834577e+01  1.896982e+01  0.000000e+00
     vertex  2.826289e+01  1.898891e+01  0.000000e+00
   endloop
 endfacet
 facet normal  2.244312e-01  9.744899e-01  0.000000e+00
   outer loop
     vertex  2.834577e+01  1.896982e+01  1.500000e+00
     vertex  2.834577e+01  1.896982e+01  0.000000e+00
     vertex  2.826289e+01  1.898891e+01  1.500000e+00
   endloop
 endfacet
 facet normal  1.976125e-01  9.802802e-01  0.000000e+00
   outer loop
     vertex  2.842915e+01  1.895301e+01  1.500000e+00
     vertex  2.834577e+01  1.896982e+01  0.000000e+00
     vertex  2.834577e+01  1.896982e+01  1.500000e+00
   endloop
 endfacet
 facet normal  1.976125e-01  9.802802e-01  0.000000e+00
   outer loop
     vertex  2.842915e+01  1.895301e+01  1.500000e+00
     vertex  2.842915e+01  1.895301e+01  0.000000e+00
     vertex  2.834577e+01  1.896982e+01  0.000000e+00
   endloop
 endfacet
 facet normal  1.706451e-01  9.853326e-01  0.000000e+00
   outer loop
     vertex  2.842915e+01  1.895301e+01  1.500000e+00
     vertex  2.851295e+01  1.893850e+01  0.000000e+00
     vertex  2.842915e+01  1.895301e+01  0.000000e+00
   endloop
 endfacet
 facet normal  1.706451e-01  9.853326e-01  0.000000e+00
   outer loop
     vertex  2.851295e+01  1.893850e+01  1.500000e+00
     vertex  2.851295e+01  1.893850e+01  0.000000e+00
     vertex  2.842915e+01  1.895301e+01  1.500000e+00
   endloop
 endfacet
 facet normal  1.435492e-01  9.896432e-01  0.000000e+00
   outer loop
     vertex  2.851295e+01  1.893850e+01  1.500000e+00
     vertex  2.859713e+01  1.892629e+01  0.000000e+00
     vertex  2.851295e+01  1.893850e+01  0.000000e+00
   endloop
 endfacet
 facet normal  1.435492e-01  9.896432e-01  0.000000e+00
   outer loop
     vertex  2.859713e+01  1.892629e+01  1.500000e+00
     vertex  2.859713e+01  1.892629e+01  0.000000e+00
     vertex  2.851295e+01  1.893850e+01  1.500000e+00
   endloop
 endfacet
 facet normal  1.163452e-01  9.932088e-01  0.000000e+00
   outer loop
     vertex  2.859713e+01  1.892629e+01  1.500000e+00
     vertex  2.868160e+01  1.891639e+01  0.000000e+00
     vertex  2.859713e+01  1.892629e+01  0.000000e+00
   endloop
 endfacet
 facet normal  1.163452e-01  9.932088e-01  0.000000e+00
   outer loop
     vertex  2.868160e+01  1.891639e+01  1.500000e+00
     vertex  2.868160e+01  1.891639e+01  0.000000e+00
     vertex  2.859713e+01  1.892629e+01  1.500000e+00
   endloop
 endfacet
 facet normal  8.905371e-02  9.960268e-01  0.000000e+00
   outer loop
     vertex  2.876632e+01  1.890882e+01  1.500000e+00
     vertex  2.868160e+01  1.891639e+01  0.000000e+00
     vertex  2.868160e+01  1.891639e+01  1.500000e+00
   endloop
 endfacet
 facet normal  8.905371e-02  9.960268e-01  0.000000e+00
   outer loop
     vertex  2.876632e+01  1.890882e+01  1.500000e+00
     vertex  2.876632e+01  1.890882e+01  0.000000e+00
     vertex  2.868160e+01  1.891639e+01  0.000000e+00
   endloop
 endfacet
 facet normal  6.169515e-02  9.980950e-01  0.000000e+00
   outer loop
     vertex  2.876632e+01  1.890882e+01  1.500000e+00
     vertex  2.885121e+01  1.890357e+01  0.000000e+00
     vertex  2.876632e+01  1.890882e+01  0.000000e+00
   endloop
 endfacet
 facet normal  6.169515e-02  9.980950e-01  0.000000e+00
   outer loop
     vertex  2.885121e+01  1.890357e+01  1.500000e+00
     vertex  2.885121e+01  1.890357e+01  0.000000e+00
     vertex  2.876632e+01  1.890882e+01  1.500000e+00
   endloop
 endfacet
 facet normal  3.429014e-02  9.994119e-01  0.000000e+00
   outer loop
     vertex  2.893621e+01  1.890066e+01  1.500000e+00
     vertex  2.885121e+01  1.890357e+01  0.000000e+00
     vertex  2.885121e+01  1.890357e+01  1.500000e+00
   endloop
 endfacet
 facet normal  3.429014e-02  9.994119e-01  0.000000e+00
   outer loop
     vertex  2.893621e+01  1.890066e+01  1.500000e+00
     vertex  2.893621e+01  1.890066e+01  0.000000e+00
     vertex  2.885121e+01  1.890357e+01  0.000000e+00
   endloop
 endfacet
 facet normal  6.859319e-03  9.999765e-01  0.000000e+00
   outer loop
     vertex  2.893621e+01  1.890066e+01  1.500000e+00
     vertex  2.902126e+01  1.890007e+01  0.000000e+00
     vertex  2.893621e+01  1.890066e+01  0.000000e+00
   endloop
 endfacet
 facet normal  6.859319e-03  9.999765e-01  0.000000e+00
   outer loop
     vertex  2.902126e+01  1.890007e+01  1.500000e+00
     vertex  2.902126e+01  1.890007e+01  0.000000e+00
     vertex  2.893621e+01  1.890066e+01  1.500000e+00
   endloop
 endfacet
 facet normal -4.799716e-02  9.988475e-01  0.000000e+00
   outer loop
     vertex  2.910630e+01  1.890182e+01  1.500000e+00
     vertex  2.919125e+01  1.890591e+01  0.000000e+00
     vertex  2.910630e+01  1.890182e+01  0.000000e+00
   endloop
 endfacet
 facet normal -2.057667e-02  9.997883e-01  0.000000e+00
   outer loop
     vertex  2.910630e+01  1.890182e+01  1.500000e+00
     vertex  2.902126e+01  1.890007e+01  0.000000e+00
     vertex  2.902126e+01  1.890007e+01  1.500000e+00
   endloop
 endfacet
 facet normal -2.057667e-02  9.997883e-01  0.000000e+00
   outer loop
     vertex  2.910630e+01  1.890182e+01  1.500000e+00
     vertex  2.910630e+01  1.890182e+01  0.000000e+00
     vertex  2.902126e+01  1.890007e+01  0.000000e+00
   endloop
 endfacet
 facet normal -4.799716e-02  9.988475e-01  0.000000e+00
   outer loop
     vertex  2.919125e+01  1.890591e+01  1.500000e+00
     vertex  2.919125e+01  1.890591e+01  0.000000e+00
     vertex  2.910630e+01  1.890182e+01  1.500000e+00
   endloop
 endfacet
 facet normal -7.538152e-02  9.971548e-01  0.000000e+00
   outer loop
     vertex  2.927607e+01  1.891232e+01  1.500000e+00
     vertex  2.927607e+01  1.891232e+01  0.000000e+00
     vertex  2.919125e+01  1.890591e+01  0.000000e+00
   endloop
 endfacet
 facet normal -7.538152e-02  9.971548e-01  0.000000e+00
   outer loop
     vertex  2.927607e+01  1.891232e+01  1.500000e+00
     vertex  2.919125e+01  1.890591e+01  0.000000e+00
     vertex  2.919125e+01  1.890591e+01  1.500000e+00
   endloop
 endfacet
 facet normal -1.027091e-01  9.947114e-01  0.000000e+00
   outer loop
     vertex  2.936067e+01  1.892105e+01  1.500000e+00
     vertex  2.936067e+01  1.892105e+01  0.000000e+00
     vertex  2.927607e+01  1.891232e+01  0.000000e+00
   endloop
 endfacet
 facet normal -1.027091e-01  9.947114e-01  0.000000e+00
   outer loop
     vertex  2.936067e+01  1.892105e+01  1.500000e+00
     vertex  2.927607e+01  1.891232e+01  0.000000e+00
     vertex  2.927607e+01  1.891232e+01  1.500000e+00
   endloop
 endfacet
 facet normal -1.299594e-01  9.915193e-01  0.000000e+00
   outer loop
     vertex  2.944500e+01  1.893211e+01  1.500000e+00
     vertex  2.944500e+01  1.893211e+01  0.000000e+00
     vertex  2.936067e+01  1.892105e+01  0.000000e+00
   endloop
 endfacet
 facet normal -1.299594e-01  9.915193e-01  0.000000e+00
   outer loop
     vertex  2.944500e+01  1.893211e+01  1.500000e+00
     vertex  2.936067e+01  1.892105e+01  0.000000e+00
     vertex  2.936067e+01  1.892105e+01  1.500000e+00
   endloop
 endfacet
 facet normal -1.571119e-01  9.875808e-01  0.000000e+00
   outer loop
     vertex  2.952900e+01  1.894547e+01  1.500000e+00
     vertex  2.952900e+01  1.894547e+01  0.000000e+00
     vertex  2.944500e+01  1.893211e+01  0.000000e+00
   endloop
 endfacet
 facet normal -1.841461e-01  9.828989e-01  0.000000e+00
   outer loop
     vertex  2.952900e+01  1.894547e+01  1.500000e+00
     vertex  2.961260e+01  1.896113e+01  0.000000e+00
     vertex  2.952900e+01  1.894547e+01  0.000000e+00
   endloop
 endfacet
 facet normal -1.571119e-01  9.875808e-01  0.000000e+00
   outer loop
     vertex  2.952900e+01  1.894547e+01  1.500000e+00
     vertex  2.944500e+01  1.893211e+01  0.000000e+00
     vertex  2.944500e+01  1.893211e+01  1.500000e+00
   endloop
 endfacet
 facet normal -2.110417e-01  9.774771e-01  0.000000e+00
   outer loop
     vertex  2.961260e+01  1.896113e+01  1.500000e+00
     vertex  2.969574e+01  1.897908e+01  0.000000e+00
     vertex  2.961260e+01  1.896113e+01  0.000000e+00
   endloop
 endfacet
 facet normal -1.841461e-01  9.828989e-01  0.000000e+00
   outer loop
     vertex  2.961260e+01  1.896113e+01  1.500000e+00
     vertex  2.961260e+01  1.896113e+01  0.000000e+00
     vertex  2.952900e+01  1.894547e+01  1.500000e+00
   endloop
 endfacet
 facet normal -2.377784e-01  9.713194e-01  0.000000e+00
   outer loop
     vertex  2.969574e+01  1.897908e+01  1.500000e+00
     vertex  2.977835e+01  1.899931e+01  0.000000e+00
     vertex  2.969574e+01  1.897908e+01  0.000000e+00
   endloop
 endfacet
 facet normal -2.110417e-01  9.774771e-01  0.000000e+00
   outer loop
     vertex  2.969574e+01  1.897908e+01  1.500000e+00
     vertex  2.969574e+01  1.897908e+01  0.000000e+00
     vertex  2.961260e+01  1.896113e+01  1.500000e+00
   endloop
 endfacet
 facet normal -2.643362e-01  9.644306e-01  0.000000e+00
   outer loop
     vertex  2.977835e+01  1.899931e+01  1.500000e+00
     vertex  2.986038e+01  1.902179e+01  0.000000e+00
     vertex  2.977835e+01  1.899931e+01  0.000000e+00
   endloop
 endfacet
 facet normal -2.377784e-01  9.713194e-01  0.000000e+00
   outer loop
     vertex  2.977835e+01  1.899931e+01  1.500000e+00
     vertex  2.977835e+01  1.899931e+01  0.000000e+00
     vertex  2.969574e+01  1.897908e+01  1.500000e+00
   endloop
 endfacet
 facet normal -2.643362e-01  9.644306e-01  0.000000e+00
   outer loop
     vertex  2.986038e+01  1.902179e+01  1.500000e+00
     vertex  2.986038e+01  1.902179e+01  0.000000e+00
     vertex  2.977835e+01  1.899931e+01  1.500000e+00
   endloop
 endfacet
 facet normal -2.906949e-01  9.568158e-01  0.000000e+00
   outer loop
     vertex  2.994176e+01  1.904651e+01  1.500000e+00
     vertex  2.994176e+01  1.904651e+01  0.000000e+00
     vertex  2.986038e+01  1.902179e+01  0.000000e+00
   endloop
 endfacet
 facet normal -2.906949e-01  9.568158e-01  0.000000e+00
   outer loop
     vertex  2.994176e+01  1.904651e+01  1.500000e+00
     vertex  2.986038e+01  1.902179e+01  0.000000e+00
     vertex  2.986038e+01  1.902179e+01  1.500000e+00
   endloop
 endfacet
 facet normal -3.168348e-01  9.484807e-01  0.000000e+00
   outer loop
     vertex  3.002243e+01  1.907346e+01  1.500000e+00
     vertex  3.002243e+01  1.907346e+01  0.000000e+00
     vertex  2.994176e+01  1.904651e+01  0.000000e+00
   endloop
 endfacet
 facet normal -3.427362e-01  9.394317e-01  0.000000e+00
   outer loop
     vertex  3.002243e+01  1.907346e+01  1.500000e+00
     vertex  3.010233e+01  1.910261e+01  0.000000e+00
     vertex  3.002243e+01  1.907346e+01  0.000000e+00
   endloop
 endfacet
 facet normal -3.168348e-01  9.484807e-01  0.000000e+00
   outer loop
     vertex  3.002243e+01  1.907346e+01  1.500000e+00
     vertex  2.994176e+01  1.904651e+01  0.000000e+00
     vertex  2.994176e+01  1.904651e+01  1.500000e+00
   endloop
 endfacet
 facet normal -3.427362e-01  9.394317e-01  0.000000e+00
   outer loop
     vertex  3.010233e+01  1.910261e+01  1.500000e+00
     vertex  3.010233e+01  1.910261e+01  0.000000e+00
     vertex  3.002243e+01  1.907346e+01  1.500000e+00
   endloop
 endfacet
 facet normal -3.683796e-01  9.296754e-01  0.000000e+00
   outer loop
     vertex  3.018141e+01  1.913394e+01  1.500000e+00
     vertex  3.018141e+01  1.913394e+01  0.000000e+00
     vertex  3.010233e+01  1.910261e+01  0.000000e+00
   endloop
 endfacet
 facet normal -3.683796e-01  9.296754e-01  0.000000e+00
   outer loop
     vertex  3.018141e+01  1.913394e+01  1.500000e+00
     vertex  3.010233e+01  1.910261e+01  0.000000e+00
     vertex  3.010233e+01  1.910261e+01  1.500000e+00
   endloop
 endfacet
 facet normal -3.937458e-01  9.192194e-01  0.000000e+00
   outer loop
     vertex  3.025959e+01  1.916743e+01  1.500000e+00
     vertex  3.018141e+01  1.913394e+01  0.000000e+00
     vertex  3.018141e+01  1.913394e+01  1.500000e+00
   endloop
 endfacet
 facet normal -3.937458e-01  9.192194e-01  0.000000e+00
   outer loop
     vertex  3.025959e+01  1.916743e+01  1.500000e+00
     vertex  3.025959e+01  1.916743e+01  0.000000e+00
     vertex  3.018141e+01  1.913394e+01  0.000000e+00
   endloop
 endfacet
 facet normal -4.188155e-01  9.080714e-01  0.000000e+00
   outer loop
     vertex  3.025959e+01  1.916743e+01  1.500000e+00
     vertex  3.033682e+01  1.920305e+01  0.000000e+00
     vertex  3.025959e+01  1.916743e+01  0.000000e+00
   endloop
 endfacet
 facet normal -4.188155e-01  9.080714e-01  0.000000e+00
   outer loop
     vertex  3.033682e+01  1.920305e+01  1.500000e+00
     vertex  3.033682e+01  1.920305e+01  0.000000e+00
     vertex  3.025959e+01  1.916743e+01  1.500000e+00
   endloop
 endfacet
 facet normal -4.435699e-01  8.962398e-01  0.000000e+00
   outer loop
     vertex  3.041305e+01  1.924078e+01  1.500000e+00
     vertex  3.041305e+01  1.924078e+01  0.000000e+00
     vertex  3.033682e+01  1.920305e+01  0.000000e+00
   endloop
 endfacet
 facet normal -4.679904e-01  8.837335e-01  0.000000e+00
   outer loop
     vertex  3.041305e+01  1.924078e+01  1.500000e+00
     vertex  3.048822e+01  1.928059e+01  0.000000e+00
     vertex  3.041305e+01  1.924078e+01  0.000000e+00
   endloop
 endfacet
 facet normal -4.435699e-01  8.962398e-01  0.000000e+00
   outer loop
     vertex  3.041305e+01  1.924078e+01  1.500000e+00
     vertex  3.033682e+01  1.920305e+01  0.000000e+00
     vertex  3.033682e+01  1.920305e+01  1.500000e+00
   endloop
 endfacet
 facet normal -4.679904e-01  8.837335e-01  0.000000e+00
   outer loop
     vertex  3.048822e+01  1.928059e+01  1.500000e+00
     vertex  3.048822e+01  1.928059e+01  0.000000e+00
     vertex  3.041305e+01  1.924078e+01  1.500000e+00
   endloop
 endfacet
 facet normal -4.920587e-01  8.705620e-01  0.000000e+00
   outer loop
     vertex  3.048822e+01  1.928059e+01  1.500000e+00
     vertex  3.056226e+01  1.932244e+01  0.000000e+00
     vertex  3.048822e+01  1.928059e+01  0.000000e+00
   endloop
 endfacet
 facet normal -4.920587e-01  8.705620e-01  0.000000e+00
   outer loop
     vertex  3.056226e+01  1.932244e+01  1.500000e+00
     vertex  3.056226e+01  1.932244e+01  0.000000e+00
     vertex  3.048822e+01  1.928059e+01  1.500000e+00
   endloop
 endfacet
 facet normal -5.157565e-01  8.567352e-01  0.000000e+00
   outer loop
     vertex  3.056226e+01  1.932244e+01  1.500000e+00
     vertex  3.063513e+01  1.936630e+01  0.000000e+00
     vertex  3.056226e+01  1.932244e+01  0.000000e+00
   endloop
 endfacet
 facet normal -5.157565e-01  8.567352e-01  0.000000e+00
   outer loop
     vertex  3.063513e+01  1.936630e+01  1.500000e+00
     vertex  3.063513e+01  1.936630e+01  0.000000e+00
     vertex  3.056226e+01  1.932244e+01  1.500000e+00
   endloop
 endfacet
 facet normal -5.390661e-01  8.422635e-01  0.000000e+00
   outer loop
     vertex  3.070677e+01  1.941215e+01  1.500000e+00
     vertex  3.070677e+01  1.941215e+01  0.000000e+00
     vertex  3.063513e+01  1.936630e+01  0.000000e+00
   endloop
 endfacet
 facet normal -5.390661e-01  8.422635e-01  0.000000e+00
   outer loop
     vertex  3.070677e+01  1.941215e+01  1.500000e+00
     vertex  3.063513e+01  1.936630e+01  0.000000e+00
     vertex  3.063513e+01  1.936630e+01  1.500000e+00
   endloop
 endfacet
 facet normal -5.619699e-01  8.271577e-01  0.000000e+00
   outer loop
     vertex  3.077712e+01  1.945995e+01  1.500000e+00
     vertex  3.077712e+01  1.945995e+01  0.000000e+00
     vertex  3.070677e+01  1.941215e+01  0.000000e+00
   endloop
 endfacet
 facet normal -5.844507e-01  8.114292e-01  0.000000e+00
   outer loop
     vertex  3.077712e+01  1.945995e+01  1.500000e+00
     vertex  3.084613e+01  1.950966e+01  0.000000e+00
     vertex  3.077712e+01  1.945995e+01  0.000000e+00
   endloop
 endfacet
 facet normal -5.619699e-01  8.271577e-01  0.000000e+00
   outer loop
     vertex  3.077712e+01  1.945995e+01  1.500000e+00
     vertex  3.070677e+01  1.941215e+01  0.000000e+00
     vertex  3.070677e+01  1.941215e+01  1.500000e+00
   endloop
 endfacet
 facet normal -5.844507e-01  8.114292e-01  0.000000e+00
   outer loop
     vertex  3.084613e+01  1.950966e+01  1.500000e+00
     vertex  3.084613e+01  1.950966e+01  0.000000e+00
     vertex  3.077712e+01  1.945995e+01  1.500000e+00
   endloop
 endfacet
 facet normal -6.064915e-01  7.950900e-01  0.000000e+00
   outer loop
     vertex  3.091376e+01  1.956125e+01  1.500000e+00
     vertex  3.091376e+01  1.956125e+01  0.000000e+00
     vertex  3.084613e+01  1.950966e+01  0.000000e+00
   endloop
 endfacet
 facet normal -6.280757e-01  7.781522e-01  0.000000e+00
   outer loop
     vertex  3.091376e+01  1.956125e+01  1.500000e+00
     vertex  3.097994e+01  1.961467e+01  0.000000e+00
     vertex  3.091376e+01  1.956125e+01  0.000000e+00
   endloop
 endfacet
 facet normal -6.064915e-01  7.950900e-01  0.000000e+00
   outer loop
     vertex  3.091376e+01  1.956125e+01  1.500000e+00
     vertex  3.084613e+01  1.950966e+01  0.000000e+00
     vertex  3.084613e+01  1.950966e+01  1.500000e+00
   endloop
 endfacet
 facet normal -6.280757e-01  7.781522e-01  0.000000e+00
   outer loop
     vertex  3.097994e+01  1.961467e+01  1.500000e+00
     vertex  3.097994e+01  1.961467e+01  0.000000e+00
     vertex  3.091376e+01  1.956125e+01  1.500000e+00
   endloop
 endfacet
 facet normal -6.491872e-01  7.606287e-01  0.000000e+00
   outer loop
     vertex  3.097994e+01  1.961467e+01  1.500000e+00
     vertex  3.104464e+01  1.966988e+01  0.000000e+00
     vertex  3.097994e+01  1.961467e+01  0.000000e+00
   endloop
 endfacet
 facet normal -6.491872e-01  7.606287e-01  0.000000e+00
   outer loop
     vertex  3.104464e+01  1.966988e+01  1.500000e+00
     vertex  3.104464e+01  1.966988e+01  0.000000e+00
     vertex  3.097994e+01  1.961467e+01  1.500000e+00
   endloop
 endfacet
 facet normal -6.698100e-01  7.425325e-01  0.000000e+00
   outer loop
     vertex  3.110779e+01  1.972685e+01  1.500000e+00
     vertex  3.110779e+01  1.972685e+01  0.000000e+00
     vertex  3.104464e+01  1.966988e+01  0.000000e+00
   endloop
 endfacet
 facet normal -6.698100e-01  7.425325e-01  0.000000e+00
   outer loop
     vertex  3.110779e+01  1.972685e+01  1.500000e+00
     vertex  3.104464e+01  1.966988e+01  0.000000e+00
     vertex  3.104464e+01  1.966988e+01  1.500000e+00
   endloop
 endfacet
 facet normal -6.899286e-01  7.238775e-01  0.000000e+00
   outer loop
     vertex  3.116936e+01  1.978553e+01  1.500000e+00
     vertex  3.116936e+01  1.978553e+01  0.000000e+00
     vertex  3.110779e+01  1.972685e+01  0.000000e+00
   endloop
 endfacet
 facet normal -6.899286e-01  7.238775e-01  0.000000e+00
   outer loop
     vertex  3.116936e+01  1.978553e+01  1.500000e+00
     vertex  3.110779e+01  1.972685e+01  0.000000e+00
     vertex  3.110779e+01  1.972685e+01  1.500000e+00
   endloop
 endfacet
 facet normal -7.095278e-01  7.046775e-01  0.000000e+00
   outer loop
     vertex  3.122930e+01  1.984588e+01  1.500000e+00
     vertex  3.122930e+01  1.984588e+01  0.000000e+00
     vertex  3.116936e+01  1.978553e+01  0.000000e+00
   endloop
 endfacet
 facet normal -7.095278e-01  7.046775e-01  0.000000e+00
   outer loop
     vertex  3.122930e+01  1.984588e+01  1.500000e+00
     vertex  3.116936e+01  1.978553e+01  0.000000e+00
     vertex  3.116936e+01  1.978553e+01  1.500000e+00
   endloop
 endfacet
 facet normal -7.285929e-01  6.849470e-01  0.000000e+00
   outer loop
     vertex  3.128755e+01  1.990785e+01  1.500000e+00
     vertex  3.128755e+01  1.990785e+01  0.000000e+00
     vertex  3.122930e+01  1.984588e+01  0.000000e+00
   endloop
 endfacet
 facet normal -7.285929e-01  6.849470e-01  0.000000e+00
   outer loop
     vertex  3.128755e+01  1.990785e+01  1.500000e+00
     vertex  3.122930e+01  1.984588e+01  0.000000e+00
     vertex  3.122930e+01  1.984588e+01  1.500000e+00
   endloop
 endfacet
 facet normal -7.471095e-01  6.647010e-01  0.000000e+00
   outer loop
     vertex  3.134409e+01  1.997139e+01  1.500000e+00
     vertex  3.134409e+01  1.997139e+01  0.000000e+00
     vertex  3.128755e+01  1.990785e+01  0.000000e+00
   endloop
 endfacet
 facet normal -7.471095e-01  6.647010e-01  0.000000e+00
   outer loop
     vertex  3.134409e+01  1.997139e+01  1.500000e+00
     vertex  3.128755e+01  1.990785e+01  0.000000e+00
     vertex  3.128755e+01  1.990785e+01  1.500000e+00
   endloop
 endfacet
 facet normal -7.650637e-01  6.439545e-01  0.000000e+00
   outer loop
     vertex  3.139886e+01  2.003646e+01  1.500000e+00
     vertex  3.139886e+01  2.003646e+01  0.000000e+00
     vertex  3.134409e+01  1.997139e+01  0.000000e+00
   endloop
 endfacet
 facet normal -7.650637e-01  6.439545e-01  0.000000e+00
   outer loop
     vertex  3.139886e+01  2.003646e+01  1.500000e+00
     vertex  3.134409e+01  1.997139e+01  0.000000e+00
     vertex  3.134409e+01  1.997139e+01  1.500000e+00
   endloop
 endfacet
 facet normal -7.824421e-01  6.227234e-01  0.000000e+00
   outer loop
     vertex  3.145182e+01  2.010301e+01  1.500000e+00
     vertex  3.145182e+01  2.010301e+01  0.000000e+00
     vertex  3.139886e+01  2.003646e+01  0.000000e+00
   endloop
 endfacet
 facet normal -7.824421e-01  6.227234e-01  0.000000e+00
   outer loop
     vertex  3.145182e+01  2.010301e+01  1.500000e+00
     vertex  3.139886e+01  2.003646e+01  0.000000e+00
     vertex  3.139886e+01  2.003646e+01  1.500000e+00
   endloop
 endfacet
 facet normal -7.992314e-01  6.010234e-01  0.000000e+00
   outer loop
     vertex  3.150294e+01  2.017099e+01  1.500000e+00
     vertex  3.150294e+01  2.017099e+01  0.000000e+00
     vertex  3.145182e+01  2.010301e+01  0.000000e+00
   endloop
 endfacet
 facet normal -7.992314e-01  6.010234e-01  0.000000e+00
   outer loop
     vertex  3.150294e+01  2.017099e+01  1.500000e+00
     vertex  3.145182e+01  2.010301e+01  0.000000e+00
     vertex  3.145182e+01  2.010301e+01  1.500000e+00
   endloop
 endfacet
 facet normal -8.154191e-01  5.788711e-01  0.000000e+00
   outer loop
     vertex  3.155218e+01  2.024035e+01  1.500000e+00
     vertex  3.155218e+01  2.024035e+01  0.000000e+00
     vertex  3.150294e+01  2.017099e+01  0.000000e+00
   endloop
 endfacet
 facet normal -8.309929e-01  5.562829e-01  0.000000e+00
   outer loop
     vertex  3.155218e+01  2.024035e+01  1.500000e+00
     vertex  3.159949e+01  2.031102e+01  0.000000e+00
     vertex  3.155218e+01  2.024035e+01  0.000000e+00
   endloop
 endfacet
 facet normal -8.154191e-01  5.788711e-01  0.000000e+00
   outer loop
     vertex  3.155218e+01  2.024035e+01  1.500000e+00
     vertex  3.150294e+01  2.017099e+01  0.000000e+00
     vertex  3.150294e+01  2.017099e+01  1.500000e+00
   endloop
 endfacet
 facet normal -8.309929e-01  5.562829e-01  0.000000e+00
   outer loop
     vertex  3.159949e+01  2.031102e+01  1.500000e+00
     vertex  3.159949e+01  2.031102e+01  0.000000e+00
     vertex  3.155218e+01  2.024035e+01  1.500000e+00
   endloop
 endfacet
 facet normal -8.459413e-01  5.332761e-01  0.000000e+00
   outer loop
     vertex  3.164485e+01  2.038297e+01  1.500000e+00
     vertex  3.164485e+01  2.038297e+01  0.000000e+00
     vertex  3.159949e+01  2.031102e+01  0.000000e+00
   endloop
 endfacet
 facet normal -8.602528e-01  5.098678e-01  0.000000e+00
   outer loop
     vertex  3.164485e+01  2.038297e+01  1.500000e+00
     vertex  3.168822e+01  2.045614e+01  0.000000e+00
     vertex  3.164485e+01  2.038297e+01  0.000000e+00
   endloop
 endfacet
 facet normal -8.459413e-01  5.332761e-01  0.000000e+00
   outer loop
     vertex  3.164485e+01  2.038297e+01  1.500000e+00
     vertex  3.159949e+01  2.031102e+01  0.000000e+00
     vertex  3.159949e+01  2.031102e+01  1.500000e+00
   endloop
 endfacet
 facet normal -8.602528e-01  5.098678e-01  0.000000e+00
   outer loop
     vertex  3.168822e+01  2.045614e+01  1.500000e+00
     vertex  3.168822e+01  2.045614e+01  0.000000e+00
     vertex  3.164485e+01  2.038297e+01  1.500000e+00
   endloop
 endfacet
 facet normal -8.739167e-01  4.860756e-01  0.000000e+00
   outer loop
     vertex  3.172956e+01  2.053047e+01  1.500000e+00
     vertex  3.172956e+01  2.053047e+01  0.000000e+00
     vertex  3.168822e+01  2.045614e+01  0.000000e+00
   endloop
 endfacet
 facet normal -8.739167e-01  4.860756e-01  0.000000e+00
   outer loop
     vertex  3.172956e+01  2.053047e+01  1.500000e+00
     vertex  3.168822e+01  2.045614e+01  0.000000e+00
     vertex  3.168822e+01  2.045614e+01  1.500000e+00
   endloop
 endfacet
 facet normal -8.869228e-01  4.619176e-01  0.000000e+00
   outer loop
     vertex  3.176885e+01  2.060591e+01  1.500000e+00
     vertex  3.172956e+01  2.053047e+01  0.000000e+00
     vertex  3.172956e+01  2.053047e+01  1.500000e+00
   endloop
 endfacet
 facet normal -8.869228e-01  4.619176e-01  0.000000e+00
   outer loop
     vertex  3.176885e+01  2.060591e+01  1.500000e+00
     vertex  3.176885e+01  2.060591e+01  0.000000e+00
     vertex  3.172956e+01  2.053047e+01  0.000000e+00
   endloop
 endfacet
 facet normal -8.992613e-01  4.374119e-01  0.000000e+00
   outer loop
     vertex  3.176885e+01  2.060591e+01  1.500000e+00
     vertex  3.180605e+01  2.068239e+01  0.000000e+00
     vertex  3.176885e+01  2.060591e+01  0.000000e+00
   endloop
 endfacet
 facet normal -8.992613e-01  4.374119e-01  0.000000e+00
   outer loop
     vertex  3.180605e+01  2.068239e+01  1.500000e+00
     vertex  3.180605e+01  2.068239e+01  0.000000e+00
     vertex  3.176885e+01  2.060591e+01  1.500000e+00
   endloop
 endfacet
 facet normal -9.109228e-01  4.125769e-01  0.000000e+00
   outer loop
     vertex  3.184114e+01  2.075987e+01  1.500000e+00
     vertex  3.180605e+01  2.068239e+01  0.000000e+00
     vertex  3.180605e+01  2.068239e+01  1.500000e+00
   endloop
 endfacet
 facet normal -9.109228e-01  4.125769e-01  0.000000e+00
   outer loop
     vertex  3.184114e+01  2.075987e+01  1.500000e+00
     vertex  3.184114e+01  2.075987e+01  0.000000e+00
     vertex  3.180605e+01  2.068239e+01  0.000000e+00
   endloop
 endfacet
 facet normal -9.218986e-01  3.874313e-01  0.000000e+00
   outer loop
     vertex  3.187409e+01  2.083828e+01  1.500000e+00
     vertex  3.184114e+01  2.075987e+01  0.000000e+00
     vertex  3.184114e+01  2.075987e+01  1.500000e+00
   endloop
 endfacet
 facet normal -9.218986e-01  3.874313e-01  0.000000e+00
   outer loop
     vertex  3.187409e+01  2.083828e+01  1.500000e+00
     vertex  3.187409e+01  2.083828e+01  0.000000e+00
     vertex  3.184114e+01  2.075987e+01  0.000000e+00
   endloop
 endfacet
 facet normal -9.321804e-01  3.619940e-01  0.000000e+00
   outer loop
     vertex  3.190488e+01  2.091757e+01  1.500000e+00
     vertex  3.187409e+01  2.083828e+01  0.000000e+00
     vertex  3.187409e+01  2.083828e+01  1.500000e+00
   endloop
 endfacet
 facet normal -9.321804e-01  3.619940e-01  0.000000e+00
   outer loop
     vertex  3.190488e+01  2.091757e+01  1.500000e+00
     vertex  3.190488e+01  2.091757e+01  0.000000e+00
     vertex  3.187409e+01  2.083828e+01  0.000000e+00
   endloop
 endfacet
 facet normal -9.417605e-01  3.362843e-01  0.000000e+00
   outer loop
     vertex  3.193348e+01  2.099767e+01  1.500000e+00
     vertex  3.190488e+01  2.091757e+01  0.000000e+00
     vertex  3.190488e+01  2.091757e+01  1.500000e+00
   endloop
 endfacet
 facet normal -9.417605e-01  3.362843e-01  0.000000e+00
   outer loop
     vertex  3.193348e+01  2.099767e+01  1.500000e+00
     vertex  3.193348e+01  2.099767e+01  0.000000e+00
     vertex  3.190488e+01  2.091757e+01  0.000000e+00
   endloop
 endfacet
 facet normal -9.506317e-01  3.103214e-01  0.000000e+00
   outer loop
     vertex  3.195988e+01  2.107852e+01  1.500000e+00
     vertex  3.193348e+01  2.099767e+01  0.000000e+00
     vertex  3.193348e+01  2.099767e+01  1.500000e+00
   endloop
 endfacet
 facet normal -9.506317e-01  3.103214e-01  0.000000e+00
   outer loop
     vertex  3.195988e+01  2.107852e+01  1.500000e+00
     vertex  3.195988e+01  2.107852e+01  0.000000e+00
     vertex  3.193348e+01  2.099767e+01  0.000000e+00
   endloop
 endfacet
 facet normal -9.587873e-01  2.841250e-01  0.000000e+00
   outer loop
     vertex  3.195988e+01  2.107852e+01  1.500000e+00
     vertex  3.198404e+01  2.116007e+01  0.000000e+00
     vertex  3.195988e+01  2.107852e+01  0.000000e+00
   endloop
 endfacet
 facet normal -9.587873e-01  2.841250e-01  0.000000e+00
   outer loop
     vertex  3.198404e+01  2.116007e+01  1.500000e+00
     vertex  3.198404e+01  2.116007e+01  0.000000e+00
     vertex  3.195988e+01  2.107852e+01  1.500000e+00
   endloop
 endfacet
 facet normal -9.662211e-01  2.577146e-01  0.000000e+00
   outer loop
     vertex  3.200596e+01  2.124225e+01  1.500000e+00
     vertex  3.198404e+01  2.116007e+01  0.000000e+00
     vertex  3.198404e+01  2.116007e+01  1.500000e+00
   endloop
 endfacet
 facet normal -9.662211e-01  2.577146e-01  0.000000e+00
   outer loop
     vertex  3.200596e+01  2.124225e+01  1.500000e+00
     vertex  3.200596e+01  2.124225e+01  0.000000e+00
     vertex  3.198404e+01  2.116007e+01  0.000000e+00
   endloop
 endfacet
 facet normal -9.729276e-01  2.311102e-01  0.000000e+00
   outer loop
     vertex  3.202562e+01  2.132500e+01  1.500000e+00
     vertex  3.200596e+01  2.124225e+01  0.000000e+00
     vertex  3.200596e+01  2.124225e+01  1.500000e+00
   endloop
 endfacet
 facet normal -9.729276e-01  2.311102e-01  0.000000e+00
   outer loop
     vertex  3.202562e+01  2.132500e+01  1.500000e+00
     vertex  3.202562e+01  2.132500e+01  0.000000e+00
     vertex  3.200596e+01  2.124225e+01  0.000000e+00
   endloop
 endfacet
 facet normal -9.789017e-01  2.043319e-01  0.000000e+00
   outer loop
     vertex  3.204300e+01  2.140826e+01  1.500000e+00
     vertex  3.202562e+01  2.132500e+01  0.000000e+00
     vertex  3.202562e+01  2.132500e+01  1.500000e+00
   endloop
 endfacet
 facet normal -9.789017e-01  2.043319e-01  0.000000e+00
   outer loop
     vertex  3.204300e+01  2.140826e+01  1.500000e+00
     vertex  3.204300e+01  2.140826e+01  0.000000e+00
     vertex  3.202562e+01  2.132500e+01  0.000000e+00
   endloop
 endfacet
 facet normal -9.841389e-01  1.773998e-01  0.000000e+00
   outer loop
     vertex  3.205809e+01  2.149196e+01  1.500000e+00
     vertex  3.204300e+01  2.140826e+01  0.000000e+00
     vertex  3.204300e+01  2.140826e+01  1.500000e+00
   endloop
 endfacet
 facet normal -9.841389e-01  1.773998e-01  0.000000e+00
   outer loop
     vertex  3.205809e+01  2.149196e+01  1.500000e+00
     vertex  3.205809e+01  2.149196e+01  0.000000e+00
     vertex  3.204300e+01  2.140826e+01  0.000000e+00
   endloop
 endfacet
 facet normal -9.886353e-01  1.503341e-01  0.000000e+00
   outer loop
     vertex  3.207087e+01  2.157605e+01  1.500000e+00
     vertex  3.205809e+01  2.149196e+01  0.000000e+00
     vertex  3.205809e+01  2.149196e+01  1.500000e+00
   endloop
 endfacet
 facet normal -9.886353e-01  1.503341e-01  0.000000e+00
   outer loop
     vertex  3.207087e+01  2.157605e+01  1.500000e+00
     vertex  3.207087e+01  2.157605e+01  0.000000e+00
     vertex  3.205809e+01  2.149196e+01  0.000000e+00
   endloop
 endfacet
 facet normal -9.923874e-01  1.231552e-01  0.000000e+00
   outer loop
     vertex  3.207087e+01  2.157605e+01  1.500000e+00
     vertex  3.208135e+01  2.166046e+01  0.000000e+00
     vertex  3.207087e+01  2.157605e+01  0.000000e+00
   endloop
 endfacet
 facet normal -9.923874e-01  1.231552e-01  0.000000e+00
   outer loop
     vertex  3.208135e+01  2.166046e+01  1.500000e+00
     vertex  3.208135e+01  2.166046e+01  0.000000e+00
     vertex  3.207087e+01  2.157605e+01  1.500000e+00
   endloop
 endfacet
 facet normal -9.953925e-01  9.588368e-02  0.000000e+00
   outer loop
     vertex  3.208950e+01  2.174512e+01  1.500000e+00
     vertex  3.208950e+01  2.174512e+01  0.000000e+00
     vertex  3.208135e+01  2.166046e+01  0.000000e+00
   endloop
 endfacet
 facet normal -9.976484e-01  6.853995e-02  0.000000e+00
   outer loop
     vertex  3.208950e+01  2.174512e+01  1.500000e+00
     vertex  3.209533e+01  2.182997e+01  0.000000e+00
     vertex  3.208950e+01  2.174512e+01  0.000000e+00
   endloop
 endfacet
 facet normal -9.953925e-01  9.588368e-02  0.000000e+00
   outer loop
     vertex  3.208950e+01  2.174512e+01  1.500000e+00
     vertex  3.208135e+01  2.166046e+01  0.000000e+00
     vertex  3.208135e+01  2.166046e+01  1.500000e+00
   endloop
 endfacet
 facet normal -9.976484e-01  6.853995e-02  0.000000e+00
   outer loop
     vertex  3.209533e+01  2.182997e+01  1.500000e+00
     vertex  3.209533e+01  2.182997e+01  0.000000e+00
     vertex  3.208950e+01  2.174512e+01  1.500000e+00
   endloop
 endfacet
 facet normal -9.991532e-01  4.114462e-02  0.000000e+00
   outer loop
     vertex  3.209883e+01  2.191495e+01  1.500000e+00
     vertex  3.209883e+01  2.191495e+01  0.000000e+00
     vertex  3.209533e+01  2.182997e+01  0.000000e+00
   endloop
 endfacet
 facet normal -9.991532e-01  4.114462e-02  0.000000e+00
   outer loop
     vertex  3.209883e+01  2.191495e+01  1.500000e+00
     vertex  3.209533e+01  2.182997e+01  0.000000e+00
     vertex  3.209533e+01  2.182997e+01  1.500000e+00
   endloop
 endfacet
 facet normal -9.999059e-01  1.371831e-02  0.000000e+00
   outer loop
     vertex  3.210000e+01  2.200000e+01  1.500000e+00
     vertex  3.210000e+01  2.200000e+01  0.000000e+00
     vertex  3.209883e+01  2.191495e+01  0.000000e+00
   endloop
 endfacet
 facet normal -9.999059e-01  1.371831e-02  0.000000e+00
   outer loop
     vertex  3.210000e+01  2.200000e+01  1.500000e+00
     vertex  3.209883e+01  2.191495e+01  0.000000e+00
     vertex  3.209883e+01  2.191495e+01  1.500000e+00
   endloop
 endfacet
 facet normal -9.999059e-01 -1.371831e-02  0.000000e+00
   outer loop
     vertex  5.119880e+01  2.208779e+01  1.500000e+00
     vertex  5.120000e+01  2.200000e+01  0.000000e+00
     vertex  5.120000e+01  2.200000e+01  1.500000e+00
   endloop
 endfacet
 facet normal -9.999059e-01 -1.371831e-02 -0.000000e+00
   outer loop
     vertex  5.119880e+01  2.208779e+01  1.500000e+00
     vertex  5.119880e+01  2.208779e+01  0.000000e+00
     vertex  5.120000e+01  2.200000e+01  0.000000e+00
   endloop
 endfacet
 facet normal -9.991532e-01 -4.114462e-02 -0.000000e+00
   outer loop
     vertex  5.119518e+01  2.217551e+01  1.500000e+00
     vertex  5.119518e+01  2.217551e+01  0.000000e+00
     vertex  5.119880e+01  2.208779e+01  0.000000e+00
   endloop
 endfacet
 facet normal -9.991532e-01 -4.114462e-02  0.000000e+00
   outer loop
     vertex  5.119518e+01  2.217551e+01  1.500000e+00
     vertex  5.119880e+01  2.208779e+01  0.000000e+00
     vertex  5.119880e+01  2.208779e+01  1.500000e+00
   endloop
 endfacet
 facet normal -9.976484e-01 -6.853995e-02 -0.000000e+00
   outer loop
     vertex  5.118917e+01  2.226310e+01  1.500000e+00
     vertex  5.118917e+01  2.226310e+01  0.000000e+00
     vertex  5.119518e+01  2.217551e+01  0.000000e+00
   endloop
 endfacet
 facet normal -9.976484e-01 -6.853995e-02  0.000000e+00
   outer loop
     vertex  5.118917e+01  2.226310e+01  1.500000e+00
     vertex  5.119518e+01  2.217551e+01  0.000000e+00
     vertex  5.119518e+01  2.217551e+01  1.500000e+00
   endloop
 endfacet
 facet normal -9.953925e-01 -9.588368e-02 -0.000000e+00
   outer loop
     vertex  5.118075e+01  2.235050e+01  1.500000e+00
     vertex  5.118075e+01  2.235050e+01  0.000000e+00
     vertex  5.118917e+01  2.226310e+01  0.000000e+00
   endloop
 endfacet
 facet normal -9.953925e-01 -9.588368e-02  0.000000e+00
   outer loop
     vertex  5.118075e+01  2.235050e+01  1.500000e+00
     vertex  5.118917e+01  2.226310e+01  0.000000e+00
     vertex  5.118917e+01  2.226310e+01  1.500000e+00
   endloop
 endfacet
 facet normal -9.923874e-01 -1.231552e-01 -0.000000e+00
   outer loop
     vertex  5.116993e+01  2.243762e+01  1.500000e+00
     vertex  5.116993e+01  2.243762e+01  0.000000e+00
     vertex  5.118075e+01  2.235050e+01  0.000000e+00
   endloop
 endfacet
 facet normal -9.923874e-01 -1.231552e-01  0.000000e+00
   outer loop
     vertex  5.116993e+01  2.243762e+01  1.500000e+00
     vertex  5.118075e+01  2.235050e+01  0.000000e+00
     vertex  5.118075e+01  2.235050e+01  1.500000e+00
   endloop
 endfacet
 facet normal -9.886353e-01 -1.503341e-01 -0.000000e+00
   outer loop
     vertex  5.115674e+01  2.252442e+01  1.500000e+00
     vertex  5.115674e+01  2.252442e+01  0.000000e+00
     vertex  5.116993e+01  2.243762e+01  0.000000e+00
   endloop
 endfacet
 facet normal -9.841389e-01 -1.773998e-01 -0.000000e+00
   outer loop
     vertex  5.115674e+01  2.252442e+01  1.500000e+00
     vertex  5.114116e+01  2.261083e+01  0.000000e+00
     vertex  5.115674e+01  2.252442e+01  0.000000e+00
   endloop
 endfacet
 facet normal -9.886353e-01 -1.503341e-01  0.000000e+00
   outer loop
     vertex  5.115674e+01  2.252442e+01  1.500000e+00
     vertex  5.116993e+01  2.243762e+01  0.000000e+00
     vertex  5.116993e+01  2.243762e+01  1.500000e+00
   endloop
 endfacet
 facet normal -9.841389e-01 -1.773998e-01 -0.000000e+00
   outer loop
     vertex  5.114116e+01  2.261083e+01  1.500000e+00
     vertex  5.114116e+01  2.261083e+01  0.000000e+00
     vertex  5.115674e+01  2.252442e+01  1.500000e+00
   endloop
 endfacet
 facet normal -9.789017e-01 -2.043319e-01 -0.000000e+00
   outer loop
     vertex  5.112322e+01  2.269677e+01  1.500000e+00
     vertex  5.112322e+01  2.269677e+01  0.000000e+00
     vertex  5.114116e+01  2.261083e+01  0.000000e+00
   endloop
 endfacet
 facet normal -9.789017e-01 -2.043319e-01  0.000000e+00
   outer loop
     vertex  5.112322e+01  2.269677e+01  1.500000e+00
     vertex  5.114116e+01  2.261083e+01  0.000000e+00
     vertex  5.114116e+01  2.261083e+01  1.500000e+00
   endloop
 endfacet
 facet normal -9.729276e-01 -2.311102e-01 -0.000000e+00
   outer loop
     vertex  5.110293e+01  2.278219e+01  1.500000e+00
     vertex  5.110293e+01  2.278219e+01  0.000000e+00
     vertex  5.112322e+01  2.269677e+01  0.000000e+00
   endloop
 endfacet
 facet normal -9.729276e-01 -2.311102e-01  0.000000e+00
   outer loop
     vertex  5.110293e+01  2.278219e+01  1.500000e+00
     vertex  5.112322e+01  2.269677e+01  0.000000e+00
     vertex  5.112322e+01  2.269677e+01  1.500000e+00
   endloop
 endfacet
 facet normal -9.662211e-01 -2.577146e-01  0.000000e+00
   outer loop
     vertex  5.108030e+01  2.286702e+01  1.500000e+00
     vertex  5.110293e+01  2.278219e+01  0.000000e+00
     vertex  5.110293e+01  2.278219e+01  1.500000e+00
   endloop
 endfacet
 facet normal -9.662211e-01 -2.577146e-01 -0.000000e+00
   outer loop
     vertex  5.108030e+01  2.286702e+01  1.500000e+00
     vertex  5.108030e+01  2.286702e+01  0.000000e+00
     vertex  5.110293e+01  2.278219e+01  0.000000e+00
   endloop
 endfacet
 facet normal -9.587873e-01 -2.841250e-01 -0.000000e+00
   outer loop
     vertex  5.108030e+01  2.286702e+01  1.500000e+00
     vertex  5.105536e+01  2.295120e+01  0.000000e+00
     vertex  5.108030e+01  2.286702e+01  0.000000e+00
   endloop
 endfacet
 facet normal -9.587873e-01 -2.841250e-01 -0.000000e+00
   outer loop
     vertex  5.105536e+01  2.295120e+01  1.500000e+00
     vertex  5.105536e+01  2.295120e+01  0.000000e+00
     vertex  5.108030e+01  2.286702e+01  1.500000e+00
   endloop
 endfacet
 facet normal -9.506317e-01 -3.103214e-01 -0.000000e+00
   outer loop
     vertex  5.105536e+01  2.295120e+01  1.500000e+00
     vertex  5.102811e+01  2.303467e+01  0.000000e+00
     vertex  5.105536e+01  2.295120e+01  0.000000e+00
   endloop
 endfacet
 facet normal -9.506317e-01 -3.103214e-01 -0.000000e+00
   outer loop
     vertex  5.102811e+01  2.303467e+01  1.500000e+00
     vertex  5.102811e+01  2.303467e+01  0.000000e+00
     vertex  5.105536e+01  2.295120e+01  1.500000e+00
   endloop
 endfacet
 facet normal -9.417605e-01 -3.362843e-01 -0.000000e+00
   outer loop
     vertex  5.102811e+01  2.303467e+01  1.500000e+00
     vertex  5.099859e+01  2.311735e+01  0.000000e+00
     vertex  5.102811e+01  2.303467e+01  0.000000e+00
   endloop
 endfacet
 facet normal -9.417605e-01 -3.362843e-01 -0.000000e+00
   outer loop
     vertex  5.099859e+01  2.311735e+01  1.500000e+00
     vertex  5.099859e+01  2.311735e+01  0.000000e+00
     vertex  5.102811e+01  2.303467e+01  1.500000e+00
   endloop
 endfacet
 facet normal -9.321804e-01 -3.619940e-01  0.000000e+00
   outer loop
     vertex  5.096681e+01  2.319919e+01  1.500000e+00
     vertex  5.099859e+01  2.311735e+01  0.000000e+00
     vertex  5.099859e+01  2.311735e+01  1.500000e+00
   endloop
 endfacet
 facet normal -9.321804e-01 -3.619940e-01 -0.000000e+00
   outer loop
     vertex  5.096681e+01  2.319919e+01  1.500000e+00
     vertex  5.096681e+01  2.319919e+01  0.000000e+00
     vertex  5.099859e+01  2.311735e+01  0.000000e+00
   endloop
 endfacet
 facet normal -9.218986e-01 -3.874313e-01  0.000000e+00
   outer loop
     vertex  5.093279e+01  2.328013e+01  1.500000e+00
     vertex  5.096681e+01  2.319919e+01  0.000000e+00
     vertex  5.096681e+01  2.319919e+01  1.500000e+00
   endloop
 endfacet
 facet normal -9.218986e-01 -3.874313e-01 -0.000000e+00
   outer loop
     vertex  5.093279e+01  2.328013e+01  1.500000e+00
     vertex  5.093279e+01  2.328013e+01  0.000000e+00
     vertex  5.096681e+01  2.319919e+01  0.000000e+00
   endloop
 endfacet
 facet normal -9.109228e-01 -4.125769e-01  0.000000e+00
   outer loop
     vertex  5.089657e+01  2.336011e+01  1.500000e+00
     vertex  5.093279e+01  2.328013e+01  0.000000e+00
     vertex  5.093279e+01  2.328013e+01  1.500000e+00
   endloop
 endfacet
 facet normal -9.109228e-01 -4.125769e-01 -0.000000e+00
   outer loop
     vertex  5.089657e+01  2.336011e+01  1.500000e+00
     vertex  5.089657e+01  2.336011e+01  0.000000e+00
     vertex  5.093279e+01  2.328013e+01  0.000000e+00
   endloop
 endfacet
 facet normal -8.992613e-01 -4.374119e-01  0.000000e+00
   outer loop
     vertex  5.085816e+01  2.343906e+01  1.500000e+00
     vertex  5.089657e+01  2.336011e+01  0.000000e+00
     vertex  5.089657e+01  2.336011e+01  1.500000e+00
   endloop
 endfacet
 facet normal -8.992613e-01 -4.374119e-01 -0.000000e+00
   outer loop
     vertex  5.085816e+01  2.343906e+01  1.500000e+00
     vertex  5.085816e+01  2.343906e+01  0.000000e+00
     vertex  5.089657e+01  2.336011e+01  0.000000e+00
   endloop
 endfacet
 facet normal -8.869228e-01 -4.619176e-01  0.000000e+00
   outer loop
     vertex  5.081761e+01  2.351693e+01  1.500000e+00
     vertex  5.085816e+01  2.343906e+01  0.000000e+00
     vertex  5.085816e+01  2.343906e+01  1.500000e+00
   endloop
 endfacet
 facet normal -8.869228e-01 -4.619176e-01 -0.000000e+00
   outer loop
     vertex  5.081761e+01  2.351693e+01  1.500000e+00
     vertex  5.081761e+01  2.351693e+01  0.000000e+00
     vertex  5.085816e+01  2.343906e+01  0.000000e+00
   endloop
 endfacet
 facet normal -8.739167e-01 -4.860756e-01  0.000000e+00
   outer loop
     vertex  5.077493e+01  2.359366e+01  1.500000e+00
     vertex  5.081761e+01  2.351693e+01  0.000000e+00
     vertex  5.081761e+01  2.351693e+01  1.500000e+00
   endloop
 endfacet
 facet normal -8.739167e-01 -4.860756e-01 -0.000000e+00
   outer loop
     vertex  5.077493e+01  2.359366e+01  1.500000e+00
     vertex  5.077493e+01  2.359366e+01  0.000000e+00
     vertex  5.081761e+01  2.351693e+01  0.000000e+00
   endloop
 endfacet
 facet normal -8.602528e-01 -5.098678e-01  0.000000e+00
   outer loop
     vertex  5.073017e+01  2.366919e+01  1.500000e+00
     vertex  5.077493e+01  2.359366e+01  0.000000e+00
     vertex  5.077493e+01  2.359366e+01  1.500000e+00
   endloop
 endfacet
 facet normal -8.602528e-01 -5.098678e-01 -0.000000e+00
   outer loop
     vertex  5.073017e+01  2.366919e+01  1.500000e+00
     vertex  5.073017e+01  2.366919e+01  0.000000e+00
     vertex  5.077493e+01  2.359366e+01  0.000000e+00
   endloop
 endfacet
 facet normal -8.459413e-01 -5.332761e-01  0.000000e+00
   outer loop
     vertex  5.068335e+01  2.374346e+01  1.500000e+00
     vertex  5.073017e+01  2.366919e+01  0.000000e+00
     vertex  5.073017e+01  2.366919e+01  1.500000e+00
   endloop
 endfacet
 facet normal -8.459413e-01 -5.332761e-01 -0.000000e+00
   outer loop
     vertex  5.068335e+01  2.374346e+01  1.500000e+00
     vertex  5.068335e+01  2.374346e+01  0.000000e+00
     vertex  5.073017e+01  2.366919e+01  0.000000e+00
   endloop
 endfacet
 facet normal -8.309929e-01 -5.562829e-01 -0.000000e+00
   outer loop
     vertex  5.063451e+01  2.381642e+01  1.500000e+00
     vertex  5.063451e+01  2.381642e+01  0.000000e+00
     vertex  5.068335e+01  2.374346e+01  0.000000e+00
   endloop
 endfacet
 facet normal -8.309929e-01 -5.562829e-01  0.000000e+00
   outer loop
     vertex  5.063451e+01  2.381642e+01  1.500000e+00
     vertex  5.068335e+01  2.374346e+01  0.000000e+00
     vertex  5.068335e+01  2.374346e+01  1.500000e+00
   endloop
 endfacet
 facet normal -8.154191e-01 -5.788711e-01 -0.000000e+00
   outer loop
     vertex  5.058368e+01  2.388801e+01  1.500000e+00
     vertex  5.058368e+01  2.388801e+01  0.000000e+00
     vertex  5.063451e+01  2.381642e+01  0.000000e+00
   endloop
 endfacet
 facet normal -8.154191e-01 -5.788711e-01  0.000000e+00
   outer loop
     vertex  5.058368e+01  2.388801e+01  1.500000e+00
     vertex  5.063451e+01  2.381642e+01  0.000000e+00
     vertex  5.063451e+01  2.381642e+01  1.500000e+00
   endloop
 endfacet
 facet normal -7.992314e-01 -6.010234e-01 -0.000000e+00
   outer loop
     vertex  5.053092e+01  2.395818e+01  1.500000e+00
     vertex  5.053092e+01  2.395818e+01  0.000000e+00
     vertex  5.058368e+01  2.388801e+01  0.000000e+00
   endloop
 endfacet
 facet normal -7.992314e-01 -6.010234e-01  0.000000e+00
   outer loop
     vertex  5.053092e+01  2.395818e+01  1.500000e+00
     vertex  5.058368e+01  2.388801e+01  0.000000e+00
     vertex  5.058368e+01  2.388801e+01  1.500000e+00
   endloop
 endfacet
 facet normal -7.824421e-01 -6.227234e-01 -0.000000e+00
   outer loop
     vertex  5.047624e+01  2.402688e+01  1.500000e+00
     vertex  5.047624e+01  2.402688e+01  0.000000e+00
     vertex  5.053092e+01  2.395818e+01  0.000000e+00
   endloop
 endfacet
 facet normal -7.824421e-01 -6.227234e-01  0.000000e+00
   outer loop
     vertex  5.047624e+01  2.402688e+01  1.500000e+00
     vertex  5.053092e+01  2.395818e+01  0.000000e+00
     vertex  5.053092e+01  2.395818e+01  1.500000e+00
   endloop
 endfacet
 facet normal -7.650637e-01 -6.439545e-01 -0.000000e+00
   outer loop
     vertex  5.041970e+01  2.409405e+01  1.500000e+00
     vertex  5.041970e+01  2.409405e+01  0.000000e+00
     vertex  5.047624e+01  2.402688e+01  0.000000e+00
   endloop
 endfacet
 facet normal -7.650637e-01 -6.439545e-01  0.000000e+00
   outer loop
     vertex  5.041970e+01  2.409405e+01  1.500000e+00
     vertex  5.047624e+01  2.402688e+01  0.000000e+00
     vertex  5.047624e+01  2.402688e+01  1.500000e+00
   endloop
 endfacet
 facet normal -7.471095e-01 -6.647010e-01 -0.000000e+00
   outer loop
     vertex  5.036135e+01  2.415964e+01  1.500000e+00
     vertex  5.036135e+01  2.415964e+01  0.000000e+00
     vertex  5.041970e+01  2.409405e+01  0.000000e+00
   endloop
 endfacet
 facet normal -7.285929e-01 -6.849470e-01 -0.000000e+00
   outer loop
     vertex  5.036135e+01  2.415964e+01  1.500000e+00
     vertex  5.030121e+01  2.422361e+01  0.000000e+00
     vertex  5.036135e+01  2.415964e+01  0.000000e+00
   endloop
 endfacet
 facet normal -7.471095e-01 -6.647010e-01  0.000000e+00
   outer loop
     vertex  5.036135e+01  2.415964e+01  1.500000e+00
     vertex  5.041970e+01  2.409405e+01  0.000000e+00
     vertex  5.041970e+01  2.409405e+01  1.500000e+00
   endloop
 endfacet
 facet normal -7.285929e-01 -6.849470e-01 -0.000000e+00
   outer loop
     vertex  5.030121e+01  2.422361e+01  1.500000e+00
     vertex  5.030121e+01  2.422361e+01  0.000000e+00
     vertex  5.036135e+01  2.415964e+01  1.500000e+00
   endloop
 endfacet
 facet normal -7.095278e-01 -7.046775e-01 -0.000000e+00
   outer loop
     vertex  5.023934e+01  2.428590e+01  1.500000e+00
     vertex  5.023934e+01  2.428590e+01  0.000000e+00
     vertex  5.030121e+01  2.422361e+01  0.000000e+00
   endloop
 endfacet
 facet normal -6.899286e-01 -7.238775e-01 -0.000000e+00
   outer loop
     vertex  5.023934e+01  2.428590e+01  1.500000e+00
     vertex  5.017579e+01  2.434648e+01  0.000000e+00
     vertex  5.023934e+01  2.428590e+01  0.000000e+00
   endloop
 endfacet
 facet normal -7.095278e-01 -7.046775e-01  0.000000e+00
   outer loop
     vertex  5.023934e+01  2.428590e+01  1.500000e+00
     vertex  5.030121e+01  2.422361e+01  0.000000e+00
     vertex  5.030121e+01  2.422361e+01  1.500000e+00
   endloop
 endfacet
 facet normal -6.899286e-01 -7.238775e-01 -0.000000e+00
   outer loop
     vertex  5.017579e+01  2.434648e+01  1.500000e+00
     vertex  5.017579e+01  2.434648e+01  0.000000e+00
     vertex  5.023934e+01  2.428590e+01  1.500000e+00
   endloop
 endfacet
 facet normal -6.698100e-01 -7.425325e-01 -0.000000e+00
   outer loop
     vertex  5.011059e+01  2.440528e+01  1.500000e+00
     vertex  5.011059e+01  2.440528e+01  0.000000e+00
     vertex  5.017579e+01  2.434648e+01  0.000000e+00
   endloop
 endfacet
 facet normal -6.698100e-01 -7.425325e-01  0.000000e+00
   outer loop
     vertex  5.011059e+01  2.440528e+01  1.500000e+00
     vertex  5.017579e+01  2.434648e+01  0.000000e+00
     vertex  5.017579e+01  2.434648e+01  1.500000e+00
   endloop
 endfacet
 facet normal -6.491872e-01 -7.606287e-01 -0.000000e+00
   outer loop
     vertex  5.004381e+01  2.446228e+01  1.500000e+00
     vertex  5.004381e+01  2.446228e+01  0.000000e+00
     vertex  5.011059e+01  2.440528e+01  0.000000e+00
   endloop
 endfacet
 facet normal -6.280757e-01 -7.781522e-01 -0.000000e+00
   outer loop
     vertex  5.004381e+01  2.446228e+01  1.500000e+00
     vertex  4.997549e+01  2.451742e+01  0.000000e+00
     vertex  5.004381e+01  2.446228e+01  0.000000e+00
   endloop
 endfacet
 facet normal -6.491872e-01 -7.606287e-01  0.000000e+00
   outer loop
     vertex  5.004381e+01  2.446228e+01  1.500000e+00
     vertex  5.011059e+01  2.440528e+01  0.000000e+00
     vertex  5.011059e+01  2.440528e+01  1.500000e+00
   endloop
 endfacet
 facet normal -6.064915e-01 -7.950900e-01 -0.000000e+00
   outer loop
     vertex  4.997549e+01  2.451742e+01  1.500000e+00
     vertex  4.990569e+01  2.457067e+01  0.000000e+00
     vertex  4.997549e+01  2.451742e+01  0.000000e+00
   endloop
 endfacet
 facet normal -6.280757e-01 -7.781522e-01 -0.000000e+00
   outer loop
     vertex  4.997549e+01  2.451742e+01  1.500000e+00
     vertex  4.997549e+01  2.451742e+01  0.000000e+00
     vertex  5.004381e+01  2.446228e+01  1.500000e+00
   endloop
 endfacet
 facet normal -6.064915e-01 -7.950900e-01 -0.000000e+00
   outer loop
     vertex  4.990569e+01  2.457067e+01  1.500000e+00
     vertex  4.990569e+01  2.457067e+01  0.000000e+00
     vertex  4.997549e+01  2.451742e+01  1.500000e+00
   endloop
 endfacet
 facet normal -5.844507e-01 -8.114292e-01  0.000000e+00
   outer loop
     vertex  4.983445e+01  2.462199e+01  1.500000e+00
     vertex  4.990569e+01  2.457067e+01  0.000000e+00
     vertex  4.990569e+01  2.457067e+01  1.500000e+00
   endloop
 endfacet
 facet normal -5.844507e-01 -8.114292e-01 -0.000000e+00
   outer loop
     vertex  4.983445e+01  2.462199e+01  1.500000e+00
     vertex  4.983445e+01  2.462199e+01  0.000000e+00
     vertex  4.990569e+01  2.457067e+01  0.000000e+00
   endloop
 endfacet
 facet normal -5.619699e-01 -8.271577e-01 -0.000000e+00
   outer loop
     vertex  4.976182e+01  2.467133e+01  1.500000e+00
     vertex  4.976182e+01  2.467133e+01  0.000000e+00
     vertex  4.983445e+01  2.462199e+01  0.000000e+00
   endloop
 endfacet
 facet normal -5.619699e-01 -8.271577e-01  0.000000e+00
   outer loop
     vertex  4.976182e+01  2.467133e+01  1.500000e+00
     vertex  4.983445e+01  2.462199e+01  0.000000e+00
     vertex  4.983445e+01  2.462199e+01  1.500000e+00
   endloop
 endfacet
 facet normal -5.390661e-01 -8.422635e-01  0.000000e+00
   outer loop
     vertex  4.968788e+01  2.471865e+01  1.500000e+00
     vertex  4.976182e+01  2.467133e+01  0.000000e+00
     vertex  4.976182e+01  2.467133e+01  1.500000e+00
   endloop
 endfacet
 facet normal -5.390661e-01 -8.422635e-01 -0.000000e+00
   outer loop
     vertex  4.968788e+01  2.471865e+01  1.500000e+00
     vertex  4.968788e+01  2.471865e+01  0.000000e+00
     vertex  4.976182e+01  2.467133e+01  0.000000e+00
   endloop
 endfacet
 facet normal -5.157565e-01 -8.567352e-01  0.000000e+00
   outer loop
     vertex  4.961266e+01  2.476394e+01  1.500000e+00
     vertex  4.968788e+01  2.471865e+01  0.000000e+00
     vertex  4.968788e+01  2.471865e+01  1.500000e+00
   endloop
 endfacet
 facet normal -5.157565e-01 -8.567352e-01 -0.000000e+00
   outer loop
     vertex  4.961266e+01  2.476394e+01  1.500000e+00
     vertex  4.961266e+01  2.476394e+01  0.000000e+00
     vertex  4.968788e+01  2.471865e+01  0.000000e+00
   endloop
 endfacet
 facet normal -4.920587e-01 -8.705620e-01  0.000000e+00
   outer loop
     vertex  4.953622e+01  2.480714e+01  1.500000e+00
     vertex  4.961266e+01  2.476394e+01  0.000000e+00
     vertex  4.961266e+01  2.476394e+01  1.500000e+00
   endloop
 endfacet
 facet normal -4.920587e-01 -8.705620e-01 -0.000000e+00
   outer loop
     vertex  4.953622e+01  2.480714e+01  1.500000e+00
     vertex  4.953622e+01  2.480714e+01  0.000000e+00
     vertex  4.961266e+01  2.476394e+01  0.000000e+00
   endloop
 endfacet
 facet normal -4.679904e-01 -8.837335e-01  0.000000e+00
   outer loop
     vertex  4.945863e+01  2.484823e+01  1.500000e+00
     vertex  4.953622e+01  2.480714e+01  0.000000e+00
     vertex  4.953622e+01  2.480714e+01  1.500000e+00
   endloop
 endfacet
 facet normal -4.679904e-01 -8.837335e-01 -0.000000e+00
   outer loop
     vertex  4.945863e+01  2.484823e+01  1.500000e+00
     vertex  4.945863e+01  2.484823e+01  0.000000e+00
     vertex  4.953622e+01  2.480714e+01  0.000000e+00
   endloop
 endfacet
 facet normal -4.435699e-01 -8.962398e-01  0.000000e+00
   outer loop
     vertex  4.937995e+01  2.488717e+01  1.500000e+00
     vertex  4.945863e+01  2.484823e+01  0.000000e+00
     vertex  4.945863e+01  2.484823e+01  1.500000e+00
   endloop
 endfacet
 facet normal -4.435699e-01 -8.962398e-01 -0.000000e+00
   outer loop
     vertex  4.937995e+01  2.488717e+01  1.500000e+00
     vertex  4.937995e+01  2.488717e+01  0.000000e+00
     vertex  4.945863e+01  2.484823e+01  0.000000e+00
   endloop
 endfacet
 facet normal -4.188155e-01 -9.080714e-01  0.000000e+00
   outer loop
     vertex  4.930022e+01  2.492394e+01  1.500000e+00
     vertex  4.937995e+01  2.488717e+01  0.000000e+00
     vertex  4.937995e+01  2.488717e+01  1.500000e+00
   endloop
 endfacet
 facet normal -4.188155e-01 -9.080714e-01 -0.000000e+00
   outer loop
     vertex  4.930022e+01  2.492394e+01  1.500000e+00
     vertex  4.930022e+01  2.492394e+01  0.000000e+00
     vertex  4.937995e+01  2.488717e+01  0.000000e+00
   endloop
 endfacet
 facet normal -3.937458e-01 -9.192194e-01  0.000000e+00
   outer loop
     vertex  4.921952e+01  2.495851e+01  1.500000e+00
     vertex  4.930022e+01  2.492394e+01  0.000000e+00
     vertex  4.930022e+01  2.492394e+01  1.500000e+00
   endloop
 endfacet
 facet normal -3.937458e-01 -9.192194e-01 -0.000000e+00
   outer loop
     vertex  4.921952e+01  2.495851e+01  1.500000e+00
     vertex  4.921952e+01  2.495851e+01  0.000000e+00
     vertex  4.930022e+01  2.492394e+01  0.000000e+00
   endloop
 endfacet
 facet normal -3.683796e-01 -9.296754e-01  0.000000e+00
   outer loop
     vertex  4.913789e+01  2.499085e+01  1.500000e+00
     vertex  4.921952e+01  2.495851e+01  0.000000e+00
     vertex  4.921952e+01  2.495851e+01  1.500000e+00
   endloop
 endfacet
 facet normal -3.683796e-01 -9.296754e-01 -0.000000e+00
   outer loop
     vertex  4.913789e+01  2.499085e+01  1.500000e+00
     vertex  4.913789e+01  2.499085e+01  0.000000e+00
     vertex  4.921952e+01  2.495851e+01  0.000000e+00
   endloop
 endfacet
 facet normal -3.427362e-01 -9.394317e-01 -0.000000e+00
   outer loop
     vertex  4.913789e+01  2.499085e+01  1.500000e+00
     vertex  4.905541e+01  2.502094e+01  0.000000e+00
     vertex  4.913789e+01  2.499085e+01  0.000000e+00
   endloop
 endfacet
 facet normal -3.427362e-01 -9.394317e-01 -0.000000e+00
   outer loop
     vertex  4.905541e+01  2.502094e+01  1.500000e+00
     vertex  4.905541e+01  2.502094e+01  0.000000e+00
     vertex  4.913789e+01  2.499085e+01  1.500000e+00
   endloop
 endfacet
 facet normal -3.168348e-01 -9.484807e-01  0.000000e+00
   outer loop
     vertex  4.897214e+01  2.504876e+01  1.500000e+00
     vertex  4.905541e+01  2.502094e+01  0.000000e+00
     vertex  4.905541e+01  2.502094e+01  1.500000e+00
   endloop
 endfacet
 facet normal -3.168348e-01 -9.484807e-01 -0.000000e+00
   outer loop
     vertex  4.897214e+01  2.504876e+01  1.500000e+00
     vertex  4.897214e+01  2.504876e+01  0.000000e+00
     vertex  4.905541e+01  2.502094e+01  0.000000e+00
   endloop
 endfacet
 facet normal -2.906949e-01 -9.568158e-01  0.000000e+00
   outer loop
     vertex  4.888813e+01  2.507428e+01  1.500000e+00
     vertex  4.897214e+01  2.504876e+01  0.000000e+00
     vertex  4.897214e+01  2.504876e+01  1.500000e+00
   endloop
 endfacet
 facet normal -2.906949e-01 -9.568158e-01 -0.000000e+00
   outer loop
     vertex  4.888813e+01  2.507428e+01  1.500000e+00
     vertex  4.888813e+01  2.507428e+01  0.000000e+00
     vertex  4.897214e+01  2.504876e+01  0.000000e+00
   endloop
 endfacet
 facet normal -2.643362e-01 -9.644306e-01  0.000000e+00
   outer loop
     vertex  4.880346e+01  2.509749e+01  1.500000e+00
     vertex  4.888813e+01  2.507428e+01  0.000000e+00
     vertex  4.888813e+01  2.507428e+01  1.500000e+00
   endloop
 endfacet
 facet normal -2.643362e-01 -9.644306e-01 -0.000000e+00
   outer loop
     vertex  4.880346e+01  2.509749e+01  1.500000e+00
     vertex  4.880346e+01  2.509749e+01  0.000000e+00
     vertex  4.888813e+01  2.507428e+01  0.000000e+00
   endloop
 endfacet
 facet normal -2.377784e-01 -9.713194e-01  0.000000e+00
   outer loop
     vertex  4.871818e+01  2.511837e+01  1.500000e+00
     vertex  4.880346e+01  2.509749e+01  0.000000e+00
     vertex  4.880346e+01  2.509749e+01  1.500000e+00
   endloop
 endfacet
 facet normal -2.377784e-01 -9.713194e-01 -0.000000e+00
   outer loop
     vertex  4.871818e+01  2.511837e+01  1.500000e+00
     vertex  4.871818e+01  2.511837e+01  0.000000e+00
     vertex  4.880346e+01  2.509749e+01  0.000000e+00
   endloop
 endfacet
 facet normal -2.110417e-01 -9.774771e-01  0.000000e+00
   outer loop
     vertex  4.863236e+01  2.513690e+01  1.500000e+00
     vertex  4.871818e+01  2.511837e+01  0.000000e+00
     vertex  4.871818e+01  2.511837e+01  1.500000e+00
   endloop
 endfacet
 facet normal -2.110417e-01 -9.774771e-01 -0.000000e+00
   outer loop
     vertex  4.863236e+01  2.513690e+01  1.500000e+00
     vertex  4.863236e+01  2.513690e+01  0.000000e+00
     vertex  4.871818e+01  2.511837e+01  0.000000e+00
   endloop
 endfacet
 facet normal -1.841461e-01 -9.828989e-01  0.000000e+00
   outer loop
     vertex  4.854606e+01  2.515306e+01  1.500000e+00
     vertex  4.863236e+01  2.513690e+01  0.000000e+00
     vertex  4.863236e+01  2.513690e+01  1.500000e+00
   endloop
 endfacet
 facet normal -1.841461e-01 -9.828989e-01 -0.000000e+00
   outer loop
     vertex  4.854606e+01  2.515306e+01  1.500000e+00
     vertex  4.854606e+01  2.515306e+01  0.000000e+00
     vertex  4.863236e+01  2.513690e+01  0.000000e+00
   endloop
 endfacet
 facet normal -1.571119e-01 -9.875808e-01 -0.000000e+00
   outer loop
     vertex  4.854606e+01  2.515306e+01  1.500000e+00
     vertex  4.845936e+01  2.516686e+01  0.000000e+00
     vertex  4.854606e+01  2.515306e+01  0.000000e+00
   endloop
 endfacet
 facet normal -1.571119e-01 -9.875808e-01 -0.000000e+00
   outer loop
     vertex  4.845936e+01  2.516686e+01  1.500000e+00
     vertex  4.845936e+01  2.516686e+01  0.000000e+00
     vertex  4.854606e+01  2.515306e+01  1.500000e+00
   endloop
 endfacet
 facet normal -1.299594e-01 -9.915193e-01 -0.000000e+00
   outer loop
     vertex  4.845936e+01  2.516686e+01  1.500000e+00
     vertex  4.837230e+01  2.517827e+01  0.000000e+00
     vertex  4.845936e+01  2.516686e+01  0.000000e+00
   endloop
 endfacet
 facet normal -1.299594e-01 -9.915193e-01 -0.000000e+00
   outer loop
     vertex  4.837230e+01  2.517827e+01  1.500000e+00
     vertex  4.837230e+01  2.517827e+01  0.000000e+00
     vertex  4.845936e+01  2.516686e+01  1.500000e+00
   endloop
 endfacet
 facet normal -1.027091e-01 -9.947114e-01  0.000000e+00
   outer loop
     vertex  4.828497e+01  2.518729e+01  1.500000e+00
     vertex  4.837230e+01  2.517827e+01  0.000000e+00
     vertex  4.837230e+01  2.517827e+01  1.500000e+00
   endloop
 endfacet
 facet normal -1.027091e-01 -9.947114e-01 -0.000000e+00
   outer loop
     vertex  4.828497e+01  2.518729e+01  1.500000e+00
     vertex  4.828497e+01  2.518729e+01  0.000000e+00
     vertex  4.837230e+01  2.517827e+01  0.000000e+00
   endloop
 endfacet
 facet normal -7.538152e-02 -9.971548e-01  0.000000e+00
   outer loop
     vertex  4.819742e+01  2.519390e+01  1.500000e+00
     vertex  4.828497e+01  2.518729e+01  0.000000e+00
     vertex  4.828497e+01  2.518729e+01  1.500000e+00
   endloop
 endfacet
 facet normal -7.538152e-02 -9.971548e-01 -0.000000e+00
   outer loop
     vertex  4.819742e+01  2.519390e+01  1.500000e+00
     vertex  4.819742e+01  2.519390e+01  0.000000e+00
     vertex  4.828497e+01  2.518729e+01  0.000000e+00
   endloop
 endfacet
 facet normal -4.799716e-02 -9.988475e-01  0.000000e+00
   outer loop
     vertex  4.810973e+01  2.519812e+01  1.500000e+00
     vertex  4.819742e+01  2.519390e+01  0.000000e+00
     vertex  4.819742e+01  2.519390e+01  1.500000e+00
   endloop
 endfacet
 facet normal -4.799716e-02 -9.988475e-01 -0.000000e+00
   outer loop
     vertex  4.810973e+01  2.519812e+01  1.500000e+00
     vertex  4.810973e+01  2.519812e+01  0.000000e+00
     vertex  4.819742e+01  2.519390e+01  0.000000e+00
   endloop
 endfacet
 facet normal -2.057667e-02 -9.997883e-01 -0.000000e+00
   outer loop
     vertex  4.802195e+01  2.519992e+01  1.500000e+00
     vertex  4.802195e+01  2.519992e+01  0.000000e+00
     vertex  4.810973e+01  2.519812e+01  0.000000e+00
   endloop
 endfacet
 facet normal -2.057667e-02 -9.997883e-01  0.000000e+00
   outer loop
     vertex  4.802195e+01  2.519992e+01  1.500000e+00
     vertex  4.810973e+01  2.519812e+01  0.000000e+00
     vertex  4.810973e+01  2.519812e+01  1.500000e+00
   endloop
 endfacet
 facet normal  6.859319e-03 -9.999765e-01  0.000000e+00
   outer loop
     vertex  4.802195e+01  2.519992e+01  1.500000e+00
     vertex  4.793415e+01  2.519932e+01  0.000000e+00
     vertex  4.802195e+01  2.519992e+01  0.000000e+00
   endloop
 endfacet
 facet normal  6.859319e-03 -9.999765e-01  0.000000e+00
   outer loop
     vertex  4.793415e+01  2.519932e+01  1.500000e+00
     vertex  4.793415e+01  2.519932e+01  0.000000e+00
     vertex  4.802195e+01  2.519992e+01  1.500000e+00
   endloop
 endfacet
 facet normal  3.429014e-02 -9.994119e-01  0.000000e+00
   outer loop
     vertex  4.784641e+01  2.519631e+01  1.500000e+00
     vertex  4.784641e+01  2.519631e+01  0.000000e+00
     vertex  4.793415e+01  2.519932e+01  0.000000e+00
   endloop
 endfacet
 facet normal  3.429014e-02 -9.994119e-01  0.000000e+00
   outer loop
     vertex  4.784641e+01  2.519631e+01  1.500000e+00
     vertex  4.793415e+01  2.519932e+01  0.000000e+00
     vertex  4.793415e+01  2.519932e+01  1.500000e+00
   endloop
 endfacet
 facet normal  6.169515e-02 -9.980950e-01  0.000000e+00
   outer loop
     vertex  4.775878e+01  2.519090e+01  1.500000e+00
     vertex  4.775878e+01  2.519090e+01  0.000000e+00
     vertex  4.784641e+01  2.519631e+01  0.000000e+00
   endloop
 endfacet
 facet normal  8.905371e-02 -9.960268e-01  0.000000e+00
   outer loop
     vertex  4.775878e+01  2.519090e+01  1.500000e+00
     vertex  4.767133e+01  2.518308e+01  0.000000e+00
     vertex  4.775878e+01  2.519090e+01  0.000000e+00
   endloop
 endfacet
 facet normal  6.169515e-02 -9.980950e-01  0.000000e+00
   outer loop
     vertex  4.775878e+01  2.519090e+01  1.500000e+00
     vertex  4.784641e+01  2.519631e+01  0.000000e+00
     vertex  4.784641e+01  2.519631e+01  1.500000e+00
   endloop
 endfacet
 facet normal  8.905371e-02 -9.960268e-01  0.000000e+00
   outer loop
     vertex  4.767133e+01  2.518308e+01  1.500000e+00
     vertex  4.767133e+01  2.518308e+01  0.000000e+00
     vertex  4.775878e+01  2.519090e+01  1.500000e+00
   endloop
 endfacet
 facet normal  1.163452e-01 -9.932088e-01  0.000000e+00
   outer loop
     vertex  4.758413e+01  2.517286e+01  1.500000e+00
     vertex  4.767133e+01  2.518308e+01  0.000000e+00
     vertex  4.767133e+01  2.518308e+01  1.500000e+00
   endloop
 endfacet
 facet normal  1.163452e-01 -9.932088e-01  0.000000e+00
   outer loop
     vertex  4.758413e+01  2.517286e+01  1.500000e+00
     vertex  4.758413e+01  2.517286e+01  0.000000e+00
     vertex  4.767133e+01  2.518308e+01  0.000000e+00
   endloop
 endfacet
 facet normal  1.435492e-01 -9.896432e-01  0.000000e+00
   outer loop
     vertex  4.749724e+01  2.516026e+01  1.500000e+00
     vertex  4.758413e+01  2.517286e+01  0.000000e+00
     vertex  4.758413e+01  2.517286e+01  1.500000e+00
   endloop
 endfacet
 facet normal  1.435492e-01 -9.896432e-01  0.000000e+00
   outer loop
     vertex  4.749724e+01  2.516026e+01  1.500000e+00
     vertex  4.749724e+01  2.516026e+01  0.000000e+00
     vertex  4.758413e+01  2.517286e+01  0.000000e+00
   endloop
 endfacet
 facet normal  1.706451e-01 -9.853326e-01  0.000000e+00
   outer loop
     vertex  4.749724e+01  2.516026e+01  1.500000e+00
     vertex  4.741073e+01  2.514528e+01  0.000000e+00
     vertex  4.749724e+01  2.516026e+01  0.000000e+00
   endloop
 endfacet
 facet normal  1.706451e-01 -9.853326e-01  0.000000e+00
   outer loop
     vertex  4.741073e+01  2.514528e+01  1.500000e+00
     vertex  4.741073e+01  2.514528e+01  0.000000e+00
     vertex  4.749724e+01  2.516026e+01  1.500000e+00
   endloop
 endfacet
 facet normal  1.976125e-01 -9.802802e-01  0.000000e+00
   outer loop
     vertex  4.732467e+01  2.512793e+01  1.500000e+00
     vertex  4.741073e+01  2.514528e+01  0.000000e+00
     vertex  4.741073e+01  2.514528e+01  1.500000e+00
   endloop
 endfacet
 facet normal  1.976125e-01 -9.802802e-01  0.000000e+00
   outer loop
     vertex  4.732467e+01  2.512793e+01  1.500000e+00
     vertex  4.732467e+01  2.512793e+01  0.000000e+00
     vertex  4.741073e+01  2.514528e+01  0.000000e+00
   endloop
 endfacet
 facet normal  2.244312e-01 -9.744899e-01  0.000000e+00
   outer loop
     vertex  4.723911e+01  2.510822e+01  1.500000e+00
     vertex  4.732467e+01  2.512793e+01  0.000000e+00
     vertex  4.732467e+01  2.512793e+01  1.500000e+00
   endloop
 endfacet
 facet normal  2.244312e-01 -9.744899e-01  0.000000e+00
   outer loop
     vertex  4.723911e+01  2.510822e+01  1.500000e+00
     vertex  4.723911e+01  2.510822e+01  0.000000e+00
     vertex  4.732467e+01  2.512793e+01  0.000000e+00
   endloop
 endfacet
 facet normal  2.510809e-01 -9.679661e-01  0.000000e+00
   outer loop
     vertex  4.723911e+01  2.510822e+01  1.500000e+00
     vertex  4.715412e+01  2.508618e+01  0.000000e+00
     vertex  4.723911e+01  2.510822e+01  0.000000e+00
   endloop
 endfacet
 facet normal  2.510809e-01 -9.679661e-01  0.000000e+00
   outer loop
     vertex  4.715412e+01  2.508618e+01  1.500000e+00
     vertex  4.715412e+01  2.508618e+01  0.000000e+00
     vertex  4.723911e+01  2.510822e+01  1.500000e+00
   endloop
 endfacet
 facet normal  2.775416e-01 -9.607136e-01  0.000000e+00
   outer loop
     vertex  4.706978e+01  2.506181e+01  1.500000e+00
     vertex  4.715412e+01  2.508618e+01  0.000000e+00
     vertex  4.715412e+01  2.508618e+01  1.500000e+00
   endloop
 endfacet
 facet normal  2.775416e-01 -9.607136e-01  0.000000e+00
   outer loop
     vertex  4.706978e+01  2.506181e+01  1.500000e+00
     vertex  4.706978e+01  2.506181e+01  0.000000e+00
     vertex  4.715412e+01  2.508618e+01  0.000000e+00
   endloop
 endfacet
 facet normal  3.037934e-01 -9.527379e-01  0.000000e+00
   outer loop
     vertex  4.698613e+01  2.503514e+01  1.500000e+00
     vertex  4.706978e+01  2.506181e+01  0.000000e+00
     vertex  4.706978e+01  2.506181e+01  1.500000e+00
   endloop
 endfacet
 facet normal  3.037934e-01 -9.527379e-01  0.000000e+00
   outer loop
     vertex  4.698613e+01  2.503514e+01  1.500000e+00
     vertex  4.698613e+01  2.503514e+01  0.000000e+00
     vertex  4.706978e+01  2.506181e+01  0.000000e+00
   endloop
 endfacet
 facet normal  3.298166e-01 -9.440450e-01  0.000000e+00
   outer loop
     vertex  4.690324e+01  2.500618e+01  1.500000e+00
     vertex  4.698613e+01  2.503514e+01  0.000000e+00
     vertex  4.698613e+01  2.503514e+01  1.500000e+00
   endloop
 endfacet
 facet normal  3.298166e-01 -9.440450e-01  0.000000e+00
   outer loop
     vertex  4.690324e+01  2.500618e+01  1.500000e+00
     vertex  4.690324e+01  2.500618e+01  0.000000e+00
     vertex  4.698613e+01  2.503514e+01  0.000000e+00
   endloop
 endfacet
 facet normal  3.555914e-01 -9.346415e-01  0.000000e+00
   outer loop
     vertex  4.690324e+01  2.500618e+01  1.500000e+00
     vertex  4.682119e+01  2.497496e+01  0.000000e+00
     vertex  4.690324e+01  2.500618e+01  0.000000e+00
   endloop
 endfacet
 facet normal  3.555914e-01 -9.346415e-01  0.000000e+00
   outer loop
     vertex  4.682119e+01  2.497496e+01  1.500000e+00
     vertex  4.682119e+01  2.497496e+01  0.000000e+00
     vertex  4.690324e+01  2.500618e+01  1.500000e+00
   endloop
 endfacet
 facet normal  4.063188e-01 -9.137314e-01  0.000000e+00
   outer loop
     vertex  4.674001e+01  2.494150e+01  1.500000e+00
     vertex  4.665979e+01  2.490583e+01  0.000000e+00
     vertex  4.674001e+01  2.494150e+01  0.000000e+00
   endloop
 endfacet
 facet normal  3.810986e-01 -9.245344e-01  0.000000e+00
   outer loop
     vertex  4.674001e+01  2.494150e+01  1.500000e+00
     vertex  4.682119e+01  2.497496e+01  0.000000e+00
     vertex  4.682119e+01  2.497496e+01  1.500000e+00
   endloop
 endfacet
 facet normal  3.810986e-01 -9.245344e-01  0.000000e+00
   outer loop
     vertex  4.674001e+01  2.494150e+01  1.500000e+00
     vertex  4.674001e+01  2.494150e+01  0.000000e+00
     vertex  4.682119e+01  2.497496e+01  0.000000e+00
   endloop
 endfacet
 facet normal  4.063188e-01 -9.137314e-01  0.000000e+00
   outer loop
     vertex  4.665979e+01  2.490583e+01  1.500000e+00
     vertex  4.665979e+01  2.490583e+01  0.000000e+00
     vertex  4.674001e+01  2.494150e+01  1.500000e+00
   endloop
 endfacet
 facet normal  4.312333e-01 -9.022405e-01  0.000000e+00
   outer loop
     vertex  4.658058e+01  2.486797e+01  1.500000e+00
     vertex  4.658058e+01  2.486797e+01  0.000000e+00
     vertex  4.665979e+01  2.490583e+01  0.000000e+00
   endloop
 endfacet
 facet normal  4.312333e-01 -9.022405e-01  0.000000e+00
   outer loop
     vertex  4.658058e+01  2.486797e+01  1.500000e+00
     vertex  4.665979e+01  2.490583e+01  0.000000e+00
     vertex  4.665979e+01  2.490583e+01  1.500000e+00
   endloop
 endfacet
 facet normal  4.558231e-01 -8.900704e-01  0.000000e+00
   outer loop
     vertex  4.650243e+01  2.482795e+01  1.500000e+00
     vertex  4.650243e+01  2.482795e+01  0.000000e+00
     vertex  4.658058e+01  2.486797e+01  0.000000e+00
   endloop
 endfacet
 facet normal  4.800697e-01 -8.772303e-01  0.000000e+00
   outer loop
     vertex  4.650243e+01  2.482795e+01  1.500000e+00
     vertex  4.642541e+01  2.478580e+01  0.000000e+00
     vertex  4.650243e+01  2.482795e+01  0.000000e+00
   endloop
 endfacet
 facet normal  4.558231e-01 -8.900704e-01  0.000000e+00
   outer loop
     vertex  4.650243e+01  2.482795e+01  1.500000e+00
     vertex  4.658058e+01  2.486797e+01  0.000000e+00
     vertex  4.658058e+01  2.486797e+01  1.500000e+00
   endloop
 endfacet
 facet normal  4.800697e-01 -8.772303e-01  0.000000e+00
   outer loop
     vertex  4.642541e+01  2.478580e+01  1.500000e+00
     vertex  4.642541e+01  2.478580e+01  0.000000e+00
     vertex  4.650243e+01  2.482795e+01  1.500000e+00
   endloop
 endfacet
 facet normal  5.039550e-01 -8.637299e-01  0.000000e+00
   outer loop
     vertex  4.634958e+01  2.474155e+01  1.500000e+00
     vertex  4.634958e+01  2.474155e+01  0.000000e+00
     vertex  4.642541e+01  2.478580e+01  0.000000e+00
   endloop
 endfacet
 facet normal  5.039550e-01 -8.637299e-01  0.000000e+00
   outer loop
     vertex  4.634958e+01  2.474155e+01  1.500000e+00
     vertex  4.642541e+01  2.478580e+01  0.000000e+00
     vertex  4.642541e+01  2.478580e+01  1.500000e+00
   endloop
 endfacet
 facet normal  5.274609e-01 -8.495793e-01  0.000000e+00
   outer loop
     vertex  4.627499e+01  2.469524e+01  1.500000e+00
     vertex  4.627499e+01  2.469524e+01  0.000000e+00
     vertex  4.634958e+01  2.474155e+01  0.000000e+00
   endloop
 endfacet
 facet normal  5.505698e-01 -8.347891e-01  0.000000e+00
   outer loop
     vertex  4.627499e+01  2.469524e+01  1.500000e+00
     vertex  4.620170e+01  2.464690e+01  0.000000e+00
     vertex  4.627499e+01  2.469524e+01  0.000000e+00
   endloop
 endfacet
 facet normal  5.274609e-01 -8.495793e-01  0.000000e+00
   outer loop
     vertex  4.627499e+01  2.469524e+01  1.500000e+00
     vertex  4.634958e+01  2.474155e+01  0.000000e+00
     vertex  4.634958e+01  2.474155e+01  1.500000e+00
   endloop
 endfacet
 facet normal  5.505698e-01 -8.347891e-01  0.000000e+00
   outer loop
     vertex  4.620170e+01  2.464690e+01  1.500000e+00
     vertex  4.620170e+01  2.464690e+01  0.000000e+00
     vertex  4.627499e+01  2.469524e+01  1.500000e+00
   endloop
 endfacet
 facet normal  5.732642e-01 -8.193706e-01  0.000000e+00
   outer loop
     vertex  4.612976e+01  2.459657e+01  1.500000e+00
     vertex  4.612976e+01  2.459657e+01  0.000000e+00
     vertex  4.620170e+01  2.464690e+01  0.000000e+00
   endloop
 endfacet
 facet normal  5.732642e-01 -8.193706e-01  0.000000e+00
   outer loop
     vertex  4.612976e+01  2.459657e+01  1.500000e+00
     vertex  4.620170e+01  2.464690e+01  0.000000e+00
     vertex  4.620170e+01  2.464690e+01  1.500000e+00
   endloop
 endfacet
 facet normal  5.955271e-01 -8.033352e-01  0.000000e+00
   outer loop
     vertex  4.605923e+01  2.454429e+01  1.500000e+00
     vertex  4.605923e+01  2.454429e+01  0.000000e+00
     vertex  4.612976e+01  2.459657e+01  0.000000e+00
   endloop
 endfacet
 facet normal  6.173417e-01 -7.866951e-01  0.000000e+00
   outer loop
     vertex  4.605923e+01  2.454429e+01  1.500000e+00
     vertex  4.599016e+01  2.449009e+01  0.000000e+00
     vertex  4.605923e+01  2.454429e+01  0.000000e+00
   endloop
 endfacet
 facet normal  5.955271e-01 -8.033352e-01  0.000000e+00
   outer loop
     vertex  4.605923e+01  2.454429e+01  1.500000e+00
     vertex  4.612976e+01  2.459657e+01  0.000000e+00
     vertex  4.612976e+01  2.459657e+01  1.500000e+00
   endloop
 endfacet
 facet normal  6.173417e-01 -7.866951e-01  0.000000e+00
   outer loop
     vertex  4.599016e+01  2.449009e+01  1.500000e+00
     vertex  4.599016e+01  2.449009e+01  0.000000e+00
     vertex  4.605923e+01  2.454429e+01  1.500000e+00
   endloop
 endfacet
 facet normal  6.386916e-01 -7.694628e-01  0.000000e+00
   outer loop
     vertex  4.592260e+01  2.443401e+01  1.500000e+00
     vertex  4.592260e+01  2.443401e+01  0.000000e+00
     vertex  4.599016e+01  2.449009e+01  0.000000e+00
   endloop
 endfacet
 facet normal  6.386916e-01 -7.694628e-01  0.000000e+00
   outer loop
     vertex  4.592260e+01  2.443401e+01  1.500000e+00
     vertex  4.599016e+01  2.449009e+01  0.000000e+00
     vertex  4.599016e+01  2.449009e+01  1.500000e+00
   endloop
 endfacet
 facet normal  6.595607e-01 -7.516513e-01  0.000000e+00
   outer loop
     vertex  4.585661e+01  2.437610e+01  1.500000e+00
     vertex  4.585661e+01  2.437610e+01  0.000000e+00
     vertex  4.592260e+01  2.443401e+01  0.000000e+00
   endloop
 endfacet
 facet normal  6.595607e-01 -7.516513e-01  0.000000e+00
   outer loop
     vertex  4.585661e+01  2.437610e+01  1.500000e+00
     vertex  4.592260e+01  2.443401e+01  0.000000e+00
     vertex  4.592260e+01  2.443401e+01  1.500000e+00
   endloop
 endfacet
 facet normal  6.799333e-01 -7.332740e-01  0.000000e+00
   outer loop
     vertex  4.579223e+01  2.431641e+01  1.500000e+00
     vertex  4.579223e+01  2.431641e+01  0.000000e+00
     vertex  4.585661e+01  2.437610e+01  0.000000e+00
   endloop
 endfacet
 facet normal  6.997940e-01 -7.143447e-01  0.000000e+00
   outer loop
     vertex  4.579223e+01  2.431641e+01  1.500000e+00
     vertex  4.572951e+01  2.425497e+01  0.000000e+00
     vertex  4.579223e+01  2.431641e+01  0.000000e+00
   endloop
 endfacet
 facet normal  6.799333e-01 -7.332740e-01  0.000000e+00
   outer loop
     vertex  4.579223e+01  2.431641e+01  1.500000e+00
     vertex  4.585661e+01  2.437610e+01  0.000000e+00
     vertex  4.585661e+01  2.437610e+01  1.500000e+00
   endloop
 endfacet
 facet normal  6.997940e-01 -7.143447e-01  0.000000e+00
   outer loop
     vertex  4.572951e+01  2.425497e+01  1.500000e+00
     vertex  4.572951e+01  2.425497e+01  0.000000e+00
     vertex  4.579223e+01  2.431641e+01  1.500000e+00
   endloop
 endfacet
 facet normal  7.191280e-01 -6.948776e-01  0.000000e+00
   outer loop
     vertex  4.572951e+01  2.425497e+01  1.500000e+00
     vertex  4.566850e+01  2.419183e+01  0.000000e+00
     vertex  4.572951e+01  2.425497e+01  0.000000e+00
   endloop
 endfacet
 facet normal  7.191280e-01 -6.948776e-01  0.000000e+00
   outer loop
     vertex  4.566850e+01  2.419183e+01  1.500000e+00
     vertex  4.566850e+01  2.419183e+01  0.000000e+00
     vertex  4.572951e+01  2.425497e+01  1.500000e+00
   endloop
 endfacet
 facet normal  7.379206e-01 -6.748875e-01  0.000000e+00
   outer loop
     vertex  4.566850e+01  2.419183e+01  1.500000e+00
     vertex  4.560925e+01  2.412704e+01  0.000000e+00
     vertex  4.566850e+01  2.419183e+01  0.000000e+00
   endloop
 endfacet
 facet normal  7.379206e-01 -6.748875e-01  0.000000e+00
   outer loop
     vertex  4.560925e+01  2.412704e+01  1.500000e+00
     vertex  4.560925e+01  2.412704e+01  0.000000e+00
     vertex  4.566850e+01  2.419183e+01  1.500000e+00
   endloop
 endfacet
 facet normal  7.561578e-01 -6.543893e-01  0.000000e+00
   outer loop
     vertex  4.555180e+01  2.406065e+01  1.500000e+00
     vertex  4.560925e+01  2.412704e+01  0.000000e+00
     vertex  4.560925e+01  2.412704e+01  1.500000e+00
   endloop
 endfacet
 facet normal  7.561578e-01 -6.543893e-01  0.000000e+00
   outer loop
     vertex  4.555180e+01  2.406065e+01  1.500000e+00
     vertex  4.555180e+01  2.406065e+01  0.000000e+00
     vertex  4.560925e+01  2.412704e+01  0.000000e+00
   endloop
 endfacet
 facet normal  7.738257e-01 -6.333986e-01  0.000000e+00
   outer loop
     vertex  4.555180e+01  2.406065e+01  1.500000e+00
     vertex  4.549619e+01  2.399271e+01  0.000000e+00
     vertex  4.555180e+01  2.406065e+01  0.000000e+00
   endloop
 endfacet
 facet normal  7.738257e-01 -6.333986e-01  0.000000e+00
   outer loop
     vertex  4.549619e+01  2.399271e+01  1.500000e+00
     vertex  4.549619e+01  2.399271e+01  0.000000e+00
     vertex  4.555180e+01  2.406065e+01  1.500000e+00
   endloop
 endfacet
 facet normal  7.909112e-01 -6.119310e-01  0.000000e+00
   outer loop
     vertex  4.544246e+01  2.392328e+01  1.500000e+00
     vertex  4.544246e+01  2.392328e+01  0.000000e+00
     vertex  4.549619e+01  2.399271e+01  0.000000e+00
   endloop
 endfacet
 facet normal  7.909112e-01 -6.119310e-01  0.000000e+00
   outer loop
     vertex  4.544246e+01  2.392328e+01  1.500000e+00
     vertex  4.549619e+01  2.399271e+01  0.000000e+00
     vertex  4.549619e+01  2.399271e+01  1.500000e+00
   endloop
 endfacet
 facet normal  8.074012e-01 -5.900028e-01  0.000000e+00
   outer loop
     vertex  4.539066e+01  2.385239e+01  1.500000e+00
     vertex  4.544246e+01  2.392328e+01  0.000000e+00
     vertex  4.544246e+01  2.392328e+01  1.500000e+00
   endloop
 endfacet
 facet normal  8.074012e-01 -5.900028e-01  0.000000e+00
   outer loop
     vertex  4.539066e+01  2.385239e+01  1.500000e+00
     vertex  4.539066e+01  2.385239e+01  0.000000e+00
     vertex  4.544246e+01  2.392328e+01  0.000000e+00
   endloop
 endfacet
 facet normal  8.232835e-01 -5.676304e-01  0.000000e+00
   outer loop
     vertex  4.539066e+01  2.385239e+01  1.500000e+00
     vertex  4.534082e+01  2.378011e+01  0.000000e+00
     vertex  4.539066e+01  2.385239e+01  0.000000e+00
   endloop
 endfacet
 facet normal  8.385460e-01 -5.448308e-01  0.000000e+00
   outer loop
     vertex  4.534082e+01  2.378011e+01  1.500000e+00
     vertex  4.529299e+01  2.370648e+01  0.000000e+00
     vertex  4.534082e+01  2.378011e+01  0.000000e+00
   endloop
 endfacet
 facet normal  8.232835e-01 -5.676304e-01  0.000000e+00
   outer loop
     vertex  4.534082e+01  2.378011e+01  1.500000e+00
     vertex  4.534082e+01  2.378011e+01  0.000000e+00
     vertex  4.539066e+01  2.385239e+01  1.500000e+00
   endloop
 endfacet
 facet normal  8.385460e-01 -5.448308e-01  0.000000e+00
   outer loop
     vertex  4.529299e+01  2.370648e+01  1.500000e+00
     vertex  4.529299e+01  2.370648e+01  0.000000e+00
     vertex  4.534082e+01  2.378011e+01  1.500000e+00
   endloop
 endfacet
 facet normal  8.531773e-01 -5.216210e-01  0.000000e+00
   outer loop
     vertex  4.524719e+01  2.363158e+01  1.500000e+00
     vertex  4.524719e+01  2.363158e+01  0.000000e+00
     vertex  4.529299e+01  2.370648e+01  0.000000e+00
   endloop
 endfacet
 facet normal  8.671664e-01 -4.980186e-01  0.000000e+00
   outer loop
     vertex  4.524719e+01  2.363158e+01  1.500000e+00
     vertex  4.520347e+01  2.355544e+01  0.000000e+00
     vertex  4.524719e+01  2.363158e+01  0.000000e+00
   endloop
 endfacet
 facet normal  8.531773e-01 -5.216210e-01  0.000000e+00
   outer loop
     vertex  4.524719e+01  2.363158e+01  1.500000e+00
     vertex  4.529299e+01  2.370648e+01  0.000000e+00
     vertex  4.529299e+01  2.370648e+01  1.500000e+00
   endloop
 endfacet
 facet normal  8.671664e-01 -4.980186e-01  0.000000e+00
   outer loop
     vertex  4.520347e+01  2.355544e+01  1.500000e+00
     vertex  4.520347e+01  2.355544e+01  0.000000e+00
     vertex  4.524719e+01  2.363158e+01  1.500000e+00
   endloop
 endfacet
 facet normal  8.805026e-01 -4.740412e-01  0.000000e+00
   outer loop
     vertex  4.516185e+01  2.347814e+01  1.500000e+00
     vertex  4.516185e+01  2.347814e+01  0.000000e+00
     vertex  4.520347e+01  2.355544e+01  0.000000e+00
   endloop
 endfacet
 facet normal  8.805026e-01 -4.740412e-01  0.000000e+00
   outer loop
     vertex  4.516185e+01  2.347814e+01  1.500000e+00
     vertex  4.520347e+01  2.355544e+01  0.000000e+00
     vertex  4.520347e+01  2.355544e+01  1.500000e+00
   endloop
 endfacet
 facet normal  8.931761e-01 -4.497071e-01  0.000000e+00
   outer loop
     vertex  4.512236e+01  2.339972e+01  1.500000e+00
     vertex  4.512236e+01  2.339972e+01  0.000000e+00
     vertex  4.516185e+01  2.347814e+01  0.000000e+00
   endloop
 endfacet
 facet normal  9.051772e-01 -4.250344e-01  0.000000e+00
   outer loop
     vertex  4.512236e+01  2.339972e+01  1.500000e+00
     vertex  4.508505e+01  2.332025e+01  0.000000e+00
     vertex  4.512236e+01  2.339972e+01  0.000000e+00
   endloop
 endfacet
 facet normal  8.931761e-01 -4.497071e-01  0.000000e+00
   outer loop
     vertex  4.512236e+01  2.339972e+01  1.500000e+00
     vertex  4.516185e+01  2.347814e+01  0.000000e+00
     vertex  4.516185e+01  2.347814e+01  1.500000e+00
   endloop
 endfacet
 facet normal  9.051772e-01 -4.250344e-01  0.000000e+00
   outer loop
     vertex  4.508505e+01  2.332025e+01  1.500000e+00
     vertex  4.508505e+01  2.332025e+01  0.000000e+00
     vertex  4.512236e+01  2.339972e+01  1.500000e+00
   endloop
 endfacet
 facet normal  9.164969e-01 -4.000417e-01  0.000000e+00
   outer loop
     vertex  4.504992e+01  2.323978e+01  1.500000e+00
     vertex  4.504992e+01  2.323978e+01  0.000000e+00
     vertex  4.508505e+01  2.332025e+01  0.000000e+00
   endloop
 endfacet
 facet normal  9.164969e-01 -4.000417e-01  0.000000e+00
   outer loop
     vertex  4.504992e+01  2.323978e+01  1.500000e+00
     vertex  4.508505e+01  2.332025e+01  0.000000e+00
     vertex  4.508505e+01  2.332025e+01  1.500000e+00
   endloop
 endfacet
 facet normal  9.271267e-01 -3.747479e-01  0.000000e+00
   outer loop
     vertex  4.501702e+01  2.315838e+01  1.500000e+00
     vertex  4.501702e+01  2.315838e+01  0.000000e+00
     vertex  4.504992e+01  2.323978e+01  0.000000e+00
   endloop
 endfacet
 facet normal  9.370586e-01 -3.491720e-01  0.000000e+00
   outer loop
     vertex  4.501702e+01  2.315838e+01  1.500000e+00
     vertex  4.498637e+01  2.307611e+01  0.000000e+00
     vertex  4.501702e+01  2.315838e+01  0.000000e+00
   endloop
 endfacet
 facet normal  9.271267e-01 -3.747479e-01  0.000000e+00
   outer loop
     vertex  4.501702e+01  2.315838e+01  1.500000e+00
     vertex  4.504992e+01  2.323978e+01  0.000000e+00
     vertex  4.504992e+01  2.323978e+01  1.500000e+00
   endloop
 endfacet
 facet normal  9.370586e-01 -3.491720e-01  0.000000e+00
   outer loop
     vertex  4.498637e+01  2.307611e+01  1.500000e+00
     vertex  4.498637e+01  2.307611e+01  0.000000e+00
     vertex  4.501702e+01  2.315838e+01  1.500000e+00
   endloop
 endfacet
 facet normal  9.462851e-01 -3.233333e-01  0.000000e+00
   outer loop
     vertex  4.495798e+01  2.299303e+01  1.500000e+00
     vertex  4.495798e+01  2.299303e+01  0.000000e+00
     vertex  4.498637e+01  2.307611e+01  0.000000e+00
   endloop
 endfacet
 facet normal  9.462851e-01 -3.233333e-01  0.000000e+00
   outer loop
     vertex  4.495798e+01  2.299303e+01  1.500000e+00
     vertex  4.498637e+01  2.307611e+01  0.000000e+00
     vertex  4.498637e+01  2.307611e+01  1.500000e+00
   endloop
 endfacet
 facet normal  9.547993e-01 -2.972512e-01  0.000000e+00
   outer loop
     vertex  4.493188e+01  2.290920e+01  1.500000e+00
     vertex  4.493188e+01  2.290920e+01  0.000000e+00
     vertex  4.495798e+01  2.299303e+01  0.000000e+00
   endloop
 endfacet
 facet normal  9.625948e-01 -2.709453e-01  0.000000e+00
   outer loop
     vertex  4.493188e+01  2.290920e+01  1.500000e+00
     vertex  4.490809e+01  2.282469e+01  0.000000e+00
     vertex  4.493188e+01  2.290920e+01  0.000000e+00
   endloop
 endfacet
 facet normal  9.547993e-01 -2.972512e-01  0.000000e+00
   outer loop
     vertex  4.493188e+01  2.290920e+01  1.500000e+00
     vertex  4.495798e+01  2.299303e+01  0.000000e+00
     vertex  4.495798e+01  2.299303e+01  1.500000e+00
   endloop
 endfacet
 facet normal  9.625948e-01 -2.709453e-01  0.000000e+00
   outer loop
     vertex  4.490809e+01  2.282469e+01  1.500000e+00
     vertex  4.490809e+01  2.282469e+01  0.000000e+00
     vertex  4.493188e+01  2.290920e+01  1.500000e+00
   endloop
 endfacet
 facet normal  9.696656e-01 -2.444354e-01  0.000000e+00
   outer loop
     vertex  4.488663e+01  2.273955e+01  1.500000e+00
     vertex  4.488663e+01  2.273955e+01  0.000000e+00
     vertex  4.490809e+01  2.282469e+01  0.000000e+00
   endloop
 endfacet
 facet normal  9.696656e-01 -2.444354e-01  0.000000e+00
   outer loop
     vertex  4.488663e+01  2.273955e+01  1.500000e+00
     vertex  4.490809e+01  2.282469e+01  0.000000e+00
     vertex  4.490809e+01  2.282469e+01  1.500000e+00
   endloop
 endfacet
 facet normal  9.760065e-01 -2.177416e-01  0.000000e+00
   outer loop
     vertex  4.486751e+01  2.265386e+01  1.500000e+00
     vertex  4.486751e+01  2.265386e+01  0.000000e+00
     vertex  4.488663e+01  2.273955e+01  0.000000e+00
   endloop
 endfacet
 facet normal  9.816126e-01 -1.908838e-01  0.000000e+00
   outer loop
     vertex  4.486751e+01  2.265386e+01  1.500000e+00
     vertex  4.485076e+01  2.256768e+01  0.000000e+00
     vertex  4.486751e+01  2.265386e+01  0.000000e+00
   endloop
 endfacet
 facet normal  9.760065e-01 -2.177416e-01  0.000000e+00
   outer loop
     vertex  4.486751e+01  2.265386e+01  1.500000e+00
     vertex  4.488663e+01  2.273955e+01  0.000000e+00
     vertex  4.488663e+01  2.273955e+01  1.500000e+00
   endloop
 endfacet
 facet normal  9.816126e-01 -1.908838e-01  0.000000e+00
   outer loop
     vertex  4.485076e+01  2.256768e+01  1.500000e+00
     vertex  4.485076e+01  2.256768e+01  0.000000e+00
     vertex  4.486751e+01  2.265386e+01  1.500000e+00
   endloop
 endfacet
 facet normal  9.864799e-01 -1.638824e-01  0.000000e+00
   outer loop
     vertex  4.483637e+01  2.248107e+01  1.500000e+00
     vertex  4.483637e+01  2.248107e+01  0.000000e+00
     vertex  4.485076e+01  2.256768e+01  0.000000e+00
   endloop
 endfacet
 facet normal  9.864799e-01 -1.638824e-01  0.000000e+00
   outer loop
     vertex  4.483637e+01  2.248107e+01  1.500000e+00
     vertex  4.485076e+01  2.256768e+01  0.000000e+00
     vertex  4.485076e+01  2.256768e+01  1.500000e+00
   endloop
 endfacet
 facet normal  9.906046e-01 -1.367575e-01  0.000000e+00
   outer loop
     vertex  4.482436e+01  2.239410e+01  1.500000e+00
     vertex  4.482436e+01  2.239410e+01  0.000000e+00
     vertex  4.483637e+01  2.248107e+01  0.000000e+00
   endloop
 endfacet
 facet normal  9.939835e-01 -1.095298e-01  0.000000e+00
   outer loop
     vertex  4.482436e+01  2.239410e+01  1.500000e+00
     vertex  4.481474e+01  2.230683e+01  0.000000e+00
     vertex  4.482436e+01  2.239410e+01  0.000000e+00
   endloop
 endfacet
 facet normal  9.906046e-01 -1.367575e-01  0.000000e+00
   outer loop
     vertex  4.482436e+01  2.239410e+01  1.500000e+00
     vertex  4.483637e+01  2.248107e+01  0.000000e+00
     vertex  4.483637e+01  2.248107e+01  1.500000e+00
   endloop
 endfacet
 facet normal  9.939835e-01 -1.095298e-01  0.000000e+00
   outer loop
     vertex  4.481474e+01  2.230683e+01  1.500000e+00
     vertex  4.481474e+01  2.230683e+01  0.000000e+00
     vertex  4.482436e+01  2.239410e+01  1.500000e+00
   endloop
 endfacet
 facet normal  9.966142e-01 -8.221955e-02  0.000000e+00
   outer loop
     vertex  4.480753e+01  2.221933e+01  1.500000e+00
     vertex  4.481474e+01  2.230683e+01  0.000000e+00
     vertex  4.481474e+01  2.230683e+01  1.500000e+00
   endloop
 endfacet
 facet normal  9.966142e-01 -8.221955e-02  0.000000e+00
   outer loop
     vertex  4.480753e+01  2.221933e+01  1.500000e+00
     vertex  4.480753e+01  2.221933e+01  0.000000e+00
     vertex  4.481474e+01  2.230683e+01  0.000000e+00
   endloop
 endfacet
 facet normal  9.984947e-01 -5.484744e-02  0.000000e+00
   outer loop
     vertex  4.480753e+01  2.221933e+01  1.500000e+00
     vertex  4.480271e+01  2.213166e+01  0.000000e+00
     vertex  4.480753e+01  2.221933e+01  0.000000e+00
   endloop
 endfacet
 facet normal  9.984947e-01 -5.484744e-02  0.000000e+00
   outer loop
     vertex  4.480271e+01  2.213166e+01  1.500000e+00
     vertex  4.480271e+01  2.213166e+01  0.000000e+00
     vertex  4.480753e+01  2.221933e+01  1.500000e+00
   endloop
 endfacet
 facet normal  9.996236e-01 -2.743405e-02  0.000000e+00
   outer loop
     vertex  4.480271e+01  2.213166e+01  1.500000e+00
     vertex  4.480030e+01  2.204390e+01  0.000000e+00
     vertex  4.480271e+01  2.213166e+01  0.000000e+00
   endloop
 endfacet
 facet normal  9.996236e-01 -2.743405e-02  0.000000e+00
   outer loop
     vertex  4.480030e+01  2.204390e+01  1.500000e+00
     vertex  4.480030e+01  2.204390e+01  0.000000e+00
     vertex  4.480271e+01  2.213166e+01  1.500000e+00
   endloop
 endfacet
 facet normal  1.000000e+00  0.000000e+00  0.000000e+00
   outer loop
     vertex  4.480030e+01  2.204390e+01  1.500000e+00
     vertex  4.480030e+01  2.195610e+01  0.000000e+00
     vertex  4.480030e+01  2.204390e+01  0.000000e+00
   endloop
 endfacet
 facet normal  1.000000e+00 -0.000000e+00  0.000000e+00
   outer loop
     vertex  4.480030e+01  2.195610e+01  1.500000e+00
     vertex  4.480030e+01  2.195610e+01  0.000000e+00
     vertex  4.480030e+01  2.204390e+01  1.500000e+00
   endloop
 endfacet
 facet normal  9.996236e-01  2.743405e-02  0.000000e+00
   outer loop
     vertex  4.480271e+01  2.186834e+01  1.500000e+00
     vertex  4.480030e+01  2.195610e+01  0.000000e+00
     vertex  4.480030e+01  2.195610e+01  1.500000e+00
   endloop
 endfacet
 facet normal  9.996236e-01  2.743405e-02  0.000000e+00
   outer loop
     vertex  4.480271e+01  2.186834e+01  1.500000e+00
     vertex  4.480271e+01  2.186834e+01  0.000000e+00
     vertex  4.480030e+01  2.195610e+01  0.000000e+00
   endloop
 endfacet
 facet normal  9.984947e-01  5.484744e-02  0.000000e+00
   outer loop
     vertex  4.480753e+01  2.178067e+01  1.500000e+00
     vertex  4.480271e+01  2.186834e+01  0.000000e+00
     vertex  4.480271e+01  2.186834e+01  1.500000e+00
   endloop
 endfacet
 facet normal  9.984947e-01  5.484744e-02  0.000000e+00
   outer loop
     vertex  4.480753e+01  2.178067e+01  1.500000e+00
     vertex  4.480753e+01  2.178067e+01  0.000000e+00
     vertex  4.480271e+01  2.186834e+01  0.000000e+00
   endloop
 endfacet
 facet normal  9.966142e-01  8.221955e-02  0.000000e+00
   outer loop
     vertex  4.481474e+01  2.169317e+01  1.500000e+00
     vertex  4.480753e+01  2.178067e+01  0.000000e+00
     vertex  4.480753e+01  2.178067e+01  1.500000e+00
   endloop
 endfacet
 facet normal  9.966142e-01  8.221955e-02  0.000000e+00
   outer loop
     vertex  4.481474e+01  2.169317e+01  1.500000e+00
     vertex  4.481474e+01  2.169317e+01  0.000000e+00
     vertex  4.480753e+01  2.178067e+01  0.000000e+00
   endloop
 endfacet
 facet normal  9.939835e-01  1.095298e-01  0.000000e+00
   outer loop
     vertex  4.481474e+01  2.169317e+01  1.500000e+00
     vertex  4.482436e+01  2.160590e+01  0.000000e+00
     vertex  4.481474e+01  2.169317e+01  0.000000e+00
   endloop
 endfacet
 facet normal  9.939835e-01  1.095298e-01  0.000000e+00
   outer loop
     vertex  4.482436e+01  2.160590e+01  1.500000e+00
     vertex  4.482436e+01  2.160590e+01  0.000000e+00
     vertex  4.481474e+01  2.169317e+01  1.500000e+00
   endloop
 endfacet
 facet normal  9.906046e-01  1.367575e-01  0.000000e+00
   outer loop
     vertex  4.482436e+01  2.160590e+01  1.500000e+00
     vertex  4.483637e+01  2.151893e+01  0.000000e+00
     vertex  4.482436e+01  2.160590e+01  0.000000e+00
   endloop
 endfacet
 facet normal  9.906046e-01  1.367575e-01  0.000000e+00
   outer loop
     vertex  4.483637e+01  2.151893e+01  1.500000e+00
     vertex  4.483637e+01  2.151893e+01  0.000000e+00
     vertex  4.482436e+01  2.160590e+01  1.500000e+00
   endloop
 endfacet
 facet normal  9.864799e-01  1.638824e-01  0.000000e+00
   outer loop
     vertex  4.483637e+01  2.151893e+01  1.500000e+00
     vertex  4.485076e+01  2.143232e+01  0.000000e+00
     vertex  4.483637e+01  2.151893e+01  0.000000e+00
   endloop
 endfacet
 facet normal  9.864799e-01  1.638824e-01  0.000000e+00
   outer loop
     vertex  4.485076e+01  2.143232e+01  1.500000e+00
     vertex  4.485076e+01  2.143232e+01  0.000000e+00
     vertex  4.483637e+01  2.151893e+01  1.500000e+00
   endloop
 endfacet
 facet normal  9.816126e-01  1.908838e-01  0.000000e+00
   outer loop
     vertex  4.486751e+01  2.134614e+01  1.500000e+00
     vertex  4.485076e+01  2.143232e+01  0.000000e+00
     vertex  4.485076e+01  2.143232e+01  1.500000e+00
   endloop
 endfacet
 facet normal  9.816126e-01  1.908838e-01  0.000000e+00
   outer loop
     vertex  4.486751e+01  2.134614e+01  1.500000e+00
     vertex  4.486751e+01  2.134614e+01  0.000000e+00
     vertex  4.485076e+01  2.143232e+01  0.000000e+00
   endloop
 endfacet
 facet normal  9.760065e-01  2.177416e-01  0.000000e+00
   outer loop
     vertex  4.486751e+01  2.134614e+01  1.500000e+00
     vertex  4.488663e+01  2.126045e+01  0.000000e+00
     vertex  4.486751e+01  2.134614e+01  0.000000e+00
   endloop
 endfacet
 facet normal  9.760065e-01  2.177416e-01  0.000000e+00
   outer loop
     vertex  4.488663e+01  2.126045e+01  1.500000e+00
     vertex  4.488663e+01  2.126045e+01  0.000000e+00
     vertex  4.486751e+01  2.134614e+01  1.500000e+00
   endloop
 endfacet
 facet normal  9.696656e-01  2.444354e-01  0.000000e+00
   outer loop
     vertex  4.490809e+01  2.117531e+01  1.500000e+00
     vertex  4.490809e+01  2.117531e+01  0.000000e+00
     vertex  4.488663e+01  2.126045e+01  0.000000e+00
   endloop
 endfacet
 facet normal  9.625948e-01  2.709453e-01  0.000000e+00
   outer loop
     vertex  4.490809e+01  2.117531e+01  1.500000e+00
     vertex  4.493188e+01  2.109080e+01  0.000000e+00
     vertex  4.490809e+01  2.117531e+01  0.000000e+00
   endloop
 endfacet
 facet normal  9.696656e-01  2.444354e-01  0.000000e+00
   outer loop
     vertex  4.490809e+01  2.117531e+01  1.500000e+00
     vertex  4.488663e+01  2.126045e+01  0.000000e+00
     vertex  4.488663e+01  2.126045e+01  1.500000e+00
   endloop
 endfacet
 facet normal  9.625948e-01  2.709453e-01  0.000000e+00
   outer loop
     vertex  4.493188e+01  2.109080e+01  1.500000e+00
     vertex  4.493188e+01  2.109080e+01  0.000000e+00
     vertex  4.490809e+01  2.117531e+01  1.500000e+00
   endloop
 endfacet
 facet normal  9.547993e-01  2.972512e-01  0.000000e+00
   outer loop
     vertex  4.495798e+01  2.100697e+01  1.500000e+00
     vertex  4.495798e+01  2.100697e+01  0.000000e+00
     vertex  4.493188e+01  2.109080e+01  0.000000e+00
   endloop
 endfacet
 facet normal  9.547993e-01  2.972512e-01  0.000000e+00
   outer loop
     vertex  4.495798e+01  2.100697e+01  1.500000e+00
     vertex  4.493188e+01  2.109080e+01  0.000000e+00
     vertex  4.493188e+01  2.109080e+01  1.500000e+00
   endloop
 endfacet
 facet normal  9.462851e-01  3.233333e-01  0.000000e+00
   outer loop
     vertex  4.498637e+01  2.092389e+01  1.500000e+00
     vertex  4.498637e+01  2.092389e+01  0.000000e+00
     vertex  4.495798e+01  2.100697e+01  0.000000e+00
   endloop
 endfacet
 facet normal  9.370586e-01  3.491720e-01  0.000000e+00
   outer loop
     vertex  4.498637e+01  2.092389e+01  1.500000e+00
     vertex  4.501702e+01  2.084162e+01  0.000000e+00
     vertex  4.498637e+01  2.092389e+01  0.000000e+00
   endloop
 endfacet
 facet normal  9.462851e-01  3.233333e-01  0.000000e+00
   outer loop
     vertex  4.498637e+01  2.092389e+01  1.500000e+00
     vertex  4.495798e+01  2.100697e+01  0.000000e+00
     vertex  4.495798e+01  2.100697e+01  1.500000e+00
   endloop
 endfacet
 facet normal  9.370586e-01  3.491720e-01  0.000000e+00
   outer loop
     vertex  4.501702e+01  2.084162e+01  1.500000e+00
     vertex  4.501702e+01  2.084162e+01  0.000000e+00
     vertex  4.498637e+01  2.092389e+01  1.500000e+00
   endloop
 endfacet
 facet normal  9.271267e-01  3.747479e-01  0.000000e+00
   outer loop
     vertex  4.504992e+01  2.076022e+01  1.500000e+00
     vertex  4.504992e+01  2.076022e+01  0.000000e+00
     vertex  4.501702e+01  2.084162e+01  0.000000e+00
   endloop
 endfacet
 facet normal  9.271267e-01  3.747479e-01  0.000000e+00
   outer loop
     vertex  4.504992e+01  2.076022e+01  1.500000e+00
     vertex  4.501702e+01  2.084162e+01  0.000000e+00
     vertex  4.501702e+01  2.084162e+01  1.500000e+00
   endloop
 endfacet
 facet normal  9.164969e-01  4.000417e-01  0.000000e+00
   outer loop
     vertex  4.508505e+01  2.067975e+01  1.500000e+00
     vertex  4.508505e+01  2.067975e+01  0.000000e+00
     vertex  4.504992e+01  2.076022e+01  0.000000e+00
   endloop
 endfacet
 facet normal  9.051772e-01  4.250344e-01  0.000000e+00
   outer loop
     vertex  4.508505e+01  2.067975e+01  1.500000e+00
     vertex  4.512236e+01  2.060028e+01  0.000000e+00
     vertex  4.508505e+01  2.067975e+01  0.000000e+00
   endloop
 endfacet
 facet normal  9.164969e-01  4.000417e-01  0.000000e+00
   outer loop
     vertex  4.508505e+01  2.067975e+01  1.500000e+00
     vertex  4.504992e+01  2.076022e+01  0.000000e+00
     vertex  4.504992e+01  2.076022e+01  1.500000e+00
   endloop
 endfacet
 facet normal  8.931761e-01  4.497071e-01  0.000000e+00
   outer loop
     vertex  4.512236e+01  2.060028e+01  1.500000e+00
     vertex  4.516185e+01  2.052186e+01  0.000000e+00
     vertex  4.512236e+01  2.060028e+01  0.000000e+00
   endloop
 endfacet
 facet normal  9.051772e-01  4.250344e-01  0.000000e+00
   outer loop
     vertex  4.512236e+01  2.060028e+01  1.500000e+00
     vertex  4.512236e+01  2.060028e+01  0.000000e+00
     vertex  4.508505e+01  2.067975e+01  1.500000e+00
   endloop
 endfacet
 facet normal  8.931761e-01  4.497071e-01  0.000000e+00
   outer loop
     vertex  4.516185e+01  2.052186e+01  1.500000e+00
     vertex  4.516185e+01  2.052186e+01  0.000000e+00
     vertex  4.512236e+01  2.060028e+01  1.500000e+00
   endloop
 endfacet
 facet normal  8.805026e-01  4.740412e-01  0.000000e+00
   outer loop
     vertex  4.520347e+01  2.044456e+01  1.500000e+00
     vertex  4.520347e+01  2.044456e+01  0.000000e+00
     vertex  4.516185e+01  2.052186e+01  0.000000e+00
   endloop
 endfacet
 facet normal  8.805026e-01  4.740412e-01  0.000000e+00
   outer loop
     vertex  4.520347e+01  2.044456e+01  1.500000e+00
     vertex  4.516185e+01  2.052186e+01  0.000000e+00
     vertex  4.516185e+01  2.052186e+01  1.500000e+00
   endloop
 endfacet
 facet normal  8.671664e-01  4.980186e-01  0.000000e+00
   outer loop
     vertex  4.524719e+01  2.036842e+01  1.500000e+00
     vertex  4.524719e+01  2.036842e+01  0.000000e+00
     vertex  4.520347e+01  2.044456e+01  0.000000e+00
   endloop
 endfacet
 facet normal  8.531773e-01  5.216210e-01  0.000000e+00
   outer loop
     vertex  4.524719e+01  2.036842e+01  1.500000e+00
     vertex  4.529299e+01  2.029352e+01  0.000000e+00
     vertex  4.524719e+01  2.036842e+01  0.000000e+00
   endloop
 endfacet
 facet normal  8.671664e-01  4.980186e-01  0.000000e+00
   outer loop
     vertex  4.524719e+01  2.036842e+01  1.500000e+00
     vertex  4.520347e+01  2.044456e+01  0.000000e+00
     vertex  4.520347e+01  2.044456e+01  1.500000e+00
   endloop
 endfacet
 facet normal  8.531773e-01  5.216210e-01  0.000000e+00
   outer loop
     vertex  4.529299e+01  2.029352e+01  1.500000e+00
     vertex  4.529299e+01  2.029352e+01  0.000000e+00
     vertex  4.524719e+01  2.036842e+01  1.500000e+00
   endloop
 endfacet
 facet normal  8.385460e-01  5.448308e-01  0.000000e+00
   outer loop
     vertex  4.534082e+01  2.021989e+01  1.500000e+00
     vertex  4.529299e+01  2.029352e+01  0.000000e+00
     vertex  4.529299e+01  2.029352e+01  1.500000e+00
   endloop
 endfacet
 facet normal  8.385460e-01  5.448308e-01  0.000000e+00
   outer loop
     vertex  4.534082e+01  2.021989e+01  1.500000e+00
     vertex  4.534082e+01  2.021989e+01  0.000000e+00
     vertex  4.529299e+01  2.029352e+01  0.000000e+00
   endloop
 endfacet
 facet normal  8.232835e-01  5.676304e-01  0.000000e+00
   outer loop
     vertex  4.534082e+01  2.021989e+01  1.500000e+00
     vertex  4.539066e+01  2.014761e+01  0.000000e+00
     vertex  4.534082e+01  2.021989e+01  0.000000e+00
   endloop
 endfacet
 facet normal  8.232835e-01  5.676304e-01  0.000000e+00
   outer loop
     vertex  4.539066e+01  2.014761e+01  1.500000e+00
     vertex  4.539066e+01  2.014761e+01  0.000000e+00
     vertex  4.534082e+01  2.021989e+01  1.500000e+00
   endloop
 endfacet
 facet normal  8.074012e-01  5.900028e-01  0.000000e+00
   outer loop
     vertex  4.539066e+01  2.014761e+01  1.500000e+00
     vertex  4.544246e+01  2.007672e+01  0.000000e+00
     vertex  4.539066e+01  2.014761e+01  0.000000e+00
   endloop
 endfacet
 facet normal  8.074012e-01  5.900028e-01  0.000000e+00
   outer loop
     vertex  4.544246e+01  2.007672e+01  1.500000e+00
     vertex  4.544246e+01  2.007672e+01  0.000000e+00
     vertex  4.539066e+01  2.014761e+01  1.500000e+00
   endloop
 endfacet
 facet normal  7.909112e-01  6.119310e-01  0.000000e+00
   outer loop
     vertex  4.549619e+01  2.000729e+01  1.500000e+00
     vertex  4.544246e+01  2.007672e+01  0.000000e+00
     vertex  4.544246e+01  2.007672e+01  1.500000e+00
   endloop
 endfacet
 facet normal  7.909112e-01  6.119310e-01  0.000000e+00
   outer loop
     vertex  4.549619e+01  2.000729e+01  1.500000e+00
     vertex  4.549619e+01  2.000729e+01  0.000000e+00
     vertex  4.544246e+01  2.007672e+01  0.000000e+00
   endloop
 endfacet
 facet normal  7.738257e-01  6.333986e-01  0.000000e+00
   outer loop
     vertex  4.549619e+01  2.000729e+01  1.500000e+00
     vertex  4.555180e+01  1.993935e+01  0.000000e+00
     vertex  4.549619e+01  2.000729e+01  0.000000e+00
   endloop
 endfacet
 facet normal  7.738257e-01  6.333986e-01  0.000000e+00
   outer loop
     vertex  4.555180e+01  1.993935e+01  1.500000e+00
     vertex  4.555180e+01  1.993935e+01  0.000000e+00
     vertex  4.549619e+01  2.000729e+01  1.500000e+00
   endloop
 endfacet
 facet normal  7.561578e-01  6.543893e-01  0.000000e+00
   outer loop
     vertex  4.560925e+01  1.987296e+01  1.500000e+00
     vertex  4.555180e+01  1.993935e+01  0.000000e+00
     vertex  4.555180e+01  1.993935e+01  1.500000e+00
   endloop
 endfacet
 facet normal  7.561578e-01  6.543893e-01  0.000000e+00
   outer loop
     vertex  4.560925e+01  1.987296e+01  1.500000e+00
     vertex  4.560925e+01  1.987296e+01  0.000000e+00
     vertex  4.555180e+01  1.993935e+01  0.000000e+00
   endloop
 endfacet
 facet normal  7.379206e-01  6.748875e-01  0.000000e+00
   outer loop
     vertex  4.560925e+01  1.987296e+01  1.500000e+00
     vertex  4.566850e+01  1.980817e+01  0.000000e+00
     vertex  4.560925e+01  1.987296e+01  0.000000e+00
   endloop
 endfacet
 facet normal  7.379206e-01  6.748875e-01  0.000000e+00
   outer loop
     vertex  4.566850e+01  1.980817e+01  1.500000e+00
     vertex  4.566850e+01  1.980817e+01  0.000000e+00
     vertex  4.560925e+01  1.987296e+01  1.500000e+00
   endloop
 endfacet
 facet normal  7.191280e-01  6.948776e-01  0.000000e+00
   outer loop
     vertex  4.566850e+01  1.980817e+01  1.500000e+00
     vertex  4.572951e+01  1.974503e+01  0.000000e+00
     vertex  4.566850e+01  1.980817e+01  0.000000e+00
   endloop
 endfacet
 facet normal  7.191280e-01  6.948776e-01  0.000000e+00
   outer loop
     vertex  4.572951e+01  1.974503e+01  1.500000e+00
     vertex  4.572951e+01  1.974503e+01  0.000000e+00
     vertex  4.566850e+01  1.980817e+01  1.500000e+00
   endloop
 endfacet
 facet normal  6.997940e-01  7.143447e-01  0.000000e+00
   outer loop
     vertex  4.572951e+01  1.974503e+01  1.500000e+00
     vertex  4.579223e+01  1.968359e+01  0.000000e+00
     vertex  4.572951e+01  1.974503e+01  0.000000e+00
   endloop
 endfacet
 facet normal  6.997940e-01  7.143447e-01  0.000000e+00
   outer loop
     vertex  4.579223e+01  1.968359e+01  1.500000e+00
     vertex  4.579223e+01  1.968359e+01  0.000000e+00
     vertex  4.572951e+01  1.974503e+01  1.500000e+00
   endloop
 endfacet
 facet normal  6.799333e-01  7.332740e-01  0.000000e+00
   outer loop
     vertex  4.585661e+01  1.962390e+01  1.500000e+00
     vertex  4.579223e+01  1.968359e+01  0.000000e+00
     vertex  4.579223e+01  1.968359e+01  1.500000e+00
   endloop
 endfacet
 facet normal  6.799333e-01  7.332740e-01  0.000000e+00
   outer loop
     vertex  4.585661e+01  1.962390e+01  1.500000e+00
     vertex  4.585661e+01  1.962390e+01  0.000000e+00
     vertex  4.579223e+01  1.968359e+01  0.000000e+00
   endloop
 endfacet
 facet normal  6.595607e-01  7.516513e-01  0.000000e+00
   outer loop
     vertex  4.592260e+01  1.956599e+01  1.500000e+00
     vertex  4.585661e+01  1.962390e+01  0.000000e+00
     vertex  4.585661e+01  1.962390e+01  1.500000e+00
   endloop
 endfacet
 facet normal  6.595607e-01  7.516513e-01  0.000000e+00
   outer loop
     vertex  4.592260e+01  1.956599e+01  1.500000e+00
     vertex  4.592260e+01  1.956599e+01  0.000000e+00
     vertex  4.585661e+01  1.962390e+01  0.000000e+00
   endloop
 endfacet
 facet normal  6.386916e-01  7.694628e-01  0.000000e+00
   outer loop
     vertex  4.592260e+01  1.956599e+01  1.500000e+00
     vertex  4.599016e+01  1.950991e+01  0.000000e+00
     vertex  4.592260e+01  1.956599e+01  0.000000e+00
   endloop
 endfacet
 facet normal  6.386916e-01  7.694628e-01  0.000000e+00
   outer loop
     vertex  4.599016e+01  1.950991e+01  1.500000e+00
     vertex  4.599016e+01  1.950991e+01  0.000000e+00
     vertex  4.592260e+01  1.956599e+01  1.500000e+00
   endloop
 endfacet
 facet normal  6.173417e-01  7.866951e-01  0.000000e+00
   outer loop
     vertex  4.605923e+01  1.945571e+01  1.500000e+00
     vertex  4.599016e+01  1.950991e+01  0.000000e+00
     vertex  4.599016e+01  1.950991e+01  1.500000e+00
   endloop
 endfacet
 facet normal  6.173417e-01  7.866951e-01  0.000000e+00
   outer loop
     vertex  4.605923e+01  1.945571e+01  1.500000e+00
     vertex  4.605923e+01  1.945571e+01  0.000000e+00
     vertex  4.599016e+01  1.950991e+01  0.000000e+00
   endloop
 endfacet
 facet normal  5.955271e-01  8.033352e-01  0.000000e+00
   outer loop
     vertex  4.605923e+01  1.945571e+01  1.500000e+00
     vertex  4.612976e+01  1.940343e+01  0.000000e+00
     vertex  4.605923e+01  1.945571e+01  0.000000e+00
   endloop
 endfacet
 facet normal  5.955271e-01  8.033352e-01  0.000000e+00
   outer loop
     vertex  4.612976e+01  1.940343e+01  1.500000e+00
     vertex  4.612976e+01  1.940343e+01  0.000000e+00
     vertex  4.605923e+01  1.945571e+01  1.500000e+00
   endloop
 endfacet
 facet normal  5.732642e-01  8.193706e-01  0.000000e+00
   outer loop
     vertex  4.612976e+01  1.940343e+01  1.500000e+00
     vertex  4.620170e+01  1.935310e+01  0.000000e+00
     vertex  4.612976e+01  1.940343e+01  0.000000e+00
   endloop
 endfacet
 facet normal  5.732642e-01  8.193706e-01  0.000000e+00
   outer loop
     vertex  4.620170e+01  1.935310e+01  1.500000e+00
     vertex  4.620170e+01  1.935310e+01  0.000000e+00
     vertex  4.612976e+01  1.940343e+01  1.500000e+00
   endloop
 endfacet
 facet normal  5.505698e-01  8.347891e-01  0.000000e+00
   outer loop
     vertex  4.620170e+01  1.935310e+01  1.500000e+00
     vertex  4.627499e+01  1.930476e+01  0.000000e+00
     vertex  4.620170e+01  1.935310e+01  0.000000e+00
   endloop
 endfacet
 facet normal  5.505698e-01  8.347891e-01  0.000000e+00
   outer loop
     vertex  4.627499e+01  1.930476e+01  1.500000e+00
     vertex  4.627499e+01  1.930476e+01  0.000000e+00
     vertex  4.620170e+01  1.935310e+01  1.500000e+00
   endloop
 endfacet
 facet normal  5.274609e-01  8.495793e-01  0.000000e+00
   outer loop
     vertex  4.634958e+01  1.925845e+01  1.500000e+00
     vertex  4.627499e+01  1.930476e+01  0.000000e+00
     vertex  4.627499e+01  1.930476e+01  1.500000e+00
   endloop
 endfacet
 facet normal  5.274609e-01  8.495793e-01  0.000000e+00
   outer loop
     vertex  4.634958e+01  1.925845e+01  1.500000e+00
     vertex  4.634958e+01  1.925845e+01  0.000000e+00
     vertex  4.627499e+01  1.930476e+01  0.000000e+00
   endloop
 endfacet
 facet normal  5.039550e-01  8.637299e-01  0.000000e+00
   outer loop
     vertex  4.634958e+01  1.925845e+01  1.500000e+00
     vertex  4.642541e+01  1.921420e+01  0.000000e+00
     vertex  4.634958e+01  1.925845e+01  0.000000e+00
   endloop
 endfacet
 facet normal  5.039550e-01  8.637299e-01  0.000000e+00
   outer loop
     vertex  4.642541e+01  1.921420e+01  1.500000e+00
     vertex  4.642541e+01  1.921420e+01  0.000000e+00
     vertex  4.634958e+01  1.925845e+01  1.500000e+00
   endloop
 endfacet
 facet normal  4.800697e-01  8.772303e-01  0.000000e+00
   outer loop
     vertex  4.650243e+01  1.917205e+01  1.500000e+00
     vertex  4.642541e+01  1.921420e+01  0.000000e+00
     vertex  4.642541e+01  1.921420e+01  1.500000e+00
   endloop
 endfacet
 facet normal  4.800697e-01  8.772303e-01  0.000000e+00
   outer loop
     vertex  4.650243e+01  1.917205e+01  1.500000e+00
     vertex  4.650243e+01  1.917205e+01  0.000000e+00
     vertex  4.642541e+01  1.921420e+01  0.000000e+00
   endloop
 endfacet
 facet normal  4.558231e-01  8.900704e-01  0.000000e+00
   outer loop
     vertex  4.650243e+01  1.917205e+01  1.500000e+00
     vertex  4.658058e+01  1.913203e+01  0.000000e+00
     vertex  4.650243e+01  1.917205e+01  0.000000e+00
   endloop
 endfacet
 facet normal  4.558231e-01  8.900704e-01  0.000000e+00
   outer loop
     vertex  4.658058e+01  1.913203e+01  1.500000e+00
     vertex  4.658058e+01  1.913203e+01  0.000000e+00
     vertex  4.650243e+01  1.917205e+01  1.500000e+00
   endloop
 endfacet
 facet normal  4.312333e-01  9.022405e-01  0.000000e+00
   outer loop
     vertex  4.665979e+01  1.909417e+01  1.500000e+00
     vertex  4.658058e+01  1.913203e+01  0.000000e+00
     vertex  4.658058e+01  1.913203e+01  1.500000e+00
   endloop
 endfacet
 facet normal  4.312333e-01  9.022405e-01  0.000000e+00
   outer loop
     vertex  4.665979e+01  1.909417e+01  1.500000e+00
     vertex  4.665979e+01  1.909417e+01  0.000000e+00
     vertex  4.658058e+01  1.913203e+01  0.000000e+00
   endloop
 endfacet
 facet normal  4.063188e-01  9.137314e-01  0.000000e+00
   outer loop
     vertex  4.674001e+01  1.905850e+01  1.500000e+00
     vertex  4.665979e+01  1.909417e+01  0.000000e+00
     vertex  4.665979e+01  1.909417e+01  1.500000e+00
   endloop
 endfacet
 facet normal  4.063188e-01  9.137314e-01  0.000000e+00
   outer loop
     vertex  4.674001e+01  1.905850e+01  1.500000e+00
     vertex  4.674001e+01  1.905850e+01  0.000000e+00
     vertex  4.665979e+01  1.909417e+01  0.000000e+00
   endloop
 endfacet
 facet normal  3.810986e-01  9.245344e-01  0.000000e+00
   outer loop
     vertex  4.674001e+01  1.905850e+01  1.500000e+00
     vertex  4.682119e+01  1.902504e+01  0.000000e+00
     vertex  4.674001e+01  1.905850e+01  0.000000e+00
   endloop
 endfacet
 facet normal  3.810986e-01  9.245344e-01  0.000000e+00
   outer loop
     vertex  4.682119e+01  1.902504e+01  1.500000e+00
     vertex  4.682119e+01  1.902504e+01  0.000000e+00
     vertex  4.674001e+01  1.905850e+01  1.500000e+00
   endloop
 endfacet
 facet normal  3.555914e-01  9.346415e-01  0.000000e+00
   outer loop
     vertex  4.690324e+01  1.899382e+01  1.500000e+00
     vertex  4.690324e+01  1.899382e+01  0.000000e+00
     vertex  4.682119e+01  1.902504e+01  0.000000e+00
   endloop
 endfacet
 facet normal  3.555914e-01  9.346415e-01  0.000000e+00
   outer loop
     vertex  4.690324e+01  1.899382e+01  1.500000e+00
     vertex  4.682119e+01  1.902504e+01  0.000000e+00
     vertex  4.682119e+01  1.902504e+01  1.500000e+00
   endloop
 endfacet
 facet normal  3.298166e-01  9.440450e-01  0.000000e+00
   outer loop
     vertex  4.698613e+01  1.896486e+01  1.500000e+00
     vertex  4.698613e+01  1.896486e+01  0.000000e+00
     vertex  4.690324e+01  1.899382e+01  0.000000e+00
   endloop
 endfacet
 facet normal  3.037934e-01  9.527379e-01  0.000000e+00
   outer loop
     vertex  4.698613e+01  1.896486e+01  1.500000e+00
     vertex  4.706978e+01  1.893819e+01  0.000000e+00
     vertex  4.698613e+01  1.896486e+01  0.000000e+00
   endloop
 endfacet
 facet normal  3.298166e-01  9.440450e-01  0.000000e+00
   outer loop
     vertex  4.698613e+01  1.896486e+01  1.500000e+00
     vertex  4.690324e+01  1.899382e+01  0.000000e+00
     vertex  4.690324e+01  1.899382e+01  1.500000e+00
   endloop
 endfacet
 facet normal  2.775416e-01  9.607136e-01  0.000000e+00
   outer loop
     vertex  4.706978e+01  1.893819e+01  1.500000e+00
     vertex  4.715412e+01  1.891382e+01  0.000000e+00
     vertex  4.706978e+01  1.893819e+01  0.000000e+00
   endloop
 endfacet
 facet normal  3.037934e-01  9.527379e-01  0.000000e+00
   outer loop
     vertex  4.706978e+01  1.893819e+01  1.500000e+00
     vertex  4.706978e+01  1.893819e+01  0.000000e+00
     vertex  4.698613e+01  1.896486e+01  1.500000e+00
   endloop
 endfacet
 facet normal  2.775416e-01  9.607136e-01  0.000000e+00
   outer loop
     vertex  4.715412e+01  1.891382e+01  1.500000e+00
     vertex  4.715412e+01  1.891382e+01  0.000000e+00
     vertex  4.706978e+01  1.893819e+01  1.500000e+00
   endloop
 endfacet
 facet normal  2.510809e-01  9.679661e-01  0.000000e+00
   outer loop
     vertex  4.723911e+01  1.889178e+01  1.500000e+00
     vertex  4.715412e+01  1.891382e+01  0.000000e+00
     vertex  4.715412e+01  1.891382e+01  1.500000e+00
   endloop
 endfacet
 facet normal  2.510809e-01  9.679661e-01  0.000000e+00
   outer loop
     vertex  4.723911e+01  1.889178e+01  1.500000e+00
     vertex  4.723911e+01  1.889178e+01  0.000000e+00
     vertex  4.715412e+01  1.891382e+01  0.000000e+00
   endloop
 endfacet
 facet normal  2.244312e-01  9.744899e-01  0.000000e+00
   outer loop
     vertex  4.723911e+01  1.889178e+01  1.500000e+00
     vertex  4.732467e+01  1.887207e+01  0.000000e+00
     vertex  4.723911e+01  1.889178e+01  0.000000e+00
   endloop
 endfacet
 facet normal  2.244312e-01  9.744899e-01  0.000000e+00
   outer loop
     vertex  4.732467e+01  1.887207e+01  1.500000e+00
     vertex  4.732467e+01  1.887207e+01  0.000000e+00
     vertex  4.723911e+01  1.889178e+01  1.500000e+00
   endloop
 endfacet
 facet normal  1.976125e-01  9.802802e-01  0.000000e+00
   outer loop
     vertex  4.741073e+01  1.885472e+01  1.500000e+00
     vertex  4.732467e+01  1.887207e+01  0.000000e+00
     vertex  4.732467e+01  1.887207e+01  1.500000e+00
   endloop
 endfacet
 facet normal  1.976125e-01  9.802802e-01  0.000000e+00
   outer loop
     vertex  4.741073e+01  1.885472e+01  1.500000e+00
     vertex  4.741073e+01  1.885472e+01  0.000000e+00
     vertex  4.732467e+01  1.887207e+01  0.000000e+00
   endloop
 endfacet
 facet normal  1.706451e-01  9.853326e-01  0.000000e+00
   outer loop
     vertex  4.741073e+01  1.885472e+01  1.500000e+00
     vertex  4.749724e+01  1.883974e+01  0.000000e+00
     vertex  4.741073e+01  1.885472e+01  0.000000e+00
   endloop
 endfacet
 facet normal  1.706451e-01  9.853326e-01  0.000000e+00
   outer loop
     vertex  4.749724e+01  1.883974e+01  1.500000e+00
     vertex  4.749724e+01  1.883974e+01  0.000000e+00
     vertex  4.741073e+01  1.885472e+01  1.500000e+00
   endloop
 endfacet
 facet normal  1.435492e-01  9.896432e-01  0.000000e+00
   outer loop
     vertex  4.749724e+01  1.883974e+01  1.500000e+00
     vertex  4.758413e+01  1.882714e+01  0.000000e+00
     vertex  4.749724e+01  1.883974e+01  0.000000e+00
   endloop
 endfacet
 facet normal  1.435492e-01  9.896432e-01  0.000000e+00
   outer loop
     vertex  4.758413e+01  1.882714e+01  1.500000e+00
     vertex  4.758413e+01  1.882714e+01  0.000000e+00
     vertex  4.749724e+01  1.883974e+01  1.500000e+00
   endloop
 endfacet
 facet normal  1.163452e-01  9.932088e-01  0.000000e+00
   outer loop
     vertex  4.758413e+01  1.882714e+01  1.500000e+00
     vertex  4.767133e+01  1.881692e+01  0.000000e+00
     vertex  4.758413e+01  1.882714e+01  0.000000e+00
   endloop
 endfacet
 facet normal  1.163452e-01  9.932088e-01  0.000000e+00
   outer loop
     vertex  4.767133e+01  1.881692e+01  1.500000e+00
     vertex  4.767133e+01  1.881692e+01  0.000000e+00
     vertex  4.758413e+01  1.882714e+01  1.500000e+00
   endloop
 endfacet
 facet normal  8.905371e-02  9.960268e-01  0.000000e+00
   outer loop
     vertex  4.775878e+01  1.880910e+01  1.500000e+00
     vertex  4.767133e+01  1.881692e+01  0.000000e+00
     vertex  4.767133e+01  1.881692e+01  1.500000e+00
   endloop
 endfacet
 facet normal  8.905371e-02  9.960268e-01  0.000000e+00
   outer loop
     vertex  4.775878e+01  1.880910e+01  1.500000e+00
     vertex  4.775878e+01  1.880910e+01  0.000000e+00
     vertex  4.767133e+01  1.881692e+01  0.000000e+00
   endloop
 endfacet
 facet normal  6.169515e-02  9.980950e-01  0.000000e+00
   outer loop
     vertex  4.775878e+01  1.880910e+01  1.500000e+00
     vertex  4.784641e+01  1.880369e+01  0.000000e+00
     vertex  4.775878e+01  1.880910e+01  0.000000e+00
   endloop
 endfacet
 facet normal  6.169515e-02  9.980950e-01  0.000000e+00
   outer loop
     vertex  4.784641e+01  1.880369e+01  1.500000e+00
     vertex  4.784641e+01  1.880369e+01  0.000000e+00
     vertex  4.775878e+01  1.880910e+01  1.500000e+00
   endloop
 endfacet
 facet normal  3.429014e-02  9.994119e-01  0.000000e+00
   outer loop
     vertex  4.793415e+01  1.880068e+01  1.500000e+00
     vertex  4.784641e+01  1.880369e+01  0.000000e+00
     vertex  4.784641e+01  1.880369e+01  1.500000e+00
   endloop
 endfacet
 facet normal  3.429014e-02  9.994119e-01  0.000000e+00
   outer loop
     vertex  4.793415e+01  1.880068e+01  1.500000e+00
     vertex  4.793415e+01  1.880068e+01  0.000000e+00
     vertex  4.784641e+01  1.880369e+01  0.000000e+00
   endloop
 endfacet
 facet normal  6.859319e-03  9.999765e-01  0.000000e+00
   outer loop
     vertex  4.793415e+01  1.880068e+01  1.500000e+00
     vertex  4.802195e+01  1.880008e+01  0.000000e+00
     vertex  4.793415e+01  1.880068e+01  0.000000e+00
   endloop
 endfacet
 facet normal  6.859319e-03  9.999765e-01  0.000000e+00
   outer loop
     vertex  4.802195e+01  1.880008e+01  1.500000e+00
     vertex  4.802195e+01  1.880008e+01  0.000000e+00
     vertex  4.793415e+01  1.880068e+01  1.500000e+00
   endloop
 endfacet
 facet normal -4.799716e-02  9.988475e-01  0.000000e+00
   outer loop
     vertex  4.810973e+01  1.880188e+01  1.500000e+00
     vertex  4.819742e+01  1.880610e+01  0.000000e+00
     vertex  4.810973e+01  1.880188e+01  0.000000e+00
   endloop
 endfacet
 facet normal -2.057667e-02  9.997883e-01  0.000000e+00
   outer loop
     vertex  4.810973e+01  1.880188e+01  1.500000e+00
     vertex  4.802195e+01  1.880008e+01  0.000000e+00
     vertex  4.802195e+01  1.880008e+01  1.500000e+00
   endloop
 endfacet
 facet normal -2.057667e-02  9.997883e-01  0.000000e+00
   outer loop
     vertex  4.810973e+01  1.880188e+01  1.500000e+00
     vertex  4.810973e+01  1.880188e+01  0.000000e+00
     vertex  4.802195e+01  1.880008e+01  0.000000e+00
   endloop
 endfacet
 facet normal -4.799716e-02  9.988475e-01  0.000000e+00
   outer loop
     vertex  4.819742e+01  1.880610e+01  1.500000e+00
     vertex  4.819742e+01  1.880610e+01  0.000000e+00
     vertex  4.810973e+01  1.880188e+01  1.500000e+00
   endloop
 endfacet
 facet normal -7.538152e-02  9.971548e-01  0.000000e+00
   outer loop
     vertex  4.828497e+01  1.881271e+01  1.500000e+00
     vertex  4.828497e+01  1.881271e+01  0.000000e+00
     vertex  4.819742e+01  1.880610e+01  0.000000e+00
   endloop
 endfacet
 facet normal -7.538152e-02  9.971548e-01  0.000000e+00
   outer loop
     vertex  4.828497e+01  1.881271e+01  1.500000e+00
     vertex  4.819742e+01  1.880610e+01  0.000000e+00
     vertex  4.819742e+01  1.880610e+01  1.500000e+00
   endloop
 endfacet
 facet normal -1.027091e-01  9.947114e-01  0.000000e+00
   outer loop
     vertex  4.837230e+01  1.882173e+01  1.500000e+00
     vertex  4.837230e+01  1.882173e+01  0.000000e+00
     vertex  4.828497e+01  1.881271e+01  0.000000e+00
   endloop
 endfacet
 facet normal -1.027091e-01  9.947114e-01  0.000000e+00
   outer loop
     vertex  4.837230e+01  1.882173e+01  1.500000e+00
     vertex  4.828497e+01  1.881271e+01  0.000000e+00
     vertex  4.828497e+01  1.881271e+01  1.500000e+00
   endloop
 endfacet
 facet normal -1.299594e-01  9.915193e-01  0.000000e+00
   outer loop
     vertex  4.845936e+01  1.883314e+01  1.500000e+00
     vertex  4.845936e+01  1.883314e+01  0.000000e+00
     vertex  4.837230e+01  1.882173e+01  0.000000e+00
   endloop
 endfacet
 facet normal -1.299594e-01  9.915193e-01  0.000000e+00
   outer loop
     vertex  4.845936e+01  1.883314e+01  1.500000e+00
     vertex  4.837230e+01  1.882173e+01  0.000000e+00
     vertex  4.837230e+01  1.882173e+01  1.500000e+00
   endloop
 endfacet
 facet normal -1.571119e-01  9.875808e-01  0.000000e+00
   outer loop
     vertex  4.854606e+01  1.884694e+01  1.500000e+00
     vertex  4.854606e+01  1.884694e+01  0.000000e+00
     vertex  4.845936e+01  1.883314e+01  0.000000e+00
   endloop
 endfacet
 facet normal -1.841461e-01  9.828989e-01  0.000000e+00
   outer loop
     vertex  4.854606e+01  1.884694e+01  1.500000e+00
     vertex  4.863236e+01  1.886310e+01  0.000000e+00
     vertex  4.854606e+01  1.884694e+01  0.000000e+00
   endloop
 endfacet
 facet normal -1.571119e-01  9.875808e-01  0.000000e+00
   outer loop
     vertex  4.854606e+01  1.884694e+01  1.500000e+00
     vertex  4.845936e+01  1.883314e+01  0.000000e+00
     vertex  4.845936e+01  1.883314e+01  1.500000e+00
   endloop
 endfacet
 facet normal -2.110417e-01  9.774771e-01  0.000000e+00
   outer loop
     vertex  4.863236e+01  1.886310e+01  1.500000e+00
     vertex  4.871818e+01  1.888163e+01  0.000000e+00
     vertex  4.863236e+01  1.886310e+01  0.000000e+00
   endloop
 endfacet
 facet normal -1.841461e-01  9.828989e-01  0.000000e+00
   outer loop
     vertex  4.863236e+01  1.886310e+01  1.500000e+00
     vertex  4.863236e+01  1.886310e+01  0.000000e+00
     vertex  4.854606e+01  1.884694e+01  1.500000e+00
   endloop
 endfacet
 facet normal -2.377784e-01  9.713194e-01  0.000000e+00
   outer loop
     vertex  4.871818e+01  1.888163e+01  1.500000e+00
     vertex  4.880346e+01  1.890251e+01  0.000000e+00
     vertex  4.871818e+01  1.888163e+01  0.000000e+00
   endloop
 endfacet
 facet normal -2.110417e-01  9.774771e-01  0.000000e+00
   outer loop
     vertex  4.871818e+01  1.888163e+01  1.500000e+00
     vertex  4.871818e+01  1.888163e+01  0.000000e+00
     vertex  4.863236e+01  1.886310e+01  1.500000e+00
   endloop
 endfacet
 facet normal -2.643362e-01  9.644306e-01  0.000000e+00
   outer loop
     vertex  4.880346e+01  1.890251e+01  1.500000e+00
     vertex  4.888813e+01  1.892572e+01  0.000000e+00
     vertex  4.880346e+01  1.890251e+01  0.000000e+00
   endloop
 endfacet
 facet normal -2.377784e-01  9.713194e-01  0.000000e+00
   outer loop
     vertex  4.880346e+01  1.890251e+01  1.500000e+00
     vertex  4.880346e+01  1.890251e+01  0.000000e+00
     vertex  4.871818e+01  1.888163e+01  1.500000e+00
   endloop
 endfacet
 facet normal -2.643362e-01  9.644306e-01  0.000000e+00
   outer loop
     vertex  4.888813e+01  1.892572e+01  1.500000e+00
     vertex  4.888813e+01  1.892572e+01  0.000000e+00
     vertex  4.880346e+01  1.890251e+01  1.500000e+00
   endloop
 endfacet
 facet normal -2.906949e-01  9.568158e-01  0.000000e+00
   outer loop
     vertex  4.897214e+01  1.895124e+01  1.500000e+00
     vertex  4.897214e+01  1.895124e+01  0.000000e+00
     vertex  4.888813e+01  1.892572e+01  0.000000e+00
   endloop
 endfacet
 facet normal -2.906949e-01  9.568158e-01  0.000000e+00
   outer loop
     vertex  4.897214e+01  1.895124e+01  1.500000e+00
     vertex  4.888813e+01  1.892572e+01  0.000000e+00
     vertex  4.888813e+01  1.892572e+01  1.500000e+00
   endloop
 endfacet
 facet normal -3.168348e-01  9.484807e-01  0.000000e+00
   outer loop
     vertex  4.905541e+01  1.897906e+01  1.500000e+00
     vertex  4.905541e+01  1.897906e+01  0.000000e+00
     vertex  4.897214e+01  1.895124e+01  0.000000e+00
   endloop
 endfacet
 facet normal -3.427362e-01  9.394317e-01  0.000000e+00
   outer loop
     vertex  4.905541e+01  1.897906e+01  1.500000e+00
     vertex  4.913789e+01  1.900915e+01  0.000000e+00
     vertex  4.905541e+01  1.897906e+01  0.000000e+00
   endloop
 endfacet
 facet normal -3.168348e-01  9.484807e-01  0.000000e+00
   outer loop
     vertex  4.905541e+01  1.897906e+01  1.500000e+00
     vertex  4.897214e+01  1.895124e+01  0.000000e+00
     vertex  4.897214e+01  1.895124e+01  1.500000e+00
   endloop
 endfacet
 facet normal -3.427362e-01  9.394317e-01  0.000000e+00
   outer loop
     vertex  4.913789e+01  1.900915e+01  1.500000e+00
     vertex  4.913789e+01  1.900915e+01  0.000000e+00
     vertex  4.905541e+01  1.897906e+01  1.500000e+00
   endloop
 endfacet
 facet normal -3.683796e-01  9.296754e-01  0.000000e+00
   outer loop
     vertex  4.921952e+01  1.904149e+01  1.500000e+00
     vertex  4.921952e+01  1.904149e+01  0.000000e+00
     vertex  4.913789e+01  1.900915e+01  0.000000e+00
   endloop
 endfacet
 facet normal -3.683796e-01  9.296754e-01  0.000000e+00
   outer loop
     vertex  4.921952e+01  1.904149e+01  1.500000e+00
     vertex  4.913789e+01  1.900915e+01  0.000000e+00
     vertex  4.913789e+01  1.900915e+01  1.500000e+00
   endloop
 endfacet
 facet normal -3.937458e-01  9.192194e-01  0.000000e+00
   outer loop
     vertex  4.930022e+01  1.907606e+01  1.500000e+00
     vertex  4.921952e+01  1.904149e+01  0.000000e+00
     vertex  4.921952e+01  1.904149e+01  1.500000e+00
   endloop
 endfacet
 facet normal -3.937458e-01  9.192194e-01  0.000000e+00
   outer loop
     vertex  4.930022e+01  1.907606e+01  1.500000e+00
     vertex  4.930022e+01  1.907606e+01  0.000000e+00
     vertex  4.921952e+01  1.904149e+01  0.000000e+00
   endloop
 endfacet
 facet normal -4.188155e-01  9.080714e-01  0.000000e+00
   outer loop
     vertex  4.930022e+01  1.907606e+01  1.500000e+00
     vertex  4.937995e+01  1.911283e+01  0.000000e+00
     vertex  4.930022e+01  1.907606e+01  0.000000e+00
   endloop
 endfacet
 facet normal -4.188155e-01  9.080714e-01  0.000000e+00
   outer loop
     vertex  4.937995e+01  1.911283e+01  1.500000e+00
     vertex  4.937995e+01  1.911283e+01  0.000000e+00
     vertex  4.930022e+01  1.907606e+01  1.500000e+00
   endloop
 endfacet
 facet normal -4.435699e-01  8.962398e-01  0.000000e+00
   outer loop
     vertex  4.945863e+01  1.915177e+01  1.500000e+00
     vertex  4.945863e+01  1.915177e+01  0.000000e+00
     vertex  4.937995e+01  1.911283e+01  0.000000e+00
   endloop
 endfacet
 facet normal -4.679904e-01  8.837335e-01  0.000000e+00
   outer loop
     vertex  4.945863e+01  1.915177e+01  1.500000e+00
     vertex  4.953622e+01  1.919286e+01  0.000000e+00
     vertex  4.945863e+01  1.915177e+01  0.000000e+00
   endloop
 endfacet
 facet normal -4.435699e-01  8.962398e-01  0.000000e+00
   outer loop
     vertex  4.945863e+01  1.915177e+01  1.500000e+00
     vertex  4.937995e+01  1.911283e+01  0.000000e+00
     vertex  4.937995e+01  1.911283e+01  1.500000e+00
   endloop
 endfacet
 facet normal -4.679904e-01  8.837335e-01  0.000000e+00
   outer loop
     vertex  4.953622e+01  1.919286e+01  1.500000e+00
     vertex  4.953622e+01  1.919286e+01  0.000000e+00
     vertex  4.945863e+01  1.915177e+01  1.500000e+00
   endloop
 endfacet
 facet normal -4.920587e-01  8.705620e-01  0.000000e+00
   outer loop
     vertex  4.953622e+01  1.919286e+01  1.500000e+00
     vertex  4.961266e+01  1.923606e+01  0.000000e+00
     vertex  4.953622e+01  1.919286e+01  0.000000e+00
   endloop
 endfacet
 facet normal -4.920587e-01  8.705620e-01  0.000000e+00
   outer loop
     vertex  4.961266e+01  1.923606e+01  1.500000e+00
     vertex  4.961266e+01  1.923606e+01  0.000000e+00
     vertex  4.953622e+01  1.919286e+01  1.500000e+00
   endloop
 endfacet
 facet normal -5.157565e-01  8.567352e-01  0.000000e+00
   outer loop
     vertex  4.961266e+01  1.923606e+01  1.500000e+00
     vertex  4.968788e+01  1.928135e+01  0.000000e+00
     vertex  4.961266e+01  1.923606e+01  0.000000e+00
   endloop
 endfacet
 facet normal -5.157565e-01  8.567352e-01  0.000000e+00
   outer loop
     vertex  4.968788e+01  1.928135e+01  1.500000e+00
     vertex  4.968788e+01  1.928135e+01  0.000000e+00
     vertex  4.961266e+01  1.923606e+01  1.500000e+00
   endloop
 endfacet
 facet normal -5.390661e-01  8.422635e-01  0.000000e+00
   outer loop
     vertex  4.976182e+01  1.932867e+01  1.500000e+00
     vertex  4.976182e+01  1.932867e+01  0.000000e+00
     vertex  4.968788e+01  1.928135e+01  0.000000e+00
   endloop
 endfacet
 facet normal -5.390661e-01  8.422635e-01  0.000000e+00
   outer loop
     vertex  4.976182e+01  1.932867e+01  1.500000e+00
     vertex  4.968788e+01  1.928135e+01  0.000000e+00
     vertex  4.968788e+01  1.928135e+01  1.500000e+00
   endloop
 endfacet
 facet normal -5.619699e-01  8.271577e-01  0.000000e+00
   outer loop
     vertex  4.983445e+01  1.937801e+01  1.500000e+00
     vertex  4.983445e+01  1.937801e+01  0.000000e+00
     vertex  4.976182e+01  1.932867e+01  0.000000e+00
   endloop
 endfacet
 facet normal -5.844507e-01  8.114292e-01  0.000000e+00
   outer loop
     vertex  4.983445e+01  1.937801e+01  1.500000e+00
     vertex  4.990569e+01  1.942933e+01  0.000000e+00
     vertex  4.983445e+01  1.937801e+01  0.000000e+00
   endloop
 endfacet
 facet normal -5.619699e-01  8.271577e-01  0.000000e+00
   outer loop
     vertex  4.983445e+01  1.937801e+01  1.500000e+00
     vertex  4.976182e+01  1.932867e+01  0.000000e+00
     vertex  4.976182e+01  1.932867e+01  1.500000e+00
   endloop
 endfacet
 facet normal -5.844507e-01  8.114292e-01  0.000000e+00
   outer loop
     vertex  4.990569e+01  1.942933e+01  1.500000e+00
     vertex  4.990569e+01  1.942933e+01  0.000000e+00
     vertex  4.983445e+01  1.937801e+01  1.500000e+00
   endloop
 endfacet
 facet normal -6.064915e-01  7.950900e-01  0.000000e+00
   outer loop
     vertex  4.997549e+01  1.948258e+01  1.500000e+00
     vertex  4.997549e+01  1.948258e+01  0.000000e+00
     vertex  4.990569e+01  1.942933e+01  0.000000e+00
   endloop
 endfacet
 facet normal -6.280757e-01  7.781522e-01  0.000000e+00
   outer loop
     vertex  4.997549e+01  1.948258e+01  1.500000e+00
     vertex  5.004381e+01  1.953772e+01  0.000000e+00
     vertex  4.997549e+01  1.948258e+01  0.000000e+00
   endloop
 endfacet
 facet normal -6.064915e-01  7.950900e-01  0.000000e+00
   outer loop
     vertex  4.997549e+01  1.948258e+01  1.500000e+00
     vertex  4.990569e+01  1.942933e+01  0.000000e+00
     vertex  4.990569e+01  1.942933e+01  1.500000e+00
   endloop
 endfacet
 facet normal -6.280757e-01  7.781522e-01  0.000000e+00
   outer loop
     vertex  5.004381e+01  1.953772e+01  1.500000e+00
     vertex  5.004381e+01  1.953772e+01  0.000000e+00
     vertex  4.997549e+01  1.948258e+01  1.500000e+00
   endloop
 endfacet
 facet normal -6.491872e-01  7.606287e-01  0.000000e+00
   outer loop
     vertex  5.004381e+01  1.953772e+01  1.500000e+00
     vertex  5.011059e+01  1.959472e+01  0.000000e+00
     vertex  5.004381e+01  1.953772e+01  0.000000e+00
   endloop
 endfacet
 facet normal -6.491872e-01  7.606287e-01  0.000000e+00
   outer loop
     vertex  5.011059e+01  1.959472e+01  1.500000e+00
     vertex  5.011059e+01  1.959472e+01  0.000000e+00
     vertex  5.004381e+01  1.953772e+01  1.500000e+00
   endloop
 endfacet
 facet normal -6.698100e-01  7.425325e-01  0.000000e+00
   outer loop
     vertex  5.017579e+01  1.965352e+01  1.500000e+00
     vertex  5.017579e+01  1.965352e+01  0.000000e+00
     vertex  5.011059e+01  1.959472e+01  0.000000e+00
   endloop
 endfacet
 facet normal -6.698100e-01  7.425325e-01  0.000000e+00
   outer loop
     vertex  5.017579e+01  1.965352e+01  1.500000e+00
     vertex  5.011059e+01  1.959472e+01  0.000000e+00
     vertex  5.011059e+01  1.959472e+01  1.500000e+00
   endloop
 endfacet
 facet normal -6.899286e-01  7.238775e-01  0.000000e+00
   outer loop
     vertex  5.023934e+01  1.971410e+01  1.500000e+00
     vertex  5.023934e+01  1.971410e+01  0.000000e+00
     vertex  5.017579e+01  1.965352e+01  0.000000e+00
   endloop
 endfacet
 facet normal -6.899286e-01  7.238775e-01  0.000000e+00
   outer loop
     vertex  5.023934e+01  1.971410e+01  1.500000e+00
     vertex  5.017579e+01  1.965352e+01  0.000000e+00
     vertex  5.017579e+01  1.965352e+01  1.500000e+00
   endloop
 endfacet
 facet normal -7.095278e-01  7.046775e-01  0.000000e+00
   outer loop
     vertex  5.030121e+01  1.977639e+01  1.500000e+00
     vertex  5.030121e+01  1.977639e+01  0.000000e+00
     vertex  5.023934e+01  1.971410e+01  0.000000e+00
   endloop
 endfacet
 facet normal -7.095278e-01  7.046775e-01  0.000000e+00
   outer loop
     vertex  5.030121e+01  1.977639e+01  1.500000e+00
     vertex  5.023934e+01  1.971410e+01  0.000000e+00
     vertex  5.023934e+01  1.971410e+01  1.500000e+00
   endloop
 endfacet
 facet normal -7.285929e-01  6.849470e-01  0.000000e+00
   outer loop
     vertex  5.036135e+01  1.984036e+01  1.500000e+00
     vertex  5.036135e+01  1.984036e+01  0.000000e+00
     vertex  5.030121e+01  1.977639e+01  0.000000e+00
   endloop
 endfacet
 facet normal -7.285929e-01  6.849470e-01  0.000000e+00
   outer loop
     vertex  5.036135e+01  1.984036e+01  1.500000e+00
     vertex  5.030121e+01  1.977639e+01  0.000000e+00
     vertex  5.030121e+01  1.977639e+01  1.500000e+00
   endloop
 endfacet
 facet normal -7.471095e-01  6.647010e-01  0.000000e+00
   outer loop
     vertex  5.041970e+01  1.990595e+01  1.500000e+00
     vertex  5.041970e+01  1.990595e+01  0.000000e+00
     vertex  5.036135e+01  1.984036e+01  0.000000e+00
   endloop
 endfacet
 facet normal -7.471095e-01  6.647010e-01  0.000000e+00
   outer loop
     vertex  5.041970e+01  1.990595e+01  1.500000e+00
     vertex  5.036135e+01  1.984036e+01  0.000000e+00
     vertex  5.036135e+01  1.984036e+01  1.500000e+00
   endloop
 endfacet
 facet normal -7.650637e-01  6.439545e-01  0.000000e+00
   outer loop
     vertex  5.047624e+01  1.997312e+01  1.500000e+00
     vertex  5.047624e+01  1.997312e+01  0.000000e+00
     vertex  5.041970e+01  1.990595e+01  0.000000e+00
   endloop
 endfacet
 facet normal -7.650637e-01  6.439545e-01  0.000000e+00
   outer loop
     vertex  5.047624e+01  1.997312e+01  1.500000e+00
     vertex  5.041970e+01  1.990595e+01  0.000000e+00
     vertex  5.041970e+01  1.990595e+01  1.500000e+00
   endloop
 endfacet
 facet normal -7.824421e-01  6.227234e-01  0.000000e+00
   outer loop
     vertex  5.053092e+01  2.004182e+01  1.500000e+00
     vertex  5.053092e+01  2.004182e+01  0.000000e+00
     vertex  5.047624e+01  1.997312e+01  0.000000e+00
   endloop
 endfacet
 facet normal -7.824421e-01  6.227234e-01  0.000000e+00
   outer loop
     vertex  5.053092e+01  2.004182e+01  1.500000e+00
     vertex  5.047624e+01  1.997312e+01  0.000000e+00
     vertex  5.047624e+01  1.997312e+01  1.500000e+00
   endloop
 endfacet
 facet normal -7.992314e-01  6.010234e-01  0.000000e+00
   outer loop
     vertex  5.058368e+01  2.011199e+01  1.500000e+00
     vertex  5.058368e+01  2.011199e+01  0.000000e+00
     vertex  5.053092e+01  2.004182e+01  0.000000e+00
   endloop
 endfacet
 facet normal -7.992314e-01  6.010234e-01  0.000000e+00
   outer loop
     vertex  5.058368e+01  2.011199e+01  1.500000e+00
     vertex  5.053092e+01  2.004182e+01  0.000000e+00
     vertex  5.053092e+01  2.004182e+01  1.500000e+00
   endloop
 endfacet
 facet normal -8.154191e-01  5.788711e-01  0.000000e+00
   outer loop
     vertex  5.063451e+01  2.018358e+01  1.500000e+00
     vertex  5.063451e+01  2.018358e+01  0.000000e+00
     vertex  5.058368e+01  2.011199e+01  0.000000e+00
   endloop
 endfacet
 facet normal -8.309929e-01  5.562829e-01  0.000000e+00
   outer loop
     vertex  5.063451e+01  2.018358e+01  1.500000e+00
     vertex  5.068335e+01  2.025654e+01  0.000000e+00
     vertex  5.063451e+01  2.018358e+01  0.000000e+00
   endloop
 endfacet
 facet normal -8.154191e-01  5.788711e-01  0.000000e+00
   outer loop
     vertex  5.063451e+01  2.018358e+01  1.500000e+00
     vertex  5.058368e+01  2.011199e+01  0.000000e+00
     vertex  5.058368e+01  2.011199e+01  1.500000e+00
   endloop
 endfacet
 facet normal -8.309929e-01  5.562829e-01  0.000000e+00
   outer loop
     vertex  5.068335e+01  2.025654e+01  1.500000e+00
     vertex  5.068335e+01  2.025654e+01  0.000000e+00
     vertex  5.063451e+01  2.018358e+01  1.500000e+00
   endloop
 endfacet
 facet normal -8.459413e-01  5.332761e-01  0.000000e+00
   outer loop
     vertex  5.073017e+01  2.033081e+01  1.500000e+00
     vertex  5.073017e+01  2.033081e+01  0.000000e+00
     vertex  5.068335e+01  2.025654e+01  0.000000e+00
   endloop
 endfacet
 facet normal -8.602528e-01  5.098678e-01  0.000000e+00
   outer loop
     vertex  5.073017e+01  2.033081e+01  1.500000e+00
     vertex  5.077493e+01  2.040634e+01  0.000000e+00
     vertex  5.073017e+01  2.033081e+01  0.000000e+00
   endloop
 endfacet
 facet normal -8.459413e-01  5.332761e-01  0.000000e+00
   outer loop
     vertex  5.073017e+01  2.033081e+01  1.500000e+00
     vertex  5.068335e+01  2.025654e+01  0.000000e+00
     vertex  5.068335e+01  2.025654e+01  1.500000e+00
   endloop
 endfacet
 facet normal -8.602528e-01  5.098678e-01  0.000000e+00
   outer loop
     vertex  5.077493e+01  2.040634e+01  1.500000e+00
     vertex  5.077493e+01  2.040634e+01  0.000000e+00
     vertex  5.073017e+01  2.033081e+01  1.500000e+00
   endloop
 endfacet
 facet normal -8.739167e-01  4.860756e-01  0.000000e+00
   outer loop
     vertex  5.081761e+01  2.048307e+01  1.500000e+00
     vertex  5.081761e+01  2.048307e+01  0.000000e+00
     vertex  5.077493e+01  2.040634e+01  0.000000e+00
   endloop
 endfacet
 facet normal -8.739167e-01  4.860756e-01  0.000000e+00
   outer loop
     vertex  5.081761e+01  2.048307e+01  1.500000e+00
     vertex  5.077493e+01  2.040634e+01  0.000000e+00
     vertex  5.077493e+01  2.040634e+01  1.500000e+00
   endloop
 endfacet
 facet normal -8.869228e-01  4.619176e-01  0.000000e+00
   outer loop
     vertex  5.085816e+01  2.056094e+01  1.500000e+00
     vertex  5.081761e+01  2.048307e+01  0.000000e+00
     vertex  5.081761e+01  2.048307e+01  1.500000e+00
   endloop
 endfacet
 facet normal -8.869228e-01  4.619176e-01  0.000000e+00
   outer loop
     vertex  5.085816e+01  2.056094e+01  1.500000e+00
     vertex  5.085816e+01  2.056094e+01  0.000000e+00
     vertex  5.081761e+01  2.048307e+01  0.000000e+00
   endloop
 endfacet
 facet normal -8.992613e-01  4.374119e-01  0.000000e+00
   outer loop
     vertex  5.085816e+01  2.056094e+01  1.500000e+00
     vertex  5.089657e+01  2.063989e+01  0.000000e+00
     vertex  5.085816e+01  2.056094e+01  0.000000e+00
   endloop
 endfacet
 facet normal -8.992613e-01  4.374119e-01  0.000000e+00
   outer loop
     vertex  5.089657e+01  2.063989e+01  1.500000e+00
     vertex  5.089657e+01  2.063989e+01  0.000000e+00
     vertex  5.085816e+01  2.056094e+01  1.500000e+00
   endloop
 endfacet
 facet normal -9.109228e-01  4.125769e-01  0.000000e+00
   outer loop
     vertex  5.093279e+01  2.071987e+01  1.500000e+00
     vertex  5.089657e+01  2.063989e+01  0.000000e+00
     vertex  5.089657e+01  2.063989e+01  1.500000e+00
   endloop
 endfacet
 facet normal -9.109228e-01  4.125769e-01  0.000000e+00
   outer loop
     vertex  5.093279e+01  2.071987e+01  1.500000e+00
     vertex  5.093279e+01  2.071987e+01  0.000000e+00
     vertex  5.089657e+01  2.063989e+01  0.000000e+00
   endloop
 endfacet
 facet normal -9.218986e-01  3.874313e-01  0.000000e+00
   outer loop
     vertex  5.096681e+01  2.080081e+01  1.500000e+00
     vertex  5.093279e+01  2.071987e+01  0.000000e+00
     vertex  5.093279e+01  2.071987e+01  1.500000e+00
   endloop
 endfacet
 facet normal -9.218986e-01  3.874313e-01  0.000000e+00
   outer loop
     vertex  5.096681e+01  2.080081e+01  1.500000e+00
     vertex  5.096681e+01  2.080081e+01  0.000000e+00
     vertex  5.093279e+01  2.071987e+01  0.000000e+00
   endloop
 endfacet
 facet normal -9.321804e-01  3.619940e-01  0.000000e+00
   outer loop
     vertex  5.099859e+01  2.088265e+01  1.500000e+00
     vertex  5.096681e+01  2.080081e+01  0.000000e+00
     vertex  5.096681e+01  2.080081e+01  1.500000e+00
   endloop
 endfacet
 facet normal -9.321804e-01  3.619940e-01  0.000000e+00
   outer loop
     vertex  5.099859e+01  2.088265e+01  1.500000e+00
     vertex  5.099859e+01  2.088265e+01  0.000000e+00
     vertex  5.096681e+01  2.080081e+01  0.000000e+00
   endloop
 endfacet
 facet normal -9.417605e-01  3.362843e-01  0.000000e+00
   outer loop
     vertex  5.102811e+01  2.096533e+01  1.500000e+00
     vertex  5.099859e+01  2.088265e+01  0.000000e+00
     vertex  5.099859e+01  2.088265e+01  1.500000e+00
   endloop
 endfacet
 facet normal -9.417605e-01  3.362843e-01  0.000000e+00
   outer loop
     vertex  5.102811e+01  2.096533e+01  1.500000e+00
     vertex  5.102811e+01  2.096533e+01  0.000000e+00
     vertex  5.099859e+01  2.088265e+01  0.000000e+00
   endloop
 endfacet
 facet normal -9.506317e-01  3.103214e-01  0.000000e+00
   outer loop
     vertex  5.105536e+01  2.104880e+01  1.500000e+00
     vertex  5.102811e+01  2.096533e+01  0.000000e+00
     vertex  5.102811e+01  2.096533e+01  1.500000e+00
   endloop
 endfacet
 facet normal -9.506317e-01  3.103214e-01  0.000000e+00
   outer loop
     vertex  5.105536e+01  2.104880e+01  1.500000e+00
     vertex  5.105536e+01  2.104880e+01  0.000000e+00
     vertex  5.102811e+01  2.096533e+01  0.000000e+00
   endloop
 endfacet
 facet normal -9.587873e-01  2.841250e-01  0.000000e+00
   outer loop
     vertex  5.105536e+01  2.104880e+01  1.500000e+00
     vertex  5.108030e+01  2.113298e+01  0.000000e+00
     vertex  5.105536e+01  2.104880e+01  0.000000e+00
   endloop
 endfacet
 facet normal -9.587873e-01  2.841250e-01  0.000000e+00
   outer loop
     vertex  5.108030e+01  2.113298e+01  1.500000e+00
     vertex  5.108030e+01  2.113298e+01  0.000000e+00
     vertex  5.105536e+01  2.104880e+01  1.500000e+00
   endloop
 endfacet
 facet normal -9.662211e-01  2.577146e-01  0.000000e+00
   outer loop
     vertex  5.110293e+01  2.121781e+01  1.500000e+00
     vertex  5.108030e+01  2.113298e+01  0.000000e+00
     vertex  5.108030e+01  2.113298e+01  1.500000e+00
   endloop
 endfacet
 facet normal -9.662211e-01  2.577146e-01  0.000000e+00
   outer loop
     vertex  5.110293e+01  2.121781e+01  1.500000e+00
     vertex  5.110293e+01  2.121781e+01  0.000000e+00
     vertex  5.108030e+01  2.113298e+01  0.000000e+00
   endloop
 endfacet
 facet normal -9.729276e-01  2.311102e-01  0.000000e+00
   outer loop
     vertex  5.112322e+01  2.130323e+01  1.500000e+00
     vertex  5.110293e+01  2.121781e+01  0.000000e+00
     vertex  5.110293e+01  2.121781e+01  1.500000e+00
   endloop
 endfacet
 facet normal -9.729276e-01  2.311102e-01  0.000000e+00
   outer loop
     vertex  5.112322e+01  2.130323e+01  1.500000e+00
     vertex  5.112322e+01  2.130323e+01  0.000000e+00
     vertex  5.110293e+01  2.121781e+01  0.000000e+00
   endloop
 endfacet
 facet normal -9.789017e-01  2.043319e-01  0.000000e+00
   outer loop
     vertex  5.114116e+01  2.138917e+01  1.500000e+00
     vertex  5.112322e+01  2.130323e+01  0.000000e+00
     vertex  5.112322e+01  2.130323e+01  1.500000e+00
   endloop
 endfacet
 facet normal -9.789017e-01  2.043319e-01  0.000000e+00
   outer loop
     vertex  5.114116e+01  2.138917e+01  1.500000e+00
     vertex  5.114116e+01  2.138917e+01  0.000000e+00
     vertex  5.112322e+01  2.130323e+01  0.000000e+00
   endloop
 endfacet
 facet normal -9.841389e-01  1.773998e-01  0.000000e+00
   outer loop
     vertex  5.115674e+01  2.147558e+01  1.500000e+00
     vertex  5.114116e+01  2.138917e+01  0.000000e+00
     vertex  5.114116e+01  2.138917e+01  1.500000e+00
   endloop
 endfacet
 facet normal -9.841389e-01  1.773998e-01  0.000000e+00
   outer loop
     vertex  5.115674e+01  2.147558e+01  1.500000e+00
     vertex  5.115674e+01  2.147558e+01  0.000000e+00
     vertex  5.114116e+01  2.138917e+01  0.000000e+00
   endloop
 endfacet
 facet normal -9.886353e-01  1.503341e-01  0.000000e+00
   outer loop
     vertex  5.116993e+01  2.156238e+01  1.500000e+00
     vertex  5.115674e+01  2.147558e+01  0.000000e+00
     vertex  5.115674e+01  2.147558e+01  1.500000e+00
   endloop
 endfacet
 facet normal -9.886353e-01  1.503341e-01  0.000000e+00
   outer loop
     vertex  5.116993e+01  2.156238e+01  1.500000e+00
     vertex  5.116993e+01  2.156238e+01  0.000000e+00
     vertex  5.115674e+01  2.147558e+01  0.000000e+00
   endloop
 endfacet
 facet normal -9.923874e-01  1.231552e-01  0.000000e+00
   outer loop
     vertex  5.116993e+01  2.156238e+01  1.500000e+00
     vertex  5.118075e+01  2.164950e+01  0.000000e+00
     vertex  5.116993e+01  2.156238e+01  0.000000e+00
   endloop
 endfacet
 facet normal -9.923874e-01  1.231552e-01  0.000000e+00
   outer loop
     vertex  5.118075e+01  2.164950e+01  1.500000e+00
     vertex  5.118075e+01  2.164950e+01  0.000000e+00
     vertex  5.116993e+01  2.156238e+01  1.500000e+00
   endloop
 endfacet
 facet normal -9.953925e-01  9.588368e-02  0.000000e+00
   outer loop
     vertex  5.118917e+01  2.173690e+01  1.500000e+00
     vertex  5.118917e+01  2.173690e+01  0.000000e+00
     vertex  5.118075e+01  2.164950e+01  0.000000e+00
   endloop
 endfacet
 facet normal -9.976484e-01  6.853995e-02  0.000000e+00
   outer loop
     vertex  5.118917e+01  2.173690e+01  1.500000e+00
     vertex  5.119518e+01  2.182449e+01  0.000000e+00
     vertex  5.118917e+01  2.173690e+01  0.000000e+00
   endloop
 endfacet
 facet normal -9.953925e-01  9.588368e-02  0.000000e+00
   outer loop
     vertex  5.118917e+01  2.173690e+01  1.500000e+00
     vertex  5.118075e+01  2.164950e+01  0.000000e+00
     vertex  5.118075e+01  2.164950e+01  1.500000e+00
   endloop
 endfacet
 facet normal -9.976484e-01  6.853995e-02  0.000000e+00
   outer loop
     vertex  5.119518e+01  2.182449e+01  1.500000e+00
     vertex  5.119518e+01  2.182449e+01  0.000000e+00
     vertex  5.118917e+01  2.173690e+01  1.500000e+00
   endloop
 endfacet
 facet normal -9.991532e-01  4.114462e-02  0.000000e+00
   outer loop
     vertex  5.119880e+01  2.191221e+01  1.500000e+00
     vertex  5.119880e+01  2.191221e+01  0.000000e+00
     vertex  5.119518e+01  2.182449e+01  0.000000e+00
   endloop
 endfacet
 facet normal -9.991532e-01  4.114462e-02  0.000000e+00
   outer loop
     vertex  5.119880e+01  2.191221e+01  1.500000e+00
     vertex  5.119518e+01  2.182449e+01  0.000000e+00
     vertex  5.119518e+01  2.182449e+01  1.500000e+00
   endloop
 endfacet
 facet normal -9.999059e-01  1.371831e-02  0.000000e+00
   outer loop
     vertex  5.120000e+01  2.200000e+01  1.500000e+00
     vertex  5.120000e+01  2.200000e+01  0.000000e+00
     vertex  5.119880e+01  2.191221e+01  0.000000e+00
   endloop
 endfacet
 facet normal -9.999059e-01  1.371831e-02  0.000000e+00
   outer loop
     vertex  5.120000e+01  2.200000e+01  1.500000e+00
     vertex  5.119880e+01  2.191221e+01  0.000000e+00
     vertex  5.119880e+01  2.191221e+01  1.500000e+00
   endloop
 endfacet
endsolid
